test_id,config,query,evidence,summary,abstained,retrieved_ids,top_s_text,top_s_img,n_hits,image_paths,section,category
30b5c4969ddfed66,B1,Who won the women's final at the Australian Open 2024?,"[1] Emma Raducanu battles to victory at Auckland Classic in first match in eight months - BBC Sport
Raducanu's meeting with Svitolina will act as further preparation for the Australian Open, which begins on 14 January. Currently, she will have to go through qualifying to reach the main draw but the Briton will get direct entry as the first alternate if there any more withdrawals from the Melbourne Grand Slam. Raducanu, who has a protected ranking of 103, could also be awarded one of four remaining wildcard spots in the women's singles draw. Also in Auckland, top seed and US Open champion Coco Gauff won her first match of the year by beating fellow American Claire Liu 6-4 6-2 while Svitolinadefeated Caroline Wozniacki 6-4 6-3 as the Dane continues her own comeback.
Raducanu played just nine matches in 2023 because of injury Emma Raducanu said she is ""grateful to be healthy"" again after winning her first match following eight months out with injury at the Auckland Classic. The Briton, playing for the first time since wrist and ankle surgeries, fought through a tense deciding set to beat world number 134 Elena-Gabriela Ruse. She let slip a 5-2 lead in the third set and missed two match points at 5-3 before eventually winning 6-3 4-6 7-5.

[2] Australian Open 2024 results: Andy Murray loses to Tomas Martin Etcheverry - BBC Sport
Since the start of the US Open in August, Murray has lost eight of his past 12 matches - including the past four. Murray is the second Briton to fall in the singles at Melbourne Park, following Jodie Burrage's defeat on Sunday. Five more of the nation's players - Emma Raducanu, Katie Boulter, Cameron Norrie, Dan Evans and Jack Draper - play their opening matches on Tuesday. Known for his long and gruelling encounters last season, Murray said he wanted to avoid another marathon match against Argentine 30th seed Etcheverry.
It was a tough, tough way to finish. Five years ago, the Australian Open played a video montage in tribute to Murray when they thought it would be his last appearance because of an impending hip surgery. It turned out to be very premature. But if there are many more performances like that this season then Murray will not be back here next year.

[3] Australian Open 2024 results: Novak Djokovic loses to Jannik Sinner, Daniil Medvedev beats Alexander Zverev - BBC Sport
It ends Djokovic's bid for a record-extending 11th title and a 25th major to put him clear of Margaret Court. Sinner, 22, faces Daniil Medvedev, who recovered from two sets down to beat Alexander Zverev, in Sunday's final. Russian third seed Medvedev, 27, won 5-7 3-6 7-6 (7-4) 7-6 (7-5) 6-3 in a remarkable second semi-final which lasted four hours 18 minutes and finished at 00:06 local time. Sinner's elimination of Djokovic means there will be a new name on the Australian Open men's singles trophy.
Coverage: Commentary from 08:00 GMT on Tennis Breakfast on Radio 5 Sports Extra and BBC Sounds, with selected live text commentaries and match reports on the BBC Sport website and app Novak Djokovic lost at the Australian Open for the first time since 2018 as Italian fourth seed Jannik Sinner reached his first Grand Slam final. Serbia's Djokovic, 36, lost 6-1 6-2 6-7 (6-8) 6-3 as Sinner regrouped from not taking a match point in the tie-break. It ends Djokovic's bid for a record-extending 11th title and a 25th major to put him clear of Margaret Court.

[4] Fifa Best Awards: Aitana Bonmati named player of the year as England duo Mary Earps and Sarina Wiegman recognised - BBC Sport
Wiegman wins fourth best coach of the year award Wiegman led the Lionesses to the Euro 2022 final and their debut appearance in a World Cup final the following summer, the second time she has led a national side to consecutive major finals after doing so with the Netherlands in 2017 and 2019. The Lionesses added more silverware to their collection under Wiegman in 2023, winning the first Women's Finalissima against Brazil in April, as well as the Arnold Clark Cup. No coach has won a place on the Fifa best women's coach podium more times than Wiegman, with the Dutchwoman having featured on seven occasions, winning four times.
Last updated on .From the section Women's Football England manager Sarina Wiegman was named women's coach of the year and Mary Earps best goalkeeper for the second successive year at the Fifa Best Awards. Spain and Barcelona midfielder Aitana Bonmati was named women's player of the year, adding to her Women's Ballon d'Or and Uefa women's player of the year accolades. The midfielder won the award ahead of Colombia and Real Madrid star Linda Caicedo, and Spain team-mate Jenni Hermoso.

[5] Luke Littler v Rob Cross: Teenager confident of winning PDC World Darts Championship - BBC Sport
The other semi-final is also an all-England affair as Scott Williams faces third seed Luke Humphries. Williams shocked Dutchman and three-time winner Michael van Gerwen 5-3 to reach the last four for the first time in just his second appearance at the World Championships. Humphries, who won three major titles in 2023 and is the highest-ranked player left in the competition, is also in the last four at Alexandra Palace for the first time after breezing past Dave Chisnall 5-1.
""It took a bit of pressure off me winning it first time as well. ""He's fantastic and he deserves all the luck in the world - he is a nice young boy. Tomorrow we play darts, though, and I have to go down to business."" The other semi-final is also an all-England affair as Scott Williams faces third seed Luke Humphries.",INSUFFICIENT_EVIDENCE,False,de0292dab2ec3f28|5b373355ab53cacf|78231acd7b6f7c1a|0e872bc5fdfa2483|7c85c77a6b2e073e,0.5965,0.2703,5,,Tennis,sports
30b5c4969ddfed66,M,Who won the women's final at the Australian Open 2024?,"[1] Emma Raducanu battles to victory at Auckland Classic in first match in eight months - BBC Sport
Raducanu's meeting with Svitolina will act as further preparation for the Australian Open, which begins on 14 January. Currently, she will have to go through qualifying to reach the main draw but the Briton will get direct entry as the first alternate if there any more withdrawals from the Melbourne Grand Slam. Raducanu, who has a protected ranking of 103, could also be awarded one of four remaining wildcard spots in the women's singles draw. Also in Auckland, top seed and US Open champion Coco Gauff won her first match of the year by beating fellow American Claire Liu 6-4 6-2 while Svitolinadefeated Caroline Wozniacki 6-4 6-3 as the Dane continues her own comeback.
Raducanu played just nine matches in 2023 because of injury Emma Raducanu said she is ""grateful to be healthy"" again after winning her first match following eight months out with injury at the Auckland Classic. The Briton, playing for the first time since wrist and ankle surgeries, fought through a tense deciding set to beat world number 134 Elena-Gabriela Ruse. She let slip a 5-2 lead in the third set and missed two match points at 5-3 before eventually winning 6-3 4-6 7-5.
[IMAGE 1: ""Emma Raducanu says she is ""grateful to be healthy"" again after winning her first match following eight months out with injury.""]

[2] Australian Open 2024 results: Novak Djokovic loses to Jannik Sinner, Daniil Medvedev beats Alexander Zverev - BBC Sport
It ends Djokovic's bid for a record-extending 11th title and a 25th major to put him clear of Margaret Court. Sinner, 22, faces Daniil Medvedev, who recovered from two sets down to beat Alexander Zverev, in Sunday's final. Russian third seed Medvedev, 27, won 5-7 3-6 7-6 (7-4) 7-6 (7-5) 6-3 in a remarkable second semi-final which lasted four hours 18 minutes and finished at 00:06 local time. Sinner's elimination of Djokovic means there will be a new name on the Australian Open men's singles trophy.
Coverage: Commentary from 08:00 GMT on Tennis Breakfast on Radio 5 Sports Extra and BBC Sounds, with selected live text commentaries and match reports on the BBC Sport website and app Novak Djokovic lost at the Australian Open for the first time since 2018 as Italian fourth seed Jannik Sinner reached his first Grand Slam final. Serbia's Djokovic, 36, lost 6-1 6-2 6-7 (6-8) 6-3 as Sinner regrouped from not taking a match point in the tie-break. It ends Djokovic's bid for a record-extending 11th title and a 25th major to put him clear of Margaret Court.
[IMAGE 2: ""Novak Djokovic loses at the Australian Open for the first time since 2018 as Jannik Sinner sets up a final against Daniil Medvedev in Melbourne.""]

[3] Australian Open 2024 results: Andy Murray loses to Tomas Martin Etcheverry - BBC Sport
Since the start of the US Open in August, Murray has lost eight of his past 12 matches - including the past four. Murray is the second Briton to fall in the singles at Melbourne Park, following Jodie Burrage's defeat on Sunday. Five more of the nation's players - Emma Raducanu, Katie Boulter, Cameron Norrie, Dan Evans and Jack Draper - play their opening matches on Tuesday. Known for his long and gruelling encounters last season, Murray said he wanted to avoid another marathon match against Argentine 30th seed Etcheverry.
It was a tough, tough way to finish. Five years ago, the Australian Open played a video montage in tribute to Murray when they thought it would be his last appearance because of an impending hip surgery. It turned out to be very premature. But if there are many more performances like that this season then Murray will not be back here next year.
[IMAGE 3: ""Andy Murray looks emotional as he waves goodbye to the Australian Open crowd after a subdued defeat against Tomas Martin Etcheverry.""]

[4] Fifa Best Awards: Aitana Bonmati named player of the year as England duo Mary Earps and Sarina Wiegman recognised - BBC Sport
Wiegman wins fourth best coach of the year award Wiegman led the Lionesses to the Euro 2022 final and their debut appearance in a World Cup final the following summer, the second time she has led a national side to consecutive major finals after doing so with the Netherlands in 2017 and 2019. The Lionesses added more silverware to their collection under Wiegman in 2023, winning the first Women's Finalissima against Brazil in April, as well as the Arnold Clark Cup. No coach has won a place on the Fifa best women's coach podium more times than Wiegman, with the Dutchwoman having featured on seven occasions, winning four times.
Last updated on .From the section Women's Football England manager Sarina Wiegman was named women's coach of the year and Mary Earps best goalkeeper for the second successive year at the Fifa Best Awards. Spain and Barcelona midfielder Aitana Bonmati was named women's player of the year, adding to her Women's Ballon d'Or and Uefa women's player of the year accolades. The midfielder won the award ahead of Colombia and Real Madrid star Linda Caicedo, and Spain team-mate Jenni Hermoso.
[IMAGE 4: ""England manager Sarina Wiegman wins coach of the year and Mary Earps best goalkeeper as Aitana Bonmati is named the women's player of the year at the Fifa Best Awards.""]

[5] Oscars 2024: Barbie's Greta Gerwig and Margot Robbie miss key nominations - BBC News
Gerwig (left) and Robbie, pictured at the Golden Globes, missed out on best director and best actress respectively Box office smash Barbie has received eight Oscar nominations - but its star Margot Robbie and director Greta Gerwig were snubbed in some major categories. Gerwig missed out on being recognised in best director, but a nomination for Anatomy of a Fall's Justine Triet meant the line-up was not entirely male. This is also the first year women have directed three best picture nominees.
This is also the first year women have directed three best picture nominees. Oppenheimer scored the most nominations overall, followed by Poor Things and Killers of the Flower Moon. There were nods for Barbie's star and director elsewhere - Robbie was recognised as a producer in the best picture line-up, while Gerwig was nominated for best adapted screenplay. Barbie's best picture nod also means Gerwig is the first woman to direct three films which have been nominated for the top prize, following Lady Bird and Little Women.
[IMAGE 5: ""The director and star of Barbie were snubbed in major categories at the Oscar nominations on Tuesday.""]","The evidence does not provide information about the winner of the women's final at the Australian Open 2024. It discusses various players and matches, including Emma Raducanu's return to competition, Novak Djokovic's loss, and other players' performances, but does not mention the women's final or its outcome. Therefore, there is insufficient evidence to answer the query.",False,de0292dab2ec3f28|78231acd7b6f7c1a|5b373355ab53cacf|0e872bc5fdfa2483|bb35c17de482430e,0.5965,0.2703,5,,Tennis,sports
30b5c4969ddfed66,M_vision,Who won the women's final at the Australian Open 2024?,"[1] Emma Raducanu battles to victory at Auckland Classic in first match in eight months - BBC Sport
Raducanu's meeting with Svitolina will act as further preparation for the Australian Open, which begins on 14 January. Currently, she will have to go through qualifying to reach the main draw but the Briton will get direct entry as the first alternate if there any more withdrawals from the Melbourne Grand Slam. Raducanu, who has a protected ranking of 103, could also be awarded one of four remaining wildcard spots in the women's singles draw. Also in Auckland, top seed and US Open champion Coco Gauff won her first match of the year by beating fellow American Claire Liu 6-4 6-2 while Svitolinadefeated Caroline Wozniacki 6-4 6-3 as the Dane continues her own comeback.
Raducanu played just nine matches in 2023 because of injury Emma Raducanu said she is ""grateful to be healthy"" again after winning her first match following eight months out with injury at the Auckland Classic. The Briton, playing for the first time since wrist and ankle surgeries, fought through a tense deciding set to beat world number 134 Elena-Gabriela Ruse. She let slip a 5-2 lead in the third set and missed two match points at 5-3 before eventually winning 6-3 4-6 7-5.
[IMAGE 1: ""Emma Raducanu says she is ""grateful to be healthy"" again after winning her first match following eight months out with injury.""]

[2] Australian Open 2024 results: Novak Djokovic loses to Jannik Sinner, Daniil Medvedev beats Alexander Zverev - BBC Sport
It ends Djokovic's bid for a record-extending 11th title and a 25th major to put him clear of Margaret Court. Sinner, 22, faces Daniil Medvedev, who recovered from two sets down to beat Alexander Zverev, in Sunday's final. Russian third seed Medvedev, 27, won 5-7 3-6 7-6 (7-4) 7-6 (7-5) 6-3 in a remarkable second semi-final which lasted four hours 18 minutes and finished at 00:06 local time. Sinner's elimination of Djokovic means there will be a new name on the Australian Open men's singles trophy.
Coverage: Commentary from 08:00 GMT on Tennis Breakfast on Radio 5 Sports Extra and BBC Sounds, with selected live text commentaries and match reports on the BBC Sport website and app Novak Djokovic lost at the Australian Open for the first time since 2018 as Italian fourth seed Jannik Sinner reached his first Grand Slam final. Serbia's Djokovic, 36, lost 6-1 6-2 6-7 (6-8) 6-3 as Sinner regrouped from not taking a match point in the tie-break. It ends Djokovic's bid for a record-extending 11th title and a 25th major to put him clear of Margaret Court.
[IMAGE 2: ""Novak Djokovic loses at the Australian Open for the first time since 2018 as Jannik Sinner sets up a final against Daniil Medvedev in Melbourne.""]

[3] Australian Open 2024 results: Andy Murray loses to Tomas Martin Etcheverry - BBC Sport
Since the start of the US Open in August, Murray has lost eight of his past 12 matches - including the past four. Murray is the second Briton to fall in the singles at Melbourne Park, following Jodie Burrage's defeat on Sunday. Five more of the nation's players - Emma Raducanu, Katie Boulter, Cameron Norrie, Dan Evans and Jack Draper - play their opening matches on Tuesday. Known for his long and gruelling encounters last season, Murray said he wanted to avoid another marathon match against Argentine 30th seed Etcheverry.
It was a tough, tough way to finish. Five years ago, the Australian Open played a video montage in tribute to Murray when they thought it would be his last appearance because of an impending hip surgery. It turned out to be very premature. But if there are many more performances like that this season then Murray will not be back here next year.
[IMAGE 3: ""Andy Murray looks emotional as he waves goodbye to the Australian Open crowd after a subdued defeat against Tomas Martin Etcheverry.""]

[4] Fifa Best Awards: Aitana Bonmati named player of the year as England duo Mary Earps and Sarina Wiegman recognised - BBC Sport
Wiegman wins fourth best coach of the year award Wiegman led the Lionesses to the Euro 2022 final and their debut appearance in a World Cup final the following summer, the second time she has led a national side to consecutive major finals after doing so with the Netherlands in 2017 and 2019. The Lionesses added more silverware to their collection under Wiegman in 2023, winning the first Women's Finalissima against Brazil in April, as well as the Arnold Clark Cup. No coach has won a place on the Fifa best women's coach podium more times than Wiegman, with the Dutchwoman having featured on seven occasions, winning four times.
Last updated on .From the section Women's Football England manager Sarina Wiegman was named women's coach of the year and Mary Earps best goalkeeper for the second successive year at the Fifa Best Awards. Spain and Barcelona midfielder Aitana Bonmati was named women's player of the year, adding to her Women's Ballon d'Or and Uefa women's player of the year accolades. The midfielder won the award ahead of Colombia and Real Madrid star Linda Caicedo, and Spain team-mate Jenni Hermoso.
[IMAGE 4: ""England manager Sarina Wiegman wins coach of the year and Mary Earps best goalkeeper as Aitana Bonmati is named the women's player of the year at the Fifa Best Awards.""]

[5] Oscars 2024: Barbie's Greta Gerwig and Margot Robbie miss key nominations - BBC News
Gerwig (left) and Robbie, pictured at the Golden Globes, missed out on best director and best actress respectively Box office smash Barbie has received eight Oscar nominations - but its star Margot Robbie and director Greta Gerwig were snubbed in some major categories. Gerwig missed out on being recognised in best director, but a nomination for Anatomy of a Fall's Justine Triet meant the line-up was not entirely male. This is also the first year women have directed three best picture nominees.
This is also the first year women have directed three best picture nominees. Oppenheimer scored the most nominations overall, followed by Poor Things and Killers of the Flower Moon. There were nods for Barbie's star and director elsewhere - Robbie was recognised as a producer in the best picture line-up, while Gerwig was nominated for best adapted screenplay. Barbie's best picture nod also means Gerwig is the first woman to direct three films which have been nominated for the top prize, following Lady Bird and Little Women.
[IMAGE 5: ""The director and star of Barbie were snubbed in major categories at the Oscar nominations on Tuesday.""]","The evidence does not provide information about the winner of the women's final at the Australian Open 2024. It discusses various players and matches, including Emma Raducanu's return to competition, Novak Djokovic's loss, and other players' performances, but does not mention the women's final or its outcome. Therefore, there is insufficient evidence to answer the query.",False,de0292dab2ec3f28|78231acd7b6f7c1a|5b373355ab53cacf|0e872bc5fdfa2483|bb35c17de482430e,0.5965,0.2703,5,data/images/de0292dab2ec3f28.jpg|data/images/78231acd7b6f7c1a.jpg|data/images/5b373355ab53cacf.jpg|data/images/0e872bc5fdfa2483.jpg|data/images/bb35c17de482430e.jpg,Tennis,sports
fcc380721b5b90b7,B1,What did Simone Biles say about her feelings after the Tokyo Olympics?,"[1] Annie Nightingale: Trailblazing BBC Radio 1 DJ dies at 83 - BBC News
""I think I can say I speak for myself and other women in broadcasting when I say we owe her an immense amount of gratitude for everything she has done."" He continued: ""As well as being a trailblazer for new music, she was a champion for female broadcasters, supporting and encouraging other women to enter the industry. We will all miss her terribly."" A statement attributed to her family on Friday said she ""passed away yesterday at her home in London after a short illness"".
He added: ""She was the first female DJ on Radio 1 and over her 50 years on the station was a pioneer for women in the industry and in dance music. We have lost a broadcasting legend."" Radio 1 presenter Greg James wrote on X that Nightingale's life and achievements had been ""so extraordinary you couldn't possibly sum them up on here"". Glastonbury Festival co-organiser Emily Eavis said she had been ""an inspiration to so many women in music"" and a ""lovely human being"".

[2] 'Renaissance figure' Lesley Lokko awarded architecture's Royal Gold Medal - BBC News
Lokko said being told about the Royal Gold Medal was ""a slightly out of body experience"". ""It was something that I never, ever imagined would ever come my way,"" she said. ""The first person I wanted to tell was my father who is no longer here. [It is] bittersweet in a way, but it was also an incredible moment of validation.""
[It is] bittersweet in a way, but it was also an incredible moment of validation."" Lokko was speaking after receiving her OBE from the Princess Royal at the Palace of Holyroodhouse in Edinburgh on Wednesday. The King issued a letter confirming Lokko's nomination for the Royal Gold Medal and inviting her to Buckingham Palace. Dundee-born Lokko, who first met him as a teenager growing up in Ghana at a polo match, said she felt comfortable interacting with royalty despite having to tackle difficult conversations and complex issues around race and decolonisation.

[3] Eni Aluko 'genuinely scared' after online abuse - BBC Sport
""I felt like something was going to happen to me. And I don't say that for anyone to feel sorry for me, I say that for people to understand the reality and the impact that hate speech has; the impact that racism has; the impact that sexism and misogyny has on all of us females in the game."" Aluko said her experience was ""not an isolated incident"" and that such abuse is ""showing up as a culture in the game, from certain fanbases and certain people"". ""They're creating a culture where people don't want to go to work, people don't want to leave their house, people feel under threat.
""They're creating a culture where people don't want to go to work, people don't want to leave their house, people feel under threat. Obviously there's a big impact on mental health as well,"" she said. Barton responded on Wednesday, suggesting he had little sympathy for Aluko and reiterating his stance on female pundits in the men's game. Since last month Barton, who was sacked as Bristol Rovers manager in October, has repeatedly used social media to criticise women working in men's football.

[4] Adan Canto: X-Men and Designated Survivor star dies of cancer at 42 - BBC News
Italia Ricci, another Designated Survivor castmate, wrote that she was ""completely lost for words"". ""He was the strongest person I know in every sense of the word and I am so angry that this happened. No-one deserved this less than this sweet, brilliant, kind, and gentle man... ""I'm so sorry for everyone hurting at this devastating loss and am beyond heartbroken for his family.
Anyone who knew you was a lucky one. That's all I do know."" The actor was Sunspot, who can absorb and manipulate solar energy, in X-Men: Days of Future Past Italia Ricci, another Designated Survivor castmate, wrote that she was ""completely lost for words"".

[5] Family claim 'big mistakes' in hunt for sex offender after death - BBC News
Describing her mum, Jazz said she was ""very loving, trusting, happy... and always smiling"". Mike said: ""We've had the funeral now, but you go from the funeral back to searching his name. It's hitting as much as it did from the get go.""
The police said he is a regular user of dating apps, which is how he met Kelly in 2022. Scatchard and Kelly were together for about a year before she died. Jazz and Mike said she was a ""loving mum"" Describing her mum, Jazz said she was ""very loving, trusting, happy...",INSUFFICIENT_EVIDENCE,False,569f89c78c471ea8|7c869a453eaf3eb3|43c98f29c49d318e|ccb8a1628804786f|3596b71b5bd46df4,0.5074,0.2783,5,,Gymnastics,sports
fcc380721b5b90b7,M,What did Simone Biles say about her feelings after the Tokyo Olympics?,"[1] Eni Aluko 'genuinely scared' after online abuse - BBC Sport
""I felt like something was going to happen to me. And I don't say that for anyone to feel sorry for me, I say that for people to understand the reality and the impact that hate speech has; the impact that racism has; the impact that sexism and misogyny has on all of us females in the game."" Aluko said her experience was ""not an isolated incident"" and that such abuse is ""showing up as a culture in the game, from certain fanbases and certain people"". ""They're creating a culture where people don't want to go to work, people don't want to leave their house, people feel under threat.
""They're creating a culture where people don't want to go to work, people don't want to leave their house, people feel under threat. Obviously there's a big impact on mental health as well,"" she said. Barton responded on Wednesday, suggesting he had little sympathy for Aluko and reiterating his stance on female pundits in the men's game. Since last month Barton, who was sacked as Bristol Rovers manager in October, has repeatedly used social media to criticise women working in men's football.
[IMAGE 1: ""Former England footballer Eni Aluko says she has ""taken advice from lawyers"" after receiving online abuse.""]

[2] Annie Nightingale: Trailblazing BBC Radio 1 DJ dies at 83 - BBC News
""I think I can say I speak for myself and other women in broadcasting when I say we owe her an immense amount of gratitude for everything she has done."" He continued: ""As well as being a trailblazer for new music, she was a champion for female broadcasters, supporting and encouraging other women to enter the industry. We will all miss her terribly."" A statement attributed to her family on Friday said she ""passed away yesterday at her home in London after a short illness"".
He added: ""She was the first female DJ on Radio 1 and over her 50 years on the station was a pioneer for women in the industry and in dance music. We have lost a broadcasting legend."" Radio 1 presenter Greg James wrote on X that Nightingale's life and achievements had been ""so extraordinary you couldn't possibly sum them up on here"". Glastonbury Festival co-organiser Emily Eavis said she had been ""an inspiration to so many women in music"" and a ""lovely human being"".
[IMAGE 2: ""Nightingale was the station's first female presenter and stayed on air for more than 50 years.""]

[3] 'Renaissance figure' Lesley Lokko awarded architecture's Royal Gold Medal - BBC News
Lokko said being told about the Royal Gold Medal was ""a slightly out of body experience"". ""It was something that I never, ever imagined would ever come my way,"" she said. ""The first person I wanted to tell was my father who is no longer here. [It is] bittersweet in a way, but it was also an incredible moment of validation.""
[It is] bittersweet in a way, but it was also an incredible moment of validation."" Lokko was speaking after receiving her OBE from the Princess Royal at the Palace of Holyroodhouse in Edinburgh on Wednesday. The King issued a letter confirming Lokko's nomination for the Royal Gold Medal and inviting her to Buckingham Palace. Dundee-born Lokko, who first met him as a teenager growing up in Ghana at a polo match, said she felt comfortable interacting with royalty despite having to tackle difficult conversations and complex issues around race and decolonisation.
[IMAGE 3: ""Ghanaian-Scottish architect and educator Lesley Lokko receives the Royal Gold Medal for Architecture.""]

[4] Georgia's stolen children: Twins sold at birth reunited by TikTok video - BBC News
Dressed head to toe in black she looks tough, but she fiddles with her studded choker nervously and wipes a mascara-stained tear away from her cheek. ""It's a crazy story,"" she says. ""But it's true."" Ano was ""angry and upset with my family, but I just wanted the difficult conversations to be over so that we could all move on"".
""I have been looking for you for so long! she messaged. ""Me too,"" replied Ano. Amy Khvitia, here aged four, says she always had the feeling that something wasn't right in her life
[IMAGE 4: ""Thousands of people in Georgia have found out they were stolen from their parents at birth and sold.""]

[5] Emma Raducanu battles to victory at Auckland Classic in first match in eight months - BBC Sport
She let slip a 5-2 lead in the third set and missed two match points at 5-3 before eventually winning 6-3 4-6 7-5. ""It's pretty amazing to just be out here and playing,"" Raducanu, 21, said. ""I'm just really happy to be back on the tour and can't wait to start this season and carry on hopefully injury-free and healthy. ""It's difficult after having such a long hiatus, but I'm grateful to be healthy, grateful to be able to move my body, not bed-ridden and in a wheelchair.
Also in Auckland, top seed and US Open champion Coco Gauff won her first match of the year by beating fellow American Claire Liu 6-4 6-2 while Svitolinadefeated Caroline Wozniacki 6-4 6-3 as the Dane continues her own comeback. • None Test your knowledge of obscure words: Take the ridiculously difficult rare words quiz • None How Conan Doyle came to resent his iconic creation: Lucy Worsley explores an extraordinary love-hate relationship
[IMAGE 5: ""Emma Raducanu says she is ""grateful to be healthy"" again after winning her first match following eight months out with injury.""]",INSUFFICIENT_EVIDENCE,False,43c98f29c49d318e|569f89c78c471ea8|7c869a453eaf3eb3|8fa33fd7a26a81e7|de0292dab2ec3f28,0.5074,0.2783,5,,Gymnastics,sports
fcc380721b5b90b7,M_vision,What did Simone Biles say about her feelings after the Tokyo Olympics?,"[1] Eni Aluko 'genuinely scared' after online abuse - BBC Sport
""I felt like something was going to happen to me. And I don't say that for anyone to feel sorry for me, I say that for people to understand the reality and the impact that hate speech has; the impact that racism has; the impact that sexism and misogyny has on all of us females in the game."" Aluko said her experience was ""not an isolated incident"" and that such abuse is ""showing up as a culture in the game, from certain fanbases and certain people"". ""They're creating a culture where people don't want to go to work, people don't want to leave their house, people feel under threat.
""They're creating a culture where people don't want to go to work, people don't want to leave their house, people feel under threat. Obviously there's a big impact on mental health as well,"" she said. Barton responded on Wednesday, suggesting he had little sympathy for Aluko and reiterating his stance on female pundits in the men's game. Since last month Barton, who was sacked as Bristol Rovers manager in October, has repeatedly used social media to criticise women working in men's football.
[IMAGE 1: ""Former England footballer Eni Aluko says she has ""taken advice from lawyers"" after receiving online abuse.""]

[2] Annie Nightingale: Trailblazing BBC Radio 1 DJ dies at 83 - BBC News
""I think I can say I speak for myself and other women in broadcasting when I say we owe her an immense amount of gratitude for everything she has done."" He continued: ""As well as being a trailblazer for new music, she was a champion for female broadcasters, supporting and encouraging other women to enter the industry. We will all miss her terribly."" A statement attributed to her family on Friday said she ""passed away yesterday at her home in London after a short illness"".
He added: ""She was the first female DJ on Radio 1 and over her 50 years on the station was a pioneer for women in the industry and in dance music. We have lost a broadcasting legend."" Radio 1 presenter Greg James wrote on X that Nightingale's life and achievements had been ""so extraordinary you couldn't possibly sum them up on here"". Glastonbury Festival co-organiser Emily Eavis said she had been ""an inspiration to so many women in music"" and a ""lovely human being"".
[IMAGE 2: ""Nightingale was the station's first female presenter and stayed on air for more than 50 years.""]

[3] 'Renaissance figure' Lesley Lokko awarded architecture's Royal Gold Medal - BBC News
Lokko said being told about the Royal Gold Medal was ""a slightly out of body experience"". ""It was something that I never, ever imagined would ever come my way,"" she said. ""The first person I wanted to tell was my father who is no longer here. [It is] bittersweet in a way, but it was also an incredible moment of validation.""
[It is] bittersweet in a way, but it was also an incredible moment of validation."" Lokko was speaking after receiving her OBE from the Princess Royal at the Palace of Holyroodhouse in Edinburgh on Wednesday. The King issued a letter confirming Lokko's nomination for the Royal Gold Medal and inviting her to Buckingham Palace. Dundee-born Lokko, who first met him as a teenager growing up in Ghana at a polo match, said she felt comfortable interacting with royalty despite having to tackle difficult conversations and complex issues around race and decolonisation.
[IMAGE 3: ""Ghanaian-Scottish architect and educator Lesley Lokko receives the Royal Gold Medal for Architecture.""]

[4] Georgia's stolen children: Twins sold at birth reunited by TikTok video - BBC News
Dressed head to toe in black she looks tough, but she fiddles with her studded choker nervously and wipes a mascara-stained tear away from her cheek. ""It's a crazy story,"" she says. ""But it's true."" Ano was ""angry and upset with my family, but I just wanted the difficult conversations to be over so that we could all move on"".
""I have been looking for you for so long! she messaged. ""Me too,"" replied Ano. Amy Khvitia, here aged four, says she always had the feeling that something wasn't right in her life
[IMAGE 4: ""Thousands of people in Georgia have found out they were stolen from their parents at birth and sold.""]

[5] Emma Raducanu battles to victory at Auckland Classic in first match in eight months - BBC Sport
She let slip a 5-2 lead in the third set and missed two match points at 5-3 before eventually winning 6-3 4-6 7-5. ""It's pretty amazing to just be out here and playing,"" Raducanu, 21, said. ""I'm just really happy to be back on the tour and can't wait to start this season and carry on hopefully injury-free and healthy. ""It's difficult after having such a long hiatus, but I'm grateful to be healthy, grateful to be able to move my body, not bed-ridden and in a wheelchair.
Also in Auckland, top seed and US Open champion Coco Gauff won her first match of the year by beating fellow American Claire Liu 6-4 6-2 while Svitolinadefeated Caroline Wozniacki 6-4 6-3 as the Dane continues her own comeback. • None Test your knowledge of obscure words: Take the ridiculously difficult rare words quiz • None How Conan Doyle came to resent his iconic creation: Lucy Worsley explores an extraordinary love-hate relationship
[IMAGE 5: ""Emma Raducanu says she is ""grateful to be healthy"" again after winning her first match following eight months out with injury.""]",INSUFFICIENT_EVIDENCE,False,43c98f29c49d318e|569f89c78c471ea8|7c869a453eaf3eb3|8fa33fd7a26a81e7|de0292dab2ec3f28,0.5074,0.2783,5,data/images/43c98f29c49d318e.jpg|data/images/569f89c78c471ea8.jpg|data/images/7c869a453eaf3eb3.jpg|data/images/8fa33fd7a26a81e7.jpg|data/images/de0292dab2ec3f28.jpg,Gymnastics,sports
cf51b562ce4b151e,B1,Which player did Emma Raducanu lose to at the Australian Open 2024?,"[1] Emma Raducanu battles to victory at Auckland Classic in first match in eight months - BBC Sport
Raducanu played just nine matches in 2023 because of injury Emma Raducanu said she is ""grateful to be healthy"" again after winning her first match following eight months out with injury at the Auckland Classic. The Briton, playing for the first time since wrist and ankle surgeries, fought through a tense deciding set to beat world number 134 Elena-Gabriela Ruse. She let slip a 5-2 lead in the third set and missed two match points at 5-3 before eventually winning 6-3 4-6 7-5.
Raducanu's meeting with Svitolina will act as further preparation for the Australian Open, which begins on 14 January. Currently, she will have to go through qualifying to reach the main draw but the Briton will get direct entry as the first alternate if there any more withdrawals from the Melbourne Grand Slam. Raducanu, who has a protected ranking of 103, could also be awarded one of four remaining wildcard spots in the women's singles draw. Also in Auckland, top seed and US Open champion Coco Gauff won her first match of the year by beating fellow American Claire Liu 6-4 6-2 while Svitolinadefeated Caroline Wozniacki 6-4 6-3 as the Dane continues her own comeback.

[2] Australian Open 2024 results: Andy Murray loses to Tomas Martin Etcheverry - BBC Sport
Since the start of the US Open in August, Murray has lost eight of his past 12 matches - including the past four. Murray is the second Briton to fall in the singles at Melbourne Park, following Jodie Burrage's defeat on Sunday. Five more of the nation's players - Emma Raducanu, Katie Boulter, Cameron Norrie, Dan Evans and Jack Draper - play their opening matches on Tuesday. Known for his long and gruelling encounters last season, Murray said he wanted to avoid another marathon match against Argentine 30th seed Etcheverry.
The 36-year-old Briton showed little emotion as he lost 6-4 6-2 6-2 on the second day of the Melbourne tournament. Murray, a five-time finalist, failed to reach the second round for only the second time in his past 13 appearances. ""I won't win many matches playing that way,"" Murray said. ""It's a definite possibility that will be the last time I play here.

[3] Australian Open 2024 results: Novak Djokovic loses to Jannik Sinner, Daniil Medvedev beats Alexander Zverev - BBC Sport
Coverage: Commentary from 08:00 GMT on Tennis Breakfast on Radio 5 Sports Extra and BBC Sounds, with selected live text commentaries and match reports on the BBC Sport website and app Novak Djokovic lost at the Australian Open for the first time since 2018 as Italian fourth seed Jannik Sinner reached his first Grand Slam final. Serbia's Djokovic, 36, lost 6-1 6-2 6-7 (6-8) 6-3 as Sinner regrouped from not taking a match point in the tie-break. It ends Djokovic's bid for a record-extending 11th title and a 25th major to put him clear of Margaret Court.
His win over Zverev was the second time during this year's tournament he had fought back from two sets down, doing the same in the second round against Finland's Emil Ruusuvuori. ""I was a little bit lost. In the third set I started telling myself 'If I am going to lose I just want to be proud of myself'. I won so I'm proud of myself,"" said Medvedev, whose sole major triumph came at the 2021 US Open.

[4] Fifa Best Awards: Aitana Bonmati named player of the year as England duo Mary Earps and Sarina Wiegman recognised - BBC Sport
The midfielder won the award ahead of Colombia and Real Madrid star Linda Caicedo, and Spain team-mate Jenni Hermoso. It is the fourth time Wiegman has won the coach award, having previously done so in 2017, 2020 and 2022. She finished ahead of Barcelona Femeni treble-winning coach Jonatan Giraldez and Chelsea's Emma Hayes, who won the award in 2022. Bonmati follows Barcelona team-mate Alexia Putellas in winning a clean sweep of the top individual prizes, which Putellas achieved in 2021.
Bonmati follows Barcelona team-mate Alexia Putellas in winning a clean sweep of the top individual prizes, which Putellas achieved in 2021. The midfielder has shone for both club and country in recent years, helping to lead Barcelona to treble-winning success last season and Spain to their first major trophy win at the 2023 FIFA Women's World Cup in Australia. • None Listen to the new Women's Football Weekly podcast with Ellen White Wiegman wins fourth best coach of the year award

[5] Bahrain Masters: Teenage sensation Luke Littler claims 6-3 win on World Series of Darts debut - BBC Sport
Scotland's two-time world champion Peter Wright was pushed close in a 6-5 win over Japan's PDC Asian Championship winner Haruki Muramatsu, as was England's Michael Smith, who came out the right side of a 6-5 score against Paolo Nebrida. Wales' Gerwyn Price beat Filipino Reynaldo Rivera 6-4 and Rob Cross secured a 6-3 win over Tomoya Goto after the Japanese thrower took three consecutive legs to level at 3-3.
Meanwhile, new world champion Luke Humphries extended his 19-match winning run with a resounding 6-0 victory over the host nation's Abdulla Saeed. The world number one has also won the World Grand Prix, Grand Slam of Darts and Players Championship Finals in recent months and is bidding to lift his fifth televised title in the space of six events. Three-time world champion Michael van Gerwen won by the same 6-0 scoreline against Bahrain's Hasan Haji. Scotland's two-time world champion Peter Wright was pushed close in a 6-5 win over Japan's PDC Asian Championship winner Haruki Muramatsu, as was England's Michael Smith, who came out the right side of a 6-5 score against Paolo Nebrida.","The evidence does not provide information about Emma Raducanu's performance or results at the Australian Open 2024, including any details about whom she may have lost to. It mentions her participation in the tournament and her previous matches but does not specify the outcome of her matches at the Australian Open. Therefore, there is insufficient evidence to answer the query.",False,de0292dab2ec3f28|5b373355ab53cacf|78231acd7b6f7c1a|0e872bc5fdfa2483|c36d08f0bb55abce,0.7305,0.2846,5,,Tennis,sports
cf51b562ce4b151e,M,Which player did Emma Raducanu lose to at the Australian Open 2024?,"[1] Emma Raducanu battles to victory at Auckland Classic in first match in eight months - BBC Sport
Raducanu played just nine matches in 2023 because of injury Emma Raducanu said she is ""grateful to be healthy"" again after winning her first match following eight months out with injury at the Auckland Classic. The Briton, playing for the first time since wrist and ankle surgeries, fought through a tense deciding set to beat world number 134 Elena-Gabriela Ruse. She let slip a 5-2 lead in the third set and missed two match points at 5-3 before eventually winning 6-3 4-6 7-5.
Raducanu's meeting with Svitolina will act as further preparation for the Australian Open, which begins on 14 January. Currently, she will have to go through qualifying to reach the main draw but the Briton will get direct entry as the first alternate if there any more withdrawals from the Melbourne Grand Slam. Raducanu, who has a protected ranking of 103, could also be awarded one of four remaining wildcard spots in the women's singles draw. Also in Auckland, top seed and US Open champion Coco Gauff won her first match of the year by beating fellow American Claire Liu 6-4 6-2 while Svitolinadefeated Caroline Wozniacki 6-4 6-3 as the Dane continues her own comeback.
[IMAGE 1: ""Emma Raducanu says she is ""grateful to be healthy"" again after winning her first match following eight months out with injury.""]

[2] Australian Open 2024 results: Andy Murray loses to Tomas Martin Etcheverry - BBC Sport
Since the start of the US Open in August, Murray has lost eight of his past 12 matches - including the past four. Murray is the second Briton to fall in the singles at Melbourne Park, following Jodie Burrage's defeat on Sunday. Five more of the nation's players - Emma Raducanu, Katie Boulter, Cameron Norrie, Dan Evans and Jack Draper - play their opening matches on Tuesday. Known for his long and gruelling encounters last season, Murray said he wanted to avoid another marathon match against Argentine 30th seed Etcheverry.
The 36-year-old Briton showed little emotion as he lost 6-4 6-2 6-2 on the second day of the Melbourne tournament. Murray, a five-time finalist, failed to reach the second round for only the second time in his past 13 appearances. ""I won't win many matches playing that way,"" Murray said. ""It's a definite possibility that will be the last time I play here.
[IMAGE 2: ""Andy Murray looks emotional as he waves goodbye to the Australian Open crowd after a subdued defeat against Tomas Martin Etcheverry.""]

[3] Australian Open 2024 results: Novak Djokovic loses to Jannik Sinner, Daniil Medvedev beats Alexander Zverev - BBC Sport
Coverage: Commentary from 08:00 GMT on Tennis Breakfast on Radio 5 Sports Extra and BBC Sounds, with selected live text commentaries and match reports on the BBC Sport website and app Novak Djokovic lost at the Australian Open for the first time since 2018 as Italian fourth seed Jannik Sinner reached his first Grand Slam final. Serbia's Djokovic, 36, lost 6-1 6-2 6-7 (6-8) 6-3 as Sinner regrouped from not taking a match point in the tie-break. It ends Djokovic's bid for a record-extending 11th title and a 25th major to put him clear of Margaret Court.
His win over Zverev was the second time during this year's tournament he had fought back from two sets down, doing the same in the second round against Finland's Emil Ruusuvuori. ""I was a little bit lost. In the third set I started telling myself 'If I am going to lose I just want to be proud of myself'. I won so I'm proud of myself,"" said Medvedev, whose sole major triumph came at the 2021 US Open.
[IMAGE 3: ""Novak Djokovic loses at the Australian Open for the first time since 2018 as Jannik Sinner sets up a final against Daniil Medvedev in Melbourne.""]

[4] Fifa Best Awards: Aitana Bonmati named player of the year as England duo Mary Earps and Sarina Wiegman recognised - BBC Sport
The midfielder won the award ahead of Colombia and Real Madrid star Linda Caicedo, and Spain team-mate Jenni Hermoso. It is the fourth time Wiegman has won the coach award, having previously done so in 2017, 2020 and 2022. She finished ahead of Barcelona Femeni treble-winning coach Jonatan Giraldez and Chelsea's Emma Hayes, who won the award in 2022. Bonmati follows Barcelona team-mate Alexia Putellas in winning a clean sweep of the top individual prizes, which Putellas achieved in 2021.
Bonmati follows Barcelona team-mate Alexia Putellas in winning a clean sweep of the top individual prizes, which Putellas achieved in 2021. The midfielder has shone for both club and country in recent years, helping to lead Barcelona to treble-winning success last season and Spain to their first major trophy win at the 2023 FIFA Women's World Cup in Australia. • None Listen to the new Women's Football Weekly podcast with Ellen White Wiegman wins fourth best coach of the year award
[IMAGE 4: ""England manager Sarina Wiegman wins coach of the year and Mary Earps best goalkeeper as Aitana Bonmati is named the women's player of the year at the Fifa Best Awards.""]

[5] Ronnie O'Sullivan: Masters winner responds angrily after being criticised by Ali Carter - BBC Sport
A World Snooker Tour spokesperson said the whole incident between the two players was ""under review"". The WST did not go into what the ramifications could be or a timeframe. On Tuesday, O'Sullivan beat Pang Junxu of China 4-2 at the World Grand Prix in Leicester. Following the win, world number one O'Sullivan told ITV he will ""definitely be missing a few tournaments"" after this.
Following the win, world number one O'Sullivan told ITV he will ""definitely be missing a few tournaments"" after this. ""I shouldn't even really have come here to be honest, but it is alright so I thought I would just turn up. In hindsight, I shouldn't have come,"" he added. ""I would like to think if I fell off the tour I might get a wildcard, but knowing World Snooker they would probably say no. ""I am just trying to keep my tour card really, that's all I am trying to do.
[IMAGE 5: ""Ronnie O'Sullivan calls Ali Carter ""not a nice person"" and ""a nightmare"" to play against after being criticised by the beaten Masters finalist.""]","The evidence does not provide information about which player Emma Raducanu lost to at the Australian Open 2024. It mentions her participation in the tournament and her previous matches, but does not detail the outcome of her matches or any specific opponent she faced. Therefore, there is insufficient evidence to answer the query.",False,de0292dab2ec3f28|5b373355ab53cacf|78231acd7b6f7c1a|0e872bc5fdfa2483|a324d45dd8a27086,0.7305,0.2846,5,,Tennis,sports
cf51b562ce4b151e,M_vision,Which player did Emma Raducanu lose to at the Australian Open 2024?,"[1] Emma Raducanu battles to victory at Auckland Classic in first match in eight months - BBC Sport
Raducanu played just nine matches in 2023 because of injury Emma Raducanu said she is ""grateful to be healthy"" again after winning her first match following eight months out with injury at the Auckland Classic. The Briton, playing for the first time since wrist and ankle surgeries, fought through a tense deciding set to beat world number 134 Elena-Gabriela Ruse. She let slip a 5-2 lead in the third set and missed two match points at 5-3 before eventually winning 6-3 4-6 7-5.
Raducanu's meeting with Svitolina will act as further preparation for the Australian Open, which begins on 14 January. Currently, she will have to go through qualifying to reach the main draw but the Briton will get direct entry as the first alternate if there any more withdrawals from the Melbourne Grand Slam. Raducanu, who has a protected ranking of 103, could also be awarded one of four remaining wildcard spots in the women's singles draw. Also in Auckland, top seed and US Open champion Coco Gauff won her first match of the year by beating fellow American Claire Liu 6-4 6-2 while Svitolinadefeated Caroline Wozniacki 6-4 6-3 as the Dane continues her own comeback.
[IMAGE 1: ""Emma Raducanu says she is ""grateful to be healthy"" again after winning her first match following eight months out with injury.""]

[2] Australian Open 2024 results: Andy Murray loses to Tomas Martin Etcheverry - BBC Sport
Since the start of the US Open in August, Murray has lost eight of his past 12 matches - including the past four. Murray is the second Briton to fall in the singles at Melbourne Park, following Jodie Burrage's defeat on Sunday. Five more of the nation's players - Emma Raducanu, Katie Boulter, Cameron Norrie, Dan Evans and Jack Draper - play their opening matches on Tuesday. Known for his long and gruelling encounters last season, Murray said he wanted to avoid another marathon match against Argentine 30th seed Etcheverry.
The 36-year-old Briton showed little emotion as he lost 6-4 6-2 6-2 on the second day of the Melbourne tournament. Murray, a five-time finalist, failed to reach the second round for only the second time in his past 13 appearances. ""I won't win many matches playing that way,"" Murray said. ""It's a definite possibility that will be the last time I play here.
[IMAGE 2: ""Andy Murray looks emotional as he waves goodbye to the Australian Open crowd after a subdued defeat against Tomas Martin Etcheverry.""]

[3] Australian Open 2024 results: Novak Djokovic loses to Jannik Sinner, Daniil Medvedev beats Alexander Zverev - BBC Sport
Coverage: Commentary from 08:00 GMT on Tennis Breakfast on Radio 5 Sports Extra and BBC Sounds, with selected live text commentaries and match reports on the BBC Sport website and app Novak Djokovic lost at the Australian Open for the first time since 2018 as Italian fourth seed Jannik Sinner reached his first Grand Slam final. Serbia's Djokovic, 36, lost 6-1 6-2 6-7 (6-8) 6-3 as Sinner regrouped from not taking a match point in the tie-break. It ends Djokovic's bid for a record-extending 11th title and a 25th major to put him clear of Margaret Court.
His win over Zverev was the second time during this year's tournament he had fought back from two sets down, doing the same in the second round against Finland's Emil Ruusuvuori. ""I was a little bit lost. In the third set I started telling myself 'If I am going to lose I just want to be proud of myself'. I won so I'm proud of myself,"" said Medvedev, whose sole major triumph came at the 2021 US Open.
[IMAGE 3: ""Novak Djokovic loses at the Australian Open for the first time since 2018 as Jannik Sinner sets up a final against Daniil Medvedev in Melbourne.""]

[4] Fifa Best Awards: Aitana Bonmati named player of the year as England duo Mary Earps and Sarina Wiegman recognised - BBC Sport
The midfielder won the award ahead of Colombia and Real Madrid star Linda Caicedo, and Spain team-mate Jenni Hermoso. It is the fourth time Wiegman has won the coach award, having previously done so in 2017, 2020 and 2022. She finished ahead of Barcelona Femeni treble-winning coach Jonatan Giraldez and Chelsea's Emma Hayes, who won the award in 2022. Bonmati follows Barcelona team-mate Alexia Putellas in winning a clean sweep of the top individual prizes, which Putellas achieved in 2021.
Bonmati follows Barcelona team-mate Alexia Putellas in winning a clean sweep of the top individual prizes, which Putellas achieved in 2021. The midfielder has shone for both club and country in recent years, helping to lead Barcelona to treble-winning success last season and Spain to their first major trophy win at the 2023 FIFA Women's World Cup in Australia. • None Listen to the new Women's Football Weekly podcast with Ellen White Wiegman wins fourth best coach of the year award
[IMAGE 4: ""England manager Sarina Wiegman wins coach of the year and Mary Earps best goalkeeper as Aitana Bonmati is named the women's player of the year at the Fifa Best Awards.""]

[5] Ronnie O'Sullivan: Masters winner responds angrily after being criticised by Ali Carter - BBC Sport
A World Snooker Tour spokesperson said the whole incident between the two players was ""under review"". The WST did not go into what the ramifications could be or a timeframe. On Tuesday, O'Sullivan beat Pang Junxu of China 4-2 at the World Grand Prix in Leicester. Following the win, world number one O'Sullivan told ITV he will ""definitely be missing a few tournaments"" after this.
Following the win, world number one O'Sullivan told ITV he will ""definitely be missing a few tournaments"" after this. ""I shouldn't even really have come here to be honest, but it is alright so I thought I would just turn up. In hindsight, I shouldn't have come,"" he added. ""I would like to think if I fell off the tour I might get a wildcard, but knowing World Snooker they would probably say no. ""I am just trying to keep my tour card really, that's all I am trying to do.
[IMAGE 5: ""Ronnie O'Sullivan calls Ali Carter ""not a nice person"" and ""a nightmare"" to play against after being criticised by the beaten Masters finalist.""]","The evidence does not provide information about which player Emma Raducanu lost to at the Australian Open 2024. It mentions her participation in the tournament and her previous matches but does not detail the outcome of her matches or any specific opponent. Therefore, there is insufficient evidence to answer the query.",False,de0292dab2ec3f28|5b373355ab53cacf|78231acd7b6f7c1a|0e872bc5fdfa2483|a324d45dd8a27086,0.7305,0.2846,5,data/images/de0292dab2ec3f28.jpg|data/images/5b373355ab53cacf.jpg|data/images/78231acd7b6f7c1a.jpg|data/images/0e872bc5fdfa2483.jpg|data/images/a324d45dd8a27086.jpg,Tennis,sports
02a07ad9c7a29286,B1,Who did Luke Littler defeat to reach the World Darts Championship final?,"[1] Luke Littler: Teenager in PDC World Darts Championship final against Luke Humphries - BBC Sport
Luke Littler has already earned £200,000 for his run to the final You can follow live coverage of the PDC World Darts Championship final in a text commentary on the BBC Sport website from 19:30 GMT on Wednesday, 3 January. Luke Littler began his PDC World Darts Championship debut hoping simply ""to win one game"" but now the 16-year-old sensation will face Luke Humphries on Wednesday evening in what is anticipated to be the most-watched final in the tournament's 31-year history. In polishing off his latest remarkable victory at Alexandra Palace - this time stunning former champion Rob Cross - Littler became the youngest person to reach the title decider.
In polishing off his latest remarkable victory at Alexandra Palace - this time stunning former champion Rob Cross - Littler became the youngest person to reach the title decider. And his meteoric rise has transcended the sport to an extent that his semi-final match set a Sky tournament viewing record, with a peak audience of 2.32 million, comfortably surpassing the 2015 final (1.65 million). The record for a darts final is the 8.3 million who tuned in to watch qualifier Keith Deller win the 1983 title by beating favourite Eric Bristow in the now defunct BDO World Championship on the BBC. Littler, who began playing darts on a magnetic board when he was just 18 months old, entered this tournament ranked 164th in the world.

[2] Luke Littler v Brendan Dolan: Teenager 'daring to dream' of World Championship glory - BBC Sport
Luke Littler (left) used to imitate his idol Raymond van Barneveld's arms-outstretched celebration aged three Like most 16-year-olds in England, Luke Littler began 2023 preparing for his summer GCSE exams. A year on and he is three victories from becoming the youngest winner of the PDC World Darts Championship. A fairytale run to the quarter-finals, including a dazzling win over childhood idol Raymond van Barneveld, has taken him from relative obscurity to sporting stardom - and he is ready for more.
His average of 106.2 in his 3-0 first-round win against Dutchman Christian Kist was the highest achieved by a tournament debutant. The next day, UK Open champion Andrew Gilding was dispatched 3-1, before Canada's Matt Campbell was beaten 4-1 to set up a last-16 match with five-time world champion Van Barneveld. The Dutchman, 40 years Littler's senior, was the youngster's idol growing up, but he showed no sign of being overawed as he breezed past the veteran 4-1. ""My game can be better than anyone's on the day and I have shown it there against one of the greatest who have graced that stage,"" added Littler.

[3] Bahrain Masters: Luke Littler beats Michael van Gerwen in final - BBC Sport
Teenager Luke Littler continued his stunning rise by beating Michael van Gerwen 8-5 to win the Bahrain Masters. It is Littler's first PDC senior title after coming up short against Luke Humphries in the World Championship final earlier this month. Littler, 16, earlier threw a nine-darter in the first leg of his quarter-final victory over Nathan Aspinall. ""No-one believes me but I hadn't thrown a dart since the world final until yesterday,"" Littler told ITV4.
England's Littler broke Dutch three-time world champion Van Gerwen in legs eight and 12. He saw off Hong Kong's Man Lok Leung 6-3 in his opening match on Thursday before beating Aspinall 6-3 and Gerwyn Price 7-3 on Friday to reach the final. In beating Aspinall, Price and Van Gerwen, he recorded victories over three of the world's top five ranked players to claim the title. Littler also became the youngest person to make a nine-darter - scoring 501 with the minimum number of darts required - on live television and is only the second player to achieve the feat in the World Series, which started in 2013, after 16-time world champion Phil Taylor.

[4] Bahrain Masters: Teenage sensation Luke Littler claims 6-3 win on World Series of Darts debut - BBC Sport
Luke Littler has climbed 133 places in the world rankings in the last month after his exploits at Alexandra Palace Teenage sensation Luke Littler beat Hong Kong's Man Lok Leung 6-3 on his highly anticipated World Series of Darts debut at the Bahrain Masters. Littler, who turns 17 in three days, was the youngest PDC World Championship finalist earlier in January. He faces fellow Englishman Nathan Aspinall in the last eight, after the World Matchplay champion edged past the Philippines' Lourence Ilagan 6-5.
The quarter-finals, semi-finals, and final are all scheduled to take place on Friday. Littler, who has had some time off since his exploits at Alexandra Palace, missed three attempts at double five in the first leg as he went 2-0 down. However, he then reeled off five consecutive legs before sealing his victory against the world number 126. Meanwhile, new world champion Luke Humphries extended his 19-match winning run with a resounding 6-0 victory over the host nation's Abdulla Saeed.

[5] Luke Littler v Rob Cross: Teenager confident of winning PDC World Darts Championship - BBC Sport
For Luke Littler, the darts-mad 16-year-old who first played on a magnetic board as a toddler, just winning one match at the PDC World Championship was a historic achievement. But with each passing win he keeps setting his heights ever higher. And after sweeping past Brendan Dolan to set up a semi-final against Rob Cross on Tuesday, Littler now has his eyes on the biggest prize of all. ""It's going to take a lot to stop me,"" he said.
Standing between Littler and a place in the final is world number eight Cross, who made history himself by becoming the first player to fight back from 4-0 to beat Chris Dobey 5-4 in his quarter-final. Cross won the World Championship on his debut in 2018 and thinks Littler has similar momentum behind him now. ""Everyone loves an underdog story,"" Cross said. ""It took a bit of pressure off me winning it first time as well.","Luke Littler reached the World Darts Championship final by defeating former champion Rob Cross in the semi-finals. Littler, at just 16 years old, became the youngest player to reach the final after his impressive victory over Cross. His journey included earlier wins against notable players, including a match against Brendan Dolan that set him up for the semi-final. Littler's performance has garnered significant attention, making his matches some of the most-watched in the tournament's history.",False,2e59cdeb44011aa4|4f645e92c8dca919|b65caf41b4f3c7e4|c36d08f0bb55abce|7c85c77a6b2e073e,0.7749,0.341,5,,Darts,sports
02a07ad9c7a29286,M,Who did Luke Littler defeat to reach the World Darts Championship final?,"[1] Luke Littler: Teenager in PDC World Darts Championship final against Luke Humphries - BBC Sport
Luke Littler has already earned £200,000 for his run to the final You can follow live coverage of the PDC World Darts Championship final in a text commentary on the BBC Sport website from 19:30 GMT on Wednesday, 3 January. Luke Littler began his PDC World Darts Championship debut hoping simply ""to win one game"" but now the 16-year-old sensation will face Luke Humphries on Wednesday evening in what is anticipated to be the most-watched final in the tournament's 31-year history. In polishing off his latest remarkable victory at Alexandra Palace - this time stunning former champion Rob Cross - Littler became the youngest person to reach the title decider.
In polishing off his latest remarkable victory at Alexandra Palace - this time stunning former champion Rob Cross - Littler became the youngest person to reach the title decider. And his meteoric rise has transcended the sport to an extent that his semi-final match set a Sky tournament viewing record, with a peak audience of 2.32 million, comfortably surpassing the 2015 final (1.65 million). The record for a darts final is the 8.3 million who tuned in to watch qualifier Keith Deller win the 1983 title by beating favourite Eric Bristow in the now defunct BDO World Championship on the BBC. Littler, who began playing darts on a magnetic board when he was just 18 months old, entered this tournament ranked 164th in the world.
[IMAGE 1: ""Having set out to win one game on his PDC World Darts Championship debut, 16-year-old Luke Littler bids for a historic title triumph against Luke Humphries on Wednesday.""]

[2] Bahrain Masters: Luke Littler beats Michael van Gerwen in final - BBC Sport
Teenager Luke Littler continued his stunning rise by beating Michael van Gerwen 8-5 to win the Bahrain Masters. It is Littler's first PDC senior title after coming up short against Luke Humphries in the World Championship final earlier this month. Littler, 16, earlier threw a nine-darter in the first leg of his quarter-final victory over Nathan Aspinall. ""No-one believes me but I hadn't thrown a dart since the world final until yesterday,"" Littler told ITV4.
England's Littler broke Dutch three-time world champion Van Gerwen in legs eight and 12. He saw off Hong Kong's Man Lok Leung 6-3 in his opening match on Thursday before beating Aspinall 6-3 and Gerwyn Price 7-3 on Friday to reach the final. In beating Aspinall, Price and Van Gerwen, he recorded victories over three of the world's top five ranked players to claim the title. Littler also became the youngest person to make a nine-darter - scoring 501 with the minimum number of darts required - on live television and is only the second player to achieve the feat in the World Series, which started in 2013, after 16-time world champion Phil Taylor.
[IMAGE 2: ""World Championship runner-up Luke Littler, 16, beats Michael van Gerwen to win the Bahrain Masters - his first PDC senior title.""]

[3] Luke Littler v Brendan Dolan: Teenager 'daring to dream' of World Championship glory - BBC Sport
Luke Littler (left) used to imitate his idol Raymond van Barneveld's arms-outstretched celebration aged three Like most 16-year-olds in England, Luke Littler began 2023 preparing for his summer GCSE exams. A year on and he is three victories from becoming the youngest winner of the PDC World Darts Championship. A fairytale run to the quarter-finals, including a dazzling win over childhood idol Raymond van Barneveld, has taken him from relative obscurity to sporting stardom - and he is ready for more.
His average of 106.2 in his 3-0 first-round win against Dutchman Christian Kist was the highest achieved by a tournament debutant. The next day, UK Open champion Andrew Gilding was dispatched 3-1, before Canada's Matt Campbell was beaten 4-1 to set up a last-16 match with five-time world champion Van Barneveld. The Dutchman, 40 years Littler's senior, was the youngster's idol growing up, but he showed no sign of being overawed as he breezed past the veteran 4-1. ""My game can be better than anyone's on the day and I have shown it there against one of the greatest who have graced that stage,"" added Littler.
[IMAGE 3: ""Luke Littler says he is ""daring to dream"" of winning the PDC World Darts Championship as the 16-year-old prepares to face Northern Ireland's Brendan Dolan in the quarter-finals.""]

[4] Bahrain Masters: Teenage sensation Luke Littler claims 6-3 win on World Series of Darts debut - BBC Sport
Luke Littler has climbed 133 places in the world rankings in the last month after his exploits at Alexandra Palace Teenage sensation Luke Littler beat Hong Kong's Man Lok Leung 6-3 on his highly anticipated World Series of Darts debut at the Bahrain Masters. Littler, who turns 17 in three days, was the youngest PDC World Championship finalist earlier in January. He faces fellow Englishman Nathan Aspinall in the last eight, after the World Matchplay champion edged past the Philippines' Lourence Ilagan 6-5.
The quarter-finals, semi-finals, and final are all scheduled to take place on Friday. Littler, who has had some time off since his exploits at Alexandra Palace, missed three attempts at double five in the first leg as he went 2-0 down. However, he then reeled off five consecutive legs before sealing his victory against the world number 126. Meanwhile, new world champion Luke Humphries extended his 19-match winning run with a resounding 6-0 victory over the host nation's Abdulla Saeed.
[IMAGE 4: ""Teenage sensation Luke Littler beat Hong Kong's Man Lok Leung 6-3 on his highly anticipated World Series of Darts debut at the Bahrain Masters.""]

[5] Luke Littler v Rob Cross: Teenager confident of winning PDC World Darts Championship - BBC Sport
For Luke Littler, the darts-mad 16-year-old who first played on a magnetic board as a toddler, just winning one match at the PDC World Championship was a historic achievement. But with each passing win he keeps setting his heights ever higher. And after sweeping past Brendan Dolan to set up a semi-final against Rob Cross on Tuesday, Littler now has his eyes on the biggest prize of all. ""It's going to take a lot to stop me,"" he said.
Standing between Littler and a place in the final is world number eight Cross, who made history himself by becoming the first player to fight back from 4-0 to beat Chris Dobey 5-4 in his quarter-final. Cross won the World Championship on his debut in 2018 and thinks Littler has similar momentum behind him now. ""Everyone loves an underdog story,"" Cross said. ""It took a bit of pressure off me winning it first time as well.
[IMAGE 5: ""Teenager Luke Littler says he has what it takes to win the PDC World Championship as he prepares for a semi-final against Rob Cross.""]","Luke Littler reached the World Darts Championship final by defeating Rob Cross in the semi-finals. This victory marked a significant achievement for Littler, as he became the youngest player to reach the final of the tournament. His performance throughout the championship has garnered considerable attention, culminating in a record viewership for his matches. Littler's journey included earlier wins against notable players, showcasing his rapid rise in the sport.",False,2e59cdeb44011aa4|b65caf41b4f3c7e4|4f645e92c8dca919|c36d08f0bb55abce|7c85c77a6b2e073e,0.7749,0.341,5,,Darts,sports
02a07ad9c7a29286,M_vision,Who did Luke Littler defeat to reach the World Darts Championship final?,"[1] Luke Littler: Teenager in PDC World Darts Championship final against Luke Humphries - BBC Sport
Luke Littler has already earned £200,000 for his run to the final You can follow live coverage of the PDC World Darts Championship final in a text commentary on the BBC Sport website from 19:30 GMT on Wednesday, 3 January. Luke Littler began his PDC World Darts Championship debut hoping simply ""to win one game"" but now the 16-year-old sensation will face Luke Humphries on Wednesday evening in what is anticipated to be the most-watched final in the tournament's 31-year history. In polishing off his latest remarkable victory at Alexandra Palace - this time stunning former champion Rob Cross - Littler became the youngest person to reach the title decider.
In polishing off his latest remarkable victory at Alexandra Palace - this time stunning former champion Rob Cross - Littler became the youngest person to reach the title decider. And his meteoric rise has transcended the sport to an extent that his semi-final match set a Sky tournament viewing record, with a peak audience of 2.32 million, comfortably surpassing the 2015 final (1.65 million). The record for a darts final is the 8.3 million who tuned in to watch qualifier Keith Deller win the 1983 title by beating favourite Eric Bristow in the now defunct BDO World Championship on the BBC. Littler, who began playing darts on a magnetic board when he was just 18 months old, entered this tournament ranked 164th in the world.
[IMAGE 1: ""Having set out to win one game on his PDC World Darts Championship debut, 16-year-old Luke Littler bids for a historic title triumph against Luke Humphries on Wednesday.""]

[2] Bahrain Masters: Luke Littler beats Michael van Gerwen in final - BBC Sport
Teenager Luke Littler continued his stunning rise by beating Michael van Gerwen 8-5 to win the Bahrain Masters. It is Littler's first PDC senior title after coming up short against Luke Humphries in the World Championship final earlier this month. Littler, 16, earlier threw a nine-darter in the first leg of his quarter-final victory over Nathan Aspinall. ""No-one believes me but I hadn't thrown a dart since the world final until yesterday,"" Littler told ITV4.
England's Littler broke Dutch three-time world champion Van Gerwen in legs eight and 12. He saw off Hong Kong's Man Lok Leung 6-3 in his opening match on Thursday before beating Aspinall 6-3 and Gerwyn Price 7-3 on Friday to reach the final. In beating Aspinall, Price and Van Gerwen, he recorded victories over three of the world's top five ranked players to claim the title. Littler also became the youngest person to make a nine-darter - scoring 501 with the minimum number of darts required - on live television and is only the second player to achieve the feat in the World Series, which started in 2013, after 16-time world champion Phil Taylor.
[IMAGE 2: ""World Championship runner-up Luke Littler, 16, beats Michael van Gerwen to win the Bahrain Masters - his first PDC senior title.""]

[3] Luke Littler v Brendan Dolan: Teenager 'daring to dream' of World Championship glory - BBC Sport
Luke Littler (left) used to imitate his idol Raymond van Barneveld's arms-outstretched celebration aged three Like most 16-year-olds in England, Luke Littler began 2023 preparing for his summer GCSE exams. A year on and he is three victories from becoming the youngest winner of the PDC World Darts Championship. A fairytale run to the quarter-finals, including a dazzling win over childhood idol Raymond van Barneveld, has taken him from relative obscurity to sporting stardom - and he is ready for more.
His average of 106.2 in his 3-0 first-round win against Dutchman Christian Kist was the highest achieved by a tournament debutant. The next day, UK Open champion Andrew Gilding was dispatched 3-1, before Canada's Matt Campbell was beaten 4-1 to set up a last-16 match with five-time world champion Van Barneveld. The Dutchman, 40 years Littler's senior, was the youngster's idol growing up, but he showed no sign of being overawed as he breezed past the veteran 4-1. ""My game can be better than anyone's on the day and I have shown it there against one of the greatest who have graced that stage,"" added Littler.
[IMAGE 3: ""Luke Littler says he is ""daring to dream"" of winning the PDC World Darts Championship as the 16-year-old prepares to face Northern Ireland's Brendan Dolan in the quarter-finals.""]

[4] Bahrain Masters: Teenage sensation Luke Littler claims 6-3 win on World Series of Darts debut - BBC Sport
Luke Littler has climbed 133 places in the world rankings in the last month after his exploits at Alexandra Palace Teenage sensation Luke Littler beat Hong Kong's Man Lok Leung 6-3 on his highly anticipated World Series of Darts debut at the Bahrain Masters. Littler, who turns 17 in three days, was the youngest PDC World Championship finalist earlier in January. He faces fellow Englishman Nathan Aspinall in the last eight, after the World Matchplay champion edged past the Philippines' Lourence Ilagan 6-5.
The quarter-finals, semi-finals, and final are all scheduled to take place on Friday. Littler, who has had some time off since his exploits at Alexandra Palace, missed three attempts at double five in the first leg as he went 2-0 down. However, he then reeled off five consecutive legs before sealing his victory against the world number 126. Meanwhile, new world champion Luke Humphries extended his 19-match winning run with a resounding 6-0 victory over the host nation's Abdulla Saeed.
[IMAGE 4: ""Teenage sensation Luke Littler beat Hong Kong's Man Lok Leung 6-3 on his highly anticipated World Series of Darts debut at the Bahrain Masters.""]

[5] Luke Littler v Rob Cross: Teenager confident of winning PDC World Darts Championship - BBC Sport
For Luke Littler, the darts-mad 16-year-old who first played on a magnetic board as a toddler, just winning one match at the PDC World Championship was a historic achievement. But with each passing win he keeps setting his heights ever higher. And after sweeping past Brendan Dolan to set up a semi-final against Rob Cross on Tuesday, Littler now has his eyes on the biggest prize of all. ""It's going to take a lot to stop me,"" he said.
Standing between Littler and a place in the final is world number eight Cross, who made history himself by becoming the first player to fight back from 4-0 to beat Chris Dobey 5-4 in his quarter-final. Cross won the World Championship on his debut in 2018 and thinks Littler has similar momentum behind him now. ""Everyone loves an underdog story,"" Cross said. ""It took a bit of pressure off me winning it first time as well.
[IMAGE 5: ""Teenager Luke Littler says he has what it takes to win the PDC World Championship as he prepares for a semi-final against Rob Cross.""]","Luke Littler reached the World Darts Championship final by defeating Rob Cross in the semi-finals. This victory marked a significant achievement for Littler, as he became the youngest player to reach the final of the tournament. His performance throughout the championship has garnered considerable attention, culminating in a record viewership for his semi-final match.",False,2e59cdeb44011aa4|b65caf41b4f3c7e4|4f645e92c8dca919|c36d08f0bb55abce|7c85c77a6b2e073e,0.7749,0.341,5,data/images/2e59cdeb44011aa4.jpg|data/images/b65caf41b4f3c7e4.jpg|data/images/4f645e92c8dca919.jpg|data/images/c36d08f0bb55abce.jpg|data/images/7c85c77a6b2e073e.jpg,Darts,sports
060d93d8f53ccd70,B1,What issues did Tesco face with their deliveries recently?,"[1] Tesco and M&S report strong Christmas sales - BBC News
Tesco said UK sales rose 6.8% over the six weeks to 6 January, and that it had also seen sales volumes growing. Its premium food products did well, with sales of its Finest range up by nearly 17% over the Christmas period. At the same time, Tesco said it had cut prices on nearly 2,700 products as it sought to head off competition from discount rivals such as Aldi and Lidl. The supermarket now expects its retail operating profits to hit £2.75bn for the full year, above its previous guidance range of £2.6bn to £2.7bn.
The supermarket now expects its retail operating profits to hit £2.75bn for the full year, above its previous guidance range of £2.6bn to £2.7bn. Tesco chief executive Ken Murphy said he was ""cautiously optimistic"" about consumer spending, given mortgage rates are beginning to fall and wages are growing. ""So as long as we are in a full employment market I feel like we're in a period of relative stability,"" he said. On Tuesday, rival Sainsbury's reported an 8.6% increase in grocery sales over the six weeks to 6 January, helped by demand for festive food.

[2] Supermarkets' busy Christmas boosted by promotions, says Kantar - BBC News
In the battle for customers, Tesco, Sainsbury's, Aldi and Lidl all grew their market share. Sainsbury's reached its highest market share since December 2020 at 15.8%, pushing up its sales by 9.3%. Tesco now holds 27.6% of the market and grew its sales by 7.5%. ""The traditional retailers always tend to do well in the run up to Christmas and this year was no exception,"" said Mr McKevitt.
Recent BBC research found the price of mince pies had risen by 25%, with bakers facing pressure from higher wage, packaging and production costs. Mr McKevitt said retailers used promotions to entice shoppers over the festive period with nearly a third of all the money spent on items with some kind of offer. Overall, the average household spent £28 more on groceries across the month than in December 2022, with the number of items bought up by 2%. In the battle for customers, Tesco, Sainsbury's, Aldi and Lidl all grew their market share.

[3] Retail sales fall at sharpest rate since Covid - BBC News
It meant that retail sales tumbled at the fastest rate since January 2021. The ONS said the amount of non-food products people bought in December fell by 3.9%, with department stores the worst hit. That compares to a 2.7% increase for non-food products in November. Food demand was also down at the end of the year, falling 3.1%.
While the fall was the biggest since January 2021, when further Covid restrictions were enforced, the actual volume of goods that people bought in December was the lowest since May 2020 when the country was in the first Covid lockdown. Supermarkets have been reporting strong sales over the Christmas period, although the value of their sales has been helped by rising prices over the past year. For non-food stores the pattern has been mixed. Fashion chain Next enjoyed strong sales, but JD Sports issued a profit warning after its trading was weaker then expected.

[4] Yemen: US shoots down missile from Houthi-run area fired towards warship - BBC News
The attacks have led major shipping companies to divert vessels away from the Red Sea, instead taking a longer route around southern Africa. This has already had an impact on the global economy - with shipping giant Maersk telling the BBC it was being felt ""down to the end consumer"". Tesla and Volvo Cars have suspended some of their car production, UK grocery giant Tesco has warned some prices may go up and Ikea has said supplies could be affected. The Houthi attacks have been ""causing major disruption to a vital trade route and driving up commodity prices"", UK Prime Minister Rishi Sunak has said.
No injuries or damage were reported in the incident on Sunday afternoon. It comes after the US and UK launched strikes aimed at degrading the military capability of the Houthis, who have been attacking Red Sea cargo ships. The US and UK hit nearly 30 locations in Yemen on Friday, reportedly including arms depots, logistical hubs and air defence systems. The US followed up on Saturday with another strike on a Houthi radar site.

[5] Sainsbury’s increases pay as supermarkets battle for staff - BBC News
Workers will also benefit from the increase a month earlier than the official rate comes into effect. The pay deal comes exactly a year after Sainsbury's gave its staff a pay bump to £11 an hour, partly in response to other supermarkets increasing wages. Since March last year, Aldi has paid its staff £11.40 an hour outside London and £12.85 inside the capital, while Britain's biggest grocer Tesco has been paying workers £11.02 an hour outside London since April and £11.95 in the capital. But the supermarkets will need to increase worker wages at least in line with the new minimum wage when it comes into effect this April.
But while employees welcome higher pay packets, some businesses see it as another hit to their margins, when running costs remain high. Kate Nicholls, chief executive of the industry body UK Hospitality, said when the government announced the minimum wage rise last year it served as ""a reminder that although government announces it, it is businesses who deliver it and why it is so vital other action is taken to reduce tax and costs, particularly [business] rates"". Lord Wolfson, chief executive of Next, said after the company's trading update on Thursday that its prices for customers ""would've been moving down"" if it had not been for its wage bill rising. However, the retail giant did say it expects its profits to be some £960m in 2024.","Tesco has faced challenges related to rising costs and competition in the grocery market. The company has warned that some prices may increase due to disruptions in global trade routes, which have been affected by attacks in the Red Sea. Additionally, Tesco is under pressure to raise wages for its workers in line with new minimum wage regulations, which could further impact its profit margins. Despite these issues, Tesco reported a rise in sales during the Christmas period, indicating a strong performance amidst the competitive landscape.",False,ee2a596871e64f89|9bc5ba854185467f|ed4ca032efaae820|7ba134ad943ceff6|390533057482a772,0.5871,0.3055,5,,Business,business_technology_science
060d93d8f53ccd70,M,What issues did Tesco face with their deliveries recently?,"[1] Tesco and M&S report strong Christmas sales - BBC News
Tesco said UK sales rose 6.8% over the six weeks to 6 January, and that it had also seen sales volumes growing. Its premium food products did well, with sales of its Finest range up by nearly 17% over the Christmas period. At the same time, Tesco said it had cut prices on nearly 2,700 products as it sought to head off competition from discount rivals such as Aldi and Lidl. The supermarket now expects its retail operating profits to hit £2.75bn for the full year, above its previous guidance range of £2.6bn to £2.7bn.
The supermarket now expects its retail operating profits to hit £2.75bn for the full year, above its previous guidance range of £2.6bn to £2.7bn. Tesco chief executive Ken Murphy said he was ""cautiously optimistic"" about consumer spending, given mortgage rates are beginning to fall and wages are growing. ""So as long as we are in a full employment market I feel like we're in a period of relative stability,"" he said. On Tuesday, rival Sainsbury's reported an 8.6% increase in grocery sales over the six weeks to 6 January, helped by demand for festive food.
[IMAGE 1: ""Both retailers beat expectations for the key festive period as overall food prices remain high.""]

[2] Retail sales fall at sharpest rate since Covid - BBC News
It meant that retail sales tumbled at the fastest rate since January 2021. The ONS said the amount of non-food products people bought in December fell by 3.9%, with department stores the worst hit. That compares to a 2.7% increase for non-food products in November. Food demand was also down at the end of the year, falling 3.1%.
While the fall was the biggest since January 2021, when further Covid restrictions were enforced, the actual volume of goods that people bought in December was the lowest since May 2020 when the country was in the first Covid lockdown. Supermarkets have been reporting strong sales over the Christmas period, although the value of their sales has been helped by rising prices over the past year. For non-food stores the pattern has been mixed. Fashion chain Next enjoyed strong sales, but JD Sports issued a profit warning after its trading was weaker then expected.
[IMAGE 2: ""Sales during December tumbled by 3.2% as shoppers stocked up earlier on Black Friday discounts.""]

[3] Supermarkets' busy Christmas boosted by promotions, says Kantar - BBC News
In the battle for customers, Tesco, Sainsbury's, Aldi and Lidl all grew their market share. Sainsbury's reached its highest market share since December 2020 at 15.8%, pushing up its sales by 9.3%. Tesco now holds 27.6% of the market and grew its sales by 7.5%. ""The traditional retailers always tend to do well in the run up to Christmas and this year was no exception,"" said Mr McKevitt.
Recent BBC research found the price of mince pies had risen by 25%, with bakers facing pressure from higher wage, packaging and production costs. Mr McKevitt said retailers used promotions to entice shoppers over the festive period with nearly a third of all the money spent on items with some kind of offer. Overall, the average household spent £28 more on groceries across the month than in December 2022, with the number of items bought up by 2%. In the battle for customers, Tesco, Sainsbury's, Aldi and Lidl all grew their market share.
[IMAGE 3: ""Research suggests £13.7bn was spent at supermarkets last month, with an average household parting with £477.""]

[4] Royal Mail's Saturday post should stay, government says - BBC News
""The PM's strong view is that Saturday deliveries provide flexibility and convenience,"" said Rishi Sunak's spokesperson on Monday. ""They are important for businesses and particularly publishers. The Prime Minister would not countenance seeing Saturday deliveries scrapped."" In response, Royal Mail said it was ""simply not sustainable to maintain a delivery network built for 20 billion letters when we are now only delivering seven billion"".
The government has said it would not support Royal Mail scrapping post deliveries on Saturdays. The company has said it would like deliveries from Monday to Friday only. But Downing Street said the government ""would not countenance"" such a move, as a review by regulator Ofcom is looking into the future of the postal service. ""The PM's strong view is that Saturday deliveries provide flexibility and convenience,"" said Rishi Sunak's spokesperson on Monday.
[IMAGE 4: ""Royal Mail wants to drop Saturday deliveries but the prime minister says they are ""important"".""]

[5] Sainsbury’s increases pay as supermarkets battle for staff - BBC News
Workers will also benefit from the increase a month earlier than the official rate comes into effect. The pay deal comes exactly a year after Sainsbury's gave its staff a pay bump to £11 an hour, partly in response to other supermarkets increasing wages. Since March last year, Aldi has paid its staff £11.40 an hour outside London and £12.85 inside the capital, while Britain's biggest grocer Tesco has been paying workers £11.02 an hour outside London since April and £11.95 in the capital. But the supermarkets will need to increase worker wages at least in line with the new minimum wage when it comes into effect this April.
But while employees welcome higher pay packets, some businesses see it as another hit to their margins, when running costs remain high. Kate Nicholls, chief executive of the industry body UK Hospitality, said when the government announced the minimum wage rise last year it served as ""a reminder that although government announces it, it is businesses who deliver it and why it is so vital other action is taken to reduce tax and costs, particularly [business] rates"". Lord Wolfson, chief executive of Next, said after the company's trading update on Thursday that its prices for customers ""would've been moving down"" if it had not been for its wage bill rising. However, the retail giant did say it expects its profits to be some £960m in 2024.
[IMAGE 5: ""About 120,000 workers at the supermarket will see their wages increase by more than 9% from March.""]","The evidence does not provide specific information about issues Tesco faced with their deliveries recently. Instead, it discusses Tesco's sales performance during the Christmas period, noting a rise in sales and market share, as well as the competitive landscape with other supermarkets. Additionally, it mentions the impact of rising prices on sales figures and the broader retail environment, but does not address any delivery-related challenges.",False,ee2a596871e64f89|ed4ca032efaae820|9bc5ba854185467f|d3edd1ab72b5c505|390533057482a772,0.5871,0.3055,5,,Business,business_technology_science
060d93d8f53ccd70,M_vision,What issues did Tesco face with their deliveries recently?,"[1] Tesco and M&S report strong Christmas sales - BBC News
Tesco said UK sales rose 6.8% over the six weeks to 6 January, and that it had also seen sales volumes growing. Its premium food products did well, with sales of its Finest range up by nearly 17% over the Christmas period. At the same time, Tesco said it had cut prices on nearly 2,700 products as it sought to head off competition from discount rivals such as Aldi and Lidl. The supermarket now expects its retail operating profits to hit £2.75bn for the full year, above its previous guidance range of £2.6bn to £2.7bn.
The supermarket now expects its retail operating profits to hit £2.75bn for the full year, above its previous guidance range of £2.6bn to £2.7bn. Tesco chief executive Ken Murphy said he was ""cautiously optimistic"" about consumer spending, given mortgage rates are beginning to fall and wages are growing. ""So as long as we are in a full employment market I feel like we're in a period of relative stability,"" he said. On Tuesday, rival Sainsbury's reported an 8.6% increase in grocery sales over the six weeks to 6 January, helped by demand for festive food.
[IMAGE 1: ""Both retailers beat expectations for the key festive period as overall food prices remain high.""]

[2] Retail sales fall at sharpest rate since Covid - BBC News
It meant that retail sales tumbled at the fastest rate since January 2021. The ONS said the amount of non-food products people bought in December fell by 3.9%, with department stores the worst hit. That compares to a 2.7% increase for non-food products in November. Food demand was also down at the end of the year, falling 3.1%.
While the fall was the biggest since January 2021, when further Covid restrictions were enforced, the actual volume of goods that people bought in December was the lowest since May 2020 when the country was in the first Covid lockdown. Supermarkets have been reporting strong sales over the Christmas period, although the value of their sales has been helped by rising prices over the past year. For non-food stores the pattern has been mixed. Fashion chain Next enjoyed strong sales, but JD Sports issued a profit warning after its trading was weaker then expected.
[IMAGE 2: ""Sales during December tumbled by 3.2% as shoppers stocked up earlier on Black Friday discounts.""]

[3] Supermarkets' busy Christmas boosted by promotions, says Kantar - BBC News
In the battle for customers, Tesco, Sainsbury's, Aldi and Lidl all grew their market share. Sainsbury's reached its highest market share since December 2020 at 15.8%, pushing up its sales by 9.3%. Tesco now holds 27.6% of the market and grew its sales by 7.5%. ""The traditional retailers always tend to do well in the run up to Christmas and this year was no exception,"" said Mr McKevitt.
Recent BBC research found the price of mince pies had risen by 25%, with bakers facing pressure from higher wage, packaging and production costs. Mr McKevitt said retailers used promotions to entice shoppers over the festive period with nearly a third of all the money spent on items with some kind of offer. Overall, the average household spent £28 more on groceries across the month than in December 2022, with the number of items bought up by 2%. In the battle for customers, Tesco, Sainsbury's, Aldi and Lidl all grew their market share.
[IMAGE 3: ""Research suggests £13.7bn was spent at supermarkets last month, with an average household parting with £477.""]

[4] Royal Mail's Saturday post should stay, government says - BBC News
""The PM's strong view is that Saturday deliveries provide flexibility and convenience,"" said Rishi Sunak's spokesperson on Monday. ""They are important for businesses and particularly publishers. The Prime Minister would not countenance seeing Saturday deliveries scrapped."" In response, Royal Mail said it was ""simply not sustainable to maintain a delivery network built for 20 billion letters when we are now only delivering seven billion"".
The government has said it would not support Royal Mail scrapping post deliveries on Saturdays. The company has said it would like deliveries from Monday to Friday only. But Downing Street said the government ""would not countenance"" such a move, as a review by regulator Ofcom is looking into the future of the postal service. ""The PM's strong view is that Saturday deliveries provide flexibility and convenience,"" said Rishi Sunak's spokesperson on Monday.
[IMAGE 4: ""Royal Mail wants to drop Saturday deliveries but the prime minister says they are ""important"".""]

[5] Sainsbury’s increases pay as supermarkets battle for staff - BBC News
Workers will also benefit from the increase a month earlier than the official rate comes into effect. The pay deal comes exactly a year after Sainsbury's gave its staff a pay bump to £11 an hour, partly in response to other supermarkets increasing wages. Since March last year, Aldi has paid its staff £11.40 an hour outside London and £12.85 inside the capital, while Britain's biggest grocer Tesco has been paying workers £11.02 an hour outside London since April and £11.95 in the capital. But the supermarkets will need to increase worker wages at least in line with the new minimum wage when it comes into effect this April.
But while employees welcome higher pay packets, some businesses see it as another hit to their margins, when running costs remain high. Kate Nicholls, chief executive of the industry body UK Hospitality, said when the government announced the minimum wage rise last year it served as ""a reminder that although government announces it, it is businesses who deliver it and why it is so vital other action is taken to reduce tax and costs, particularly [business] rates"". Lord Wolfson, chief executive of Next, said after the company's trading update on Thursday that its prices for customers ""would've been moving down"" if it had not been for its wage bill rising. However, the retail giant did say it expects its profits to be some £960m in 2024.
[IMAGE 5: ""About 120,000 workers at the supermarket will see their wages increase by more than 9% from March.""]","The evidence does not specifically address issues faced by Tesco with their deliveries. Instead, it discusses Tesco's sales performance during the Christmas period, noting a rise in sales and market share, as well as the competitive landscape with other supermarkets. Additionally, it mentions broader retail trends, including a decline in non-food sales and the impact of rising prices on consumer spending. There is no mention of delivery challenges or logistics issues related to Tesco.",False,ee2a596871e64f89|ed4ca032efaae820|9bc5ba854185467f|d3edd1ab72b5c505|390533057482a772,0.5871,0.3055,5,data/images/ee2a596871e64f89.jpg|data/images/ed4ca032efaae820.jpg|data/images/9bc5ba854185467f.jpg|data/images/d3edd1ab72b5c505.jpg|data/images/390533057482a772.jpg,Business,business_technology_science
e2249155d11e59ec,B1,What happened to the American Moon mission involving the Peregrine lander?,"[1] Peregrine lander: Vulcan rocket launches US private Moon mission - BBC News
We'd never have been able to achieve it without that. But the best thing is it's bringing a lot more creative minds, new minds, new thinking to the table, and that will help accelerate the technologies needed to get us back to the Moon and have a more robust presence on the Moon."" Peregrine will aim for the flat volcanic terrain just south of the Gruithuisen hills Nasa's payloads on Peregrine are focused on preparations for the later human presence on the lunar surface.
The 1.2-tonne Peregrine spacecraft is one of a clutch of US projects aiming to land in 2024 Astrobotic's venture was sent on its way by a brand new rocket called Vulcan, which left its Florida pad at 02:18 EST (07:18 GMT). Fifty minutes later, after a flawless flight, the Pittsburgh-based company's craft was ejected on a path to the Moon. It will take a few weeks to get itself into position to attempt the touch-down.

[2] Japan lands on Moon but glitch threatens mission - BBC News
The targeted landing site was on the slopes approaching Shioli Crater, which is just south of the Moon's equator Jaxa has twice landed robots on asteroids, so this Moon touchdown is another feather in its cap. It will be playing significant roles in the US space agency's (Nasa) Artemis programme, which seeks to put humans back on the lunar surface after a gap of more than half a century. Last year, a private Japanese company, iSpace, had a go at landing.
A propulsion fault prevented it from even trying to make a touchdown attempt. Dr Simeon Barber from the UK's Open University had instrumentation on Peregrine. ""For me, this was all about precision landing. That's a huge Success.

[3] Stricken Japanese Moon mission landed on its nose - BBC News
It would be regarded as a valuable technology demonstration for future lunar explorations, and the acquired knowledge and experience will be applied in upcoming missions,"" the agency said. The targeted landing site was on the slopes approaching Shioli Crater, which is just south of the Moon's equator
This will go some way to explaining the difficulties it has had in generating the electricity needed to operate. The image was captured by the small baseball-sized robot called Sora-Q that was ejected from Slim moments before touchdown last Saturday. ""An abnormality in the main engine affected the landing attitude of the spacecraft,"" the Japanese space agency Jaxa said in a statement. It seems one of the two big thrusters on Slim (Smart Lander for Investigating Moon) stopped working during the descent.

[4] Yemen: US shoots down missile from Houthi-run area fired towards warship - BBC News
The missile fired towards the USS Laboon, seen here in a file photo, was downed The US military says it has shot down a missile fired towards one of its warships from a Houthi area of Yemen. The anti-ship cruise missile - fired towards the USS Laboon in the Red Sea - was downed off the coast of Hudaydah by a US fighter aircraft. No injuries or damage were reported in the incident on Sunday afternoon.
No injuries or damage were reported in the incident on Sunday afternoon. It comes after the US and UK launched strikes aimed at degrading the military capability of the Houthis, who have been attacking Red Sea cargo ships. The US and UK hit nearly 30 locations in Yemen on Friday, reportedly including arms depots, logistical hubs and air defence systems. The US followed up on Saturday with another strike on a Houthi radar site.

[5] Scout leaders accept responsibility for teen's Great Orme death - BBC News
Like we didn't matter and like Ben didn't matter."" Ben, who had received his GCSE results days before, was on a summer camp with Reddish Explorer Scouts from Stockport when he died. The plan for the two-day trip had been to hike up Yr Wyddfa, also known as Snowdon, but that walk was scrapped due to a forecast for heavy rain and high winds. Instead, on the second day of the trip, the group were taken to walk up the Great Orme.
Mr Pojur said two of the scouts were sitting together while Ben explored steep ground on his own. ""They were concerned about it and tried to persuade Ben to join them,"" said Mr Pojur. But Ben said he thought he had found a route down - only to be seen slipping on a narrow cliff ledge. Ben Leonard died after falling from the Great Orme","The American Moon mission involving the Peregrine lander is part of a broader initiative by US projects aiming for lunar landings in 2024. The Peregrine spacecraft, weighing 1.2 tons, was launched successfully by the Vulcan rocket and is on a trajectory to the Moon, where it will take weeks to position itself for a landing attempt. The mission includes NASA payloads that focus on preparations for future human presence on the lunar surface, highlighting the importance of precision landing technology.",False,d84d798ddea2e11b|c5b9aec74706a911|017a1a70d95ffb85|7ba134ad943ceff6|a9fe5b84ac8e799f,0.6276,0.3013,5,,Science & Environment,business_technology_science
e2249155d11e59ec,M,What happened to the American Moon mission involving the Peregrine lander?,"[1] Peregrine lander: Vulcan rocket launches US private Moon mission - BBC News
We'd never have been able to achieve it without that. But the best thing is it's bringing a lot more creative minds, new minds, new thinking to the table, and that will help accelerate the technologies needed to get us back to the Moon and have a more robust presence on the Moon."" Peregrine will aim for the flat volcanic terrain just south of the Gruithuisen hills Nasa's payloads on Peregrine are focused on preparations for the later human presence on the lunar surface.
The 1.2-tonne Peregrine spacecraft is one of a clutch of US projects aiming to land in 2024 Astrobotic's venture was sent on its way by a brand new rocket called Vulcan, which left its Florida pad at 02:18 EST (07:18 GMT). Fifty minutes later, after a flawless flight, the Pittsburgh-based company's craft was ejected on a path to the Moon. It will take a few weeks to get itself into position to attempt the touch-down.
[IMAGE 1: ""The Peregrine spacecraft leaves Earth, aiming to make the first US soft lunar-landing in 51 years.""]

[2] Japan lands on Moon but glitch threatens mission - BBC News
The targeted landing site was on the slopes approaching Shioli Crater, which is just south of the Moon's equator Jaxa has twice landed robots on asteroids, so this Moon touchdown is another feather in its cap. It will be playing significant roles in the US space agency's (Nasa) Artemis programme, which seeks to put humans back on the lunar surface after a gap of more than half a century. Last year, a private Japanese company, iSpace, had a go at landing.
A propulsion fault prevented it from even trying to make a touchdown attempt. Dr Simeon Barber from the UK's Open University had instrumentation on Peregrine. ""For me, this was all about precision landing. That's a huge Success.
[IMAGE 2: ""It becomes only the fifth country to soft-land on the Moon but power supply problems may hinder its mission.""]

[3] Stricken Japanese Moon mission landed on its nose - BBC News
It would be regarded as a valuable technology demonstration for future lunar explorations, and the acquired knowledge and experience will be applied in upcoming missions,"" the agency said. The targeted landing site was on the slopes approaching Shioli Crater, which is just south of the Moon's equator
This will go some way to explaining the difficulties it has had in generating the electricity needed to operate. The image was captured by the small baseball-sized robot called Sora-Q that was ejected from Slim moments before touchdown last Saturday. ""An abnormality in the main engine affected the landing attitude of the spacecraft,"" the Japanese space agency Jaxa said in a statement. It seems one of the two big thrusters on Slim (Smart Lander for Investigating Moon) stopped working during the descent.
[IMAGE 3: ""The first image of the Slim spacecraft shows it to be in an awkward position on the lunar surface.""]

[4] Ingenuity: Damage puts end to ground-breaking Mars helicopter mission - BBC News
Watch Ingenuity's first flight: It climbed to 3m, hovered and then landed Nasa's Ingenuity Mars helicopter, which made history by achieving the first powered flight on another world, has suffered mission-ending damage. In a statement, Nasa said the aircraft was forced to perform an ""emergency landing"" that damaged its rotors. The space agency's Bill Nelson said the aircraft was ""the little helicopter that could"" and had racked up far more flights than had been intended.
The space agency's Bill Nelson said the aircraft was ""the little helicopter that could"" and had racked up far more flights than had been intended. He said Ingenuity had ""paved the way for future flight in our Solar System"". Ingenuity took a picture of the shadow cast by a broken rotor blade Ingenuity is said to remain ""upright"" but images showed that ""one or more of its rotor blades"" were damaged and it was ""no longer capable of flight"".
[IMAGE 4: ""The first vehicle to achieve powered flight on another planet suffers rotor damage three years into tour.""]

[5] Yemen: US shoots down missile from Houthi-run area fired towards warship - BBC News
The missile fired towards the USS Laboon, seen here in a file photo, was downed The US military says it has shot down a missile fired towards one of its warships from a Houthi area of Yemen. The anti-ship cruise missile - fired towards the USS Laboon in the Red Sea - was downed off the coast of Hudaydah by a US fighter aircraft. No injuries or damage were reported in the incident on Sunday afternoon.
No injuries or damage were reported in the incident on Sunday afternoon. It comes after the US and UK launched strikes aimed at degrading the military capability of the Houthis, who have been attacking Red Sea cargo ships. The US and UK hit nearly 30 locations in Yemen on Friday, reportedly including arms depots, logistical hubs and air defence systems. The US followed up on Saturday with another strike on a Houthi radar site.
[IMAGE 5: ""A fighter jet downs the missile from a Houthi-run area following US-UK strikes in Yemen.""]","The American Moon mission involving the Peregrine lander successfully launched aboard the Vulcan rocket, marking a significant step towards achieving the first US soft lunar landing in 51 years. The Peregrine spacecraft, weighing 1.2 tons, is on a trajectory to the Moon and will take several weeks to position itself for landing. The mission aims to prepare for future human presence on the lunar surface, with NASA's payloads focused on this objective.",False,d84d798ddea2e11b|c5b9aec74706a911|017a1a70d95ffb85|c09001839197a388|7ba134ad943ceff6,0.6276,0.3013,5,,Science & Environment,business_technology_science
e2249155d11e59ec,M_vision,What happened to the American Moon mission involving the Peregrine lander?,"[1] Peregrine lander: Vulcan rocket launches US private Moon mission - BBC News
We'd never have been able to achieve it without that. But the best thing is it's bringing a lot more creative minds, new minds, new thinking to the table, and that will help accelerate the technologies needed to get us back to the Moon and have a more robust presence on the Moon."" Peregrine will aim for the flat volcanic terrain just south of the Gruithuisen hills Nasa's payloads on Peregrine are focused on preparations for the later human presence on the lunar surface.
The 1.2-tonne Peregrine spacecraft is one of a clutch of US projects aiming to land in 2024 Astrobotic's venture was sent on its way by a brand new rocket called Vulcan, which left its Florida pad at 02:18 EST (07:18 GMT). Fifty minutes later, after a flawless flight, the Pittsburgh-based company's craft was ejected on a path to the Moon. It will take a few weeks to get itself into position to attempt the touch-down.
[IMAGE 1: ""The Peregrine spacecraft leaves Earth, aiming to make the first US soft lunar-landing in 51 years.""]

[2] Japan lands on Moon but glitch threatens mission - BBC News
The targeted landing site was on the slopes approaching Shioli Crater, which is just south of the Moon's equator Jaxa has twice landed robots on asteroids, so this Moon touchdown is another feather in its cap. It will be playing significant roles in the US space agency's (Nasa) Artemis programme, which seeks to put humans back on the lunar surface after a gap of more than half a century. Last year, a private Japanese company, iSpace, had a go at landing.
A propulsion fault prevented it from even trying to make a touchdown attempt. Dr Simeon Barber from the UK's Open University had instrumentation on Peregrine. ""For me, this was all about precision landing. That's a huge Success.
[IMAGE 2: ""It becomes only the fifth country to soft-land on the Moon but power supply problems may hinder its mission.""]

[3] Stricken Japanese Moon mission landed on its nose - BBC News
It would be regarded as a valuable technology demonstration for future lunar explorations, and the acquired knowledge and experience will be applied in upcoming missions,"" the agency said. The targeted landing site was on the slopes approaching Shioli Crater, which is just south of the Moon's equator
This will go some way to explaining the difficulties it has had in generating the electricity needed to operate. The image was captured by the small baseball-sized robot called Sora-Q that was ejected from Slim moments before touchdown last Saturday. ""An abnormality in the main engine affected the landing attitude of the spacecraft,"" the Japanese space agency Jaxa said in a statement. It seems one of the two big thrusters on Slim (Smart Lander for Investigating Moon) stopped working during the descent.
[IMAGE 3: ""The first image of the Slim spacecraft shows it to be in an awkward position on the lunar surface.""]

[4] Ingenuity: Damage puts end to ground-breaking Mars helicopter mission - BBC News
Watch Ingenuity's first flight: It climbed to 3m, hovered and then landed Nasa's Ingenuity Mars helicopter, which made history by achieving the first powered flight on another world, has suffered mission-ending damage. In a statement, Nasa said the aircraft was forced to perform an ""emergency landing"" that damaged its rotors. The space agency's Bill Nelson said the aircraft was ""the little helicopter that could"" and had racked up far more flights than had been intended.
The space agency's Bill Nelson said the aircraft was ""the little helicopter that could"" and had racked up far more flights than had been intended. He said Ingenuity had ""paved the way for future flight in our Solar System"". Ingenuity took a picture of the shadow cast by a broken rotor blade Ingenuity is said to remain ""upright"" but images showed that ""one or more of its rotor blades"" were damaged and it was ""no longer capable of flight"".
[IMAGE 4: ""The first vehicle to achieve powered flight on another planet suffers rotor damage three years into tour.""]

[5] Yemen: US shoots down missile from Houthi-run area fired towards warship - BBC News
The missile fired towards the USS Laboon, seen here in a file photo, was downed The US military says it has shot down a missile fired towards one of its warships from a Houthi area of Yemen. The anti-ship cruise missile - fired towards the USS Laboon in the Red Sea - was downed off the coast of Hudaydah by a US fighter aircraft. No injuries or damage were reported in the incident on Sunday afternoon.
No injuries or damage were reported in the incident on Sunday afternoon. It comes after the US and UK launched strikes aimed at degrading the military capability of the Houthis, who have been attacking Red Sea cargo ships. The US and UK hit nearly 30 locations in Yemen on Friday, reportedly including arms depots, logistical hubs and air defence systems. The US followed up on Saturday with another strike on a Houthi radar site.
[IMAGE 5: ""A fighter jet downs the missile from a Houthi-run area following US-UK strikes in Yemen.""]","The American Moon mission involving the Peregrine lander successfully launched aboard the Vulcan rocket, marking a significant step towards achieving the first U.S. soft lunar landing in 51 years. The Peregrine lander, weighing 1.2 tons, is designed to reach a targeted landing site on the Moon and will take several weeks to position itself for touchdown. The mission aims to support NASA's preparations for future human presence on the lunar surface, contributing to a broader array of U.S. lunar exploration projects set for 2024.",False,d84d798ddea2e11b|c5b9aec74706a911|017a1a70d95ffb85|c09001839197a388|7ba134ad943ceff6,0.6276,0.3013,5,data/images/d84d798ddea2e11b.jpg|data/images/c5b9aec74706a911.jpg|data/images/017a1a70d95ffb85.jpg|data/images/c09001839197a388.jpg|data/images/7ba134ad943ceff6.jpg,Science & Environment,business_technology_science
de904b73ea02e0d2,B1,What did the RAC say about the motorway electric car charge point target?,"[1] BT Group to turn old street cabinets into electric vehicle charging points - BBC News
BT hopes up to 60,000 could be converted, which would help tackle a shortfall in electric car chargers. The government's ambition is to increase the number of charging points from more than 50,000 today to 300,000 by 2030 but Zapmap figures show nearly a third of all UK charging points are currently in London. People have complained about the lack of charging ports in some areas and that some do not work or are unreliable. This pilot project by BT will explore how this solution could be scaled up to address the lack of chargers on UK roads, something that motoring groups have said is holding back Britain's electric car revolution.
""Harnessing existing street furniture is a great way to increase the number of public EV charging points without further adding to clutter along our footpaths,"" he said. ""Making this even more valuable, many of these green street cabinets are located in residential areas across the UK, including smaller villages and towns, where charging infrastructure is most severely lacking."" The Department for Transport told the BBC that they have committed ""hundreds of millions of pounds to expand local charging across England."" Their spokesperson said: ""The number of public charge points is rising across the country - increasing by 44% since December 2022.

[2] 20mph: Drakeford says confused drivers will not face 20mph fine - BBC News
""Where people deliberately break the law, where people drive well above 20mph in a 20mph zone, then the law will have to be enforced."" He added: ""I think if the police find somebody driving above 20mph and the reason is they are genuinely confused about that - I don't think in those circumstances of genuine confusion the police will move to enforcement. ""If there are examples, genuine examples, where people just have misunderstood that this piece of road that they are on is now a 20mph limit, I think that will be resolved through the way that the police intend to respond. ""But it would need to be genuine confusion, rather than just a claim to be confused.""
South Wales Police and Crime Commissioner Alun Michael said ""common sense will be applied"". ""It's not as if there's a will to make life difficult for drivers,"" he said. Mr Michael told BBC Radio Wales Breakfast that people who did not want it needed to recognise it was now law, and use their common sense in the way they drive. ""This is now the law, let's make it work,"" Mr Michael said.

[3] China’s BYD overtakes Tesla's electric car sales in last quarter of 2023 - BBC News
Last January, Mr Musk said that Tesla had the potential to achieve two million deliveries in 2023. The firm cut prices repeatedly to try to woo buyers. The milestone achieved by BYD is a reminder of the challenges facing the firm, which helped to launch the electric vehicle industry. ""As BYD has accelerated into the fast lane, it's fresh evidence of just how competitive the EV market has become and how hard it will be for Tesla to swerve back to head the pack,"" said Susannah Streeter, head of money and markets at Hargreaves Lansdown.
Chinese company BYD sold more electric vehicles than Elon Musk's Tesla in the last three months of 2023 as the two battled for top spot in the sector. BYD said on Monday it had sold a record 526,000 battery-only vehicles in the final quarter of 2023. It marked the first quarter its battery-only sales have outpaced Tesla's. The US-based firm has seen demand slow as borrowing costs climb.

[4] Nottingham attacks suspect Valdo Calocane back in court - BBC News
A number of roads in Nottingham city centre were cordoned off after the attacks Nottinghamshire Police referred itself to the Independent Office for Police Conduct (IOPC) the day after the attacks. The investigation will look at whether the actions of the van driver were influenced by the presence of a police car that was following. The IOPC said an officer driving the single-crewed vehicle had sight of the suspect driving the van for less than a minute before it hit pedestrians.
The IOPC said an officer driving the single-crewed vehicle had sight of the suspect driving the van for less than a minute before it hit pedestrians. The officer immediately stopped to give first aid to those who had been hit, the IOPC added. Mr Calocane, of no fixed address, is due to enter pleas before Nottingham Crown Court on 25 September.

[5] Llanelli attempted kidnap: Man tried to drag woman into car - report - BBC News
The force added that its investigation had established the car drove along Hendre Road from Tan Y Graig Road. The police are appealing for information and encouraging local people to check CCTV and doorbell or dashcam footage for sightings of the car.
The car the man was driving is being sought by police A man tried to drag a woman into a car in an attempted kidnap, according to reports to police. They launched an investigation into the matter after they were contacted at about 23:45 GMT on Saturday. The force said the man approached the woman in a dark red or burgundy car as she walked from the British Royal Legion pub on Tan Y Graig Road, Llanelli, in Carmarthenshire.","The evidence does not provide any information regarding the RAC's comments on the motorway electric car charge point target. It discusses various topics related to electric vehicles, including a project by BT to convert street cabinets into charging points and the government's plans to increase the number of charging points, but it does not mention the RAC or their stance on the target. Therefore, there is insufficient evidence to summarize the RAC's position on this matter.",False,1bce062351592575|db72c77fd75f39eb|c8e5dcf663ea77f2|9b5415fef21db935|5968332585fc2388,0.4795,0.2765,5,,Business,business_technology_science
de904b73ea02e0d2,M,What did the RAC say about the motorway electric car charge point target?,"[1] BT Group to turn old street cabinets into electric vehicle charging points - BBC News
BT hopes up to 60,000 could be converted, which would help tackle a shortfall in electric car chargers. The government's ambition is to increase the number of charging points from more than 50,000 today to 300,000 by 2030 but Zapmap figures show nearly a third of all UK charging points are currently in London. People have complained about the lack of charging ports in some areas and that some do not work or are unreliable. This pilot project by BT will explore how this solution could be scaled up to address the lack of chargers on UK roads, something that motoring groups have said is holding back Britain's electric car revolution.
""Harnessing existing street furniture is a great way to increase the number of public EV charging points without further adding to clutter along our footpaths,"" he said. ""Making this even more valuable, many of these green street cabinets are located in residential areas across the UK, including smaller villages and towns, where charging infrastructure is most severely lacking."" The Department for Transport told the BBC that they have committed ""hundreds of millions of pounds to expand local charging across England."" Their spokesperson said: ""The number of public charge points is rising across the country - increasing by 44% since December 2022.
[IMAGE 1: ""Up to 60,000 could be converted to tackle a shortfall in electric car charging points, the group says.""]

[2] 20mph: Drakeford says confused drivers will not face 20mph fine - BBC News
""Where people deliberately break the law, where people drive well above 20mph in a 20mph zone, then the law will have to be enforced."" He added: ""I think if the police find somebody driving above 20mph and the reason is they are genuinely confused about that - I don't think in those circumstances of genuine confusion the police will move to enforcement. ""If there are examples, genuine examples, where people just have misunderstood that this piece of road that they are on is now a 20mph limit, I think that will be resolved through the way that the police intend to respond. ""But it would need to be genuine confusion, rather than just a claim to be confused.""
South Wales Police and Crime Commissioner Alun Michael said ""common sense will be applied"". ""It's not as if there's a will to make life difficult for drivers,"" he said. Mr Michael told BBC Radio Wales Breakfast that people who did not want it needed to recognise it was now law, and use their common sense in the way they drive. ""This is now the law, let's make it work,"" Mr Michael said.
[IMAGE 2: ""Enforcement of the Welsh government's flagship 20mph policy begins on Monday.""]

[3] China’s BYD overtakes Tesla's electric car sales in last quarter of 2023 - BBC News
Last January, Mr Musk said that Tesla had the potential to achieve two million deliveries in 2023. The firm cut prices repeatedly to try to woo buyers. The milestone achieved by BYD is a reminder of the challenges facing the firm, which helped to launch the electric vehicle industry. ""As BYD has accelerated into the fast lane, it's fresh evidence of just how competitive the EV market has become and how hard it will be for Tesla to swerve back to head the pack,"" said Susannah Streeter, head of money and markets at Hargreaves Lansdown.
Chinese company BYD sold more electric vehicles than Elon Musk's Tesla in the last three months of 2023 as the two battled for top spot in the sector. BYD said on Monday it had sold a record 526,000 battery-only vehicles in the final quarter of 2023. It marked the first quarter its battery-only sales have outpaced Tesla's. The US-based firm has seen demand slow as borrowing costs climb.
[IMAGE 3: ""Electric-only deliveries from Chinese company BYD outpaced Elon Musk's Tesla for the first time.""]

[4] Llanelli attempted kidnap: Man tried to drag woman into car - report - BBC News
The force added that its investigation had established the car drove along Hendre Road from Tan Y Graig Road. The police are appealing for information and encouraging local people to check CCTV and doorbell or dashcam footage for sightings of the car.
The car the man was driving is being sought by police A man tried to drag a woman into a car in an attempted kidnap, according to reports to police. They launched an investigation into the matter after they were contacted at about 23:45 GMT on Saturday. The force said the man approached the woman in a dark red or burgundy car as she walked from the British Royal Legion pub on Tan Y Graig Road, Llanelli, in Carmarthenshire.
[IMAGE 4: ""The force said the the man asked her to get into the vehicle before grabbing her.""]

[5] Young drivers face £3,000 cost for car insurance - BBC News
The association said the figures were based on the price customers paid for their cover rather than what they were quoted. Are you struggling with the cost of car insurance? Share your experiences by emailing haveyoursay@bbc.co.uk. Please include a contact number if you are willing to speak to a BBC journalist.
But he said with the price rises for 17-20-year-olds many young drivers would be looking at whether they can afford to drive at all. ""The industry has to be careful not to push younger drivers into other modes of transport and that's a real risk when prices get this high,"" he said. The Association of British Insurers (ABI) said while car insurance could be expensive there were ways to bring costs down. It added that it was important that motorists never drove without cover and urged anyone struggling with costs to speak to their insurers.
[IMAGE 5: ""Inflation and repairs have sent quotes soaring for younger motorists, according to data.""]","The evidence does not provide any information regarding the RAC's comments on the motorway electric car charge point target. It discusses various topics related to electric vehicles, including BT Group's initiative to convert street cabinets into charging points to address a shortfall in electric car chargers, but does not mention the RAC or specific targets for motorway charging points. Therefore, there is insufficient evidence to summarize the RAC's position on this topic.",False,1bce062351592575|db72c77fd75f39eb|c8e5dcf663ea77f2|5968332585fc2388|b10eb65a88f11e83,0.4795,0.2765,5,,Business,business_technology_science
de904b73ea02e0d2,M_vision,What did the RAC say about the motorway electric car charge point target?,"[1] BT Group to turn old street cabinets into electric vehicle charging points - BBC News
BT hopes up to 60,000 could be converted, which would help tackle a shortfall in electric car chargers. The government's ambition is to increase the number of charging points from more than 50,000 today to 300,000 by 2030 but Zapmap figures show nearly a third of all UK charging points are currently in London. People have complained about the lack of charging ports in some areas and that some do not work or are unreliable. This pilot project by BT will explore how this solution could be scaled up to address the lack of chargers on UK roads, something that motoring groups have said is holding back Britain's electric car revolution.
""Harnessing existing street furniture is a great way to increase the number of public EV charging points without further adding to clutter along our footpaths,"" he said. ""Making this even more valuable, many of these green street cabinets are located in residential areas across the UK, including smaller villages and towns, where charging infrastructure is most severely lacking."" The Department for Transport told the BBC that they have committed ""hundreds of millions of pounds to expand local charging across England."" Their spokesperson said: ""The number of public charge points is rising across the country - increasing by 44% since December 2022.
[IMAGE 1: ""Up to 60,000 could be converted to tackle a shortfall in electric car charging points, the group says.""]

[2] 20mph: Drakeford says confused drivers will not face 20mph fine - BBC News
""Where people deliberately break the law, where people drive well above 20mph in a 20mph zone, then the law will have to be enforced."" He added: ""I think if the police find somebody driving above 20mph and the reason is they are genuinely confused about that - I don't think in those circumstances of genuine confusion the police will move to enforcement. ""If there are examples, genuine examples, where people just have misunderstood that this piece of road that they are on is now a 20mph limit, I think that will be resolved through the way that the police intend to respond. ""But it would need to be genuine confusion, rather than just a claim to be confused.""
South Wales Police and Crime Commissioner Alun Michael said ""common sense will be applied"". ""It's not as if there's a will to make life difficult for drivers,"" he said. Mr Michael told BBC Radio Wales Breakfast that people who did not want it needed to recognise it was now law, and use their common sense in the way they drive. ""This is now the law, let's make it work,"" Mr Michael said.
[IMAGE 2: ""Enforcement of the Welsh government's flagship 20mph policy begins on Monday.""]

[3] China’s BYD overtakes Tesla's electric car sales in last quarter of 2023 - BBC News
Last January, Mr Musk said that Tesla had the potential to achieve two million deliveries in 2023. The firm cut prices repeatedly to try to woo buyers. The milestone achieved by BYD is a reminder of the challenges facing the firm, which helped to launch the electric vehicle industry. ""As BYD has accelerated into the fast lane, it's fresh evidence of just how competitive the EV market has become and how hard it will be for Tesla to swerve back to head the pack,"" said Susannah Streeter, head of money and markets at Hargreaves Lansdown.
Chinese company BYD sold more electric vehicles than Elon Musk's Tesla in the last three months of 2023 as the two battled for top spot in the sector. BYD said on Monday it had sold a record 526,000 battery-only vehicles in the final quarter of 2023. It marked the first quarter its battery-only sales have outpaced Tesla's. The US-based firm has seen demand slow as borrowing costs climb.
[IMAGE 3: ""Electric-only deliveries from Chinese company BYD outpaced Elon Musk's Tesla for the first time.""]

[4] Llanelli attempted kidnap: Man tried to drag woman into car - report - BBC News
The force added that its investigation had established the car drove along Hendre Road from Tan Y Graig Road. The police are appealing for information and encouraging local people to check CCTV and doorbell or dashcam footage for sightings of the car.
The car the man was driving is being sought by police A man tried to drag a woman into a car in an attempted kidnap, according to reports to police. They launched an investigation into the matter after they were contacted at about 23:45 GMT on Saturday. The force said the man approached the woman in a dark red or burgundy car as she walked from the British Royal Legion pub on Tan Y Graig Road, Llanelli, in Carmarthenshire.
[IMAGE 4: ""The force said the the man asked her to get into the vehicle before grabbing her.""]

[5] Young drivers face £3,000 cost for car insurance - BBC News
The association said the figures were based on the price customers paid for their cover rather than what they were quoted. Are you struggling with the cost of car insurance? Share your experiences by emailing haveyoursay@bbc.co.uk. Please include a contact number if you are willing to speak to a BBC journalist.
But he said with the price rises for 17-20-year-olds many young drivers would be looking at whether they can afford to drive at all. ""The industry has to be careful not to push younger drivers into other modes of transport and that's a real risk when prices get this high,"" he said. The Association of British Insurers (ABI) said while car insurance could be expensive there were ways to bring costs down. It added that it was important that motorists never drove without cover and urged anyone struggling with costs to speak to their insurers.
[IMAGE 5: ""Inflation and repairs have sent quotes soaring for younger motorists, according to data.""]","The RAC has highlighted the significant shortfall in electric vehicle (EV) charging points in the UK, emphasizing that the government's target to increase the number from over 50,000 to 300,000 by 2030 is crucial. The RAC notes that many areas, particularly outside London, lack sufficient charging infrastructure, which is hindering the adoption of electric vehicles. BT's initiative to convert old street cabinets into charging points is seen as a potential solution to this issue, aiming to enhance the availability of chargers in residential areas where they are most needed. The Department for Transport has acknowledged the rising number of public charge points, which has increased by 44% since December 2022.",False,1bce062351592575|db72c77fd75f39eb|c8e5dcf663ea77f2|5968332585fc2388|b10eb65a88f11e83,0.4795,0.2765,5,data/images/1bce062351592575.jpg|data/images/db72c77fd75f39eb.jpg|data/images/c8e5dcf663ea77f2.jpg|data/images/5968332585fc2388.jpg|data/images/b10eb65a88f11e83.jpg,Business,business_technology_science
76a2bffc125b8877,B1,What is the current status of the US Moon mission with the Peregrine lander?,"[1] Peregrine lander: Vulcan rocket launches US private Moon mission - BBC News
Astrobotic's robotic lander, called Peregrine, has been contracted by Nasa to carry five scientific instruments. These will study the Moon's surface environment ahead of human missions later this decade. Peregrine is part of a stampede of spacecraft that will attempt to put themselves on the lunar surface in 2024 - possibly as many as eight different projects, including from Japan and China. The 1.2-tonne Peregrine spacecraft is one of a clutch of US projects aiming to land in 2024
We'd never have been able to achieve it without that. But the best thing is it's bringing a lot more creative minds, new minds, new thinking to the table, and that will help accelerate the technologies needed to get us back to the Moon and have a more robust presence on the Moon."" Peregrine will aim for the flat volcanic terrain just south of the Gruithuisen hills Nasa's payloads on Peregrine are focused on preparations for the later human presence on the lunar surface.

[2] Stricken Japanese Moon mission landed on its nose - BBC News
It would be regarded as a valuable technology demonstration for future lunar explorations, and the acquired knowledge and experience will be applied in upcoming missions,"" the agency said. The targeted landing site was on the slopes approaching Shioli Crater, which is just south of the Moon's equator
Statistically, it's proved very hard to put down softly on the lunar surface. Only about a half of all attempts have succeeded. Artwork: The hopper, Lev-1, (L) and the rolling, shape-shifting Sora-Q (R) Jaxa put its faith in new precision-navigation technologies.

[3] Japan lands on Moon but glitch threatens mission - BBC News
The targeted landing site was on the slopes approaching Shioli Crater, which is just south of the Moon's equator Jaxa has twice landed robots on asteroids, so this Moon touchdown is another feather in its cap. It will be playing significant roles in the US space agency's (Nasa) Artemis programme, which seeks to put humans back on the lunar surface after a gap of more than half a century. Last year, a private Japanese company, iSpace, had a go at landing.
Statistically, it's proven very hard to land on the Moon. Only about a half of all attempts have succeeded. Jaxa put its faith in new precision-navigation technologies. The lander's onboard computer used rapid image processing and crater mapping to avoid hazards to reach its touchdown point.

[4] European mission approved to detect cosmic ripples - BBC News
Esa's Science Programme Committee (SPC) selected Lisa as a candidate mission in 2017. Since then the agency's technical staff, with support from European industry and academia, have been studying whether the mission is actually feasible. A positive assessment has now allowed Esa delegations to formally ""adopt"" the project. The UK Space Agency has given its support although this has the reservation that a business case still needs to be made to His Majesty's Treasury.
A robot will place the mirrors on the optical benches in exactly the right place with the correct angle Lisa has already been in development for decades, and has gone through various ups and downs, not least with the participation of the Americans. They've been in and out, but are now fully back on board, and will bring important technologies, including the lasers. Esa's Science Programme Committee (SPC) selected Lisa as a candidate mission in 2017.

[5] Climate change: Four new emperor penguin groups found by satellite - BBC News
He uses the EU's twin Sentinel-2 spacecraft. Their repeat imagery has, for example, allowed the BAS scientist to monitor the repeated attempts by emperors to re-establish a colony near Britain's Halley research station. Vanhoeffen: In very high-resolution imagery, it's possible to count individual birds The colony, known as Halley Bay, was once the second largest in all Antarctica, but was wiped out in 2016 when sea-ice conditions suddenly changed.
The four new sites are welcome news, even though they add just a few thousand extra individuals to what's estimated to be an overall population of about 550,000. ""It's good that even as emperors are being affected by changing ice conditions, we're still finding colonies,"" said Dr Peter Fretwell from the British Antarctic Survey (BAS). ""But it's also clear these birds are going to have to be adaptable, to move around to new sites as those ice conditions continue to change, and we're seeing evidence of this,"" he told BBC News. At least one of the newly identified colonies - named Lazarev North - is likely a grouping of birds that had to abandon a nearby site to take up a more favourable home.","The current status of the US Moon mission involving the Peregrine lander indicates that it has been contracted by NASA to carry five scientific instruments aimed at studying the Moon's surface environment in preparation for future human missions. The Peregrine lander is part of a larger effort, with multiple spacecraft expected to attempt lunar landings in 2024, including projects from other countries. The lander is targeting a specific area on the Moon, which is the flat volcanic terrain just south of the Gruithuisen hills, to facilitate these scientific studies.",False,d84d798ddea2e11b|017a1a70d95ffb85|c5b9aec74706a911|5a617f4ad4355df0|8059b8f6d1474ac5,0.6514,0.3029,5,,Science & Environment,business_technology_science
76a2bffc125b8877,M,What is the current status of the US Moon mission with the Peregrine lander?,"[1] Peregrine lander: Vulcan rocket launches US private Moon mission - BBC News
Astrobotic's robotic lander, called Peregrine, has been contracted by Nasa to carry five scientific instruments. These will study the Moon's surface environment ahead of human missions later this decade. Peregrine is part of a stampede of spacecraft that will attempt to put themselves on the lunar surface in 2024 - possibly as many as eight different projects, including from Japan and China. The 1.2-tonne Peregrine spacecraft is one of a clutch of US projects aiming to land in 2024
We'd never have been able to achieve it without that. But the best thing is it's bringing a lot more creative minds, new minds, new thinking to the table, and that will help accelerate the technologies needed to get us back to the Moon and have a more robust presence on the Moon."" Peregrine will aim for the flat volcanic terrain just south of the Gruithuisen hills Nasa's payloads on Peregrine are focused on preparations for the later human presence on the lunar surface.
[IMAGE 1: ""The Peregrine spacecraft leaves Earth, aiming to make the first US soft lunar-landing in 51 years.""]

[2] Stricken Japanese Moon mission landed on its nose - BBC News
It would be regarded as a valuable technology demonstration for future lunar explorations, and the acquired knowledge and experience will be applied in upcoming missions,"" the agency said. The targeted landing site was on the slopes approaching Shioli Crater, which is just south of the Moon's equator
Statistically, it's proved very hard to put down softly on the lunar surface. Only about a half of all attempts have succeeded. Artwork: The hopper, Lev-1, (L) and the rolling, shape-shifting Sora-Q (R) Jaxa put its faith in new precision-navigation technologies.
[IMAGE 2: ""The first image of the Slim spacecraft shows it to be in an awkward position on the lunar surface.""]

[3] Japan lands on Moon but glitch threatens mission - BBC News
The targeted landing site was on the slopes approaching Shioli Crater, which is just south of the Moon's equator Jaxa has twice landed robots on asteroids, so this Moon touchdown is another feather in its cap. It will be playing significant roles in the US space agency's (Nasa) Artemis programme, which seeks to put humans back on the lunar surface after a gap of more than half a century. Last year, a private Japanese company, iSpace, had a go at landing.
Statistically, it's proven very hard to land on the Moon. Only about a half of all attempts have succeeded. Jaxa put its faith in new precision-navigation technologies. The lander's onboard computer used rapid image processing and crater mapping to avoid hazards to reach its touchdown point.
[IMAGE 3: ""It becomes only the fifth country to soft-land on the Moon but power supply problems may hinder its mission.""]

[4] European mission approved to detect cosmic ripples - BBC News
Esa's Science Programme Committee (SPC) selected Lisa as a candidate mission in 2017. Since then the agency's technical staff, with support from European industry and academia, have been studying whether the mission is actually feasible. A positive assessment has now allowed Esa delegations to formally ""adopt"" the project. The UK Space Agency has given its support although this has the reservation that a business case still needs to be made to His Majesty's Treasury.
A robot will place the mirrors on the optical benches in exactly the right place with the correct angle Lisa has already been in development for decades, and has gone through various ups and downs, not least with the participation of the Americans. They've been in and out, but are now fully back on board, and will bring important technologies, including the lasers. Esa's Science Programme Committee (SPC) selected Lisa as a candidate mission in 2017.
[IMAGE 4: ""The Lisa project to detect gravitational waves will be one of the most complex ever space missions.""]

[5] Ingenuity: Damage puts end to ground-breaking Mars helicopter mission - BBC News
Many will mourn the passing of the plucky chopper but its withdrawal from service has probably come at the right time, the BBC's science correspondent Jonathan Amos says. The Perseverance rover is about to undertake some long, fast drives as it seeks to climb up on to the rim of Jezero Crater. If still functional, Ingenuity would, in all likelihood, have struggled to keep up with Perseverance, or at the very least held up the rover's exploration.
""That remarkable helicopter flew higher and farther than we ever imagined and helped Nasa do what we do best - make the impossible, possible."" Ingenuity reached the Red Planet in February 2021 by riding on the belly of the Perseverance rover. It was meant to be on a short technology demonstration to prove flight was possible in the ultra-thin Martian atmosphere. Ingenuity was only expected to fly perhaps four or five times
[IMAGE 5: ""The first vehicle to achieve powered flight on another planet suffers rotor damage three years into tour.""]","The current status of the US Moon mission with the Peregrine lander involves its recent launch aboard a Vulcan rocket, as part of a contract with NASA to carry five scientific instruments. These instruments are intended to study the Moon's surface environment in preparation for future human missions. The Peregrine lander is among several projects aiming for lunar landings in 2024, highlighting a significant increase in lunar exploration efforts, with multiple spacecraft from various countries targeting the Moon's surface. The lander is set to aim for a specific area characterized by flat volcanic terrain, which is crucial for the planned scientific investigations.",False,d84d798ddea2e11b|017a1a70d95ffb85|c5b9aec74706a911|5a617f4ad4355df0|c09001839197a388,0.6514,0.3029,5,,Science & Environment,business_technology_science
76a2bffc125b8877,M_vision,What is the current status of the US Moon mission with the Peregrine lander?,"[1] Peregrine lander: Vulcan rocket launches US private Moon mission - BBC News
Astrobotic's robotic lander, called Peregrine, has been contracted by Nasa to carry five scientific instruments. These will study the Moon's surface environment ahead of human missions later this decade. Peregrine is part of a stampede of spacecraft that will attempt to put themselves on the lunar surface in 2024 - possibly as many as eight different projects, including from Japan and China. The 1.2-tonne Peregrine spacecraft is one of a clutch of US projects aiming to land in 2024
We'd never have been able to achieve it without that. But the best thing is it's bringing a lot more creative minds, new minds, new thinking to the table, and that will help accelerate the technologies needed to get us back to the Moon and have a more robust presence on the Moon."" Peregrine will aim for the flat volcanic terrain just south of the Gruithuisen hills Nasa's payloads on Peregrine are focused on preparations for the later human presence on the lunar surface.
[IMAGE 1: ""The Peregrine spacecraft leaves Earth, aiming to make the first US soft lunar-landing in 51 years.""]

[2] Stricken Japanese Moon mission landed on its nose - BBC News
It would be regarded as a valuable technology demonstration for future lunar explorations, and the acquired knowledge and experience will be applied in upcoming missions,"" the agency said. The targeted landing site was on the slopes approaching Shioli Crater, which is just south of the Moon's equator
Statistically, it's proved very hard to put down softly on the lunar surface. Only about a half of all attempts have succeeded. Artwork: The hopper, Lev-1, (L) and the rolling, shape-shifting Sora-Q (R) Jaxa put its faith in new precision-navigation technologies.
[IMAGE 2: ""The first image of the Slim spacecraft shows it to be in an awkward position on the lunar surface.""]

[3] Japan lands on Moon but glitch threatens mission - BBC News
The targeted landing site was on the slopes approaching Shioli Crater, which is just south of the Moon's equator Jaxa has twice landed robots on asteroids, so this Moon touchdown is another feather in its cap. It will be playing significant roles in the US space agency's (Nasa) Artemis programme, which seeks to put humans back on the lunar surface after a gap of more than half a century. Last year, a private Japanese company, iSpace, had a go at landing.
Statistically, it's proven very hard to land on the Moon. Only about a half of all attempts have succeeded. Jaxa put its faith in new precision-navigation technologies. The lander's onboard computer used rapid image processing and crater mapping to avoid hazards to reach its touchdown point.
[IMAGE 3: ""It becomes only the fifth country to soft-land on the Moon but power supply problems may hinder its mission.""]

[4] European mission approved to detect cosmic ripples - BBC News
Esa's Science Programme Committee (SPC) selected Lisa as a candidate mission in 2017. Since then the agency's technical staff, with support from European industry and academia, have been studying whether the mission is actually feasible. A positive assessment has now allowed Esa delegations to formally ""adopt"" the project. The UK Space Agency has given its support although this has the reservation that a business case still needs to be made to His Majesty's Treasury.
A robot will place the mirrors on the optical benches in exactly the right place with the correct angle Lisa has already been in development for decades, and has gone through various ups and downs, not least with the participation of the Americans. They've been in and out, but are now fully back on board, and will bring important technologies, including the lasers. Esa's Science Programme Committee (SPC) selected Lisa as a candidate mission in 2017.
[IMAGE 4: ""The Lisa project to detect gravitational waves will be one of the most complex ever space missions.""]

[5] Ingenuity: Damage puts end to ground-breaking Mars helicopter mission - BBC News
Many will mourn the passing of the plucky chopper but its withdrawal from service has probably come at the right time, the BBC's science correspondent Jonathan Amos says. The Perseverance rover is about to undertake some long, fast drives as it seeks to climb up on to the rim of Jezero Crater. If still functional, Ingenuity would, in all likelihood, have struggled to keep up with Perseverance, or at the very least held up the rover's exploration.
""That remarkable helicopter flew higher and farther than we ever imagined and helped Nasa do what we do best - make the impossible, possible."" Ingenuity reached the Red Planet in February 2021 by riding on the belly of the Perseverance rover. It was meant to be on a short technology demonstration to prove flight was possible in the ultra-thin Martian atmosphere. Ingenuity was only expected to fly perhaps four or five times
[IMAGE 5: ""The first vehicle to achieve powered flight on another planet suffers rotor damage three years into tour.""]","The current status of the US Moon mission with the Peregrine lander involves its contract with NASA to carry five scientific instruments aimed at studying the Moon's surface environment. This mission is part of a larger effort, with multiple spacecraft planning lunar landings in 2024, including projects from other countries. The Peregrine lander is targeting a specific area on the Moon, focusing on preparations for future human presence. The mission is seen as a significant step in advancing technologies necessary for sustained lunar exploration.",False,d84d798ddea2e11b|017a1a70d95ffb85|c5b9aec74706a911|5a617f4ad4355df0|c09001839197a388,0.6514,0.3029,5,data/images/d84d798ddea2e11b.jpg|data/images/017a1a70d95ffb85.jpg|data/images/c5b9aec74706a911.jpg|data/images/5a617f4ad4355df0.jpg|data/images/c09001839197a388.jpg,Science & Environment,business_technology_science
a18dda71df8865ef,B1,What efforts are being made for aid in Gaza?,"[1] Tough choices for Israel in US's Middle East vision - BBC News
It's not just food, she added. Power stations and wastewater facilities need fuel. Hospitals need supplies and equipment. The number of aid trucks entering Gaza, through circuitous routes from Jordan and elsewhere, are not nearly enough.
The plan was light on details, however, and the assessment is almost certain to be bleak. Blinken acknowledged that the effort won't achieve results ""overnight"". Much of Gaza City has been reduced to rubble, unexploded ordnance is a concern, and public services are limited at best. At least 1.9 million people in Gaza, or 85% of the population, have been displaced according to the UN

[2] Israel Gaza war: Deal reached on aid to Gaza, including to hostages - BBC News
About 85% of Gaza's population has been displaced Israel and Hamas have reached a deal to allow more humanitarian aid into war-ravaged Gaza, Qatari mediators say. They say that under a deal brokered by Qatar and France, medicines will be given to hostages held by Hamas. In return Israel will allow more basic supplies into Gaza.
Under the deal, the humanitarian supplies will leave the Qatari capital, Doha, for Egypt on Wednesday. The aid will then be taken to Gaza, to be delivered to civilians, while medicines are to reach Israeli captives. More than 132 hostages are thought to be still held in Gaza. About 240 people were captured by Hamas in a series of raids in southern Israel on 7 October.

[3] Gaza destruction risks lost generation of children, says UN official - BBC News
""Virtually all infrastructure including water and electricity have been badly damaged, so basic public services in Gaza are not available any more."" Cogat officials have disputed the scale of Gaza's humanitarian crisis and they told me Israel does not target civilians or public infrastructure, unless it is suspected of being used by armed Palestinian groups. They also say they're working daily in collaboration with UN agencies to get more aid into Gaza. With other key institutions like Gaza's parliament and a brand-new courthouse - the Palace of Justice, paid for by Qatar - also destroyed by Israeli forces, there's very little left of Gazan society.
Israel denies accusations of deliberately turning Gaza into a wasteland, but Mr Lazzarini fears the net impact is that people might have no choice but to leave. ""The facts on the ground are indeed pointing in this direction,"" he tells me, clearly anxious that the longer the fighting continues the worse the predicament for more than a million displaced Gazans will become. ""What we have seen is a breakdown in civil order,"" adds Mr Lazzarini. ""Virtually all infrastructure including water and electricity have been badly damaged, so basic public services in Gaza are not available any more.""

[4] Mediators push for Gaza ceasefire deal but gaps remain between Israel and Hamas - BBC News
The UN says the humanitarian situation in Gaza is ""appalling"", with 2.2 million Palestinians living in ""inhumane, squalid conditions"" With more than 25,000 people now killed in Gaza, according to local health officials, and a catastrophic humanitarian situation, international calls for a ceasefire have become much harder for Israel to ignore. Meanwhile, noisy protests and rallies by the families of Israeli hostages ensure their demand to bring home their loved ones has become a priority of domestic politics. They have overwhelming public sympathy.
However, one thing that Israel and its Western allies are unlikely to compromise on is that Hamas leaders must be removed from power in Gaza, to ensure that there can be no repeat of the attacks three months ago, which killed about 1,200 people. Interestingly, there have been unconfirmed media reports this week that as part of a ceasefire and hostage release proposal, Israel had made an offer to allow top Hamas leaders in Gaza to relocate to other countries. Hamas claimed it had rejected such a proposal. The UN says the humanitarian situation in Gaza is ""appalling"", with 2.2 million Palestinians living in ""inhumane, squalid conditions""

[5] UNRWA claims: UK halts aid to UN agency over allegation staff helped Hamas attack - BBC News
Another 250 people were taken hostage. The events triggered Israel's retaliatory attacks on Hamas in Gaza, which have killed more than 26,000 Palestinians, according to the territory's Hamas-run health ministry. The US, Germany and the EU are among some of UNRWA's biggest donors. The agency says it is struggling to get humanitarian aid to many of the estimated 1.7 million people - nearly three-quarters of the population - displaced by 12 weeks of fighting.
The agency says it is struggling to get humanitarian aid to many of the estimated 1.7 million people - nearly three-quarters of the population - displaced by 12 weeks of fighting. A number of UN facilities where Gazans had taken shelter have been hit in Israeli air strikes. On Wednesday, 12 people were killed when a UN shelter was struck in Khan Younis in southern Gaza. Correction 13th February: This article wrongly reported that about 1,300 people had been killed following the 7th October attack by Hamas.","Efforts to provide aid in Gaza are ongoing, but the situation remains dire. A deal brokered by Qatar and France aims to increase humanitarian aid, allowing more basic supplies to enter Gaza while also providing medicines to hostages held by Hamas. However, the UN reports that the humanitarian situation is ""appalling,"" with millions living in squalid conditions and basic public services severely compromised due to extensive damage to infrastructure. Despite these efforts, challenges persist, including the need for more aid trucks and the ongoing conflict, which complicates the delivery of assistance.",False,8b12b93d6a9c81ec|5b35e8b9809839cd|e83342dba7264808|574fa9fd131b258d|8498842f1832b3eb,0.7196,0.3125,5,,Middle East,politics_conflict
a18dda71df8865ef,M,What efforts are being made for aid in Gaza?,"[1] Gaza destruction risks lost generation of children, says UN official - BBC News
""Virtually all infrastructure including water and electricity have been badly damaged, so basic public services in Gaza are not available any more."" Cogat officials have disputed the scale of Gaza's humanitarian crisis and they told me Israel does not target civilians or public infrastructure, unless it is suspected of being used by armed Palestinian groups. They also say they're working daily in collaboration with UN agencies to get more aid into Gaza. With other key institutions like Gaza's parliament and a brand-new courthouse - the Palace of Justice, paid for by Qatar - also destroyed by Israeli forces, there's very little left of Gazan society.
Israel denies accusations of deliberately turning Gaza into a wasteland, but Mr Lazzarini fears the net impact is that people might have no choice but to leave. ""The facts on the ground are indeed pointing in this direction,"" he tells me, clearly anxious that the longer the fighting continues the worse the predicament for more than a million displaced Gazans will become. ""What we have seen is a breakdown in civil order,"" adds Mr Lazzarini. ""Virtually all infrastructure including water and electricity have been badly damaged, so basic public services in Gaza are not available any more.""
[IMAGE 1: ""A senior United Nations official tells the BBC that civilians may have no choice but to leave entirely.""]

[2] Israel Gaza war: Deal reached on aid to Gaza, including to hostages - BBC News
About 85% of Gaza's population has been displaced Israel and Hamas have reached a deal to allow more humanitarian aid into war-ravaged Gaza, Qatari mediators say. They say that under a deal brokered by Qatar and France, medicines will be given to hostages held by Hamas. In return Israel will allow more basic supplies into Gaza.
Under the deal, the humanitarian supplies will leave the Qatari capital, Doha, for Egypt on Wednesday. The aid will then be taken to Gaza, to be delivered to civilians, while medicines are to reach Israeli captives. More than 132 hostages are thought to be still held in Gaza. About 240 people were captured by Hamas in a series of raids in southern Israel on 7 October.
[IMAGE 2: ""Under the deal, brokered by Qatar and France, new aid is to reach both Gaza civilians and Israeli hostages.""]

[3] Palestinians tell of fears for the future as war destroys Gaza - BBC News
Israel says its air and ground operation in Gaza is aimed at destroying Hamas. The majority of Gaza's 2.3 million people are displaced and fight daily to find food, drink and medicine. Mohammed al-Khaldi, a father of two children displaced from Gaza City, told the BBC: ""I lost my home, my shop and my source of income. I am no longer able to provide the simplest requirements of life for my children.
I am no longer able to provide the simplest requirements of life for my children. ""I hold the Israeli occupation responsible for the massive destruction, but I do not absolve Hamas of responsibility for everything that happened,"" he said. Hamas is the Palestinian group which has run Gaza since 2007. Its military wing, the Izzedine al-Qassam Brigades, was thought to have about 30,000 members before the 7 October attack.
[IMAGE 3: ""Palestinians in Gaza scramble to survive Israeli attacks and secure basics as they fear a return to Hamas rule, too.""]

[4] Intense Israeli strikes in south Gaza city as hostages sent medicine - BBC News
The UN says that the war has displaced around 85% of Gaza's 2.3 million people, many of whom have been forced to cram into shelters and are struggling to get basic supplies. In a joint statement, a number of UN special rapporteurs said: ""Currently every single person in Gaza is hungry, a quarter of the population are starving and struggling to find food and drinkable water, and famine is imminent."" Israel's Defence Minister, Yoav Gallant, has said that the intense stage of Israel's military operations against Hamas would ""soon"" wind down in the south of Gaza, including Khan Younis, where it is thought local leaders of the armed group may be hiding. He said that the military had already switched to more targeted action in the north, where it began its ground offensive.
We carried a few blankets and walked for 5km (3.1 miles) to reach the entrance to the city of Rafah, and now we are in the street, not knowing where to go."" On Wednesday the Jordanian army said its military field hospital in Khan Younis had been badly damaged as a result of Israeli shelling in the area. The Jordanian army said it held Israel responsible for a ""flagrant breach of international law"". The UN says that the war has displaced around 85% of Gaza's 2.3 million people, many of whom have been forced to cram into shelters and are struggling to get basic supplies.
[IMAGE 4: ""Khan Younis residents report intense fighting, as Qatar says Hamas will give medicines to hostages.""]

[5] Tough choices for Israel in US's Middle East vision - BBC News
It's not just food, she added. Power stations and wastewater facilities need fuel. Hospitals need supplies and equipment. The number of aid trucks entering Gaza, through circuitous routes from Jordan and elsewhere, are not nearly enough.
The plan was light on details, however, and the assessment is almost certain to be bleak. Blinken acknowledged that the effort won't achieve results ""overnight"". Much of Gaza City has been reduced to rubble, unexploded ordnance is a concern, and public services are limited at best. At least 1.9 million people in Gaza, or 85% of the population, have been displaced according to the UN
[IMAGE 5: ""The US plan sees diplomatic normalisation with Arab neighbours if Israel ends its offensive.""]","Efforts to provide aid in Gaza are ongoing amid a severe humanitarian crisis, with about 85% of the population displaced. A deal brokered by Qatar and France aims to increase humanitarian supplies entering Gaza, including medicines for hostages held by Hamas. However, the situation remains dire, as basic public services like water and electricity have been severely damaged, leaving many struggling to find food and clean water. The UN reports that every person in Gaza is currently hungry, with a significant portion facing starvation, highlighting the urgent need for more aid.",False,e83342dba7264808|5b35e8b9809839cd|2f8b80d899b17246|9df4118168d7d7c3|8b12b93d6a9c81ec,0.7196,0.3125,5,,Middle East,politics_conflict
a18dda71df8865ef,M_vision,What efforts are being made for aid in Gaza?,"[1] Gaza destruction risks lost generation of children, says UN official - BBC News
""Virtually all infrastructure including water and electricity have been badly damaged, so basic public services in Gaza are not available any more."" Cogat officials have disputed the scale of Gaza's humanitarian crisis and they told me Israel does not target civilians or public infrastructure, unless it is suspected of being used by armed Palestinian groups. They also say they're working daily in collaboration with UN agencies to get more aid into Gaza. With other key institutions like Gaza's parliament and a brand-new courthouse - the Palace of Justice, paid for by Qatar - also destroyed by Israeli forces, there's very little left of Gazan society.
Israel denies accusations of deliberately turning Gaza into a wasteland, but Mr Lazzarini fears the net impact is that people might have no choice but to leave. ""The facts on the ground are indeed pointing in this direction,"" he tells me, clearly anxious that the longer the fighting continues the worse the predicament for more than a million displaced Gazans will become. ""What we have seen is a breakdown in civil order,"" adds Mr Lazzarini. ""Virtually all infrastructure including water and electricity have been badly damaged, so basic public services in Gaza are not available any more.""
[IMAGE 1: ""A senior United Nations official tells the BBC that civilians may have no choice but to leave entirely.""]

[2] Israel Gaza war: Deal reached on aid to Gaza, including to hostages - BBC News
About 85% of Gaza's population has been displaced Israel and Hamas have reached a deal to allow more humanitarian aid into war-ravaged Gaza, Qatari mediators say. They say that under a deal brokered by Qatar and France, medicines will be given to hostages held by Hamas. In return Israel will allow more basic supplies into Gaza.
Under the deal, the humanitarian supplies will leave the Qatari capital, Doha, for Egypt on Wednesday. The aid will then be taken to Gaza, to be delivered to civilians, while medicines are to reach Israeli captives. More than 132 hostages are thought to be still held in Gaza. About 240 people were captured by Hamas in a series of raids in southern Israel on 7 October.
[IMAGE 2: ""Under the deal, brokered by Qatar and France, new aid is to reach both Gaza civilians and Israeli hostages.""]

[3] Palestinians tell of fears for the future as war destroys Gaza - BBC News
Israel says its air and ground operation in Gaza is aimed at destroying Hamas. The majority of Gaza's 2.3 million people are displaced and fight daily to find food, drink and medicine. Mohammed al-Khaldi, a father of two children displaced from Gaza City, told the BBC: ""I lost my home, my shop and my source of income. I am no longer able to provide the simplest requirements of life for my children.
I am no longer able to provide the simplest requirements of life for my children. ""I hold the Israeli occupation responsible for the massive destruction, but I do not absolve Hamas of responsibility for everything that happened,"" he said. Hamas is the Palestinian group which has run Gaza since 2007. Its military wing, the Izzedine al-Qassam Brigades, was thought to have about 30,000 members before the 7 October attack.
[IMAGE 3: ""Palestinians in Gaza scramble to survive Israeli attacks and secure basics as they fear a return to Hamas rule, too.""]

[4] Intense Israeli strikes in south Gaza city as hostages sent medicine - BBC News
The UN says that the war has displaced around 85% of Gaza's 2.3 million people, many of whom have been forced to cram into shelters and are struggling to get basic supplies. In a joint statement, a number of UN special rapporteurs said: ""Currently every single person in Gaza is hungry, a quarter of the population are starving and struggling to find food and drinkable water, and famine is imminent."" Israel's Defence Minister, Yoav Gallant, has said that the intense stage of Israel's military operations against Hamas would ""soon"" wind down in the south of Gaza, including Khan Younis, where it is thought local leaders of the armed group may be hiding. He said that the military had already switched to more targeted action in the north, where it began its ground offensive.
We carried a few blankets and walked for 5km (3.1 miles) to reach the entrance to the city of Rafah, and now we are in the street, not knowing where to go."" On Wednesday the Jordanian army said its military field hospital in Khan Younis had been badly damaged as a result of Israeli shelling in the area. The Jordanian army said it held Israel responsible for a ""flagrant breach of international law"". The UN says that the war has displaced around 85% of Gaza's 2.3 million people, many of whom have been forced to cram into shelters and are struggling to get basic supplies.
[IMAGE 4: ""Khan Younis residents report intense fighting, as Qatar says Hamas will give medicines to hostages.""]

[5] Tough choices for Israel in US's Middle East vision - BBC News
It's not just food, she added. Power stations and wastewater facilities need fuel. Hospitals need supplies and equipment. The number of aid trucks entering Gaza, through circuitous routes from Jordan and elsewhere, are not nearly enough.
The plan was light on details, however, and the assessment is almost certain to be bleak. Blinken acknowledged that the effort won't achieve results ""overnight"". Much of Gaza City has been reduced to rubble, unexploded ordnance is a concern, and public services are limited at best. At least 1.9 million people in Gaza, or 85% of the population, have been displaced according to the UN
[IMAGE 5: ""The US plan sees diplomatic normalisation with Arab neighbours if Israel ends its offensive.""]","Efforts to provide aid in Gaza are ongoing amid severe humanitarian challenges. A deal brokered by Qatar and France aims to increase the flow of humanitarian supplies into Gaza, with medicines designated for hostages held by Hamas. Currently, about 85% of Gaza's population is displaced, and many are struggling to access basic necessities like food and clean water. The UN reports that the situation is dire, with widespread hunger and imminent famine affecting the population.",False,e83342dba7264808|5b35e8b9809839cd|2f8b80d899b17246|9df4118168d7d7c3|8b12b93d6a9c81ec,0.7196,0.3125,5,data/images/e83342dba7264808.jpg|data/images/5b35e8b9809839cd.jpg|data/images/2f8b80d899b17246.jpg|data/images/9df4118168d7d7c3.jpg|data/images/8b12b93d6a9c81ec.jpg,Middle East,politics_conflict
9e44023bc293e53a,B1,What changes do northern business groups want for council tax bands?,"[1] More than 40 Tory MPs call for extra council funding - BBC News
""There's no point cutting national taxes just to see everybody's council tax go up by the maximum,"" he said. It is understood council leaders are lobbying the government for an extra £750m to help ease pressure over the next year, although if any additional funding is agreed it is likely to be less than that. Talks have taken place in recent weeks which have been described as ""constructive"" but no final decisions have been taken. If no extra funding is made available for councils, Mr Sunak could find himself facing another Commons rebellion when it comes to a vote on the issue next month.
Mark Wakeling, the charity's chief executive, said: ""It's pretty shocking. We think it's a time that resources need to be increased to the sector, not reduced. ""People are being asked to choose between street lighting or homelessness or paying for car parks."" The council is also looking at stopping funding for all community transport that it is not legally obliged to provide.

[2] ‘Bankrupt’ Birmingham council plans up to 600 job cuts - BBC News
The BBC recently revealed the council had asked the government for permission to raise council tax by up to 10% each year for the next two years. The council is due to set its budget next month. Do you work for the council or use the services? Will these job cuts affect you?
The council owes more than £2.9bn to lenders, placing it ahead of Leeds on £2.2bn and Woking on £1.9bn. However, council bosses said it is no surprise it was top of the list as it was the largest local authority in the country. A spokesperson for the council said: ""We understand that this news will be unsettling, and I want to reassure you that we are here to support you through this process."" The BBC recently revealed the council had asked the government for permission to raise council tax by up to 10% each year for the next two years.

[3] Councils to get extra funding to tackle cash crisis - BBC News
Since 2020, finance bosses at seven councils have issued at least one Section 114 notice - in effect a declaration of bankruptcy - since 2020, with three doing so last year. The notices are an acknowledgment that a local authority cannot balance its books as required by law and lead to a freeze on non-essential spending on services. CCN chairman Councillor Tim Oliver welcomed the additional funding, saying it would ""go some way to easing the pressures councils face, and in particular in addressing the escalating costs in delivering social care and home to school transport"". But, he added, ""service reductions will still be necessary for councils in some areas to balance their books, while the majority of councils will still have little choice but to propose maximum council tax rises"".
He said local authorities would have to ""produce productivity plans setting out how they will improve service performance and reduce wasteful expenditure to ensure every area is making best use of taxpayers' money"". Mr Gove later told reporters the money the government was providing for councils was ""not there for politically correct projects, it is there for frontline services, particularly for children who are in need"". In December, the Department of Levelling Up, Housing and Communities (DLUHC) said the £64bn figure represented an above-inflation increase of 6.5%. But the settlement included council tax increases of up to 5%, meaning residents would pay more for everyday services.

[4] Ards and North Down's 'Buy Nothing New Month' Facebook post criticised - BBC News
""Continuing to support local businesses is really important but that's not mutually exclusive to sustainability. ""Local businesses are driving sustainability so it is absolutely crucial that the council gets it right and does both.""
Ards and North Down Borough Council says the campaign was not designed to undermine traders Irate business leaders have hit out at council's promotion of a scheme encouraging people to buy nothing new in January. A social media post by Ards and North Down Borough Council backed a campaign by environmental charity Keep Northern Ireland Beautiful. It suggested people could join the Buy Nothing New Month campaign to reduce waste and save money.

[5] Wales needs powers to set new tax rates, says Plaid Cymru - BBC News
Neither that, nor powers over tax bands, can be implemented without help from a larger party in Westminster. Currently the Welsh government can only vary the rates the UK government sets. That is unlike the the Scottish government, which has used powers to create new tax bands to adjust how much people pay according to how much they earn. Speaking at a news conference on Tuesday, Mr ap Iorwerth said: ""What I'm saying is that we need to be able to target the people who can pay more, and to do so in a fair way, people who are on higher wages.""
""Creating a fair society should be an ambition for all of us, collectively,"" he said. ""We shouldn't rest until we can look around our communities and see that no-one is being left behind."" Andrew RT Davies, Welsh Conservative Senedd leader, said: ""Plaid Cymru has borrowed the Scottish nationalist playbook on taxation, and the outcome will be higher taxes for the poorest in Wales. ""As we have seen in Scotland, people on higher wages will consider leaving if tax rates aren't competitive with other parts of the UK, and the outcome will be a higher tax burden on the lowest earners.""","Northern business groups are advocating for changes to council tax bands, emphasizing the need for more equitable taxation that targets higher earners. They argue that the current system does not allow for sufficient differentiation in tax rates based on income, which could help alleviate financial pressures on local councils. The Welsh government has expressed a desire for greater powers to set new tax rates and bands, similar to those in Scotland, to ensure that those who can afford to pay more contribute fairly. This push for reform is part of a broader discussion on how to create a fairer society while addressing the financial challenges faced by local authorities.",False,8bd697c5e72a9a83|7389ec150b0b51fb|ec188e392d7d2811|8fee2bae9ad245a9|fd184f9617755b56,0.5646,0.2713,5,,UK Politics,politics_conflict
9e44023bc293e53a,M,What changes do northern business groups want for council tax bands?,"[1] More than 40 Tory MPs call for extra council funding - BBC News
""There's no point cutting national taxes just to see everybody's council tax go up by the maximum,"" he said. It is understood council leaders are lobbying the government for an extra £750m to help ease pressure over the next year, although if any additional funding is agreed it is likely to be less than that. Talks have taken place in recent weeks which have been described as ""constructive"" but no final decisions have been taken. If no extra funding is made available for councils, Mr Sunak could find himself facing another Commons rebellion when it comes to a vote on the issue next month.
Mark Wakeling, the charity's chief executive, said: ""It's pretty shocking. We think it's a time that resources need to be increased to the sector, not reduced. ""People are being asked to choose between street lighting or homelessness or paying for car parks."" The council is also looking at stopping funding for all community transport that it is not legally obliged to provide.
[IMAGE 1: ""In a letter to the PM, the group warns of cuts to services without extra money for English councils.""]

[2] ‘Bankrupt’ Birmingham council plans up to 600 job cuts - BBC News
The BBC recently revealed the council had asked the government for permission to raise council tax by up to 10% each year for the next two years. The council is due to set its budget next month. Do you work for the council or use the services? Will these job cuts affect you?
The council owes more than £2.9bn to lenders, placing it ahead of Leeds on £2.2bn and Woking on £1.9bn. However, council bosses said it is no surprise it was top of the list as it was the largest local authority in the country. A spokesperson for the council said: ""We understand that this news will be unsettling, and I want to reassure you that we are here to support you through this process."" The BBC recently revealed the council had asked the government for permission to raise council tax by up to 10% each year for the next two years.
[IMAGE 2: ""Birmingham City Council is struggling to cope with a huge debt of more than £2.9bn.""]

[3] Councils to get extra funding to tackle cash crisis - BBC News
Since 2020, finance bosses at seven councils have issued at least one Section 114 notice - in effect a declaration of bankruptcy - since 2020, with three doing so last year. The notices are an acknowledgment that a local authority cannot balance its books as required by law and lead to a freeze on non-essential spending on services. CCN chairman Councillor Tim Oliver welcomed the additional funding, saying it would ""go some way to easing the pressures councils face, and in particular in addressing the escalating costs in delivering social care and home to school transport"". But, he added, ""service reductions will still be necessary for councils in some areas to balance their books, while the majority of councils will still have little choice but to propose maximum council tax rises"".
He said local authorities would have to ""produce productivity plans setting out how they will improve service performance and reduce wasteful expenditure to ensure every area is making best use of taxpayers' money"". Mr Gove later told reporters the money the government was providing for councils was ""not there for politically correct projects, it is there for frontline services, particularly for children who are in need"". In December, the Department of Levelling Up, Housing and Communities (DLUHC) said the £64bn figure represented an above-inflation increase of 6.5%. But the settlement included council tax increases of up to 5%, meaning residents would pay more for everyday services.
[IMAGE 3: ""Local authorities in England will share an additional £500m to help pay for child and adult social care.""]

[4] Wales needs powers to set new tax rates, says Plaid Cymru - BBC News
Neither that, nor powers over tax bands, can be implemented without help from a larger party in Westminster. Currently the Welsh government can only vary the rates the UK government sets. That is unlike the the Scottish government, which has used powers to create new tax bands to adjust how much people pay according to how much they earn. Speaking at a news conference on Tuesday, Mr ap Iorwerth said: ""What I'm saying is that we need to be able to target the people who can pay more, and to do so in a fair way, people who are on higher wages.""
""Creating a fair society should be an ambition for all of us, collectively,"" he said. ""We shouldn't rest until we can look around our communities and see that no-one is being left behind."" Andrew RT Davies, Welsh Conservative Senedd leader, said: ""Plaid Cymru has borrowed the Scottish nationalist playbook on taxation, and the outcome will be higher taxes for the poorest in Wales. ""As we have seen in Scotland, people on higher wages will consider leaving if tax rates aren't competitive with other parts of the UK, and the outcome will be a higher tax burden on the lowest earners.""
[IMAGE 4: ""Leader Rhun ap Iorwerth says those who earn more should pay more income tax.""]

[5] Port Talbot: Tata Steel would have left UK without aid - Welsh secretary - BBC News
""We will begin discussions with our trade union partners and we will work hard to carry out any changes in a responsible manner,"" it added. The UK government said it would ensure a ""broad range of support for any staff who are affected by the transition, working with the Welsh government and Tata Steel to establish a dedicated transition board to support both affected employees and the local economy with up to £100m funding"".
The UK government said it would ensure a ""broad range of support for any staff who are affected by the transition"" On Friday, Tata Steel managing director T.V. Narendran told BBC Wales Today that the Port Talbot plant was ""bleeding"" up to £1.5m a day and some assets were coming to the end of their life which the business was ""not able to support"". ""We were reaching a point where we had to make a call and I think we've been public about that. ""We said that, a few months back, that we probably have a year left to decide one way or the other.
[IMAGE 5: ""A £500m UK government pledge saved Port Talbot's steelworks from closure, Welsh secretary says.""]","Northern business groups are advocating for changes to council tax bands to create a fairer taxation system. They argue that the current system does not allow for targeted adjustments based on income levels, which could help alleviate financial pressures on lower-income residents. This call for reform aligns with discussions in Wales, where there is a push for the government to have the power to set new tax rates and bands, similar to the system in Scotland. The aim is to ensure that those who can afford to pay more contribute fairly, thereby supporting community services without overburdening lower earners.",False,8bd697c5e72a9a83|7389ec150b0b51fb|ec188e392d7d2811|fd184f9617755b56|b03552d45e0f95d9,0.5646,0.2713,5,,UK Politics,politics_conflict
9e44023bc293e53a,M_vision,What changes do northern business groups want for council tax bands?,"[1] More than 40 Tory MPs call for extra council funding - BBC News
""There's no point cutting national taxes just to see everybody's council tax go up by the maximum,"" he said. It is understood council leaders are lobbying the government for an extra £750m to help ease pressure over the next year, although if any additional funding is agreed it is likely to be less than that. Talks have taken place in recent weeks which have been described as ""constructive"" but no final decisions have been taken. If no extra funding is made available for councils, Mr Sunak could find himself facing another Commons rebellion when it comes to a vote on the issue next month.
Mark Wakeling, the charity's chief executive, said: ""It's pretty shocking. We think it's a time that resources need to be increased to the sector, not reduced. ""People are being asked to choose between street lighting or homelessness or paying for car parks."" The council is also looking at stopping funding for all community transport that it is not legally obliged to provide.
[IMAGE 1: ""In a letter to the PM, the group warns of cuts to services without extra money for English councils.""]

[2] ‘Bankrupt’ Birmingham council plans up to 600 job cuts - BBC News
The BBC recently revealed the council had asked the government for permission to raise council tax by up to 10% each year for the next two years. The council is due to set its budget next month. Do you work for the council or use the services? Will these job cuts affect you?
The council owes more than £2.9bn to lenders, placing it ahead of Leeds on £2.2bn and Woking on £1.9bn. However, council bosses said it is no surprise it was top of the list as it was the largest local authority in the country. A spokesperson for the council said: ""We understand that this news will be unsettling, and I want to reassure you that we are here to support you through this process."" The BBC recently revealed the council had asked the government for permission to raise council tax by up to 10% each year for the next two years.
[IMAGE 2: ""Birmingham City Council is struggling to cope with a huge debt of more than £2.9bn.""]

[3] Councils to get extra funding to tackle cash crisis - BBC News
Since 2020, finance bosses at seven councils have issued at least one Section 114 notice - in effect a declaration of bankruptcy - since 2020, with three doing so last year. The notices are an acknowledgment that a local authority cannot balance its books as required by law and lead to a freeze on non-essential spending on services. CCN chairman Councillor Tim Oliver welcomed the additional funding, saying it would ""go some way to easing the pressures councils face, and in particular in addressing the escalating costs in delivering social care and home to school transport"". But, he added, ""service reductions will still be necessary for councils in some areas to balance their books, while the majority of councils will still have little choice but to propose maximum council tax rises"".
He said local authorities would have to ""produce productivity plans setting out how they will improve service performance and reduce wasteful expenditure to ensure every area is making best use of taxpayers' money"". Mr Gove later told reporters the money the government was providing for councils was ""not there for politically correct projects, it is there for frontline services, particularly for children who are in need"". In December, the Department of Levelling Up, Housing and Communities (DLUHC) said the £64bn figure represented an above-inflation increase of 6.5%. But the settlement included council tax increases of up to 5%, meaning residents would pay more for everyday services.
[IMAGE 3: ""Local authorities in England will share an additional £500m to help pay for child and adult social care.""]

[4] Wales needs powers to set new tax rates, says Plaid Cymru - BBC News
Neither that, nor powers over tax bands, can be implemented without help from a larger party in Westminster. Currently the Welsh government can only vary the rates the UK government sets. That is unlike the the Scottish government, which has used powers to create new tax bands to adjust how much people pay according to how much they earn. Speaking at a news conference on Tuesday, Mr ap Iorwerth said: ""What I'm saying is that we need to be able to target the people who can pay more, and to do so in a fair way, people who are on higher wages.""
""Creating a fair society should be an ambition for all of us, collectively,"" he said. ""We shouldn't rest until we can look around our communities and see that no-one is being left behind."" Andrew RT Davies, Welsh Conservative Senedd leader, said: ""Plaid Cymru has borrowed the Scottish nationalist playbook on taxation, and the outcome will be higher taxes for the poorest in Wales. ""As we have seen in Scotland, people on higher wages will consider leaving if tax rates aren't competitive with other parts of the UK, and the outcome will be a higher tax burden on the lowest earners.""
[IMAGE 4: ""Leader Rhun ap Iorwerth says those who earn more should pay more income tax.""]

[5] Port Talbot: Tata Steel would have left UK without aid - Welsh secretary - BBC News
""We will begin discussions with our trade union partners and we will work hard to carry out any changes in a responsible manner,"" it added. The UK government said it would ensure a ""broad range of support for any staff who are affected by the transition, working with the Welsh government and Tata Steel to establish a dedicated transition board to support both affected employees and the local economy with up to £100m funding"".
The UK government said it would ensure a ""broad range of support for any staff who are affected by the transition"" On Friday, Tata Steel managing director T.V. Narendran told BBC Wales Today that the Port Talbot plant was ""bleeding"" up to £1.5m a day and some assets were coming to the end of their life which the business was ""not able to support"". ""We were reaching a point where we had to make a call and I think we've been public about that. ""We said that, a few months back, that we probably have a year left to decide one way or the other.
[IMAGE 5: ""A £500m UK government pledge saved Port Talbot's steelworks from closure, Welsh secretary says.""]","Northern business groups are advocating for changes to council tax bands to create a fairer taxation system. They argue that the current system does not allow for targeted adjustments based on income levels, which could help alleviate financial pressures on lower-income residents. In contrast, the Welsh government is seeking powers to set new tax rates and bands, similar to those in Scotland, to ensure that higher earners contribute more, thereby promoting equity in taxation. This push reflects a broader concern about the financial sustainability of local councils and the need for adequate funding to maintain essential services.",False,8bd697c5e72a9a83|7389ec150b0b51fb|ec188e392d7d2811|fd184f9617755b56|b03552d45e0f95d9,0.5646,0.2713,5,data/images/8bd697c5e72a9a83.jpg|data/images/7389ec150b0b51fb.jpg|data/images/ec188e392d7d2811.jpg|data/images/fd184f9617755b56.jpg|data/images/b03552d45e0f95d9.jpg,UK Politics,politics_conflict
935f5da232d9692b,B1,What plans did an Israeli minister outline for Gaza after the war?,"[1] Israel-Gaza war: The huge challenges facing Israel's 'day after' plan - BBC News
The plan proposes that Israel, Egypt and the US would work to secure the porous border between Egypt and Gaza But writing for the British think tank Chatham House, Dr Sanam Vakil and Dr Neil Quilliam urge Arab governments not to wait. ""Without serious regional planning and investment in Gaza,"" they write, ""a potential outcome that could materialize is lawlessness and a Palestinian political vacuum alongside the grim reality of famine, disease and death."" And what of that ""Palestinian political vacuum""?
It's when the plan touches on what it calls ""the four corners of the civilian square"" that things get a little blurry. Israel's rigid control over the entry of goods into the Gaza Strip - a fact of life for the past two decades - would continue. Prime Minister Benjamin Netanyahu has not publicly commented on the plan Israel, Egypt and the United States would work together on ways to secure the porous border between Egypt and Gaza - something that would involve solving the problem of tunnels once and for all.

[2] Antony Blinken: On the US mission to stop Gaza igniting wider war - BBC News
""I'll have an opportunity to share with Israeli leaders everything I've heard thus far on this trip,"" he said on Monday. ""I'm convinced that there is a future path that can actually bring lasting peace and security for Israel."" Behind all this is an American gamble - that resolving, or at least winding down, the Gaza War will cool tensions throughout the region. It is a bet that the various mini-crises - in the Red Sea, in Lebanon, and in Iraq and Syria - have not taken on a momentum of their own.
When viewed as a whole, it suggests a Middle East teetering on the brink of wider war. In Qatar on Sunday, Mr Blinken said the US has a plan to address the growing instability - and it hinges on winding down the Israeli military campaign in Gaza and working with Arab nations and the Israelis to establish a ""durable"" peace for the Palestinians. ""The United States has a vision for how to get there, a regional approach that delivers lasting security for Israel and a state for the Palestinian people,"" he said. ""And my takeaway from the discussions so far ...

[3] ICJ says Israel must prevent genocide in Gaza - BBC News
A spokesman for Hamas, the Palestinian group whose unprecedented attack on Israel on 7 October triggered the war, called the outcome ""important"", saying it contributed to ""isolating Israel"", Reuters news agency reported. The ICJ ordered Israel to take a series of measures against potentially genocidal acts against Palestinians in Gaza. These include measures not only on the battlefield but also against public incitement to genocide. It also ordered Israel to take ""immediate and effective measures"" to enable the provision of aid to people in Gaza.
Israel is not expected to commit itself to the orders. More than 26,000 Palestinians - mostly women and children - have been killed in Gaza by Israel's bombardment since 7 October, Gaza's Hamas-run health ministry says. Israel launched its offensive after waves of Hamas gunmen burst through the border early that day, killing about 1,200 people - mainly civilians - and taking about 250 others back to Gaza as hostages. Correction 13th February: This article wrongly reported that about 1,300 people had been killed following the 7th October attack by Hamas.

[4] Israel reined in by ICJ rulings on Gaza - but will it obey? - BBC News
By large majorities the court's 17 judges ruled that Israel should do everything in its power to avoid killing Palestinians, causing them serious bodily or mental harm, creating intolerable living conditions in Gaza, or deliberately preventing Palestinian births. It also said Israel should do more to ""prevent and punish"" public incitement to genocide, citing examples by Israel's president and defence minister. And there was a call for ""immediate and effective measures"" to address the humanitarian catastrophe in Gaza. Not a call for a ceasefire, then, but a series of demands that, if implemented, would drastically change the nature of Israel's military campaign in Gaza.
Not a call for a ceasefire, then, but a series of demands that, if implemented, would drastically change the nature of Israel's military campaign in Gaza. Israel vehemently rejects the allegation of genocide, arguing that it is Hamas that's responsible for putting Palestinian civilians in harm's way. It says Hamas operates inside and underneath Gaza's densely populated towns and refugee camps, making it virtually impossible for Israel to avoid killing civilians. And it says that it has gone to great lengths to warn civilians to avoid danger.

[5] Tough choices for Israel in US's Middle East vision - BBC News
The US secretary has acknowledged that adopting the American proposal would require some hard choices on the part of the Israelis, but he insisted that the promise of a durable regional peace was worth the effort. ""The other path,"" Blinken said, ""is to continue to see the terrorism, the nihilism, the destruction by Hamas, by the Houthis, by Hezbollah, all backed by Iran."" A senior US State Department official, speaking on background, was even more blunt - Israel ultimately doesn't have a choice. At some point, the official told me, Prime Minister Benjamin Netanyahu and the Israelis would have to face the reality that if they don't make concessions to their Arab neighbours, they will be left dealing with the chaos and devastation they created in Gaza on their own.
The plan was light on details, however, and the assessment is almost certain to be bleak. Blinken acknowledged that the effort won't achieve results ""overnight"". Much of Gaza City has been reduced to rubble, unexploded ordnance is a concern, and public services are limited at best. At least 1.9 million people in Gaza, or 85% of the population, have been displaced according to the UN","The coverage outlines a plan involving Israel, Egypt, and the US to secure the border between Egypt and Gaza, emphasizing the need for regional planning and investment to avoid a potential political vacuum and humanitarian crisis in Gaza. The plan suggests that Israel's control over the entry of goods into Gaza will persist, and there are calls for measures to prevent harm to Palestinians and improve humanitarian conditions. Additionally, the US is advocating for a durable peace that requires Israel to make difficult choices and concessions to its Arab neighbors, as the current situation in Gaza is dire, with significant destruction and displacement of the population.",False,2d9da22c87b7538f|cb054f0554c85c6f|98533e5f19fc4203|d133f3fd427b14ac|8b12b93d6a9c81ec,0.6762,0.2649,5,,Middle East,politics_conflict
935f5da232d9692b,M,What plans did an Israeli minister outline for Gaza after the war?,"[1] Israel reined in by ICJ rulings on Gaza - but will it obey? - BBC News
By large majorities the court's 17 judges ruled that Israel should do everything in its power to avoid killing Palestinians, causing them serious bodily or mental harm, creating intolerable living conditions in Gaza, or deliberately preventing Palestinian births. It also said Israel should do more to ""prevent and punish"" public incitement to genocide, citing examples by Israel's president and defence minister. And there was a call for ""immediate and effective measures"" to address the humanitarian catastrophe in Gaza. Not a call for a ceasefire, then, but a series of demands that, if implemented, would drastically change the nature of Israel's military campaign in Gaza.
Not a call for a ceasefire, then, but a series of demands that, if implemented, would drastically change the nature of Israel's military campaign in Gaza. Israel vehemently rejects the allegation of genocide, arguing that it is Hamas that's responsible for putting Palestinian civilians in harm's way. It says Hamas operates inside and underneath Gaza's densely populated towns and refugee camps, making it virtually impossible for Israel to avoid killing civilians. And it says that it has gone to great lengths to warn civilians to avoid danger.
[IMAGE 1: ""The demands, if implemented, would drastically change the nature of Israel's Gaza campaign.""]

[2] Israel says war in Gaza expected to continue throughout 2024 - BBC News
""As the (army) chief of staff has said, the war will continue for many more months."" Israel's far-right Finance Minister Bezalel Smotrich called for Palestinians to leave Gaza and make way for Israelis who could ""make the desert bloom"". The official line from the Israeli government is that Gazans will eventually be able to return to their homes, though it has yet to outline how or when this will be possible. Air raid sirens sounded in Tel Aviv and southern Israel as it saw in the new year, with Israeli missile defence systems intercepting rockets fired from Gaza, AFP reported.
More than 21,800 people have been killed in Gaza - mostly children and women The Israeli military has said it expects the conflict in Gaza to continue throughout 2024. In a new year's message, the Israel Defense Forces (IDF) spokesman said troop deployments were being adjusted to prepare for ""prolonged fighting"". Daniel Hagari said some troops - especially reservists - would be withdrawn to allow them to regroup.
[IMAGE 2: ""In a new year message, Israel's military says it expects fighting in Gaza for the rest of the year.""]

[3] Palestinian envoy Husam Zomlot says UK guilty of hypocrisy - BBC News
The envoy accused Israel of an ""unprecedented manmade humanitarian disaster"" in Gaza, and called on the international community to demand a ceasefire. ""Nothing comes before an immediate ceasefire,"" he said. ""This remains our top, top priority."" About 24,000 people have been killed in Israel's bombardment of Gaza - most of them women and children - since 7 October, according to Gaza's Hamas-run health ministry.
The move followed the announcement of a similar plan by the US. ""[This is] welcomed,"" said Mr Zomlot. ""In my opinion that was a very significant moment - not because of the policy itself but because this is the first time in 75 years the UK takes any step that has to do with sanctions [on Israel]."" There has been a reported rise in violence by settlers in recent months, especially since the mass Hamas attacks on Israel on 7 October and the Israeli military campaign in Gaza which followed.
[IMAGE 3: ""Husam Zomlot says the UK's policies towards Israel have caused it ""reputational damage"".""]

[4] Gaza destruction risks lost generation of children, says UN official - BBC News
With other key institutions like Gaza's parliament and a brand-new courthouse - the Palace of Justice, paid for by Qatar - also destroyed by Israeli forces, there's very little left of Gazan society. Israel's prime minister insists his military campaign in Gaza will continue until ""total victory"" and Hamas is no longer a threat to Israel. Official Israeli government policy is that ultimately no Israelis will remain in Gaza, but what will be left of the territory on the day when the war, eventually, ends?
He was studying in the UN school. Nothing is left of it."" Like any society, Gaza's future is its children. But here, they're disproportionately victims of war and, says the UN, may lose out completely on what should be rightfully theirs
[IMAGE 4: ""A senior United Nations official tells the BBC that civilians may have no choice but to leave entirely.""]

[5] Israel-Gaza war: The huge challenges facing Israel's 'day after' plan - BBC News
The plan proposes that Israel, Egypt and the US would work to secure the porous border between Egypt and Gaza But writing for the British think tank Chatham House, Dr Sanam Vakil and Dr Neil Quilliam urge Arab governments not to wait. ""Without serious regional planning and investment in Gaza,"" they write, ""a potential outcome that could materialize is lawlessness and a Palestinian political vacuum alongside the grim reality of famine, disease and death."" And what of that ""Palestinian political vacuum""?
It's when the plan touches on what it calls ""the four corners of the civilian square"" that things get a little blurry. Israel's rigid control over the entry of goods into the Gaza Strip - a fact of life for the past two decades - would continue. Prime Minister Benjamin Netanyahu has not publicly commented on the plan Israel, Egypt and the United States would work together on ways to secure the porous border between Egypt and Gaza - something that would involve solving the problem of tunnels once and for all.
[IMAGE 5: ""Paul Adams examines the Gaza proposal - which is little more than a series of bullet points.""]","An Israeli minister outlined plans for Gaza that involve collaboration between Israel, Egypt, and the United States to secure the border between Egypt and Gaza. The proposal emphasizes the need for regional planning and investment to prevent lawlessness and a political vacuum in Gaza, while also addressing humanitarian concerns. However, it is noted that Israel's strict control over the entry of goods into Gaza will persist, and the specifics of how and when Gazans might return to their homes remain unclear. The Israeli government maintains that no Israelis will remain in Gaza after the conflict, but the future of the territory post-war is uncertain.",False,d133f3fd427b14ac|2f46d15a85d64531|33e75d4920026ce2|e83342dba7264808|2d9da22c87b7538f,0.6762,0.3069,5,,Middle East,politics_conflict
935f5da232d9692b,M_vision,What plans did an Israeli minister outline for Gaza after the war?,"[1] Israel reined in by ICJ rulings on Gaza - but will it obey? - BBC News
By large majorities the court's 17 judges ruled that Israel should do everything in its power to avoid killing Palestinians, causing them serious bodily or mental harm, creating intolerable living conditions in Gaza, or deliberately preventing Palestinian births. It also said Israel should do more to ""prevent and punish"" public incitement to genocide, citing examples by Israel's president and defence minister. And there was a call for ""immediate and effective measures"" to address the humanitarian catastrophe in Gaza. Not a call for a ceasefire, then, but a series of demands that, if implemented, would drastically change the nature of Israel's military campaign in Gaza.
Not a call for a ceasefire, then, but a series of demands that, if implemented, would drastically change the nature of Israel's military campaign in Gaza. Israel vehemently rejects the allegation of genocide, arguing that it is Hamas that's responsible for putting Palestinian civilians in harm's way. It says Hamas operates inside and underneath Gaza's densely populated towns and refugee camps, making it virtually impossible for Israel to avoid killing civilians. And it says that it has gone to great lengths to warn civilians to avoid danger.
[IMAGE 1: ""The demands, if implemented, would drastically change the nature of Israel's Gaza campaign.""]

[2] Israel says war in Gaza expected to continue throughout 2024 - BBC News
""As the (army) chief of staff has said, the war will continue for many more months."" Israel's far-right Finance Minister Bezalel Smotrich called for Palestinians to leave Gaza and make way for Israelis who could ""make the desert bloom"". The official line from the Israeli government is that Gazans will eventually be able to return to their homes, though it has yet to outline how or when this will be possible. Air raid sirens sounded in Tel Aviv and southern Israel as it saw in the new year, with Israeli missile defence systems intercepting rockets fired from Gaza, AFP reported.
More than 21,800 people have been killed in Gaza - mostly children and women The Israeli military has said it expects the conflict in Gaza to continue throughout 2024. In a new year's message, the Israel Defense Forces (IDF) spokesman said troop deployments were being adjusted to prepare for ""prolonged fighting"". Daniel Hagari said some troops - especially reservists - would be withdrawn to allow them to regroup.
[IMAGE 2: ""In a new year message, Israel's military says it expects fighting in Gaza for the rest of the year.""]

[3] Palestinian envoy Husam Zomlot says UK guilty of hypocrisy - BBC News
The envoy accused Israel of an ""unprecedented manmade humanitarian disaster"" in Gaza, and called on the international community to demand a ceasefire. ""Nothing comes before an immediate ceasefire,"" he said. ""This remains our top, top priority."" About 24,000 people have been killed in Israel's bombardment of Gaza - most of them women and children - since 7 October, according to Gaza's Hamas-run health ministry.
The move followed the announcement of a similar plan by the US. ""[This is] welcomed,"" said Mr Zomlot. ""In my opinion that was a very significant moment - not because of the policy itself but because this is the first time in 75 years the UK takes any step that has to do with sanctions [on Israel]."" There has been a reported rise in violence by settlers in recent months, especially since the mass Hamas attacks on Israel on 7 October and the Israeli military campaign in Gaza which followed.
[IMAGE 3: ""Husam Zomlot says the UK's policies towards Israel have caused it ""reputational damage"".""]

[4] Gaza destruction risks lost generation of children, says UN official - BBC News
With other key institutions like Gaza's parliament and a brand-new courthouse - the Palace of Justice, paid for by Qatar - also destroyed by Israeli forces, there's very little left of Gazan society. Israel's prime minister insists his military campaign in Gaza will continue until ""total victory"" and Hamas is no longer a threat to Israel. Official Israeli government policy is that ultimately no Israelis will remain in Gaza, but what will be left of the territory on the day when the war, eventually, ends?
He was studying in the UN school. Nothing is left of it."" Like any society, Gaza's future is its children. But here, they're disproportionately victims of war and, says the UN, may lose out completely on what should be rightfully theirs
[IMAGE 4: ""A senior United Nations official tells the BBC that civilians may have no choice but to leave entirely.""]

[5] Israel-Gaza war: The huge challenges facing Israel's 'day after' plan - BBC News
The plan proposes that Israel, Egypt and the US would work to secure the porous border between Egypt and Gaza But writing for the British think tank Chatham House, Dr Sanam Vakil and Dr Neil Quilliam urge Arab governments not to wait. ""Without serious regional planning and investment in Gaza,"" they write, ""a potential outcome that could materialize is lawlessness and a Palestinian political vacuum alongside the grim reality of famine, disease and death."" And what of that ""Palestinian political vacuum""?
It's when the plan touches on what it calls ""the four corners of the civilian square"" that things get a little blurry. Israel's rigid control over the entry of goods into the Gaza Strip - a fact of life for the past two decades - would continue. Prime Minister Benjamin Netanyahu has not publicly commented on the plan Israel, Egypt and the United States would work together on ways to secure the porous border between Egypt and Gaza - something that would involve solving the problem of tunnels once and for all.
[IMAGE 5: ""Paul Adams examines the Gaza proposal - which is little more than a series of bullet points.""]","The coverage indicates that Israel's plans for Gaza after the war involve a continued military campaign until Hamas is no longer a threat, with no Israelis expected to remain in Gaza. There is mention of a collaborative plan involving Israel, Egypt, and the U.S. to secure the border with Egypt, but details remain vague, particularly regarding the humanitarian situation and the future governance of Gaza. The ongoing destruction has led to significant humanitarian concerns, with warnings about potential lawlessness and a political vacuum if regional planning and investment do not occur.",False,d133f3fd427b14ac|2f46d15a85d64531|33e75d4920026ce2|e83342dba7264808|2d9da22c87b7538f,0.6762,0.3069,5,data/images/d133f3fd427b14ac.jpg|data/images/2f46d15a85d64531.jpg|data/images/33e75d4920026ce2.jpg|data/images/e83342dba7264808.jpg|data/images/2d9da22c87b7538f.jpg,Middle East,politics_conflict
6db4924d15b74dad,B1,What significant event occurred 100 days after Hamas attacked Israel?,"[1] Israel: Woman killed, 17 hurt in suspected Palestinian car-ramming attack - BBC News
It is unclear how the attackers were stopped and arrested. Police say both suspects came from the West Bank city of Hebron and that they had both entered Israel illegally. There have been few reports of attacks in Israel since the war began on 7 October and Monday's incident will further increase the sense of anxiety among Israelis. The country is still in a state of shock after waves of Hamas gunmen burst through the border from Gaza and attacked Israeli communities, killing at least 1,200 people - mainly civilians - and taking about 240 others hostage 101 days ago.
Israel says 9,000 of those killed in Gaza were Hamas combatants. It has vowed to destroy the group and free the remaining hostages. Correction 13th February: This article wrongly reported that about 1,300 people had been killed following the 7th October attack by Hamas. This was based on counting those who later died from their injuries in addition to the figure of more than 1,200.

[2] More than 25,000 now killed in Gaza since Israel offensive began, Hamas-run health ministry says - BBC News
The White House has said the US and Israel ""clearly see things differently"" when it comes to a two-state solution. Israel began its offensive following the 7 October attack in which Hamas fighters killed about 1,200 people in southern Israel and took more than 240 hostage. In its first public account of the October assault, published on Sunday, Hamas described it as a ""necessary step"" against the Israeli occupation of the Palestinian territories and a way to secure the release of Palestinian prisoners. Israel's air and ground operation is currently focusing on southern Gaza, where the military are convinced top Hamas commanders are holed up in, or beneath, the city of Khan Younis.
US intelligence agencies reportedly estimate that the Israeli military has killed 20-30% of Hamas fighters, which falls far short of Mr Netanyahu's stated aim of ""completely destroying"" the armed group. The classified report is also said to have found that Hamas still has enough munitions to continue striking Israel and Israeli forces for months, raising the spectre of a prolonged war in which Israel could get bogged down. The apparent slow progress, the fact no top Hamas commander has yet been captured or killed, and the collective trauma over the 130 or so Israeli hostages still missing, is prompting growing anti-government anger in Israel. Protests are continuing by relatives of those still held by Hamas, calling for Mr Netanyahu to prioritise their release over the potentially impossible aim of destroying Hamas.

[3] Israel-Gaza war: The huge challenges facing Israel's 'day after' plan - BBC News
When Hamas attacked Israel, almost exactly three months ago, Israel was unprepared. It didn't see the attack coming, struggled to contain it at first and then launched a full-scale invasion of the Gaza Strip with only the bare bones of a plan: to destroy Hamas. Beyond that, there was a yawning vacuum. But that's beginning to change.
But for the hardliners, rebuilding Gaza and allowing the Palestinians to stay is merely storing up trouble. ""We will go back to October the 7th, maybe in two years, five years, 10 years,"" says Ohad Tal, an MP from the hardline Religious Zionist Party. ""Allowing money from the world to flood into Gaza to rebuild the houses basically means they will take all the money and as before, instead of building Gaza into a Singapore, they made it into the biggest terror nest in the world."" The widely reported bust up in Thursday night's cabinet meeting, over the separate but related matter of when and how the Israeli military should examine the circumstances surrounding the 7 October attacks, was a powerful demonstration of the sharp divisions within Mr Netanyahu's government.

[4] Kerem Shalom crossing: Israeli protesters hold up aid trucks to Gaza - BBC News
Meanwhile, heavy fighting has continued in Gaza. Israeli military officials say warplanes have carried out dozens of raids on several Hamas targets around Khan Younis during the night. The Hamas-run health ministry says Israeli attacks in the past 24 hours have killed 183 people and injured nearly 400 others. Israel launched its military campaign with the declared aim of destroying Hamas after its gunmen killed 1,200 people - mostly civilians - and took about 250 others hostage, in the unprecedented attack on southern Israeli communities on 7 October last year.
Israel launched its military campaign with the declared aim of destroying Hamas after its gunmen killed 1,200 people - mostly civilians - and took about 250 others hostage, in the unprecedented attack on southern Israeli communities on 7 October last year. Since then, health officials say more than 26,000 Palestinians have been killed in Gaza. Correction 13th February: This article wrongly reported that about 1,300 people had been killed following the 7th October attack by Hamas. This was based on counting those who later died from their injuries in addition to the figure of more than 1,200.

[5] Namibia criticises German support for Israel over ICJ genocide case - BBC News
""In view of Germany's history and the crime against humanity of the Holocaust, the government sees itself as particularly committed to the genocide convention,"" it said. It said Hamas - which attacked Israel on 7 October, triggering the current war - aimed to destroy Israel, which was acting in self defence. Hamas killed about 1,200 people, most of them civilians, and took about 240 others hostage on 7 October. Since then Israel has killed nearly 24,000 people, mostly children and women, in its retaliatory attacks on Gaza, according to the Hamas-run health ministry.
Pretoria's case included a litany of alleged Israeli offences, from the indiscriminate killing of Palestinian civilians to the wholesale destruction of Gaza's infrastructure. Israel has strongly rejected the allegation, calling it ""baseless"" and its legal team was scathing about South Africa's submission, arguing that if anyone was guilty of genocide, it was Hamas. Correction 13th February: This article wrongly reported that about 1,300 people had been killed following the 7th October attack by Hamas. This was based on counting those who later died from their injuries in addition to the figure of more than 1,200.","The coverage reports that 100 days after Hamas's attack on Israel, which resulted in the deaths of approximately 1,200 people and the taking of hostages, Israel has been engaged in a military campaign aimed at destroying Hamas. This campaign has led to significant casualties in Gaza, with reports indicating that over 25,000 people have been killed there since the offensive began. The situation remains tense, with ongoing military operations and protests in Israel regarding the handling of hostages and the broader conflict. Additionally, there are divisions within the Israeli government about the future approach to Gaza and the potential for rebuilding efforts.",False,926d6e89c92eae77|f59a9727d9639290|2d9da22c87b7538f|51a9aabdd6bf2096|2b1fdafae7b4f924,0.6514,0.2866,5,,Middle East,politics_conflict
6db4924d15b74dad,M,What significant event occurred 100 days after Hamas attacked Israel?,"[1] Israel: Woman killed, 17 hurt in suspected Palestinian car-ramming attack - BBC News
It is unclear how the attackers were stopped and arrested. Police say both suspects came from the West Bank city of Hebron and that they had both entered Israel illegally. There have been few reports of attacks in Israel since the war began on 7 October and Monday's incident will further increase the sense of anxiety among Israelis. The country is still in a state of shock after waves of Hamas gunmen burst through the border from Gaza and attacked Israeli communities, killing at least 1,200 people - mainly civilians - and taking about 240 others hostage 101 days ago.
Israel says 9,000 of those killed in Gaza were Hamas combatants. It has vowed to destroy the group and free the remaining hostages. Correction 13th February: This article wrongly reported that about 1,300 people had been killed following the 7th October attack by Hamas. This was based on counting those who later died from their injuries in addition to the figure of more than 1,200.
[IMAGE 1: ""Two Palestinians are arrested after several cars are used in what police say was a terrorist attack.""]

[2] More than 25,000 now killed in Gaza since Israel offensive began, Hamas-run health ministry says - BBC News
The White House has said the US and Israel ""clearly see things differently"" when it comes to a two-state solution. Israel began its offensive following the 7 October attack in which Hamas fighters killed about 1,200 people in southern Israel and took more than 240 hostage. In its first public account of the October assault, published on Sunday, Hamas described it as a ""necessary step"" against the Israeli occupation of the Palestinian territories and a way to secure the release of Palestinian prisoners. Israel's air and ground operation is currently focusing on southern Gaza, where the military are convinced top Hamas commanders are holed up in, or beneath, the city of Khan Younis.
US intelligence agencies reportedly estimate that the Israeli military has killed 20-30% of Hamas fighters, which falls far short of Mr Netanyahu's stated aim of ""completely destroying"" the armed group. The classified report is also said to have found that Hamas still has enough munitions to continue striking Israel and Israeli forces for months, raising the spectre of a prolonged war in which Israel could get bogged down. The apparent slow progress, the fact no top Hamas commander has yet been captured or killed, and the collective trauma over the 130 or so Israeli hostages still missing, is prompting growing anti-government anger in Israel. Protests are continuing by relatives of those still held by Hamas, calling for Mr Netanyahu to prioritise their release over the potentially impossible aim of destroying Hamas.
[IMAGE 2: ""The grim milestone comes as Israel presses its war in Gaza and rejects calls for a Palestinian state.""]

[3] 'Deep concern' for patients and staff at Gaza's al-Aqsa hospital - BBC News
""The offensive in these areas results in the killing and injury of many people and having devastating consequences for tens of thousands of civilians, many of whom had already fled for safety from Gaza City and the north to central and southern Gaza,"" it warned. Israel says it is carrying out military operations in Gaza to ""eradicate"" Hamas and rescue hostages taken by the group. It says it tries to avoid harm to civilians and blames Hamas for embedding fighters among them. The war was triggered by an unprecedented cross-border attack by Hamas gunmen on southern Israel on 7 October, in which about 1,200 people were killed - most of them civilians - and about 240 others taken hostage.
The war was triggered by an unprecedented cross-border attack by Hamas gunmen on southern Israel on 7 October, in which about 1,200 people were killed - most of them civilians - and about 240 others taken hostage. More than 23,350 people have been killed in Gaza - mostly children and women - during the 13 weeks of fighting since then, according to the Hamas-run health ministry. Correction 13th February: This article wrongly reported that about 1,300 people had been killed following the 7th October attack by Hamas. This was based on counting those who later died from their injuries in addition to the figure of more than 1,200.
[IMAGE 3: ""Three UK doctors who worked at al-Aqsa hospital warn of a ""disaster"" as fighting nearby intensifies.""]

[4] Israel says war in Gaza expected to continue throughout 2024 - BBC News
The figures included 156 people killed and 246 injured in the last 24 hours, the ministry added. The latest war was triggered by an unprecedented cross-border attack by Hamas gunmen on southern Israel on 7 October, in which 1,200 people were killed - most of them civilians - and about 240 others taken hostage. Israel continued its bombardment of Gaza up until the end of what has been a dark year in the region. The IDF said it killed a senior Hamas commander involved in the 7 October attack, Adil Mismah, in an overnight strike on the town of Deir al-Balah.
Hamas's military wing, the Ezzedine al-Qassam Brigades, said in a video posted on social media that it carried out both attacks. They said M90 rockets were used in ""response to the massacres of civilians"" perpetrated by Israel.
[IMAGE 4: ""In a new year message, Israel's military says it expects fighting in Gaza for the rest of the year.""]

[5] Iran warns air strike on Syria will not go unanswered - BBC News
The Middle East has been on heightened alert since 7 October, when Hamas launched an attack on southern Israel, killing about 1,200 people, mainly civilians, and taking 240 hostages back to Gaza. More than 132 hostages are thought to still be held in the territory. More than 24,900 people have been killed in Gaza since Israel launched its military response, according to the Hamas-run health ministry. Israel says its ground and air operation in Gaza is aimed at destroying Hamas.
""The sound was similar to a missile explosion, and minutes later I heard the sound of ambulances,"" he added. Videos, which the BBC has not verified, showed a large cloud of smoke and buildings destroyed. Last month a suspected Israeli air strike just outside Damascus killed a senior IRGC commander. The Middle East has been on heightened alert since 7 October, when Hamas launched an attack on southern Israel, killing about 1,200 people, mainly civilians, and taking 240 hostages back to Gaza.
[IMAGE 5: ""Iran's president blames Israel for the strike in the Syrian capital which killed five senior advisers.""]","The coverage reports that 100 days after Hamas's attack on Israel, which resulted in the deaths of about 1,200 people and the taking of over 240 hostages, the conflict has escalated significantly. Israel's military operations in Gaza have reportedly led to over 25,000 deaths, primarily among civilians, according to the Hamas-run health ministry. The situation remains tense, with ongoing military actions aimed at destroying Hamas, while concerns grow over the fate of the hostages still held by the group. Additionally, there is increasing public discontent in Israel regarding the government's handling of the situation and the slow progress in the military campaign.",False,926d6e89c92eae77|f59a9727d9639290|aaf9f9255edacf2d|2f46d15a85d64531|9ea3476a7d2bcfc5,0.6514,0.3023,5,,Middle East,politics_conflict
6db4924d15b74dad,M_vision,What significant event occurred 100 days after Hamas attacked Israel?,"[1] Israel: Woman killed, 17 hurt in suspected Palestinian car-ramming attack - BBC News
It is unclear how the attackers were stopped and arrested. Police say both suspects came from the West Bank city of Hebron and that they had both entered Israel illegally. There have been few reports of attacks in Israel since the war began on 7 October and Monday's incident will further increase the sense of anxiety among Israelis. The country is still in a state of shock after waves of Hamas gunmen burst through the border from Gaza and attacked Israeli communities, killing at least 1,200 people - mainly civilians - and taking about 240 others hostage 101 days ago.
Israel says 9,000 of those killed in Gaza were Hamas combatants. It has vowed to destroy the group and free the remaining hostages. Correction 13th February: This article wrongly reported that about 1,300 people had been killed following the 7th October attack by Hamas. This was based on counting those who later died from their injuries in addition to the figure of more than 1,200.
[IMAGE 1: ""Two Palestinians are arrested after several cars are used in what police say was a terrorist attack.""]

[2] More than 25,000 now killed in Gaza since Israel offensive began, Hamas-run health ministry says - BBC News
The White House has said the US and Israel ""clearly see things differently"" when it comes to a two-state solution. Israel began its offensive following the 7 October attack in which Hamas fighters killed about 1,200 people in southern Israel and took more than 240 hostage. In its first public account of the October assault, published on Sunday, Hamas described it as a ""necessary step"" against the Israeli occupation of the Palestinian territories and a way to secure the release of Palestinian prisoners. Israel's air and ground operation is currently focusing on southern Gaza, where the military are convinced top Hamas commanders are holed up in, or beneath, the city of Khan Younis.
US intelligence agencies reportedly estimate that the Israeli military has killed 20-30% of Hamas fighters, which falls far short of Mr Netanyahu's stated aim of ""completely destroying"" the armed group. The classified report is also said to have found that Hamas still has enough munitions to continue striking Israel and Israeli forces for months, raising the spectre of a prolonged war in which Israel could get bogged down. The apparent slow progress, the fact no top Hamas commander has yet been captured or killed, and the collective trauma over the 130 or so Israeli hostages still missing, is prompting growing anti-government anger in Israel. Protests are continuing by relatives of those still held by Hamas, calling for Mr Netanyahu to prioritise their release over the potentially impossible aim of destroying Hamas.
[IMAGE 2: ""The grim milestone comes as Israel presses its war in Gaza and rejects calls for a Palestinian state.""]

[3] 'Deep concern' for patients and staff at Gaza's al-Aqsa hospital - BBC News
""The offensive in these areas results in the killing and injury of many people and having devastating consequences for tens of thousands of civilians, many of whom had already fled for safety from Gaza City and the north to central and southern Gaza,"" it warned. Israel says it is carrying out military operations in Gaza to ""eradicate"" Hamas and rescue hostages taken by the group. It says it tries to avoid harm to civilians and blames Hamas for embedding fighters among them. The war was triggered by an unprecedented cross-border attack by Hamas gunmen on southern Israel on 7 October, in which about 1,200 people were killed - most of them civilians - and about 240 others taken hostage.
The war was triggered by an unprecedented cross-border attack by Hamas gunmen on southern Israel on 7 October, in which about 1,200 people were killed - most of them civilians - and about 240 others taken hostage. More than 23,350 people have been killed in Gaza - mostly children and women - during the 13 weeks of fighting since then, according to the Hamas-run health ministry. Correction 13th February: This article wrongly reported that about 1,300 people had been killed following the 7th October attack by Hamas. This was based on counting those who later died from their injuries in addition to the figure of more than 1,200.
[IMAGE 3: ""Three UK doctors who worked at al-Aqsa hospital warn of a ""disaster"" as fighting nearby intensifies.""]

[4] Israel says war in Gaza expected to continue throughout 2024 - BBC News
The figures included 156 people killed and 246 injured in the last 24 hours, the ministry added. The latest war was triggered by an unprecedented cross-border attack by Hamas gunmen on southern Israel on 7 October, in which 1,200 people were killed - most of them civilians - and about 240 others taken hostage. Israel continued its bombardment of Gaza up until the end of what has been a dark year in the region. The IDF said it killed a senior Hamas commander involved in the 7 October attack, Adil Mismah, in an overnight strike on the town of Deir al-Balah.
Hamas's military wing, the Ezzedine al-Qassam Brigades, said in a video posted on social media that it carried out both attacks. They said M90 rockets were used in ""response to the massacres of civilians"" perpetrated by Israel.
[IMAGE 4: ""In a new year message, Israel's military says it expects fighting in Gaza for the rest of the year.""]

[5] Iran warns air strike on Syria will not go unanswered - BBC News
The Middle East has been on heightened alert since 7 October, when Hamas launched an attack on southern Israel, killing about 1,200 people, mainly civilians, and taking 240 hostages back to Gaza. More than 132 hostages are thought to still be held in the territory. More than 24,900 people have been killed in Gaza since Israel launched its military response, according to the Hamas-run health ministry. Israel says its ground and air operation in Gaza is aimed at destroying Hamas.
""The sound was similar to a missile explosion, and minutes later I heard the sound of ambulances,"" he added. Videos, which the BBC has not verified, showed a large cloud of smoke and buildings destroyed. Last month a suspected Israeli air strike just outside Damascus killed a senior IRGC commander. The Middle East has been on heightened alert since 7 October, when Hamas launched an attack on southern Israel, killing about 1,200 people, mainly civilians, and taking 240 hostages back to Gaza.
[IMAGE 5: ""Iran's president blames Israel for the strike in the Syrian capital which killed five senior advisers.""]","The coverage reports that significant violence and casualties have continued in the region following the Hamas attack on Israel on October 7, which resulted in approximately 1,200 Israeli deaths and over 240 hostages taken. In response, Israel has conducted extensive military operations in Gaza, leading to a reported death toll of over 25,000 in Gaza, primarily among civilians. The situation remains tense, with ongoing military actions and a lack of progress in resolving the hostage crisis, prompting protests in Israel. The conflict is expected to persist into 2024, with both sides engaged in continued hostilities.",False,926d6e89c92eae77|f59a9727d9639290|aaf9f9255edacf2d|2f46d15a85d64531|9ea3476a7d2bcfc5,0.6514,0.3023,5,data/images/926d6e89c92eae77.jpg|data/images/f59a9727d9639290.jpg|data/images/aaf9f9255edacf2d.jpg|data/images/2f46d15a85d64531.jpg|data/images/9ea3476a7d2bcfc5.jpg,Middle East,politics_conflict
1c2cf0692ea35a78,B1,"What was the outcome of the landslide in Yunnan, China?","[1] Thousands in shelters overnight after tsunami warnings in Japan - BBC News
The BBC's former Japan correspondent Rupert Wingfield-Hayes - who was reporting from Taiwan - said several hundred metres of the main expressway between the cities of Toyama and Kanazawa had been ripped apart by a landslide. Video from Uchinada, also in Ishikawa prefecture, showed the surface of a road rippled and cracked. Damage to the Onohiyoshi Shrine in Kanazawa was also pictured. Watch: Alarm in Kanazawa as city rocked by earthquake
The full extent of the damage is unlikely to be clear until Tuesday morning, but major damage to infrastructure is evident. Officials in Suzu City in Ishikawa prefecture said several houses and power poles collapsed, according to national broadcaster NHK. Major highways were closed near the quake's epicentre and more than 36,000 households were left without power, according to utilities provider Hokuriku Electric Power. The BBC's former Japan correspondent Rupert Wingfield-Hayes - who was reporting from Taiwan - said several hundred metres of the main expressway between the cities of Toyama and Kanazawa had been ripped apart by a landslide.

[2] China: 13 dead after school dormitory fire in Henan province - BBC News
Fatal fires in China are not uncommon due to lax enforcement of building and safety standards. In November, 26 people died after a large fire ripped through an office building in Luliang City, Shanxi province. A hospital fire in Beijing last April claimed the lives of at least 29 people - mostly patients - and triggered an investigation which saw 12 people detained by police for questioning. Harrowing footage of the fire showed people climbing out of windows onto air conditioning units to escape the flames.
Police were seen standing near the school in the Henan province Thirteen schoolchildren aged nine and 10 are confirmed to have died after a fire broke out in a school dormitory in central China, the country's Xinhua state news agency reported. The deadly blaze happened on Friday night at the Yingcai School in Yanshanpu village, Henan province. The manager of the school, near Nanyang city, has been detained and an investigation is under way.

[3] Japan earthquake death toll rises to 161 - BBC News
But bad weather is hampering rescuers- with heavy rain and snow triggering warnings of landslides and building collapses. The 7.6 magnitude earthquake struck the remote Noto peninsula - toppling buildings and sparking a major fire. The majority of the deaths have happened in the hard-hit cities of Wajima and Suzu. Meanwhile, the number of people missing has dropped from 195 to just over 100.
They added that they believe there are still people alive who need rescue and vowed to continue their lifesaving operations despite the ending of a critical 72 hour window to find survivors. Stories of miraculous recoveries have been emerging. A woman in her 90s was found alive under rubble five days in Suzu. Those in the worst-affected areas are being urged to keep their guard up as they continue to experience further quakes.

[4] Oxfordshire: Building partially collapses as Storm Isha hits - BBC News
The fire service said no-one was hurt and the area has been cordoned off A building has partially collapsed after Storm Isha struck the UK. Firefighters worked through the night to deal with the collapse, which happened on Sunday in Witney, Oxfordshire, amid high winds. A yellow warning for wind remains in place.
A yellow warning for wind remains in place. Bricks and debris from the side of the building came down on Welch Way. The fire service said no-one was hurt and the area had been cordoned off with structural investigations due on Monday morning. Oxfordshire Fire and Rescue Service added: ""Traffic light management is in place to control a partial closure of Welch Way.

[5] Taiwan election: Why the outcome matters to the world - BBC News
Beijing could up the ante on military pressure in the Taiwan Strait. It could also cut internet cables or supply routes to outlying Taiwanese islands. Chinese President Xi Jinping and his foreign minister Wang Yi have repeatedly warned that the Chinese military is prepared to take Taiwan by force if necessary. But many experts believe that the prospect of a full-blown war is low, at least for now, given how much it would cost China when its own economy is struggling.
A furious Beijing staged elaborate military drills in the Taiwan Strait that resembled a near-blockade of the island. Later that year, the US said Xi Jinping had sped up the timeline for unification. During this time, Taiwan has grown closer to the US, and securing billions of dollars in new weapons from Washington. Beijing could up the ante on military pressure in the Taiwan Strait.",INSUFFICIENT_EVIDENCE,False,0c6bdb706a4e558b|a21f2a8dac544aca|c260fe3a6f8e1dc8|c40d945c5f5f7b05|eb13a84038653d03,0.4962,0.2613,5,,China,international
1c2cf0692ea35a78,M,"What was the outcome of the landslide in Yunnan, China?","[1] Thousands in shelters overnight after tsunami warnings in Japan - BBC News
The BBC's former Japan correspondent Rupert Wingfield-Hayes - who was reporting from Taiwan - said several hundred metres of the main expressway between the cities of Toyama and Kanazawa had been ripped apart by a landslide. Video from Uchinada, also in Ishikawa prefecture, showed the surface of a road rippled and cracked. Damage to the Onohiyoshi Shrine in Kanazawa was also pictured. Watch: Alarm in Kanazawa as city rocked by earthquake
The full extent of the damage is unlikely to be clear until Tuesday morning, but major damage to infrastructure is evident. Officials in Suzu City in Ishikawa prefecture said several houses and power poles collapsed, according to national broadcaster NHK. Major highways were closed near the quake's epicentre and more than 36,000 households were left without power, according to utilities provider Hokuriku Electric Power. The BBC's former Japan correspondent Rupert Wingfield-Hayes - who was reporting from Taiwan - said several hundred metres of the main expressway between the cities of Toyama and Kanazawa had been ripped apart by a landslide.
[IMAGE 1: ""Tsunami warnings were issued after 7.6-magnitude tremors in Japan's central region on Monday.""]

[2] Japan earthquake death toll rises to 161 - BBC News
But bad weather is hampering rescuers- with heavy rain and snow triggering warnings of landslides and building collapses. The 7.6 magnitude earthquake struck the remote Noto peninsula - toppling buildings and sparking a major fire. The majority of the deaths have happened in the hard-hit cities of Wajima and Suzu. Meanwhile, the number of people missing has dropped from 195 to just over 100.
They added that they believe there are still people alive who need rescue and vowed to continue their lifesaving operations despite the ending of a critical 72 hour window to find survivors. Stories of miraculous recoveries have been emerging. A woman in her 90s was found alive under rubble five days in Suzu. Those in the worst-affected areas are being urged to keep their guard up as they continue to experience further quakes.
[IMAGE 2: ""Efforts to reach thousands of people living in cut off areas continue a week after""]

[3] China: 13 dead after school dormitory fire in Henan province - BBC News
Fatal fires in China are not uncommon due to lax enforcement of building and safety standards. In November, 26 people died after a large fire ripped through an office building in Luliang City, Shanxi province. A hospital fire in Beijing last April claimed the lives of at least 29 people - mostly patients - and triggered an investigation which saw 12 people detained by police for questioning. Harrowing footage of the fire showed people climbing out of windows onto air conditioning units to escape the flames.
Police were seen standing near the school in the Henan province Thirteen schoolchildren aged nine and 10 are confirmed to have died after a fire broke out in a school dormitory in central China, the country's Xinhua state news agency reported. The deadly blaze happened on Friday night at the Yingcai School in Yanshanpu village, Henan province. The manager of the school, near Nanyang city, has been detained and an investigation is under way.
[IMAGE 3: ""The fatal blaze in Henan province on Friday night happened at a village school for young children.""]

[4] Taiwan election: Why the outcome matters to the world - BBC News
Beijing could up the ante on military pressure in the Taiwan Strait. It could also cut internet cables or supply routes to outlying Taiwanese islands. Chinese President Xi Jinping and his foreign minister Wang Yi have repeatedly warned that the Chinese military is prepared to take Taiwan by force if necessary. But many experts believe that the prospect of a full-blown war is low, at least for now, given how much it would cost China when its own economy is struggling.
A furious Beijing staged elaborate military drills in the Taiwan Strait that resembled a near-blockade of the island. Later that year, the US said Xi Jinping had sped up the timeline for unification. During this time, Taiwan has grown closer to the US, and securing billions of dollars in new weapons from Washington. Beijing could up the ante on military pressure in the Taiwan Strait.
[IMAGE 4: ""It will redefine Taiwan's relationship with China and have implications for key allies like the US.""]

[5] Japan earthquake: Woman in 90s found alive under rubble five days later - BBC News
The 7.5-magnitude earthquake struck the Japan Sea coast on Monday, flattening towns on the remote Noto peninsula. More than 120 people have been confirmed dead, and 200 are missing. According to the newspaper Yomiuri Shimbun, 100 rescuers were sent to the town of Suzu after learning that two women were buried alive. Citing local police sources, the newspaper reported that the elderly woman was responsive, but believed to be suffering from hypothermia.
Local residents walk between collapsed houses at a tsunami-devastated residential area in the town of Suzu A woman in her 90s has been found alive under rubble five days after a devastating earthquake struck central Japan. Rescue workers discovered her in the wreckage of a two-storey building in the town of Suzu. The 7.5-magnitude earthquake struck the Japan Sea coast on Monday, flattening towns on the remote Noto peninsula.
[IMAGE 5: ""More than 120 people have been confirmed dead since Monday's 7.5 magnitude earthquake.""]",INSUFFICIENT_EVIDENCE,False,0c6bdb706a4e558b|c260fe3a6f8e1dc8|a21f2a8dac544aca|eb13a84038653d03|3b78f7048c9bc1e0,0.4962,0.2613,5,,China,international
1c2cf0692ea35a78,M_vision,"What was the outcome of the landslide in Yunnan, China?","[1] Thousands in shelters overnight after tsunami warnings in Japan - BBC News
The BBC's former Japan correspondent Rupert Wingfield-Hayes - who was reporting from Taiwan - said several hundred metres of the main expressway between the cities of Toyama and Kanazawa had been ripped apart by a landslide. Video from Uchinada, also in Ishikawa prefecture, showed the surface of a road rippled and cracked. Damage to the Onohiyoshi Shrine in Kanazawa was also pictured. Watch: Alarm in Kanazawa as city rocked by earthquake
The full extent of the damage is unlikely to be clear until Tuesday morning, but major damage to infrastructure is evident. Officials in Suzu City in Ishikawa prefecture said several houses and power poles collapsed, according to national broadcaster NHK. Major highways were closed near the quake's epicentre and more than 36,000 households were left without power, according to utilities provider Hokuriku Electric Power. The BBC's former Japan correspondent Rupert Wingfield-Hayes - who was reporting from Taiwan - said several hundred metres of the main expressway between the cities of Toyama and Kanazawa had been ripped apart by a landslide.
[IMAGE 1: ""Tsunami warnings were issued after 7.6-magnitude tremors in Japan's central region on Monday.""]

[2] Japan earthquake death toll rises to 161 - BBC News
But bad weather is hampering rescuers- with heavy rain and snow triggering warnings of landslides and building collapses. The 7.6 magnitude earthquake struck the remote Noto peninsula - toppling buildings and sparking a major fire. The majority of the deaths have happened in the hard-hit cities of Wajima and Suzu. Meanwhile, the number of people missing has dropped from 195 to just over 100.
They added that they believe there are still people alive who need rescue and vowed to continue their lifesaving operations despite the ending of a critical 72 hour window to find survivors. Stories of miraculous recoveries have been emerging. A woman in her 90s was found alive under rubble five days in Suzu. Those in the worst-affected areas are being urged to keep their guard up as they continue to experience further quakes.
[IMAGE 2: ""Efforts to reach thousands of people living in cut off areas continue a week after""]

[3] China: 13 dead after school dormitory fire in Henan province - BBC News
Fatal fires in China are not uncommon due to lax enforcement of building and safety standards. In November, 26 people died after a large fire ripped through an office building in Luliang City, Shanxi province. A hospital fire in Beijing last April claimed the lives of at least 29 people - mostly patients - and triggered an investigation which saw 12 people detained by police for questioning. Harrowing footage of the fire showed people climbing out of windows onto air conditioning units to escape the flames.
Police were seen standing near the school in the Henan province Thirteen schoolchildren aged nine and 10 are confirmed to have died after a fire broke out in a school dormitory in central China, the country's Xinhua state news agency reported. The deadly blaze happened on Friday night at the Yingcai School in Yanshanpu village, Henan province. The manager of the school, near Nanyang city, has been detained and an investigation is under way.
[IMAGE 3: ""The fatal blaze in Henan province on Friday night happened at a village school for young children.""]

[4] Taiwan election: Why the outcome matters to the world - BBC News
Beijing could up the ante on military pressure in the Taiwan Strait. It could also cut internet cables or supply routes to outlying Taiwanese islands. Chinese President Xi Jinping and his foreign minister Wang Yi have repeatedly warned that the Chinese military is prepared to take Taiwan by force if necessary. But many experts believe that the prospect of a full-blown war is low, at least for now, given how much it would cost China when its own economy is struggling.
A furious Beijing staged elaborate military drills in the Taiwan Strait that resembled a near-blockade of the island. Later that year, the US said Xi Jinping had sped up the timeline for unification. During this time, Taiwan has grown closer to the US, and securing billions of dollars in new weapons from Washington. Beijing could up the ante on military pressure in the Taiwan Strait.
[IMAGE 4: ""It will redefine Taiwan's relationship with China and have implications for key allies like the US.""]

[5] Japan earthquake: Woman in 90s found alive under rubble five days later - BBC News
The 7.5-magnitude earthquake struck the Japan Sea coast on Monday, flattening towns on the remote Noto peninsula. More than 120 people have been confirmed dead, and 200 are missing. According to the newspaper Yomiuri Shimbun, 100 rescuers were sent to the town of Suzu after learning that two women were buried alive. Citing local police sources, the newspaper reported that the elderly woman was responsive, but believed to be suffering from hypothermia.
Local residents walk between collapsed houses at a tsunami-devastated residential area in the town of Suzu A woman in her 90s has been found alive under rubble five days after a devastating earthquake struck central Japan. Rescue workers discovered her in the wreckage of a two-storey building in the town of Suzu. The 7.5-magnitude earthquake struck the Japan Sea coast on Monday, flattening towns on the remote Noto peninsula.
[IMAGE 5: ""More than 120 people have been confirmed dead since Monday's 7.5 magnitude earthquake.""]","The evidence does not provide information specifically about a landslide in Yunnan, China. Instead, it discusses landslides and damage caused by a recent earthquake in Japan, detailing the destruction of infrastructure and the impact on local communities. Reports mention collapsed buildings, power outages, and ongoing rescue efforts in the affected areas. There is no mention of Yunnan or any related outcomes.",False,0c6bdb706a4e558b|c260fe3a6f8e1dc8|a21f2a8dac544aca|eb13a84038653d03|3b78f7048c9bc1e0,0.4962,0.2613,5,data/images/0c6bdb706a4e558b.jpg|data/images/c260fe3a6f8e1dc8.jpg|data/images/a21f2a8dac544aca.jpg|data/images/eb13a84038653d03.jpg|data/images/3b78f7048c9bc1e0.jpg,China,international
556da39750eea302,B1,What did United Airlines find during inspections of the Boeing 737 Max 9?,"[1] Flights cancelled as regulator grounds Boeing 737 Max 9s over blowout - BBC News
United Airlines says it has carried out the inspections required by the FAA on some of its 737 Max 9 planes. Removing some of its aircraft from service was expected to cause about 60 cancellations on Saturday, the airline said in a statement. Turkish Airlines has grounded five of its 737 Max 9s. Flydubai said its three 737 Max 9s were not affected as they had a ""different configuration"" compared to the Alaska Airline planes and have completed recent safety checks.
It follows regulator the Federal Aviation Administration (FAA) ordering ""immediate inspections"" of 737 Max 9s worldwide. Required inspections would take around four to eight hours per aircraft, it said. The European Union Aviation Safety Agency (EASA) is following the FAA approach, but flight disruptions on the continent are expected to be minimal. EASA said it believes no European airlines operate Max 9s with the configuration covered by the FAA order.

[2] FAA grounds 171 Boeing planes after mid-air blowout on Alaska Airlines jet - BBC News
On Friday the Alaska Airlines flight had to make an emergency landing after take-off from the US state of Oregon. United Airlines says it has carried out the inspections required by the FAA on some of its 79 Boeing 737 Max 9 planes. Removing some of the aircraft from service was expected to cause about 60 cancellations on Saturday, the airline said in a statement. Earlier, the FAA said it would ""order the temporary grounding of certain Boeing 737 Max 9 aircraft operated by US airlines or in US territory"".
""We are very, very fortunate here that this didn't end up in something more tragic,"" Jennifer Homendy said. She added that investigators believed the door that came off the plane was now in the Cedar Hills neighbourhood in Portland and urged anyone who found it to contact local police. Meanwhile, the UK's Civil Aviation Authority (CAA) confirmed that there were no UK-registered 737 Max 9 aircraft. ""We have written to non-UK and foreign permit carriers to ask inspections have been undertaken prior to operation in UK airspace,"" it wrote on X, formerly Twitter.

[3] Boeing's mid-flight blowout a big problem for company - BBC News
We agree with and fully support the FAA's decision to require immediate inspections of 737-9 airplanes with the same configuration as the affected airplane."" Boeing is in the process of ramping up production of the 737 Max to cut waiting times for customers and reduce its backlog of orders. Arguably, the timing of this latest incident involving its flagship aircraft could not have been worse. Whatever the cause, it is likely to create further anxiety around the already-damaged 737 Max brand, particularly among passengers.
""This is just a gigantic wake-up call"", he said. ""This might just be a major blessing to have such a highly visible incident occur that will cause them to have to admit they have some serious problems."" In a statement issued after the FAA ordered the most recent groundings, the company said: ""Safety is our top priority and we deeply regret the impact this event has had on our customers and their passengers. We agree with and fully support the FAA's decision to require immediate inspections of 737-9 airplanes with the same configuration as the affected airplane.""

[4] Boeing to increase quality inspections of 737 Max production - BBC News
It will also check the work of the firm that supplies and installs the parts involved in the accident. Last week, the US regulator extended the grounding of 737 Max's with similar fuselage panels. The Federal Aviation Administration (FAA) also said it would conduct an audit of the plane's production line, adding it believed there were ""significant problems"" with the 737 Max 9 jet as well as ""other manufacturing problems"". Announcing the latest measures, Boeing commercial airplanes president and CEO Stan Deal said the company was ""not where we need to be"".
""We are planning additional inspections throughout the build process at Boeing and at Spirit,"" Mr Deal said. ""These checks will provide one more layer of scrutiny on top of the thousands of inspections performed today across each 737 airplane."" Scrutiny of Boeing has been renewed after the blowout on the Alaska Airlines flight from Portland, Oregon to California, which forced an emergency landing but resulted in no serious injuries. The US aerospace giant has been struggling to restore confidence after crashes in 2018 and 2019 involving a different plane in the 737 Max group killed 346 people.

[5] Boeing seeks Ryanair support with checks after mid-air blowout - BBC News
On Monday, Boeing announced that an outside party would also be brought in to assess its production practices. It will also check the work of the firm that supplies and installs the parts involved in the accident. Last week, the US regulator extended the grounding of 737 Max's with similar fuselage panels, while United and Alaska Airlines have said they were extending the cancellations of any flights involving the 737 Max 9 through until Wednesday. The Federal Aviation Administration (FAA) also said it would conduct an audit of the plane's production line, adding it believed there were ""significant problems"" with the 737 Max 9 jet as well as ""other manufacturing problems"".
Boeing has asked Ryanair to send extra engineers to oversee quality checks of its planes ""on the ground"" following the Alaska Airlines incident. Ryanair's boss told the BBC that quality was improving but the incident had shown there was ""more to be done"". It comes after an unused door fell off a Boeing 737 Max 9 operated by US-based Alaska Airlines. Ryanair does not use Boeing's 737 Max 9 aircraft but operates the Max 8 variant and has Max 10s on order.","United Airlines has conducted inspections on some of its Boeing 737 Max 9 aircraft as mandated by the Federal Aviation Administration (FAA) following a mid-air incident involving an Alaska Airlines flight. The inspections are expected to take four to eight hours per aircraft and have led to the removal of some planes from service, resulting in approximately 60 flight cancellations. The FAA has ordered these inspections due to concerns about significant problems with the 737 Max 9, which have been highlighted by recent incidents. Other airlines, such as Turkish Airlines and Flydubai, have also responded to the FAA's directive, with some grounding their 737 Max 9s.",False,e2316a4adbbc6b4a|9d3ac8d1c83ebb33|55ebddaec4099e6b|936e5fc1857e4aad|4a48069d64ca7878,0.7464,0.2341,5,,US & Canada,international
556da39750eea302,M,What did United Airlines find during inspections of the Boeing 737 Max 9?,"[1] Flights cancelled as regulator grounds Boeing 737 Max 9s over blowout - BBC News
United Airlines says it has carried out the inspections required by the FAA on some of its 737 Max 9 planes. Removing some of its aircraft from service was expected to cause about 60 cancellations on Saturday, the airline said in a statement. Turkish Airlines has grounded five of its 737 Max 9s. Flydubai said its three 737 Max 9s were not affected as they had a ""different configuration"" compared to the Alaska Airline planes and have completed recent safety checks.
It follows regulator the Federal Aviation Administration (FAA) ordering ""immediate inspections"" of 737 Max 9s worldwide. Required inspections would take around four to eight hours per aircraft, it said. The European Union Aviation Safety Agency (EASA) is following the FAA approach, but flight disruptions on the continent are expected to be minimal. EASA said it believes no European airlines operate Max 9s with the configuration covered by the FAA order.
[IMAGE 1: ""The US aviation regulator grounds 737 Max 9s to conduct urgent checks after the incident in Oregon.""]

[2] FAA grounds 171 Boeing planes after mid-air blowout on Alaska Airlines jet - BBC News
On Friday the Alaska Airlines flight had to make an emergency landing after take-off from the US state of Oregon. United Airlines says it has carried out the inspections required by the FAA on some of its 79 Boeing 737 Max 9 planes. Removing some of the aircraft from service was expected to cause about 60 cancellations on Saturday, the airline said in a statement. Earlier, the FAA said it would ""order the temporary grounding of certain Boeing 737 Max 9 aircraft operated by US airlines or in US territory"".
""We are very, very fortunate here that this didn't end up in something more tragic,"" Jennifer Homendy said. She added that investigators believed the door that came off the plane was now in the Cedar Hills neighbourhood in Portland and urged anyone who found it to contact local police. Meanwhile, the UK's Civil Aviation Authority (CAA) confirmed that there were no UK-registered 737 Max 9 aircraft. ""We have written to non-UK and foreign permit carriers to ask inspections have been undertaken prior to operation in UK airspace,"" it wrote on X, formerly Twitter.
[IMAGE 2: ""It comes after part of the fuselage of an Alaska Airlines Boeing 737 Max 9 fell off, forcing an emergency landing.""]

[3] US launches Boeing investigation after blowout - BBC News
Airline regulators in the US have formally launched an investigation of Boeing's processes, after a door plug blew off one of its planes. The Federal Aviation Administration (FAA) said it would examine whether Boeing failed to ensure its completed jets matched their approved design. The FAA had already grounded most of the 737 Max 9 fleet for inspection. The reviews after the emergency on the Alaska Airlines flight have uncovered issues such as loose bolts.
The incident has revived scrutiny of Boeing, which has been trying to repair its reputation after crashes in 2018 and 2019 involving a different version of the 737 Max plane killed 346 people. Its popular 737 Max planes were subsequently grounded globally for more than 18 months. It has reported a string of smaller issues as production resumed.
[IMAGE 3: ""The Federal Aviation Administration will examine the jet-maker's processes after last Friday's emergency.""]

[4] Boeing's mid-flight blowout a big problem for company - BBC News
We agree with and fully support the FAA's decision to require immediate inspections of 737-9 airplanes with the same configuration as the affected airplane."" Boeing is in the process of ramping up production of the 737 Max to cut waiting times for customers and reduce its backlog of orders. Arguably, the timing of this latest incident involving its flagship aircraft could not have been worse. Whatever the cause, it is likely to create further anxiety around the already-damaged 737 Max brand, particularly among passengers.
""This is just a gigantic wake-up call"", he said. ""This might just be a major blessing to have such a highly visible incident occur that will cause them to have to admit they have some serious problems."" In a statement issued after the FAA ordered the most recent groundings, the company said: ""Safety is our top priority and we deeply regret the impact this event has had on our customers and their passengers. We agree with and fully support the FAA's decision to require immediate inspections of 737-9 airplanes with the same configuration as the affected airplane.""
[IMAGE 4: ""The Alaska Airlines incident could have been much worse, but is still a major issue for the US plane-maker.""]

[5] Boeing to increase quality inspections of 737 Max production - BBC News
It will also check the work of the firm that supplies and installs the parts involved in the accident. Last week, the US regulator extended the grounding of 737 Max's with similar fuselage panels. The Federal Aviation Administration (FAA) also said it would conduct an audit of the plane's production line, adding it believed there were ""significant problems"" with the 737 Max 9 jet as well as ""other manufacturing problems"". Announcing the latest measures, Boeing commercial airplanes president and CEO Stan Deal said the company was ""not where we need to be"".
""We are planning additional inspections throughout the build process at Boeing and at Spirit,"" Mr Deal said. ""These checks will provide one more layer of scrutiny on top of the thousands of inspections performed today across each 737 airplane."" Scrutiny of Boeing has been renewed after the blowout on the Alaska Airlines flight from Portland, Oregon to California, which forced an emergency landing but resulted in no serious injuries. The US aerospace giant has been struggling to restore confidence after crashes in 2018 and 2019 involving a different plane in the 737 Max group killed 346 people.
[IMAGE 5: ""The plane maker will allow independent assessments after a door plug fell from one of its aircraft.""]","United Airlines has conducted inspections on some of its Boeing 737 Max 9 aircraft as mandated by the Federal Aviation Administration (FAA) following an incident involving an Alaska Airlines flight. The FAA ordered immediate inspections of 737 Max 9s worldwide after a door plug blew off during flight, leading to emergency landings. United Airlines reported that these inspections would result in approximately 60 flight cancellations. The FAA's actions have prompted a broader investigation into Boeing's manufacturing processes, revealing issues such as loose bolts and raising concerns about the safety of the 737 Max 9 model.",False,e2316a4adbbc6b4a|9d3ac8d1c83ebb33|da207d9d47fcfca5|55ebddaec4099e6b|936e5fc1857e4aad,0.7464,0.2731,5,,US & Canada,international
556da39750eea302,M_vision,What did United Airlines find during inspections of the Boeing 737 Max 9?,"[1] Flights cancelled as regulator grounds Boeing 737 Max 9s over blowout - BBC News
United Airlines says it has carried out the inspections required by the FAA on some of its 737 Max 9 planes. Removing some of its aircraft from service was expected to cause about 60 cancellations on Saturday, the airline said in a statement. Turkish Airlines has grounded five of its 737 Max 9s. Flydubai said its three 737 Max 9s were not affected as they had a ""different configuration"" compared to the Alaska Airline planes and have completed recent safety checks.
It follows regulator the Federal Aviation Administration (FAA) ordering ""immediate inspections"" of 737 Max 9s worldwide. Required inspections would take around four to eight hours per aircraft, it said. The European Union Aviation Safety Agency (EASA) is following the FAA approach, but flight disruptions on the continent are expected to be minimal. EASA said it believes no European airlines operate Max 9s with the configuration covered by the FAA order.
[IMAGE 1: ""The US aviation regulator grounds 737 Max 9s to conduct urgent checks after the incident in Oregon.""]

[2] FAA grounds 171 Boeing planes after mid-air blowout on Alaska Airlines jet - BBC News
On Friday the Alaska Airlines flight had to make an emergency landing after take-off from the US state of Oregon. United Airlines says it has carried out the inspections required by the FAA on some of its 79 Boeing 737 Max 9 planes. Removing some of the aircraft from service was expected to cause about 60 cancellations on Saturday, the airline said in a statement. Earlier, the FAA said it would ""order the temporary grounding of certain Boeing 737 Max 9 aircraft operated by US airlines or in US territory"".
""We are very, very fortunate here that this didn't end up in something more tragic,"" Jennifer Homendy said. She added that investigators believed the door that came off the plane was now in the Cedar Hills neighbourhood in Portland and urged anyone who found it to contact local police. Meanwhile, the UK's Civil Aviation Authority (CAA) confirmed that there were no UK-registered 737 Max 9 aircraft. ""We have written to non-UK and foreign permit carriers to ask inspections have been undertaken prior to operation in UK airspace,"" it wrote on X, formerly Twitter.
[IMAGE 2: ""It comes after part of the fuselage of an Alaska Airlines Boeing 737 Max 9 fell off, forcing an emergency landing.""]

[3] US launches Boeing investigation after blowout - BBC News
Airline regulators in the US have formally launched an investigation of Boeing's processes, after a door plug blew off one of its planes. The Federal Aviation Administration (FAA) said it would examine whether Boeing failed to ensure its completed jets matched their approved design. The FAA had already grounded most of the 737 Max 9 fleet for inspection. The reviews after the emergency on the Alaska Airlines flight have uncovered issues such as loose bolts.
The incident has revived scrutiny of Boeing, which has been trying to repair its reputation after crashes in 2018 and 2019 involving a different version of the 737 Max plane killed 346 people. Its popular 737 Max planes were subsequently grounded globally for more than 18 months. It has reported a string of smaller issues as production resumed.
[IMAGE 3: ""The Federal Aviation Administration will examine the jet-maker's processes after last Friday's emergency.""]

[4] Boeing's mid-flight blowout a big problem for company - BBC News
We agree with and fully support the FAA's decision to require immediate inspections of 737-9 airplanes with the same configuration as the affected airplane."" Boeing is in the process of ramping up production of the 737 Max to cut waiting times for customers and reduce its backlog of orders. Arguably, the timing of this latest incident involving its flagship aircraft could not have been worse. Whatever the cause, it is likely to create further anxiety around the already-damaged 737 Max brand, particularly among passengers.
""This is just a gigantic wake-up call"", he said. ""This might just be a major blessing to have such a highly visible incident occur that will cause them to have to admit they have some serious problems."" In a statement issued after the FAA ordered the most recent groundings, the company said: ""Safety is our top priority and we deeply regret the impact this event has had on our customers and their passengers. We agree with and fully support the FAA's decision to require immediate inspections of 737-9 airplanes with the same configuration as the affected airplane.""
[IMAGE 4: ""The Alaska Airlines incident could have been much worse, but is still a major issue for the US plane-maker.""]

[5] Boeing to increase quality inspections of 737 Max production - BBC News
It will also check the work of the firm that supplies and installs the parts involved in the accident. Last week, the US regulator extended the grounding of 737 Max's with similar fuselage panels. The Federal Aviation Administration (FAA) also said it would conduct an audit of the plane's production line, adding it believed there were ""significant problems"" with the 737 Max 9 jet as well as ""other manufacturing problems"". Announcing the latest measures, Boeing commercial airplanes president and CEO Stan Deal said the company was ""not where we need to be"".
""We are planning additional inspections throughout the build process at Boeing and at Spirit,"" Mr Deal said. ""These checks will provide one more layer of scrutiny on top of the thousands of inspections performed today across each 737 airplane."" Scrutiny of Boeing has been renewed after the blowout on the Alaska Airlines flight from Portland, Oregon to California, which forced an emergency landing but resulted in no serious injuries. The US aerospace giant has been struggling to restore confidence after crashes in 2018 and 2019 involving a different plane in the 737 Max group killed 346 people.
[IMAGE 5: ""The plane maker will allow independent assessments after a door plug fell from one of its aircraft.""]","United Airlines conducted inspections on its Boeing 737 Max 9 aircraft as mandated by the FAA following an incident involving an Alaska Airlines flight, where a door plug blew off mid-air. This led to the grounding of certain 737 Max 9 planes, resulting in approximately 60 flight cancellations for United Airlines. The FAA's inspections revealed issues such as loose bolts, prompting a broader investigation into Boeing's manufacturing processes and quality control. Boeing has committed to increasing quality inspections and oversight in response to the incident and the FAA's findings.",False,e2316a4adbbc6b4a|9d3ac8d1c83ebb33|da207d9d47fcfca5|55ebddaec4099e6b|936e5fc1857e4aad,0.7464,0.2731,5,data/images/e2316a4adbbc6b4a.jpg|data/images/9d3ac8d1c83ebb33.jpg|data/images/da207d9d47fcfca5.jpg|data/images/55ebddaec4099e6b.jpg|data/images/936e5fc1857e4aad.jpg,US & Canada,international
6d829e7bd943bfc0,B1,Why did Aditya Verma appear in a Spanish court?,"[1] British man acquitted over London-Spain flight bomb hoax - BBC News
Aditya Verma (R)'s one-day trial at Spain's National Court took place earlier this week A Spanish court has cleared a British man of public disorder, after he joked to friends about blowing up a flight from London Gatwick to Menorca. Aditya Verma admitted he told friends in July 2022: ""On my way to blow up the plane. I'm a member of the Taliban.""
was found that would lead one to believe it was a real threat"". Mr Verma's trial, held at the National Court in the Spanish capital, took place on Monday - a year-and-a-half after the incident took place. The message he sent to friends, before boarding the plane, went on to be picked up by UK security services. They then flagged it to Spanish authorities while the easyJet plane was still in the air.

[2] Muhammad Yunus: Nobel laureate sentenced to jail in Bangladesh - BBC News
Ms Hasina said she welcomed international experts to assess the ongoing legal proceedings against Prof Yunus. It is not clear what led to the friction between Ms Hasina and Prof Yunus, but supporters of the economist said the government was attempting to discredit him because he once considered setting up a political party to rival the governing Awami League.
A court in Bangladesh has sentenced the Nobel laureate Muhammad Yunus to six months in jail for violating the country's labour laws. Prof Yunus' supporters say the case is politically motivated. The acclaimed economist and three colleagues from Grameen Telecom - one of the firms he founded - were found guilty of failing to create a welfare fund for their workers. All four deny any wrongdoing and have been granted bail pending appeals.

[3] Spanish football fan held in Tehran released, Iran says - BBC News
In the same statement on social media, the Iranian embassy in Spain said Mr Sánchez was the only Spanish national held in Iran. Ana Baneira Suarez, a Spanish activist who worked for a human rights NGO, was arrested in Tehran in November 2022 - but released the following February. Mr Sánchez started his trip in January, travelling across Europe, Turkey and Iraq • None Fan detained in Iran while hiking to World Cup
All contact from Mr Sánchez was lost as he neared the final leg of his trip. He was detained after visiting Mahsa Amini's grave, Spanish media report. Ms Amini died in custody after being arrested by morality police in Tehran for allegedly wearing her hijab ""improperly"". Her death sparked a wave of protests in Iran and beyond in 2022 - and many Iranians continue to defy a deadly crackdown by security forces.

[4] Adolfo Macías Villamar: Curfew in Ecuador after infamous gang leader 'Fito' vanishes from cell - BBC News
He was being held in the maximum security wing of a jail in Guayaquil. The emergency measures include the suspension of the right of assembly and a nightly curfew. They were announced in a decree issued by President Daniel Noboa, who took office less than two months ago as the second-youngest holder of the post in Ecuadorean history. He won the election after a campaign overshadowed by unprecedented levels of violence, including the assassination of another candidate, Fernando Villavicencio.
He won the election after a campaign overshadowed by unprecedented levels of violence, including the assassination of another candidate, Fernando Villavicencio. President Noboa said the emergency would allow the military and police to take control of the country's prisons at a national level. Los Choneros control much of the compound at La Regional prison, where Fito was being held. ""These narco-terrorist groups intend to intimidate us and they think we will give in to their demands,"" the president said.

[5] La Kena: Notorious Mexican cartel leader captured - BBC News
Soon after the incident, another splinter cell of the Gulf Cartel, the Scorpions Group, were said to have apologised for the kidnapping and turned over five men it said were responsible. Since 2022, the Tamaulipas state government, where Matamoros is located, has had a 2,500,000 peso ($145,000; £115,000) reward for information leading to Vilano's arrest. He was also reportedly wanted by the US Drug Enforcement Administration (DEA).
The leader of a faction of the notorious Gulf Cartel in Mexico has been arrested, local media reports. José Alberto García Vilano, also known as La Kena or Ciclon 19, allegedly leads the violent Los Ciclones cell. His group is accused of kidnapping four US citizens in March last year, killing two of them. Vilano was reportedly captured in a shopping plaza in the city of Monterrey, after information about his whereabouts was leaked to officials.","Aditya Verma appeared in a Spanish court after joking to friends about blowing up a flight from London Gatwick to Menorca, claiming to be a member of the Taliban. His comments were taken seriously, leading UK security services to alert Spanish authorities while the easyJet plane was still in the air. However, the Spanish court ultimately acquitted him of public disorder, finding no evidence that his remarks constituted a real threat. The trial took place at Spain's National Court, a year and a half after the incident.",False,f59c303a755ddd46|c1afa3a324c3b40e|eb4867be34c121d5|4eb56342bc8a30f6|8c025037ba856cd7,0.5874,0.2995,5,,Europe,international
6d829e7bd943bfc0,M,Why did Aditya Verma appear in a Spanish court?,"[1] British man acquitted over London-Spain flight bomb hoax - BBC News
Aditya Verma (R)'s one-day trial at Spain's National Court took place earlier this week A Spanish court has cleared a British man of public disorder, after he joked to friends about blowing up a flight from London Gatwick to Menorca. Aditya Verma admitted he told friends in July 2022: ""On my way to blow up the plane. I'm a member of the Taliban.""
was found that would lead one to believe it was a real threat"". Mr Verma's trial, held at the National Court in the Spanish capital, took place on Monday - a year-and-a-half after the incident took place. The message he sent to friends, before boarding the plane, went on to be picked up by UK security services. They then flagged it to Spanish authorities while the easyJet plane was still in the air.
[IMAGE 1: ""A judge ruled that Aditya Verma's message, from 2022, about ""blowing up"" a plane was not a real threat.""]

[2] Muhammad Yunus: Nobel laureate sentenced to jail in Bangladesh - BBC News
Ms Hasina said she welcomed international experts to assess the ongoing legal proceedings against Prof Yunus. It is not clear what led to the friction between Ms Hasina and Prof Yunus, but supporters of the economist said the government was attempting to discredit him because he once considered setting up a political party to rival the governing Awami League.
A court in Bangladesh has sentenced the Nobel laureate Muhammad Yunus to six months in jail for violating the country's labour laws. Prof Yunus' supporters say the case is politically motivated. The acclaimed economist and three colleagues from Grameen Telecom - one of the firms he founded - were found guilty of failing to create a welfare fund for their workers. All four deny any wrongdoing and have been granted bail pending appeals.
[IMAGE 2: ""Supporters of the Bangladeshi economist say the case against him is politically motivated.""]

[3] Israel officials support Gaza destruction, court hears - BBC News
Tembeka Ngcukaitobi, a lawyer for the High Court of South Africa, told the ICJ Israel's ""genocidal intent"" was evident ""from the way in which this military attack is being conducted"". ""The intent to destroy Gaza has been nurtured at the highest level of state,"" he said. ""Every day there is mounting, irreparable loss of life, property, dignity and humanity for the Palestinian people,"" Adila Hassim, also representing South Africa, told the court. ""Nothing will stop the suffering, except an order from this court.""
South Africa also called on the court to order Israel to cease military operations in Gaza. Israel - which will present its defence on Friday - has vehemently rejected the accusations as ""baseless"". The court will deliver only an opinion on the genocide allegation, although it is being closely watched. Tembeka Ngcukaitobi, a lawyer for the High Court of South Africa, told the ICJ Israel's ""genocidal intent"" was evident ""from the way in which this military attack is being conducted"".
[IMAGE 3: ""South African lawyers present their case on the first day of a hearing at the UN's top court.""]

[4] La Kena: Notorious Mexican cartel leader captured - BBC News
Soon after the incident, another splinter cell of the Gulf Cartel, the Scorpions Group, were said to have apologised for the kidnapping and turned over five men it said were responsible. Since 2022, the Tamaulipas state government, where Matamoros is located, has had a 2,500,000 peso ($145,000; £115,000) reward for information leading to Vilano's arrest. He was also reportedly wanted by the US Drug Enforcement Administration (DEA).
The leader of a faction of the notorious Gulf Cartel in Mexico has been arrested, local media reports. José Alberto García Vilano, also known as La Kena or Ciclon 19, allegedly leads the violent Los Ciclones cell. His group is accused of kidnapping four US citizens in March last year, killing two of them. Vilano was reportedly captured in a shopping plaza in the city of Monterrey, after information about his whereabouts was leaked to officials.
[IMAGE 4: ""José Alberto García Vilano has been linked to the killing of two US citizens last year.""]

[5] Adolfo Macías Villamar: Curfew in Ecuador after infamous gang leader 'Fito' vanishes from cell - BBC News
He was being held in the maximum security wing of a jail in Guayaquil. The emergency measures include the suspension of the right of assembly and a nightly curfew. They were announced in a decree issued by President Daniel Noboa, who took office less than two months ago as the second-youngest holder of the post in Ecuadorean history. He won the election after a campaign overshadowed by unprecedented levels of violence, including the assassination of another candidate, Fernando Villavicencio.
He won the election after a campaign overshadowed by unprecedented levels of violence, including the assassination of another candidate, Fernando Villavicencio. President Noboa said the emergency would allow the military and police to take control of the country's prisons at a national level. Los Choneros control much of the compound at La Regional prison, where Fito was being held. ""These narco-terrorist groups intend to intimidate us and they think we will give in to their demands,"" the president said.
[IMAGE 5: ""The prison cell of the leader of the infamous Los Choneros gang, known as ""Fito"", was found empty.""]","Aditya Verma appeared in a Spanish court after joking to friends about blowing up a flight from London Gatwick to Menorca, which led to his trial for public disorder. The court found that his comments, made in July 2022, did not constitute a real threat. Verma's message was flagged by UK security services to Spanish authorities while the flight was still in the air. Ultimately, he was acquitted of the charges.",False,f59c303a755ddd46|c1afa3a324c3b40e|65ad6ce2d81ce849|8c025037ba856cd7|4eb56342bc8a30f6,0.5874,0.2995,5,,Europe,international
6d829e7bd943bfc0,M_vision,Why did Aditya Verma appear in a Spanish court?,"[1] British man acquitted over London-Spain flight bomb hoax - BBC News
Aditya Verma (R)'s one-day trial at Spain's National Court took place earlier this week A Spanish court has cleared a British man of public disorder, after he joked to friends about blowing up a flight from London Gatwick to Menorca. Aditya Verma admitted he told friends in July 2022: ""On my way to blow up the plane. I'm a member of the Taliban.""
was found that would lead one to believe it was a real threat"". Mr Verma's trial, held at the National Court in the Spanish capital, took place on Monday - a year-and-a-half after the incident took place. The message he sent to friends, before boarding the plane, went on to be picked up by UK security services. They then flagged it to Spanish authorities while the easyJet plane was still in the air.
[IMAGE 1: ""A judge ruled that Aditya Verma's message, from 2022, about ""blowing up"" a plane was not a real threat.""]

[2] Muhammad Yunus: Nobel laureate sentenced to jail in Bangladesh - BBC News
Ms Hasina said she welcomed international experts to assess the ongoing legal proceedings against Prof Yunus. It is not clear what led to the friction between Ms Hasina and Prof Yunus, but supporters of the economist said the government was attempting to discredit him because he once considered setting up a political party to rival the governing Awami League.
A court in Bangladesh has sentenced the Nobel laureate Muhammad Yunus to six months in jail for violating the country's labour laws. Prof Yunus' supporters say the case is politically motivated. The acclaimed economist and three colleagues from Grameen Telecom - one of the firms he founded - were found guilty of failing to create a welfare fund for their workers. All four deny any wrongdoing and have been granted bail pending appeals.
[IMAGE 2: ""Supporters of the Bangladeshi economist say the case against him is politically motivated.""]

[3] Israel officials support Gaza destruction, court hears - BBC News
Tembeka Ngcukaitobi, a lawyer for the High Court of South Africa, told the ICJ Israel's ""genocidal intent"" was evident ""from the way in which this military attack is being conducted"". ""The intent to destroy Gaza has been nurtured at the highest level of state,"" he said. ""Every day there is mounting, irreparable loss of life, property, dignity and humanity for the Palestinian people,"" Adila Hassim, also representing South Africa, told the court. ""Nothing will stop the suffering, except an order from this court.""
South Africa also called on the court to order Israel to cease military operations in Gaza. Israel - which will present its defence on Friday - has vehemently rejected the accusations as ""baseless"". The court will deliver only an opinion on the genocide allegation, although it is being closely watched. Tembeka Ngcukaitobi, a lawyer for the High Court of South Africa, told the ICJ Israel's ""genocidal intent"" was evident ""from the way in which this military attack is being conducted"".
[IMAGE 3: ""South African lawyers present their case on the first day of a hearing at the UN's top court.""]

[4] La Kena: Notorious Mexican cartel leader captured - BBC News
Soon after the incident, another splinter cell of the Gulf Cartel, the Scorpions Group, were said to have apologised for the kidnapping and turned over five men it said were responsible. Since 2022, the Tamaulipas state government, where Matamoros is located, has had a 2,500,000 peso ($145,000; £115,000) reward for information leading to Vilano's arrest. He was also reportedly wanted by the US Drug Enforcement Administration (DEA).
The leader of a faction of the notorious Gulf Cartel in Mexico has been arrested, local media reports. José Alberto García Vilano, also known as La Kena or Ciclon 19, allegedly leads the violent Los Ciclones cell. His group is accused of kidnapping four US citizens in March last year, killing two of them. Vilano was reportedly captured in a shopping plaza in the city of Monterrey, after information about his whereabouts was leaked to officials.
[IMAGE 4: ""José Alberto García Vilano has been linked to the killing of two US citizens last year.""]

[5] Adolfo Macías Villamar: Curfew in Ecuador after infamous gang leader 'Fito' vanishes from cell - BBC News
He was being held in the maximum security wing of a jail in Guayaquil. The emergency measures include the suspension of the right of assembly and a nightly curfew. They were announced in a decree issued by President Daniel Noboa, who took office less than two months ago as the second-youngest holder of the post in Ecuadorean history. He won the election after a campaign overshadowed by unprecedented levels of violence, including the assassination of another candidate, Fernando Villavicencio.
He won the election after a campaign overshadowed by unprecedented levels of violence, including the assassination of another candidate, Fernando Villavicencio. President Noboa said the emergency would allow the military and police to take control of the country's prisons at a national level. Los Choneros control much of the compound at La Regional prison, where Fito was being held. ""These narco-terrorist groups intend to intimidate us and they think we will give in to their demands,"" the president said.
[IMAGE 5: ""The prison cell of the leader of the infamous Los Choneros gang, known as ""Fito"", was found empty.""]","Aditya Verma appeared in a Spanish court after joking to friends about blowing up a flight from London to Menorca, claiming to be a member of the Taliban. His comments were taken seriously, leading UK security services to alert Spanish authorities while the flight was still in the air. However, the Spanish court ultimately acquitted him of public disorder, determining that there was no evidence to suggest his remarks constituted a real threat. The trial took place at Spain's National Court, a year and a half after the incident.",False,f59c303a755ddd46|c1afa3a324c3b40e|65ad6ce2d81ce849|8c025037ba856cd7|4eb56342bc8a30f6,0.5874,0.2995,5,data/images/f59c303a755ddd46.jpg|data/images/c1afa3a324c3b40e.jpg|data/images/65ad6ce2d81ce849.jpg|data/images/8c025037ba856cd7.jpg|data/images/4eb56342bc8a30f6.jpg,Europe,international
a5e6dc1584d225ec,B1,What was revealed about a British national sentenced for spying in China?,"[1] MI6 spy detained in China, authorities claim - BBC News
Chinese authorities say they have detained an individual alleged to be spying for Britain's foreign intelligence service, MI6. China's Ministry of State Security (MSS) said the individual was a foreigner and was trying to collect information inside the country. It is the latest arrest in a campaign by Chinese security to clamp down on foreign spying. The British government has not commented on the claims.
It said consular visits had been arranged following the arrest but did not say from which country. China has increasingly been publicising cases of alleged espionage by Western countries. Previous cases have focused on alleged activity by the US's Central Intelligence Agency (CIA) - so accusing Britain's MI6 is more unusual. Beijing has also launched public campaigns to raise awareness of foreign spying and calling on people to report any activity.

[2] China warns citizens against 'exotic beauty' traps of foreign spies - BBC News
It added that Mr Li's ""nightmare was far from over"" even after he returned to China, as he was continuously coerced into providing the organisation with classified information. ""In the end, Mr Li [was] completely reduced to a puppet at the mercy of the foreign intelligence group and has caused immeasurable harm to China's national security. the ministry said. It added that Mr Li had been arrested and will face a ""rigorous trial"".
The Ministry of State Security, which functions as China's intelligence and secret police agency, has increasingly been raising the alarm among citizens about the dangers of foreign spies. The ministry has also been making public the cases of people being arrested for espionage in China. Earlier this month, the ministry said Beijing had detained an individual alleged to be spying for Britain's foreign intelligence service, MI6. ""I do not think honey traps are any more prevalent now than at other points in time.

[3] Jimmy Lai: Hong Kong mogul pleads not guilty to national security crimes - BBC News
His landmark trial started on 18 December after a year-long delay and is expected to last for about 80 days. Mr Lai has been held in solitary confinement since December 2020, following his arrest for fraud and for his involvement in protests in the former British territory. He is a UK citizen and British Foreign Secretary David Cameron is among those who have called for his release. He is the most prominent person charged with violating the Beijing-backed National Security Law (NSL), which critics allege is being used to crack down on dissent.
Mr Lai, 76, is the most prominent person charged for violating the Beijing-backed National Security Law Hong Kong pro-democracy media mogul Jimmy Lai has pleaded not guilty to sedition and collusion with foreign forces in a landmark security trial. His case has sparked an international outcry and is widely seen as a test of Hong Kong's judicial independence. His landmark trial started on 18 December after a year-long delay and is expected to last for about 80 days.

[4] How London hotel sting caught Swiss museum heist thieves - BBC News
""Please, any help would be great."" China Guardian then tipped off the Met Police and undercover officers struck up a relationship with Mr Steel as part of a covert operation. His real name was David Lamming, they discovered, and his email address was connected to the Ahearnes. One officer, using the alias Paul, liaised with the gang and then agreed to meet Lamming to discuss a price for selling the stolen vase.
A leaflet from the Geneva museum was also retrieved. A circle had been drawn around the pictures of the stolen Ming Dynasty items. Wright and Nkhwa were each convicted in London of conspiracy to convert criminal property; they were sentenced to three years and 30 months' imprisonment respectively. Lamming changed his plea to guilty just before the trial began.

[5] Gaza war creating a radicalisation moment, senior UK police officer says - BBC News
Senior officers also say the UK has a legal duty to support the work of the International Criminal Court, and coroners' inquests into the deaths of British nationals. The problem detectives face is that they might receive ""dossiers"" of evidence that war crimes have been committed, but no first or second-hand eye witness accounts. Information tends to come from law firms, non-government organisations such as charities, and ""people in the middle of conflict"". The counter-terrorism command is also dealing with an increased threat from hostile states, principally Russia, Iran and China.
The counter-terrorism command is also dealing with an increased threat from hostile states, principally Russia, Iran and China. In a recent case, an Austrian man, Magomed-Husejn Dovtaev, was jailed for three years after being spotted by security guards carrying out ""hostile reconnaissance"" on an Iranian media company in Chiswick, London, which had been threatened due to its reporting on Iran. Police are also concerned states targeting the UK are paying criminals to carry out their activities, because an organised crime gang may find it easier to operate across borders and move weapons than a spy. A new investigations team has been set up to counter hostile states, closely linked to the security and secret intelligence services, MI5 and MI6.","Chinese authorities have detained a British national accused of spying for MI6, the UK's foreign intelligence service. This arrest is part of a broader campaign by China to combat foreign espionage, which has included publicizing various cases of alleged spying activities. The British government has arranged consular visits following the arrest but has not provided further comments on the situation. The Ministry of State Security in China has been actively warning citizens about the dangers posed by foreign spies and has increased its efforts to raise awareness of espionage issues.",False,d2f56d9b7e7e617d|2caf08166e5676df|c332fb5fc74f2547|762409f199222e8a|c0bcec61827baf44,0.7354,0.3085,5,,China,international
a5e6dc1584d225ec,M,What was revealed about a British national sentenced for spying in China?,"[1] MI6 spy detained in China, authorities claim - BBC News
Chinese authorities say they have detained an individual alleged to be spying for Britain's foreign intelligence service, MI6. China's Ministry of State Security (MSS) said the individual was a foreigner and was trying to collect information inside the country. It is the latest arrest in a campaign by Chinese security to clamp down on foreign spying. The British government has not commented on the claims.
It said consular visits had been arranged following the arrest but did not say from which country. China has increasingly been publicising cases of alleged espionage by Western countries. Previous cases have focused on alleged activity by the US's Central Intelligence Agency (CIA) - so accusing Britain's MI6 is more unusual. Beijing has also launched public campaigns to raise awareness of foreign spying and calling on people to report any activity.
[IMAGE 1: ""It is the latest arrest in a campaign by Chinese security to clamp down on alleged foreign spying.""]

[2] Jimmy Lai: Hong Kong mogul pleads not guilty to national security crimes - BBC News
His landmark trial started on 18 December after a year-long delay and is expected to last for about 80 days. Mr Lai has been held in solitary confinement since December 2020, following his arrest for fraud and for his involvement in protests in the former British territory. He is a UK citizen and British Foreign Secretary David Cameron is among those who have called for his release. He is the most prominent person charged with violating the Beijing-backed National Security Law (NSL), which critics allege is being used to crack down on dissent.
Mr Lai, 76, is the most prominent person charged for violating the Beijing-backed National Security Law Hong Kong pro-democracy media mogul Jimmy Lai has pleaded not guilty to sedition and collusion with foreign forces in a landmark security trial. His case has sparked an international outcry and is widely seen as a test of Hong Kong's judicial independence. His landmark trial started on 18 December after a year-long delay and is expected to last for about 80 days.
[IMAGE 2: ""Jimmy Lai pleads not guilty to breaching national security and colluding with foreign forces.""]

[3] China warns citizens against 'exotic beauty' traps of foreign spies - BBC News
It added that Mr Li's ""nightmare was far from over"" even after he returned to China, as he was continuously coerced into providing the organisation with classified information. ""In the end, Mr Li [was] completely reduced to a puppet at the mercy of the foreign intelligence group and has caused immeasurable harm to China's national security. the ministry said. It added that Mr Li had been arrested and will face a ""rigorous trial"".
The Ministry of State Security, which functions as China's intelligence and secret police agency, has increasingly been raising the alarm among citizens about the dangers of foreign spies. The ministry has also been making public the cases of people being arrested for espionage in China. Earlier this month, the ministry said Beijing had detained an individual alleged to be spying for Britain's foreign intelligence service, MI6. ""I do not think honey traps are any more prevalent now than at other points in time.
[IMAGE 3: ""Beijing cites story of Chinese man who fell prey to a honey trap by foreign spies.""]

[4] How London hotel sting caught Swiss museum heist thieves - BBC News
""Please, any help would be great."" China Guardian then tipped off the Met Police and undercover officers struck up a relationship with Mr Steel as part of a covert operation. His real name was David Lamming, they discovered, and his email address was connected to the Ahearnes. One officer, using the alias Paul, liaised with the gang and then agreed to meet Lamming to discuss a price for selling the stolen vase.
A leaflet from the Geneva museum was also retrieved. A circle had been drawn around the pictures of the stolen Ming Dynasty items. Wright and Nkhwa were each convicted in London of conspiracy to convert criminal property; they were sentenced to three years and 30 months' imprisonment respectively. Lamming changed his plea to guilty just before the trial began.
[IMAGE 4: ""A vase stolen from Geneva was carried around London in a JD Sports bag as the gang looked to sell it on.""]

[5] Gaza war creating a radicalisation moment, senior UK police officer says - BBC News
Senior officers also say the UK has a legal duty to support the work of the International Criminal Court, and coroners' inquests into the deaths of British nationals. The problem detectives face is that they might receive ""dossiers"" of evidence that war crimes have been committed, but no first or second-hand eye witness accounts. Information tends to come from law firms, non-government organisations such as charities, and ""people in the middle of conflict"". The counter-terrorism command is also dealing with an increased threat from hostile states, principally Russia, Iran and China.
The counter-terrorism command is also dealing with an increased threat from hostile states, principally Russia, Iran and China. In a recent case, an Austrian man, Magomed-Husejn Dovtaev, was jailed for three years after being spotted by security guards carrying out ""hostile reconnaissance"" on an Iranian media company in Chiswick, London, which had been threatened due to its reporting on Iran. Police are also concerned states targeting the UK are paying criminals to carry out their activities, because an organised crime gang may find it easier to operate across borders and move weapons than a spy. A new investigations team has been set up to counter hostile states, closely linked to the security and secret intelligence services, MI5 and MI6.
[IMAGE 5: ""A senior police officer warns the conflict could push more people towards terrorism.""]","Chinese authorities have detained a British national accused of spying for MI6, marking a significant development in China's ongoing campaign against foreign espionage. The Ministry of State Security has publicly highlighted this case, which is part of a broader effort to raise awareness about foreign spying activities. The British government has arranged consular visits following the arrest but has not provided specific comments on the situation. This incident reflects China's increasing focus on alleged espionage by Western nations, particularly in light of previous accusations against the CIA.",False,d2f56d9b7e7e617d|c332fb5fc74f2547|2caf08166e5676df|762409f199222e8a|c0bcec61827baf44,0.7354,0.3085,5,,China,international
a5e6dc1584d225ec,M_vision,What was revealed about a British national sentenced for spying in China?,"[1] MI6 spy detained in China, authorities claim - BBC News
Chinese authorities say they have detained an individual alleged to be spying for Britain's foreign intelligence service, MI6. China's Ministry of State Security (MSS) said the individual was a foreigner and was trying to collect information inside the country. It is the latest arrest in a campaign by Chinese security to clamp down on foreign spying. The British government has not commented on the claims.
It said consular visits had been arranged following the arrest but did not say from which country. China has increasingly been publicising cases of alleged espionage by Western countries. Previous cases have focused on alleged activity by the US's Central Intelligence Agency (CIA) - so accusing Britain's MI6 is more unusual. Beijing has also launched public campaigns to raise awareness of foreign spying and calling on people to report any activity.
[IMAGE 1: ""It is the latest arrest in a campaign by Chinese security to clamp down on alleged foreign spying.""]

[2] Jimmy Lai: Hong Kong mogul pleads not guilty to national security crimes - BBC News
His landmark trial started on 18 December after a year-long delay and is expected to last for about 80 days. Mr Lai has been held in solitary confinement since December 2020, following his arrest for fraud and for his involvement in protests in the former British territory. He is a UK citizen and British Foreign Secretary David Cameron is among those who have called for his release. He is the most prominent person charged with violating the Beijing-backed National Security Law (NSL), which critics allege is being used to crack down on dissent.
Mr Lai, 76, is the most prominent person charged for violating the Beijing-backed National Security Law Hong Kong pro-democracy media mogul Jimmy Lai has pleaded not guilty to sedition and collusion with foreign forces in a landmark security trial. His case has sparked an international outcry and is widely seen as a test of Hong Kong's judicial independence. His landmark trial started on 18 December after a year-long delay and is expected to last for about 80 days.
[IMAGE 2: ""Jimmy Lai pleads not guilty to breaching national security and colluding with foreign forces.""]

[3] China warns citizens against 'exotic beauty' traps of foreign spies - BBC News
It added that Mr Li's ""nightmare was far from over"" even after he returned to China, as he was continuously coerced into providing the organisation with classified information. ""In the end, Mr Li [was] completely reduced to a puppet at the mercy of the foreign intelligence group and has caused immeasurable harm to China's national security. the ministry said. It added that Mr Li had been arrested and will face a ""rigorous trial"".
The Ministry of State Security, which functions as China's intelligence and secret police agency, has increasingly been raising the alarm among citizens about the dangers of foreign spies. The ministry has also been making public the cases of people being arrested for espionage in China. Earlier this month, the ministry said Beijing had detained an individual alleged to be spying for Britain's foreign intelligence service, MI6. ""I do not think honey traps are any more prevalent now than at other points in time.
[IMAGE 3: ""Beijing cites story of Chinese man who fell prey to a honey trap by foreign spies.""]

[4] How London hotel sting caught Swiss museum heist thieves - BBC News
""Please, any help would be great."" China Guardian then tipped off the Met Police and undercover officers struck up a relationship with Mr Steel as part of a covert operation. His real name was David Lamming, they discovered, and his email address was connected to the Ahearnes. One officer, using the alias Paul, liaised with the gang and then agreed to meet Lamming to discuss a price for selling the stolen vase.
A leaflet from the Geneva museum was also retrieved. A circle had been drawn around the pictures of the stolen Ming Dynasty items. Wright and Nkhwa were each convicted in London of conspiracy to convert criminal property; they were sentenced to three years and 30 months' imprisonment respectively. Lamming changed his plea to guilty just before the trial began.
[IMAGE 4: ""A vase stolen from Geneva was carried around London in a JD Sports bag as the gang looked to sell it on.""]

[5] Gaza war creating a radicalisation moment, senior UK police officer says - BBC News
Senior officers also say the UK has a legal duty to support the work of the International Criminal Court, and coroners' inquests into the deaths of British nationals. The problem detectives face is that they might receive ""dossiers"" of evidence that war crimes have been committed, but no first or second-hand eye witness accounts. Information tends to come from law firms, non-government organisations such as charities, and ""people in the middle of conflict"". The counter-terrorism command is also dealing with an increased threat from hostile states, principally Russia, Iran and China.
The counter-terrorism command is also dealing with an increased threat from hostile states, principally Russia, Iran and China. In a recent case, an Austrian man, Magomed-Husejn Dovtaev, was jailed for three years after being spotted by security guards carrying out ""hostile reconnaissance"" on an Iranian media company in Chiswick, London, which had been threatened due to its reporting on Iran. Police are also concerned states targeting the UK are paying criminals to carry out their activities, because an organised crime gang may find it easier to operate across borders and move weapons than a spy. A new investigations team has been set up to counter hostile states, closely linked to the security and secret intelligence services, MI5 and MI6.
[IMAGE 5: ""A senior police officer warns the conflict could push more people towards terrorism.""]","Chinese authorities have detained a foreign individual, alleged to be spying for Britain's MI6, as part of a broader campaign to combat foreign espionage. The Ministry of State Security in China has been actively publicizing cases of alleged spying, including this recent arrest, which is notable as previous cases have primarily involved the CIA. The British government has arranged consular visits following the arrest but has not confirmed the individual's nationality. This incident reflects China's increasing focus on foreign intelligence activities within its borders.",False,d2f56d9b7e7e617d|c332fb5fc74f2547|2caf08166e5676df|762409f199222e8a|c0bcec61827baf44,0.7354,0.3085,5,data/images/d2f56d9b7e7e617d.jpg|data/images/c332fb5fc74f2547.jpg|data/images/2caf08166e5676df.jpg|data/images/762409f199222e8a.jpg|data/images/c0bcec61827baf44.jpg,China,international
f0e21d85bbfdba7b,B1,What is the plan for reopening the train lines from Carmarthen to Bangor?,"[1] UK weather: Heavy rain and flooding across England - BBC News
The train company's direct route between Swindon and Bristol Parkway remains closed due to flooding on tracks during Storm Henk. South Western Railway (SWR) said multiple services were cancelled on Thursday. It urged passengers travelling on Friday to check ahead of their journeys, as it expected services would be affected by Thursday's disruption. Farmland was flooded in farmland near Bangor-on-Dee in North East Wales
People who live in areas covered by flood warnings should act by turning off gas, water and electricity supplies, moving things upstairs, and moving family, pets and cars to safety, according to the Environment Agency, which covers England. National Rail said train services running across Gatwick Express, Southern and Thameslink networks may be cancelled or delayed. Great Western Rail, which connects London with south-west England and south Wales, advised travellers against starting their journeys by rail due to the heavy rainfall forecast on already flooded ground. The train company's direct route between Swindon and Bristol Parkway remains closed due to flooding on tracks during Storm Henk.

[2] Thousands left without power in Northern Ireland after Storm Isha - BBC News
This was the scene at Irish Street in the Waterside area of Londonderry on Monday morning The managing director of Belfast International Airport, Graham Keddie, said Sunday was ""tough"" for its teams, but most aircraft had landed and they had returned to ""virtually normal operations"" on Monday. Translink said a tree had fallen on the Lisburn train line, causing delays and disruption to the Portadown to Bangor rail line. It added that due to exceptional weather all train lines are disrupted on Monday morning.
It added that due to exceptional weather all train lines are disrupted on Monday morning. Travel updates are available here. A fallen tree knocked over a street light on Church Road in the Castlereagh Hills The PSNI said a multi-agency response continues to deal with the aftermath and recovery from Storm Isha and thanked the public for their ""continued patience and understanding"".

[3] Cardiff Parkway: Final decision on St Mellons railway station - BBC News
The Welsh government had pledged £5m and had planned to become a shareholder in the project A major new railway station was planned to open in 2024 - instead, it will again go before planners who will decide if work can even get started. It was estimated Cardiff Parkway would provide 6,000 jobs in St Mellons and could accommodate 800,000 passengers a year between Cardiff and London. However, after changes to planning policy, the Welsh government said it merited re-looking at plans.
However, after changes to planning policy, the Welsh government said it merited re-looking at plans. A planning hearing is on Tuesday and developers said they were frustrated. Cardiff Parkway had long been described as a key development, linking passengers on the South Wales Metro network to north Wales, Bristol, Manchester and London, as well as potentially having eight trains an hour between Newport and Cardiff. It was to be built on farmland between the two cities, near Cypress Drive in St Mellons.

[4] Wales weather: Risk to life warning as Storm Henk hits - BBC News
Natural Resources Wales (NRW) said the situation near the River Ritec in Tenby, Pembrokeshire, near Kiln Park caravan site, was severe. It said the Ritec had been rising steadily since 08:00 GMT on Tuesday, peaking early on Wednesday. ""We don't know when we can reopen because of the damage,"" says Kathryn Hunt, manager of the Tafarn y Deri in Llanedi, Carmarthenshire Pembrokeshire council said the A4139 Marsh Road at Kiln Park Service Station had to be closed due to flooding, taking motorist on diversions via Devonshire Drive and the Ridgeway.
National Rail said heavy rain flooded the tracks between Swansea and Gowerton and between Saundersfoot and Manorbier, affecting services between Swansea and Carmarthen, and to and from Pembroke Dock. Train services between London Paddington and south Wales were diverted, Great Western Railway said, because of flooding between Swindon and Bristol Parkway. The Dyfi Bridge warning signs are on display in Machynlleth but the bridge remains open as river level rises The Met Office said flooding of some homes and businesses was possible, in addition to power cuts and travel disruption, and urged people to only travel if necessary.

[5] Storm Isha batters UK with strong winds and rain - BBC News
The winds also saw the closure of the Tay Road Bridge, M48 Severn Bridge and the A66 in Durham and Cumbria between the A1(M) and the M6. Network Rail has imposed a 50mph speed restrictions across most routes. ScotRail has cancelled all of its rush-hour trains and warned services may not begin running until ""later on Monday"". There are reports of trees damaging overhead power cables on some lines.
There are reports of trees damaging overhead power cables on some lines. The Southern rail route between Gatwick Airport and East Croydon is severely disrupted and travel is not advised until later on Monday. East Midlands Railway has also said delays and alterations to its services were ""likely"", and LNER announced no trains will run north of Newcastle until midday. Southeastern cancelled early Monday morning trains before 06:00 into and out of London to allow engineers to check for debris.","The evidence does not provide specific information about the reopening of train lines from Carmarthen to Bangor. It discusses disruptions to various train services in the UK due to severe weather conditions, including flooding and fallen trees affecting multiple routes. National Rail and other train companies have advised against travel and indicated that services are significantly impacted by the weather, but there are no details regarding the Carmarthen to Bangor line specifically.",False,cb65cf5ba1ba846a|216a25c43f8453ac|084b4c0892fd6323|69468edfff2d425f|a796bd27c9dc51a3,0.5279,0.2346,5,,Wales,society_culture
f0e21d85bbfdba7b,M,What is the plan for reopening the train lines from Carmarthen to Bangor?,"[1] UK weather: Heavy rain and flooding across England - BBC News
The train company's direct route between Swindon and Bristol Parkway remains closed due to flooding on tracks during Storm Henk. South Western Railway (SWR) said multiple services were cancelled on Thursday. It urged passengers travelling on Friday to check ahead of their journeys, as it expected services would be affected by Thursday's disruption. Farmland was flooded in farmland near Bangor-on-Dee in North East Wales
People who live in areas covered by flood warnings should act by turning off gas, water and electricity supplies, moving things upstairs, and moving family, pets and cars to safety, according to the Environment Agency, which covers England. National Rail said train services running across Gatwick Express, Southern and Thameslink networks may be cancelled or delayed. Great Western Rail, which connects London with south-west England and south Wales, advised travellers against starting their journeys by rail due to the heavy rainfall forecast on already flooded ground. The train company's direct route between Swindon and Bristol Parkway remains closed due to flooding on tracks during Storm Henk.
[IMAGE 1: ""Downpours are hitting saturated ground in the south, and residents have been evacuated from hundreds of homes.""]

[2] Cardiff Parkway: Final decision on St Mellons railway station - BBC News
The Welsh government had pledged £5m and had planned to become a shareholder in the project A major new railway station was planned to open in 2024 - instead, it will again go before planners who will decide if work can even get started. It was estimated Cardiff Parkway would provide 6,000 jobs in St Mellons and could accommodate 800,000 passengers a year between Cardiff and London. However, after changes to planning policy, the Welsh government said it merited re-looking at plans.
However, after changes to planning policy, the Welsh government said it merited re-looking at plans. A planning hearing is on Tuesday and developers said they were frustrated. Cardiff Parkway had long been described as a key development, linking passengers on the South Wales Metro network to north Wales, Bristol, Manchester and London, as well as potentially having eight trains an hour between Newport and Cardiff. It was to be built on farmland between the two cities, near Cypress Drive in St Mellons.
[IMAGE 2: ""Plans suggest it could create 6,000 jobs and accommodate 800,000 passengers a year.""]

[3] Thousands left without power in Northern Ireland after Storm Isha - BBC News
This was the scene at Irish Street in the Waterside area of Londonderry on Monday morning The managing director of Belfast International Airport, Graham Keddie, said Sunday was ""tough"" for its teams, but most aircraft had landed and they had returned to ""virtually normal operations"" on Monday. Translink said a tree had fallen on the Lisburn train line, causing delays and disruption to the Portadown to Bangor rail line. It added that due to exceptional weather all train lines are disrupted on Monday morning.
It added that due to exceptional weather all train lines are disrupted on Monday morning. Travel updates are available here. A fallen tree knocked over a street light on Church Road in the Castlereagh Hills The PSNI said a multi-agency response continues to deal with the aftermath and recovery from Storm Isha and thanked the public for their ""continued patience and understanding"".
[IMAGE 3: ""About 13,000 households remain without power due to Storm Isha, as Storm Jocelyn is due to hit.""]

[4] Rail lines reopen between Reading and Paddington - BBC News
It is still being felt in some areas and GWR said: ""Due to heavy rain flooding the railway between Reading and Westbury fewer trains are able to run. ""Train services running to and from these stations will be cancelled, delayed or revised. Disruption is expected until the end of the day."" The rail company has also warned that routes from Paddington to Didcot Parkway, Oxford and beyond are also affected.
Passengers advised to check with National Rail Enquiries or their local train operator before they travel. (stock image) Rail lines between London Paddington, Heathrow Airport and Reading have reopened following earlier disruption. Network Rail confirmed engineers have fixed the damaged overhead electric cables on the route.
[IMAGE 4: ""Network Rail says problems caused by damage to overhead electric cables have been fixed.""]

[5] Storm Isha batters UK with strong winds and rain - BBC News
The winds also saw the closure of the Tay Road Bridge, M48 Severn Bridge and the A66 in Durham and Cumbria between the A1(M) and the M6. Network Rail has imposed a 50mph speed restrictions across most routes. ScotRail has cancelled all of its rush-hour trains and warned services may not begin running until ""later on Monday"". There are reports of trees damaging overhead power cables on some lines.
There are reports of trees damaging overhead power cables on some lines. The Southern rail route between Gatwick Airport and East Croydon is severely disrupted and travel is not advised until later on Monday. East Midlands Railway has also said delays and alterations to its services were ""likely"", and LNER announced no trains will run north of Newcastle until midday. Southeastern cancelled early Monday morning trains before 06:00 into and out of London to allow engineers to check for debris.
[IMAGE 5: ""Thousands of people have spent the night without power and travel disruption is set to continue.""]","The evidence does not provide specific information about the reopening of train lines from Carmarthen to Bangor. It discusses various disruptions and closures affecting train services in different regions due to severe weather conditions, including flooding and fallen trees. The reports highlight the impact of storms on rail operations, but there is no mention of plans or timelines related to the Carmarthen to Bangor train lines.",False,cb65cf5ba1ba846a|084b4c0892fd6323|216a25c43f8453ac|093850dc054a3ea2|a796bd27c9dc51a3,0.5279,0.252,5,,Wales,society_culture
f0e21d85bbfdba7b,M_vision,What is the plan for reopening the train lines from Carmarthen to Bangor?,"[1] UK weather: Heavy rain and flooding across England - BBC News
The train company's direct route between Swindon and Bristol Parkway remains closed due to flooding on tracks during Storm Henk. South Western Railway (SWR) said multiple services were cancelled on Thursday. It urged passengers travelling on Friday to check ahead of their journeys, as it expected services would be affected by Thursday's disruption. Farmland was flooded in farmland near Bangor-on-Dee in North East Wales
People who live in areas covered by flood warnings should act by turning off gas, water and electricity supplies, moving things upstairs, and moving family, pets and cars to safety, according to the Environment Agency, which covers England. National Rail said train services running across Gatwick Express, Southern and Thameslink networks may be cancelled or delayed. Great Western Rail, which connects London with south-west England and south Wales, advised travellers against starting their journeys by rail due to the heavy rainfall forecast on already flooded ground. The train company's direct route between Swindon and Bristol Parkway remains closed due to flooding on tracks during Storm Henk.
[IMAGE 1: ""Downpours are hitting saturated ground in the south, and residents have been evacuated from hundreds of homes.""]

[2] Cardiff Parkway: Final decision on St Mellons railway station - BBC News
The Welsh government had pledged £5m and had planned to become a shareholder in the project A major new railway station was planned to open in 2024 - instead, it will again go before planners who will decide if work can even get started. It was estimated Cardiff Parkway would provide 6,000 jobs in St Mellons and could accommodate 800,000 passengers a year between Cardiff and London. However, after changes to planning policy, the Welsh government said it merited re-looking at plans.
However, after changes to planning policy, the Welsh government said it merited re-looking at plans. A planning hearing is on Tuesday and developers said they were frustrated. Cardiff Parkway had long been described as a key development, linking passengers on the South Wales Metro network to north Wales, Bristol, Manchester and London, as well as potentially having eight trains an hour between Newport and Cardiff. It was to be built on farmland between the two cities, near Cypress Drive in St Mellons.
[IMAGE 2: ""Plans suggest it could create 6,000 jobs and accommodate 800,000 passengers a year.""]

[3] Thousands left without power in Northern Ireland after Storm Isha - BBC News
This was the scene at Irish Street in the Waterside area of Londonderry on Monday morning The managing director of Belfast International Airport, Graham Keddie, said Sunday was ""tough"" for its teams, but most aircraft had landed and they had returned to ""virtually normal operations"" on Monday. Translink said a tree had fallen on the Lisburn train line, causing delays and disruption to the Portadown to Bangor rail line. It added that due to exceptional weather all train lines are disrupted on Monday morning.
It added that due to exceptional weather all train lines are disrupted on Monday morning. Travel updates are available here. A fallen tree knocked over a street light on Church Road in the Castlereagh Hills The PSNI said a multi-agency response continues to deal with the aftermath and recovery from Storm Isha and thanked the public for their ""continued patience and understanding"".
[IMAGE 3: ""About 13,000 households remain without power due to Storm Isha, as Storm Jocelyn is due to hit.""]

[4] Rail lines reopen between Reading and Paddington - BBC News
It is still being felt in some areas and GWR said: ""Due to heavy rain flooding the railway between Reading and Westbury fewer trains are able to run. ""Train services running to and from these stations will be cancelled, delayed or revised. Disruption is expected until the end of the day."" The rail company has also warned that routes from Paddington to Didcot Parkway, Oxford and beyond are also affected.
Passengers advised to check with National Rail Enquiries or their local train operator before they travel. (stock image) Rail lines between London Paddington, Heathrow Airport and Reading have reopened following earlier disruption. Network Rail confirmed engineers have fixed the damaged overhead electric cables on the route.
[IMAGE 4: ""Network Rail says problems caused by damage to overhead electric cables have been fixed.""]

[5] Storm Isha batters UK with strong winds and rain - BBC News
The winds also saw the closure of the Tay Road Bridge, M48 Severn Bridge and the A66 in Durham and Cumbria between the A1(M) and the M6. Network Rail has imposed a 50mph speed restrictions across most routes. ScotRail has cancelled all of its rush-hour trains and warned services may not begin running until ""later on Monday"". There are reports of trees damaging overhead power cables on some lines.
There are reports of trees damaging overhead power cables on some lines. The Southern rail route between Gatwick Airport and East Croydon is severely disrupted and travel is not advised until later on Monday. East Midlands Railway has also said delays and alterations to its services were ""likely"", and LNER announced no trains will run north of Newcastle until midday. Southeastern cancelled early Monday morning trains before 06:00 into and out of London to allow engineers to check for debris.
[IMAGE 5: ""Thousands of people have spent the night without power and travel disruption is set to continue.""]","The evidence does not provide specific information about the reopening of train lines from Carmarthen to Bangor. It discusses various disruptions to train services across the UK due to severe weather conditions, including flooding and fallen trees affecting multiple rail lines. There are mentions of cancellations and delays on different routes, but no details are given regarding the Carmarthen to Bangor line or any plans for its reopening.",False,cb65cf5ba1ba846a|084b4c0892fd6323|216a25c43f8453ac|093850dc054a3ea2|a796bd27c9dc51a3,0.5279,0.252,5,data/images/cb65cf5ba1ba846a.jpg|data/images/084b4c0892fd6323.jpg|data/images/216a25c43f8453ac.jpg|data/images/093850dc054a3ea2.jpg|data/images/a796bd27c9dc51a3.jpg,Wales,society_culture
0c1244b85425067a,B1,What did Alexei Navalny say in his January video from prison?,"[1] 'Say you're sorry': Russia's trend for humiliating videos - BBC News
Most of the videos showed people saying sorry for criticising Chechnya's strongman leader Ramzan Kadyrov. One featured a man apologising for being gay. Another featured a man wearing no trousers who had criticised the Chechen leader for singing a song called ""President Putin is my best friend"". This man was shown apologising for snowboarding down a slope in a Borat-style ""mankini""
Other videos posted by Russian police feature men repenting for offences such as trying to topple a monument in the shape of the letter Z, which has come to symbolise Russia's war, and setting fire to a pro-war blogger's door. One man had to apologise for defacing pro-war graffiti in the republic of Chuvashia There have been accusations that such videos are often recorded under duress. For example, a blogger known as Nekoglay said police in Moscow forced him to appear on camera after stripping him, beating him up and attempting to rape him with a plastic bottle.

[2] Ukrainian intelligence does not rule out PoWs on downed Russian plane - BBC News
""There is no clear information about prisoners of war. There are only statements by Russia, of a political and propagandist nature,"" he said. ""Who or what was on board needs to be clarified."" Mr Yusov, who is the first Ukrainian official interviewed by the BBC since the incident on Wednesday, accused Moscow of ""hiding"" information, with limited images from the crash site - including of any dead.
Mr Yusov, who is the first Ukrainian official interviewed by the BBC since the incident on Wednesday, accused Moscow of ""hiding"" information, with limited images from the crash site - including of any dead. Russia says 65 Ukrainian prisoners of war died when the IL-76 plane was shot down by a Ukrainian missile. Its investigative committee released a short video this evening, showing blood on the snow, plane wreckage and a large blackened area of ground. There are some human body parts - but the footage and what it reveals is very limited.

[3] Edinburgh tenant records flat rent row on secret video - BBC News
Before leaving he says: ""You can Google me."" Mr Chen only agreed to speak to BBC Scotland News if the interview was published after he left the UK for Taiwan. He said: ""I was quite surprised, I never expect someone will just show in my room, in person to threaten me like pay your rent right now or move out. ""I would say it was my first time meeting people so aggressive to me, I was quite nervous.""
This included one sent in November from an unknown number which included a threat that Mr Chen would be ""spending Christmas in hospital"". Mr Fortune said none of these messages came from him. Mr Chen said the confrontation left him frightened and added ""nobody deserves to be treated like this"". The man captured in Mr Chen's secret video on the left and Mr Fortune pictured in 2013

[4] Vladimir Putin makes little mention of Ukraine in new year speech - BBC News
This year he was back to the traditional backdrop of the Kremlin, alone. ""To everyone who is at a combat post, at the forefront of the fight for truth and justice: You are our heroes, our hearts are with you,"" he said, adding: ""We are proud of you, we admire your courage."" That was as close as Mr Putin got to making mention of the thousands of Russian casualties in the war with Ukraine, which includes more than 20 people killed in the border city of Belgorod over the weekend. ""We have proven more than once that we can solve the most difficult problems and will never retreat, because there is no force that can divide us,"" the Russian president said.
He also referenced economic issues, a key topic for many Russians, and declared 2024 the ""year of the family"". The address was a more subdued affair than the previous year's. Last year, Mr Putin delivered his speech flanked by soldiers and offered stern calls for sacrifice in the name of survival. This year he was back to the traditional backdrop of the Kremlin, alone.

[5] Llanelli DJ Leigh Brookfield jailed for urinating on cancer patient - BBC News
""Mr Barton didn't know what he was talking about,"" she said. She said members of the tennis club knocked on his door the following day asking if he was OK and Mr Barton was ""completely gobsmacked"" when they showed him the video. In the victim impact statement, Mr Barton said he cried when he saw the video. ""I couldn't believe someone would do this to someone else,"" he said.
""I couldn't believe someone would do this to someone else,"" he said. ""I went into the town to get some bread and I heard someone say: 'Look it's the man from Facebook'. ""It was extremely upsetting to know that people had seen this video and people are recognising me because of the video."" The court heard how Brookfield had three previous drink-driving related convictions.",INSUFFICIENT_EVIDENCE,False,abbe69e8e392152b|b6cfed5ba17c7987|4cfcdc66393c635f|fd775f0955726761|3b3e518fe67ad003,0.5837,0.2941,5,,,society_culture
0c1244b85425067a,M,What did Alexei Navalny say in his January video from prison?,"[1] 'Say you're sorry': Russia's trend for humiliating videos - BBC News
Most of the videos showed people saying sorry for criticising Chechnya's strongman leader Ramzan Kadyrov. One featured a man apologising for being gay. Another featured a man wearing no trousers who had criticised the Chechen leader for singing a song called ""President Putin is my best friend"". This man was shown apologising for snowboarding down a slope in a Borat-style ""mankini""
Other videos posted by Russian police feature men repenting for offences such as trying to topple a monument in the shape of the letter Z, which has come to symbolise Russia's war, and setting fire to a pro-war blogger's door. One man had to apologise for defacing pro-war graffiti in the republic of Chuvashia There have been accusations that such videos are often recorded under duress. For example, a blogger known as Nekoglay said police in Moscow forced him to appear on camera after stripping him, beating him up and attempting to rape him with a plastic bottle.
[IMAGE 1: ""Forced video apologies have become increasingly common since Russia's war in Ukraine began.""]

[2] Llanelli DJ Leigh Brookfield jailed for urinating on cancer patient - BBC News
""Mr Barton didn't know what he was talking about,"" she said. She said members of the tennis club knocked on his door the following day asking if he was OK and Mr Barton was ""completely gobsmacked"" when they showed him the video. In the victim impact statement, Mr Barton said he cried when he saw the video. ""I couldn't believe someone would do this to someone else,"" he said.
""I couldn't believe someone would do this to someone else,"" he said. ""I went into the town to get some bread and I heard someone say: 'Look it's the man from Facebook'. ""It was extremely upsetting to know that people had seen this video and people are recognising me because of the video."" The court heard how Brookfield had three previous drink-driving related convictions.
[IMAGE 2: ""Leigh Brookfield posted a video of himself on Snapchat and Facebook urinating on a 72-year-old man.""]

[3] Darya Trepova: Russian woman jailed for 27 years for cafe bomb killing - BBC News
Tatarsky was among those who have gone so far as to criticise the Russian authorities, slamming the military and even President Vladimir Putin for setbacks on the battlefield. But he was posthumously awarded the Order of Courage by Mr Putin. Trepova's sentencing comes just after another controversial pro-war figure, the former commander of Russian-backed rebels in eastern Ukraine Igor Girkin, was sentenced to four years in jail for ""calls to carry out extremist activities"". Watch: The moments leading up to St Petersburg cafe explosion
Tatarsky was a well-known blogger with more than half a million followers, and had a criminal past. Born in the Donetsk region of eastern Ukraine, he said he joined Russian-backed separatists when they released him from jail, where he was serving time for armed robbery. He was part of a pro-Kremlin military blogger community that has taken on a relatively high-profile role since Russia's full-scale invasion of Ukraine began in February 2022. Tatarsky was among those who have gone so far as to criticise the Russian authorities, slamming the military and even President Vladimir Putin for setbacks on the battlefield.
[IMAGE 3: ""Darya Trepova is found guilty of carrying out a bombing that killed a pro-war blogger in St Petersburg.""]

[4] Vladimir Putin makes little mention of Ukraine in new year speech - BBC News
This year he was back to the traditional backdrop of the Kremlin, alone. ""To everyone who is at a combat post, at the forefront of the fight for truth and justice: You are our heroes, our hearts are with you,"" he said, adding: ""We are proud of you, we admire your courage."" That was as close as Mr Putin got to making mention of the thousands of Russian casualties in the war with Ukraine, which includes more than 20 people killed in the border city of Belgorod over the weekend. ""We have proven more than once that we can solve the most difficult problems and will never retreat, because there is no force that can divide us,"" the Russian president said.
He also referenced economic issues, a key topic for many Russians, and declared 2024 the ""year of the family"". The address was a more subdued affair than the previous year's. Last year, Mr Putin delivered his speech flanked by soldiers and offered stern calls for sacrifice in the name of survival. This year he was back to the traditional backdrop of the Kremlin, alone.
[IMAGE 4: ""The Russian president hailed soldiers as heroes, but didn't directly mention the war in Ukraine.""]

[5] Ukrainian intelligence does not rule out PoWs on downed Russian plane - BBC News
""There is no clear information about prisoners of war. There are only statements by Russia, of a political and propagandist nature,"" he said. ""Who or what was on board needs to be clarified."" Mr Yusov, who is the first Ukrainian official interviewed by the BBC since the incident on Wednesday, accused Moscow of ""hiding"" information, with limited images from the crash site - including of any dead.
Mr Yusov, who is the first Ukrainian official interviewed by the BBC since the incident on Wednesday, accused Moscow of ""hiding"" information, with limited images from the crash site - including of any dead. Russia says 65 Ukrainian prisoners of war died when the IL-76 plane was shot down by a Ukrainian missile. Its investigative committee released a short video this evening, showing blood on the snow, plane wreckage and a large blackened area of ground. There are some human body parts - but the footage and what it reveals is very limited.
[IMAGE 5: ""Intelligence officer says he cannot exclude possibility, but adds that Russia has provided no proof.""]","The evidence does not provide any information regarding Alexei Navalny's January video from prison. It discusses various topics related to forced video apologies in Russia, a separate criminal case involving a DJ, a bombing incident linked to a pro-war blogger, and comments from Vladimir Putin about the war in Ukraine, but none of this pertains to Navalny or his statements. Therefore, there is insufficient evidence to summarize what Navalny said in his video.",False,abbe69e8e392152b|3b3e518fe67ad003|0cdfa1cecad3dd2e|fd775f0955726761|b6cfed5ba17c7987,0.5837,0.2941,5,,,society_culture
0c1244b85425067a,M_vision,What did Alexei Navalny say in his January video from prison?,"[1] 'Say you're sorry': Russia's trend for humiliating videos - BBC News
Most of the videos showed people saying sorry for criticising Chechnya's strongman leader Ramzan Kadyrov. One featured a man apologising for being gay. Another featured a man wearing no trousers who had criticised the Chechen leader for singing a song called ""President Putin is my best friend"". This man was shown apologising for snowboarding down a slope in a Borat-style ""mankini""
Other videos posted by Russian police feature men repenting for offences such as trying to topple a monument in the shape of the letter Z, which has come to symbolise Russia's war, and setting fire to a pro-war blogger's door. One man had to apologise for defacing pro-war graffiti in the republic of Chuvashia There have been accusations that such videos are often recorded under duress. For example, a blogger known as Nekoglay said police in Moscow forced him to appear on camera after stripping him, beating him up and attempting to rape him with a plastic bottle.
[IMAGE 1: ""Forced video apologies have become increasingly common since Russia's war in Ukraine began.""]

[2] Llanelli DJ Leigh Brookfield jailed for urinating on cancer patient - BBC News
""Mr Barton didn't know what he was talking about,"" she said. She said members of the tennis club knocked on his door the following day asking if he was OK and Mr Barton was ""completely gobsmacked"" when they showed him the video. In the victim impact statement, Mr Barton said he cried when he saw the video. ""I couldn't believe someone would do this to someone else,"" he said.
""I couldn't believe someone would do this to someone else,"" he said. ""I went into the town to get some bread and I heard someone say: 'Look it's the man from Facebook'. ""It was extremely upsetting to know that people had seen this video and people are recognising me because of the video."" The court heard how Brookfield had three previous drink-driving related convictions.
[IMAGE 2: ""Leigh Brookfield posted a video of himself on Snapchat and Facebook urinating on a 72-year-old man.""]

[3] Darya Trepova: Russian woman jailed for 27 years for cafe bomb killing - BBC News
Tatarsky was among those who have gone so far as to criticise the Russian authorities, slamming the military and even President Vladimir Putin for setbacks on the battlefield. But he was posthumously awarded the Order of Courage by Mr Putin. Trepova's sentencing comes just after another controversial pro-war figure, the former commander of Russian-backed rebels in eastern Ukraine Igor Girkin, was sentenced to four years in jail for ""calls to carry out extremist activities"". Watch: The moments leading up to St Petersburg cafe explosion
Tatarsky was a well-known blogger with more than half a million followers, and had a criminal past. Born in the Donetsk region of eastern Ukraine, he said he joined Russian-backed separatists when they released him from jail, where he was serving time for armed robbery. He was part of a pro-Kremlin military blogger community that has taken on a relatively high-profile role since Russia's full-scale invasion of Ukraine began in February 2022. Tatarsky was among those who have gone so far as to criticise the Russian authorities, slamming the military and even President Vladimir Putin for setbacks on the battlefield.
[IMAGE 3: ""Darya Trepova is found guilty of carrying out a bombing that killed a pro-war blogger in St Petersburg.""]

[4] Vladimir Putin makes little mention of Ukraine in new year speech - BBC News
This year he was back to the traditional backdrop of the Kremlin, alone. ""To everyone who is at a combat post, at the forefront of the fight for truth and justice: You are our heroes, our hearts are with you,"" he said, adding: ""We are proud of you, we admire your courage."" That was as close as Mr Putin got to making mention of the thousands of Russian casualties in the war with Ukraine, which includes more than 20 people killed in the border city of Belgorod over the weekend. ""We have proven more than once that we can solve the most difficult problems and will never retreat, because there is no force that can divide us,"" the Russian president said.
He also referenced economic issues, a key topic for many Russians, and declared 2024 the ""year of the family"". The address was a more subdued affair than the previous year's. Last year, Mr Putin delivered his speech flanked by soldiers and offered stern calls for sacrifice in the name of survival. This year he was back to the traditional backdrop of the Kremlin, alone.
[IMAGE 4: ""The Russian president hailed soldiers as heroes, but didn't directly mention the war in Ukraine.""]

[5] Ukrainian intelligence does not rule out PoWs on downed Russian plane - BBC News
""There is no clear information about prisoners of war. There are only statements by Russia, of a political and propagandist nature,"" he said. ""Who or what was on board needs to be clarified."" Mr Yusov, who is the first Ukrainian official interviewed by the BBC since the incident on Wednesday, accused Moscow of ""hiding"" information, with limited images from the crash site - including of any dead.
Mr Yusov, who is the first Ukrainian official interviewed by the BBC since the incident on Wednesday, accused Moscow of ""hiding"" information, with limited images from the crash site - including of any dead. Russia says 65 Ukrainian prisoners of war died when the IL-76 plane was shot down by a Ukrainian missile. Its investigative committee released a short video this evening, showing blood on the snow, plane wreckage and a large blackened area of ground. There are some human body parts - but the footage and what it reveals is very limited.
[IMAGE 5: ""Intelligence officer says he cannot exclude possibility, but adds that Russia has provided no proof.""]",INSUFFICIENT_EVIDENCE,False,abbe69e8e392152b|3b3e518fe67ad003|0cdfa1cecad3dd2e|fd775f0955726761|b6cfed5ba17c7987,0.5837,0.2941,5,data/images/abbe69e8e392152b.jpg|data/images/3b3e518fe67ad003.jpg|data/images/0cdfa1cecad3dd2e.jpg|data/images/fd775f0955726761.jpg|data/images/b6cfed5ba17c7987.jpg,,society_culture
bcded98e450023c8,B1,How did Sir Jeffrey Donaldson respond to critics and threats?,"[1] Stormont crisis: DUP meets but officers make no decision - BBC News
As it turned out there wasn't a vote, nor was there a decision taken. So nothing really has changed this evening, albeit we do know Sir Jeffrey Donaldson took more time to go through the deal with the party officers. We understand Sir Jeffrey has a majority of officers in his corner so to speak, so that when he does present this deal at whatever stage in the future, he will have a majority of support on the officer team. I think the key for him is going to be the margin of support that he has.
It is facing pressure to say if it will back a new deal to end the impasse. But for now the deadlock continues. Party leader Sir Jeffrey Donaldson is a member of the party officer board, along with 11 others whose support is critical if the party's Stormont boycott is to end. The DUP said on Friday evening it understood there was ""considerable interest"" in the meeting, but it would ""not give a running commentary on our position, save to say, we will continue to engage with the government"".

[2] Stormont stalemate: Deadline to restore Northern Ireland Executive to expire - BBC News
But him having the power to do that and actually doing that are two very different things. Mr Heaton-Harris said it was regrettable that Stormont power-sharing had not been restored. ""The people of Northern Ireland deserve local political leadership from representatives they have elected to govern on their behalf,"" he said in a statement. DUP leader Sir Jeffrey Donaldson has called for a better financial package for incoming ministers
DUP leader Sir Jeffrey Donaldson has called for a better financial package for incoming ministers In the Commons on Wednesday, Mr Heaton-Harris addressed the upcoming deadline. He told MPs: ""I will need to bring in primary legislation because a duty does fall on me to call an election for the Northern Ireland Assembly. ""I have a number of weeks, I think 12 weeks, in which to do that.

[3] Trevor Bartlett: Criminal probe for PC involved in fatal crash - BBC News
The officer has also been served with a gross misconduct notice for potential breaches of police standards for professional behaviour. Derrick Campbell, a regional director for the IOPC, said: ""We have been in contact with Mr Bartlett's family to express our sympathy for their tragic loss, and to explain how our investigation will be conducted. ""Following the conclusion of our investigation, we will decide whether to refer the matter to the Crown Prosecution Service for a charging decision and we will also determine whether disciplinary proceedings should follow."" Mr Bartlett has been described as ""sprightly"" and ""mischievous""
Mr Bartlett has been described as ""sprightly"" and ""mischievous"" Mr Bartlett, who had been married for 58 years, was a respected former newspaper photographer. He was especially known for his work with Nottingham Forest and his friendship with the team's former manager Brian Clough. The IOPC said he was hit by the police van while using a pedestrian crossing close to the Nurseryman pub at about 18:30 GMT.

[4] Crown faces questions over Post Office prosecutions in Scotland - BBC News
He said: ""It should not have taken a TV drama for action to have to be taken. ""There are a number of complexities to navigate [with the LCM] but what is absolutely certain is that if you are in Scotland or any other part of the UK and have been affected by this is that sub-postmasters have waited far too long for justice, they should not have to wait a moment longer.""
Mr Yousaf said the Lord Advocate would be willing to consider a briefing or statement to the chamber, but added she was ""very confident"" about its response. He said: ""There are legitimate questions to ask of the Crown. ""The Crown Office were assured by the Post Office and their legal representatives that issues that arose with the Horizon system in England did not impact on any live Scottish cases."" He added: ""When I spoke to the Lord Advocate this morning, she was more than happy to consider whether it was a briefing, whether it was a ministerial statement - she was willing to consider that.

[5] Tory MP Nadhim Zahawi plays himself in Post Office scandal TV drama - BBC News
dreadful and it's been going on for so long. The Conservative government really needs to sort out the compensation. ""I regret not having asked the Post Office managers even tougher questions than I did."" Asked why he accepted the Post Office's assertions at face value, Sir Ed replied: ""I asked really tough questions of Post Office managers and indeed the officials.
Asked why he accepted the Post Office's assertions at face value, Sir Ed replied: ""I asked really tough questions of Post Office managers and indeed the officials. I wish I'd gone further."" He congratulated Mr Bates for his campaign, he added.","Sir Jeffrey Donaldson is currently facing pressure regarding the DUP's position on a new deal to end the ongoing political impasse in Northern Ireland. Although he has not made a definitive decision, he has taken time to review the deal with party officers and reportedly has their majority support. The DUP has expressed that it will continue to engage with the government but has not provided detailed commentary on its stance. Donaldson has also called for a better financial package for incoming ministers, indicating his focus on securing favorable terms for the party.",False,71fa12078ec38ca9|9ff6a50b46cf0df9|a492159227a45ecf|2448e01ce713c97b|4df2fabdda435df0,0.6076,0.2805,5,,Northern Ireland,society_culture
bcded98e450023c8,M,How did Sir Jeffrey Donaldson respond to critics and threats?,"[1] Stormont crisis: DUP meets but officers make no decision - BBC News
As it turned out there wasn't a vote, nor was there a decision taken. So nothing really has changed this evening, albeit we do know Sir Jeffrey Donaldson took more time to go through the deal with the party officers. We understand Sir Jeffrey has a majority of officers in his corner so to speak, so that when he does present this deal at whatever stage in the future, he will have a majority of support on the officer team. I think the key for him is going to be the margin of support that he has.
It is facing pressure to say if it will back a new deal to end the impasse. But for now the deadlock continues. Party leader Sir Jeffrey Donaldson is a member of the party officer board, along with 11 others whose support is critical if the party's Stormont boycott is to end. The DUP said on Friday evening it understood there was ""considerable interest"" in the meeting, but it would ""not give a running commentary on our position, save to say, we will continue to engage with the government"".
[IMAGE 1: ""Party officers met as they faced pressure to end the 23-month impasse, but a decision did not come.""]

[2] Trevor Bartlett: Criminal probe for PC involved in fatal crash - BBC News
The officer has also been served with a gross misconduct notice for potential breaches of police standards for professional behaviour. Derrick Campbell, a regional director for the IOPC, said: ""We have been in contact with Mr Bartlett's family to express our sympathy for their tragic loss, and to explain how our investigation will be conducted. ""Following the conclusion of our investigation, we will decide whether to refer the matter to the Crown Prosecution Service for a charging decision and we will also determine whether disciplinary proceedings should follow."" Mr Bartlett has been described as ""sprightly"" and ""mischievous""
Mr Bartlett has been described as ""sprightly"" and ""mischievous"" Mr Bartlett, who had been married for 58 years, was a respected former newspaper photographer. He was especially known for his work with Nottingham Forest and his friendship with the team's former manager Brian Clough. The IOPC said he was hit by the police van while using a pedestrian crossing close to the Nurseryman pub at about 18:30 GMT.
[IMAGE 2: ""The officer was driving a police van that hit and killed 80-year-old Trevor Bartlett.""]

[3] Tory MP Nadhim Zahawi plays himself in Post Office scandal TV drama - BBC News
dreadful and it's been going on for so long. The Conservative government really needs to sort out the compensation. ""I regret not having asked the Post Office managers even tougher questions than I did."" Asked why he accepted the Post Office's assertions at face value, Sir Ed replied: ""I asked really tough questions of Post Office managers and indeed the officials.
Asked why he accepted the Post Office's assertions at face value, Sir Ed replied: ""I asked really tough questions of Post Office managers and indeed the officials. I wish I'd gone further."" He congratulated Mr Bates for his campaign, he added.
[IMAGE 3: ""The former chancellor plays himself putting tough questions to then-chief executive Paula Vennells.""]

[4] Stormont stalemate: Deadline to restore Northern Ireland Executive to expire - BBC News
But him having the power to do that and actually doing that are two very different things. Mr Heaton-Harris said it was regrettable that Stormont power-sharing had not been restored. ""The people of Northern Ireland deserve local political leadership from representatives they have elected to govern on their behalf,"" he said in a statement. DUP leader Sir Jeffrey Donaldson has called for a better financial package for incoming ministers
DUP leader Sir Jeffrey Donaldson has called for a better financial package for incoming ministers In the Commons on Wednesday, Mr Heaton-Harris addressed the upcoming deadline. He told MPs: ""I will need to bring in primary legislation because a duty does fall on me to call an election for the Northern Ireland Assembly. ""I have a number of weeks, I think 12 weeks, in which to do that.
[IMAGE 4: ""Breaching the deadline creates a legal duty for an early NI election but it has been delayed before.""]

[5] JPR Williams: Wales and British and Irish Lions legend dies aged 74 - BBC Sport
""When he was with the 1974 Lions in South Africa, when the fights broke out, he kept running in from full-back to punch the forwards. He was perhaps the most competitive bloke I have ever come across. ""He was ferociously competitive. It is very sad, he was just a great rugby player and an incredible character.
""He was the defensive rock in every team in which he played, the counter-attacking inspiration and the man who feared nothing and never saw a lost cause. We all thought he was 'Mr Indestructible'. ""Although he played during the amateur era, he was thoroughly professional in his sporting outlook and always drove standards in training and on the field. With JPR in your side, there was always a chance of winning anything.
[IMAGE 5: ""Legendary Wales and British and Irish Lions full-back JPR Williams dies at the age of 74.""]","Sir Jeffrey Donaldson is currently facing pressure regarding the DUP's position on a new deal to end the ongoing political impasse in Northern Ireland. Although he has not made a definitive decision, he has taken time to review the deal with party officers and reportedly has their majority support. The DUP has indicated that it will continue to engage with the government but has not provided specific details about its stance or future actions. The situation remains unresolved as the deadlock continues.",False,71fa12078ec38ca9|a492159227a45ecf|4df2fabdda435df0|9ff6a50b46cf0df9|23e8da4f27d6692f,0.6076,0.2805,5,,Northern Ireland,society_culture
bcded98e450023c8,M_vision,How did Sir Jeffrey Donaldson respond to critics and threats?,"[1] Stormont crisis: DUP meets but officers make no decision - BBC News
As it turned out there wasn't a vote, nor was there a decision taken. So nothing really has changed this evening, albeit we do know Sir Jeffrey Donaldson took more time to go through the deal with the party officers. We understand Sir Jeffrey has a majority of officers in his corner so to speak, so that when he does present this deal at whatever stage in the future, he will have a majority of support on the officer team. I think the key for him is going to be the margin of support that he has.
It is facing pressure to say if it will back a new deal to end the impasse. But for now the deadlock continues. Party leader Sir Jeffrey Donaldson is a member of the party officer board, along with 11 others whose support is critical if the party's Stormont boycott is to end. The DUP said on Friday evening it understood there was ""considerable interest"" in the meeting, but it would ""not give a running commentary on our position, save to say, we will continue to engage with the government"".
[IMAGE 1: ""Party officers met as they faced pressure to end the 23-month impasse, but a decision did not come.""]

[2] Trevor Bartlett: Criminal probe for PC involved in fatal crash - BBC News
The officer has also been served with a gross misconduct notice for potential breaches of police standards for professional behaviour. Derrick Campbell, a regional director for the IOPC, said: ""We have been in contact with Mr Bartlett's family to express our sympathy for their tragic loss, and to explain how our investigation will be conducted. ""Following the conclusion of our investigation, we will decide whether to refer the matter to the Crown Prosecution Service for a charging decision and we will also determine whether disciplinary proceedings should follow."" Mr Bartlett has been described as ""sprightly"" and ""mischievous""
Mr Bartlett has been described as ""sprightly"" and ""mischievous"" Mr Bartlett, who had been married for 58 years, was a respected former newspaper photographer. He was especially known for his work with Nottingham Forest and his friendship with the team's former manager Brian Clough. The IOPC said he was hit by the police van while using a pedestrian crossing close to the Nurseryman pub at about 18:30 GMT.
[IMAGE 2: ""The officer was driving a police van that hit and killed 80-year-old Trevor Bartlett.""]

[3] Tory MP Nadhim Zahawi plays himself in Post Office scandal TV drama - BBC News
dreadful and it's been going on for so long. The Conservative government really needs to sort out the compensation. ""I regret not having asked the Post Office managers even tougher questions than I did."" Asked why he accepted the Post Office's assertions at face value, Sir Ed replied: ""I asked really tough questions of Post Office managers and indeed the officials.
Asked why he accepted the Post Office's assertions at face value, Sir Ed replied: ""I asked really tough questions of Post Office managers and indeed the officials. I wish I'd gone further."" He congratulated Mr Bates for his campaign, he added.
[IMAGE 3: ""The former chancellor plays himself putting tough questions to then-chief executive Paula Vennells.""]

[4] Stormont stalemate: Deadline to restore Northern Ireland Executive to expire - BBC News
But him having the power to do that and actually doing that are two very different things. Mr Heaton-Harris said it was regrettable that Stormont power-sharing had not been restored. ""The people of Northern Ireland deserve local political leadership from representatives they have elected to govern on their behalf,"" he said in a statement. DUP leader Sir Jeffrey Donaldson has called for a better financial package for incoming ministers
DUP leader Sir Jeffrey Donaldson has called for a better financial package for incoming ministers In the Commons on Wednesday, Mr Heaton-Harris addressed the upcoming deadline. He told MPs: ""I will need to bring in primary legislation because a duty does fall on me to call an election for the Northern Ireland Assembly. ""I have a number of weeks, I think 12 weeks, in which to do that.
[IMAGE 4: ""Breaching the deadline creates a legal duty for an early NI election but it has been delayed before.""]

[5] JPR Williams: Wales and British and Irish Lions legend dies aged 74 - BBC Sport
""When he was with the 1974 Lions in South Africa, when the fights broke out, he kept running in from full-back to punch the forwards. He was perhaps the most competitive bloke I have ever come across. ""He was ferociously competitive. It is very sad, he was just a great rugby player and an incredible character.
""He was the defensive rock in every team in which he played, the counter-attacking inspiration and the man who feared nothing and never saw a lost cause. We all thought he was 'Mr Indestructible'. ""Although he played during the amateur era, he was thoroughly professional in his sporting outlook and always drove standards in training and on the field. With JPR in your side, there was always a chance of winning anything.
[IMAGE 5: ""Legendary Wales and British and Irish Lions full-back JPR Williams dies at the age of 74.""]","Sir Jeffrey Donaldson is currently facing pressure regarding the DUP's position on a new deal to end the ongoing political impasse in Northern Ireland. Although there was a recent meeting of party officers, no decisions were made, and the deadlock continues. Donaldson has a majority of support among the officers, which is crucial for any future proposals he may present. He has also called for a better financial package for incoming ministers, indicating his stance on the need for improved conditions to facilitate political progress.",False,71fa12078ec38ca9|a492159227a45ecf|4df2fabdda435df0|9ff6a50b46cf0df9|23e8da4f27d6692f,0.6076,0.2805,5,data/images/71fa12078ec38ca9.jpg|data/images/a492159227a45ecf.jpg|data/images/4df2fabdda435df0.jpg|data/images/9ff6a50b46cf0df9.jpg|data/images/23e8da4f27d6692f.jpg,Northern Ireland,society_culture
9bb3a8fb413510c1,B1,What was Sarah Ferguson's reaction to her skin cancer diagnosis?,"[1] King Charles 'doing well' after prostate treatment - BBC News
There was a third royal health story this week, when it was revealed that Sarah Ferguson, the Duchess of York, had been diagnosed with malignant melanoma, a form of skin cancer. It had been discovered during treatment for her breast cancer, which had been diagnosed last summer. ""Naturally another cancer diagnosis has been a shock, but I'm in good spirits and grateful for the many messages of love and support,"" said the duchess, who was formerly married to Prince Andrew. A spokesman for the duchess said she will have further investigations to ensure the melanoma has been caught in the early stages.
The King and the Princess of Wales are being treated in the London Clinic When she leaves the hospital it is expected that she will spend several months recuperating at home in Windsor. It means the princess will not be taking part in any official duties until after Easter. There was a third royal health story this week, when it was revealed that Sarah Ferguson, the Duchess of York, had been diagnosed with malignant melanoma, a form of skin cancer.

[2] 'What my terminal cancer diagnosis taught me about life' - BBC News
I was naive, very naive."" Megan has ocular melanoma, a type of eye cancer, that has spread to her liver Eighteen months ago Megan was given the devastating news that the cancer had spread to her liver and she had an estimated two years to live. ""I think it is difficult for people because I don't look unwell,"" she said.
Megan, here with her partner Dimitar Kashchiev, says it can be difficult for people to understand her illness because she doesn't look unwell Megan and her partner Dimitar Kashchiev met in 2018. Less than a year into their relationship Megan was diagnosed with first stage ocular melanoma before being told it was terminal about 12 months later. ""It almost felt like a punch in the gut because we were in a position where things were stabilising and we were considering and planning for the future,"" said Dimitar.

[3] Faked tears and special audition codes - X Factor hopefuls and insiders speak out - BBC News
The audition - and Sarah's rejection - became a talked-about moment. Newspapers focused on her appearance and wrote scathing comments. Sarah says it all had a heavy impact on her mental health. She was even mocked in the streets: ""I went into Asda, and there was a lady getting on her hands and knees and saying, 'Please, Simon, can I have some more?
""He judged me before I even started to sing,"" says Sarah. She was rejected by all three judges. Sarah Lowe says her appearance on The X Factor in 2005 left her feeling ""ashamed"" ""I felt like my heart was going to explode, like, it broke me that much.

[4] Cancer wait times should not keep getting worse, survivor says - BBC News
""For me, from when I first presented to A&E to when I had surgery was less than three weeks so incredibly lucky, incredibly different to a lot of people's cases,"" she added. ""While I had symptoms for years and years, once I got red-flagged I was progressed very quickly through the system and I was able to make a relatively full recovery."" Six years after her diagnosis, Ms Scott takes medication daily to help manage the after-effects of her condition. She says some cancers are harder to spot than others - part of why they can be less survivable.
Within days, her liver was found to be functioning poorly and she was told to attend Londonderry's Altnagelvin Hospital. A large tumour was discovered and she was diagnosed with pancreatic cancer at the age of 27. ""Two of my grandparents have passed due to pancreatic cancer - that was the only thing I knew about it,"" she told BBC News NI. ""It was just one of those things where you get it, and as we all know if anyone's had pancreatic cancer, it's very serious and survival rates are low.""

[5] Idris Elba urges stronger action on knife crime - BBC News
She followed the ambulance to the hospital, where she was told her son had died. Ms Hughes said she was frustrated that knife crime was still a big problem. ""Our individual voices have not been heard, but yet our pain continues to be felt by families whose children are still being murdered. ""Young people need to feel safe in their communities and underlying causes of youth violence eradicated immediately.""
""When he got out of the car, I said, 'I'm dropping you off with a heavy heart'. I don't know why I said those words, I suppose it's a mother's gut instinct, but he looked at me with a great big smile and said, 'Don't worry mum, I'll be fine, I love you,' and with that I drove off."" Within 20 minutes, Ms Hughes had received a phone call from a friend's mother who said someone had been stabbed. ""I knew she was talking about Andre even though she hadn't said his name, and then she let out this almighty scream that I'll never forget.","Sarah Ferguson, the Duchess of York, has been diagnosed with malignant melanoma, a type of skin cancer, which was discovered during her treatment for breast cancer. She expressed that the news of another cancer diagnosis was a shock, but she remains in good spirits and is grateful for the support she has received. A spokesman indicated that further investigations will be conducted to ensure the melanoma has been detected early.",False,c7825377844578f6|e10cfe376fe5b4ff|e671050b7d1f0a5b|481599d8ee944466|1039b25fc738ad29,0.7347,0.2088,5,,UK,society_culture
9bb3a8fb413510c1,M,What was Sarah Ferguson's reaction to her skin cancer diagnosis?,"[1] King Charles 'doing well' after prostate treatment - BBC News
There was a third royal health story this week, when it was revealed that Sarah Ferguson, the Duchess of York, had been diagnosed with malignant melanoma, a form of skin cancer. It had been discovered during treatment for her breast cancer, which had been diagnosed last summer. ""Naturally another cancer diagnosis has been a shock, but I'm in good spirits and grateful for the many messages of love and support,"" said the duchess, who was formerly married to Prince Andrew. A spokesman for the duchess said she will have further investigations to ensure the melanoma has been caught in the early stages.
The King and the Princess of Wales are being treated in the London Clinic When she leaves the hospital it is expected that she will spend several months recuperating at home in Windsor. It means the princess will not be taking part in any official duties until after Easter. There was a third royal health story this week, when it was revealed that Sarah Ferguson, the Duchess of York, had been diagnosed with malignant melanoma, a form of skin cancer.
[IMAGE 1: ""The King is recovering after having treatment on an enlarged prostate at a London hospital.""]

[2] 'What my terminal cancer diagnosis taught me about life' - BBC News
I was naive, very naive."" Megan has ocular melanoma, a type of eye cancer, that has spread to her liver Eighteen months ago Megan was given the devastating news that the cancer had spread to her liver and she had an estimated two years to live. ""I think it is difficult for people because I don't look unwell,"" she said.
Megan, here with her partner Dimitar Kashchiev, says it can be difficult for people to understand her illness because she doesn't look unwell Megan and her partner Dimitar Kashchiev met in 2018. Less than a year into their relationship Megan was diagnosed with first stage ocular melanoma before being told it was terminal about 12 months later. ""It almost felt like a punch in the gut because we were in a position where things were stabilising and we were considering and planning for the future,"" said Dimitar.
[IMAGE 2: ""Megan McClay, 30, says nearing the end of her life has changed her perspective of what is important.""]

[3] Cancer wait times should not keep getting worse, survivor says - BBC News
""For me, from when I first presented to A&E to when I had surgery was less than three weeks so incredibly lucky, incredibly different to a lot of people's cases,"" she added. ""While I had symptoms for years and years, once I got red-flagged I was progressed very quickly through the system and I was able to make a relatively full recovery."" Six years after her diagnosis, Ms Scott takes medication daily to help manage the after-effects of her condition. She says some cancers are harder to spot than others - part of why they can be less survivable.
Within days, her liver was found to be functioning poorly and she was told to attend Londonderry's Altnagelvin Hospital. A large tumour was discovered and she was diagnosed with pancreatic cancer at the age of 27. ""Two of my grandparents have passed due to pancreatic cancer - that was the only thing I knew about it,"" she told BBC News NI. ""It was just one of those things where you get it, and as we all know if anyone's had pancreatic cancer, it's very serious and survival rates are low.""
[IMAGE 3: ""The latest cancer waiting time figures show continued delays in cancer waiting times.""]

[4] Cancer survivors empowered by posing nude for calendar - BBC News
""All these ladies are survivors and they really knew what I was going through. I felt really lucky to have met them."" Her feelings are echoed by Sylvia Armstrong, 54, who is a wig consultant and hairstylist from Prestatyn. She knew lots of women with cancer through her work, and then discovered she had breast cancer herself.
She knew lots of women with cancer through her work, and then discovered she had breast cancer herself. ""My cancer was in Covid and I didn't have a lot of support,"" Sylvia said. ""I thought (the calendar) would help me get over what I'd been through. ""The best thing that's come from it apart from raising the money is the support we have from one another.""
[IMAGE 4: ""The women started off petrified but ended up like goddesses, the photographer says.""]

[5] Faked tears and special audition codes - X Factor hopefuls and insiders speak out - BBC News
The audition - and Sarah's rejection - became a talked-about moment. Newspapers focused on her appearance and wrote scathing comments. Sarah says it all had a heavy impact on her mental health. She was even mocked in the streets: ""I went into Asda, and there was a lady getting on her hands and knees and saying, 'Please, Simon, can I have some more?
""He judged me before I even started to sing,"" says Sarah. She was rejected by all three judges. Sarah Lowe says her appearance on The X Factor in 2005 left her feeling ""ashamed"" ""I felt like my heart was going to explode, like, it broke me that much.
[IMAGE 5: ""Hopefuls and staff lift the lid on what it was like backstage at the hugely successful show.""]","Sarah Ferguson, the Duchess of York, has been diagnosed with malignant melanoma, a type of skin cancer, which was discovered during her treatment for breast cancer. She expressed that the news of another cancer diagnosis was a shock, but she remains in good spirits and is grateful for the support she has received. A spokesman indicated that further investigations will be conducted to ensure the melanoma has been detected early.",False,c7825377844578f6|e10cfe376fe5b4ff|481599d8ee944466|fc8d335a33ef2c8a|e671050b7d1f0a5b,0.7347,0.2182,5,,UK,society_culture
9bb3a8fb413510c1,M_vision,What was Sarah Ferguson's reaction to her skin cancer diagnosis?,"[1] King Charles 'doing well' after prostate treatment - BBC News
There was a third royal health story this week, when it was revealed that Sarah Ferguson, the Duchess of York, had been diagnosed with malignant melanoma, a form of skin cancer. It had been discovered during treatment for her breast cancer, which had been diagnosed last summer. ""Naturally another cancer diagnosis has been a shock, but I'm in good spirits and grateful for the many messages of love and support,"" said the duchess, who was formerly married to Prince Andrew. A spokesman for the duchess said she will have further investigations to ensure the melanoma has been caught in the early stages.
The King and the Princess of Wales are being treated in the London Clinic When she leaves the hospital it is expected that she will spend several months recuperating at home in Windsor. It means the princess will not be taking part in any official duties until after Easter. There was a third royal health story this week, when it was revealed that Sarah Ferguson, the Duchess of York, had been diagnosed with malignant melanoma, a form of skin cancer.
[IMAGE 1: ""The King is recovering after having treatment on an enlarged prostate at a London hospital.""]

[2] 'What my terminal cancer diagnosis taught me about life' - BBC News
I was naive, very naive."" Megan has ocular melanoma, a type of eye cancer, that has spread to her liver Eighteen months ago Megan was given the devastating news that the cancer had spread to her liver and she had an estimated two years to live. ""I think it is difficult for people because I don't look unwell,"" she said.
Megan, here with her partner Dimitar Kashchiev, says it can be difficult for people to understand her illness because she doesn't look unwell Megan and her partner Dimitar Kashchiev met in 2018. Less than a year into their relationship Megan was diagnosed with first stage ocular melanoma before being told it was terminal about 12 months later. ""It almost felt like a punch in the gut because we were in a position where things were stabilising and we were considering and planning for the future,"" said Dimitar.
[IMAGE 2: ""Megan McClay, 30, says nearing the end of her life has changed her perspective of what is important.""]

[3] Cancer wait times should not keep getting worse, survivor says - BBC News
""For me, from when I first presented to A&E to when I had surgery was less than three weeks so incredibly lucky, incredibly different to a lot of people's cases,"" she added. ""While I had symptoms for years and years, once I got red-flagged I was progressed very quickly through the system and I was able to make a relatively full recovery."" Six years after her diagnosis, Ms Scott takes medication daily to help manage the after-effects of her condition. She says some cancers are harder to spot than others - part of why they can be less survivable.
Within days, her liver was found to be functioning poorly and she was told to attend Londonderry's Altnagelvin Hospital. A large tumour was discovered and she was diagnosed with pancreatic cancer at the age of 27. ""Two of my grandparents have passed due to pancreatic cancer - that was the only thing I knew about it,"" she told BBC News NI. ""It was just one of those things where you get it, and as we all know if anyone's had pancreatic cancer, it's very serious and survival rates are low.""
[IMAGE 3: ""The latest cancer waiting time figures show continued delays in cancer waiting times.""]

[4] Cancer survivors empowered by posing nude for calendar - BBC News
""All these ladies are survivors and they really knew what I was going through. I felt really lucky to have met them."" Her feelings are echoed by Sylvia Armstrong, 54, who is a wig consultant and hairstylist from Prestatyn. She knew lots of women with cancer through her work, and then discovered she had breast cancer herself.
She knew lots of women with cancer through her work, and then discovered she had breast cancer herself. ""My cancer was in Covid and I didn't have a lot of support,"" Sylvia said. ""I thought (the calendar) would help me get over what I'd been through. ""The best thing that's come from it apart from raising the money is the support we have from one another.""
[IMAGE 4: ""The women started off petrified but ended up like goddesses, the photographer says.""]

[5] Faked tears and special audition codes - X Factor hopefuls and insiders speak out - BBC News
The audition - and Sarah's rejection - became a talked-about moment. Newspapers focused on her appearance and wrote scathing comments. Sarah says it all had a heavy impact on her mental health. She was even mocked in the streets: ""I went into Asda, and there was a lady getting on her hands and knees and saying, 'Please, Simon, can I have some more?
""He judged me before I even started to sing,"" says Sarah. She was rejected by all three judges. Sarah Lowe says her appearance on The X Factor in 2005 left her feeling ""ashamed"" ""I felt like my heart was going to explode, like, it broke me that much.
[IMAGE 5: ""Hopefuls and staff lift the lid on what it was like backstage at the hugely successful show.""]","Sarah Ferguson, the Duchess of York, has been diagnosed with malignant melanoma, a type of skin cancer, which was discovered during her treatment for breast cancer. She expressed that the news was a shock but stated she is in good spirits and grateful for the support she has received. A spokesman indicated that further investigations will be conducted to ensure the melanoma has been caught early.",False,c7825377844578f6|e10cfe376fe5b4ff|481599d8ee944466|fc8d335a33ef2c8a|e671050b7d1f0a5b,0.7347,0.2182,5,data/images/c7825377844578f6.jpg|data/images/e10cfe376fe5b4ff.jpg|data/images/481599d8ee944466.jpg|data/images/fc8d335a33ef2c8a.jpg|data/images/e671050b7d1f0a5b.jpg,UK,society_culture
