test_id,config,claim_index,claim,supported,reason
002453fbc7cdd591,B0,1,The Houthi rebels are from Yemen.,True,Evidence repeatedly calls them Iran-backed Yemeni rebel group controlling Yemen.
002453fbc7cdd591,B0,2,The Houthi rebels launched a missile strike.,True,Evidence describes multiple Houthi missile strikes on ships.
002453fbc7cdd591,B0,3,The missile strike targeted a US-owned ship.,True,Text says Houthis struck a 'US-owned cargo ship' in Gulf of Aden.
002453fbc7cdd591,B0,4,The missile strike occurred in the Red Sea.,False,"That specific US-owned ship strike is described as in Gulf of Aden, not Red Sea."
002453fbc7cdd591,B0,5,The missile strike escalated tensions in the region.,False,Evidence does not state the strike escalated regional tensions.
002453fbc7cdd591,B0,6,The attack raised concerns about maritime security.,False,No mention of concerns about maritime security being raised.
002453fbc7cdd591,B0,7,The attack raised concerns about the potential for broader conflict.,False,Evidence does not discuss potential for broader conflict.
002453fbc7cdd591,B0,8,The Houthis claimed the attack was a response to ongoing military actions against them.,False,"Houthis say attacks target Israeli-linked ships over Gaza, not response to being struck."
002453fbc7cdd591,B0,9,The US government condemned the strike.,False,"Evidence shows US launched strikes, not condemnation of a strike."
002453fbc7cdd591,B0,10,The US government emphasized its commitment to protecting commercial shipping.,True,US and UK said trying to protect the 'free flow of commerce'.
002453fbc7cdd591,B0,11,The US government emphasized its commitment to ensuring freedom of navigation in international waters.,True,Biden cited 'freedom of navigation' as reason for strikes.
002453fbc7cdd591,B0,12,The incident highlights ongoing instability in Yemen.,False,Evidence does not frame events as general Yemen instability.
002453fbc7cdd591,B0,13,The incident has implications for regional trade routes.,True,Evidence repeatedly references Red Sea as vital shipping/trade route.
002453fbc7cdd591,B0,14,The incident has implications for global trade routes.,False,"Evidence discusses Red Sea trade route, not global trade routes broadly."
002453fbc7cdd591,B1,1,The Houthi rebels have recently escalated their missile attacks on shipping in the Red Sea.,True,"Evidence describes ongoing/escalating Houthi missile attacks since November, over 100 attacks."
002453fbc7cdd591,B1,2,The Houthi rebels conducted a successful missile strike on a US-owned cargo ship in the Gulf of Aden.,True,Evidence states Houthis claimed ballistic missile strike on US-owned cargo ship in Gulf of Aden.
002453fbc7cdd591,B1,3,The strike on the US-owned cargo ship is reported to be the first successful missile strike on an American vessel by the Houthis since their campaign began.,True,Evidence explicitly calls it first successful attack on American ship since campaign began.
002453fbc7cdd591,B1,4,The US has conducted multiple airstrikes targeting Houthi missile launch sites.,True,Multiple articles describe repeated US strikes on Houthi missile launch sites.
002453fbc7cdd591,B1,5,The US conducted the airstrikes in response to the Houthi attacks.,True,"Evidence links strikes to protecting shipping from Houthi attacks, implying response."
002453fbc7cdd591,B1,6,The purpose of the US airstrikes was to prevent further attacks.,True,"Evidence states strikes destroyed missiles about to be fired, i.e., preventive."
002453fbc7cdd591,B1,7,The US has emphasized that Houthi missiles pose an imminent threat to merchant and naval vessels in the region.,True,Centcom statement explicitly calls missiles an imminent threat to ships.
002453fbc7cdd591,B1,8,The Houthis claim their attacks are aimed at vessels linked to Israel.,True,Evidence states Houthis say attacks target Israeli-linked vessels.
002453fbc7cdd591,B1,9,Many of the ships targeted by the Houthis have no connections to Israel.,True,Evidence explicitly states many targeted ships have no Israel connections.
002453fbc7cdd591,M,1,Houthi forces were involved in a series of missile attacks in the Red Sea.,True,Houthis attacked ships in Red Sea per evidence.
002453fbc7cdd591,M,2,US naval vessels were involved in a series of missile attacks in the Red Sea.,False,"US vessels defended/shot down missiles, not attacked ships."
002453fbc7cdd591,M,3,The US military intercepted a missile.,True,US shot down a missile fired towards USS Laboon.
002453fbc7cdd591,M,4,The intercepted missile was fired from a Houthi-controlled area.,True,Missile fired from Houthi-run area near Hudaydah.
002453fbc7cdd591,M,5,The intercepted missile was fired towards the USS Laboon.,True,Missile was fired towards the USS Laboon per evidence.
002453fbc7cdd591,M,6,The interception of the missile was successful.,True,Missile was downed successfully by US fighter aircraft.
002453fbc7cdd591,M,7,No injuries were reported from the missile fired towards the USS Laboon.,True,"No injuries reported in the incident, per evidence."
002453fbc7cdd591,M,8,No damage was reported from the missile fired towards the USS Laboon.,True,"No damage reported in the incident, per evidence."
002453fbc7cdd591,M,9,The Houthis launched a ballistic missile at a US vessel in a separate incident.,True,Houthis hit another US vessel with a ballistic missile.
002453fbc7cdd591,M,10,The US vessel targeted in the separate incident was not the USS Laboon.,False,"Evidence doesn't specify which vessel, only 'another US vessel'."
002453fbc7cdd591,M,11,The attack on the US vessel was described as the Houthis' first successful attack on an American ship.,True,Described as first successful attack on American ship.
002453fbc7cdd591,M,12,The US has conducted multiple air strikes against Houthi targets.,True,Multiple rounds of US strikes described across articles.
002453fbc7cdd591,M,13,The US air strikes were conducted in response to the missile threats.,True,Strikes described as pre-emptive against imminent missile threats.
002453fbc7cdd591,M,14,The US air strikes aim to protect international shipping in the region.,True,Strikes framed as protecting free flow of commerce.
002453fbc7cdd591,M,15,The US air strikes aim to maintain freedom of navigation in the region.,True,Biden quote mentions freedom of navigation as goal.
002453fbc7cdd591,M_nocap,1,Houthi forces launched a series of missile attacks targeting US naval vessels in the Red Sea.,True,Evidence describes multiple missile/drone attacks on US vessels by Houthis.
002453fbc7cdd591,M_nocap,2,The US military intercepted a missile aimed at the USS Laboon.,True,US fighter aircraft shot down missile fired towards USS Laboon.
002453fbc7cdd591,M_nocap,3,The interception of the missile aimed at the USS Laboon was successful.,True,"Missile was downed, no injuries or damage reported."
002453fbc7cdd591,M_nocap,4,The Houthis launched a ballistic missile at another US ship.,True,"Houthis hit another US vessel with a ballistic missile, per evidence."
002453fbc7cdd591,M_nocap,5,The launch of a ballistic missile at another US ship marked a significant escalation in the Houthis' campaign against American vessels.,False,"Evidence calls it first successful attack, not described as 'significant escalation'."
002453fbc7cdd591,M_nocap,6,The US conducted multiple air strikes against Houthi targets in Yemen.,True,"Multiple strikes described: fourth round, Poseidon Archer, joint strikes."
002453fbc7cdd591,M_nocap,7,The UK conducted multiple air strikes against Houthi targets in Yemen.,True,UK joined US in multiple strikes per evidence 3 and 4.
002453fbc7cdd591,M_nocap,8,The air strikes by the US and UK aimed to neutralize threats to shipping in the region.,True,Strikes aimed to protect free flow of commerce/shipping.
002453fbc7cdd591,M_nocap,9,The Houthis have been actively targeting vessels.,True,"Houthis attacking ships in Red Sea since November, per evidence 5."
002453fbc7cdd591,M_nocap,10,The Houthis claim their actions are in retaliation against perceived Western involvement in regional conflicts.,False,"Evidence says attacks target vessels linked to Israel/Gaza war, not general Western involvement."
012b4151ae9331f7,B0,1,The Golden Globes red carpet is a highly anticipated event.,False,Evidence never describes the red carpet or its anticipation.
012b4151ae9331f7,B0,2,"At the Golden Globes red carpet, celebrities showcase their fashion choices.",False,No mention of fashion choices at the red carpet.
012b4151ae9331f7,B0,3,"At the Golden Globes red carpet, celebrities showcase their personal styles.",False,No mention of personal styles at the red carpet.
012b4151ae9331f7,B0,4,This year's coverage of the Golden Globes red carpet highlighted a mix of classic elegance and bold statements.,False,No description of fashion themes or coverage of red carpet.
012b4151ae9331f7,B0,5,Stars at the Golden Globes red carpet wore glamorous gowns.,False,No mention of gowns or attire at the event.
012b4151ae9331f7,B0,6,Stars at the Golden Globes red carpet wore avant-garde outfits.,False,No mention of avant-garde outfits.
012b4151ae9331f7,B0,7,Many attendees at the Golden Globes red carpet used the platform to express their individuality.,False,No mention of attendees expressing individuality.
012b4151ae9331f7,B0,8,Many attendees at the Golden Globes red carpet used the platform to make social statements.,False,No mention of social statements via red carpet fashion.
012b4151ae9331f7,B0,9,Photographers captured the excitement among the stars at the Golden Globes red carpet.,False,No mention of photographers or excitement captured.
012b4151ae9331f7,B0,10,Photographers captured the interactions among the stars at the Golden Globes red carpet.,False,No mention of photographers capturing interactions.
012b4151ae9331f7,B0,11,The Golden Globes red carpet served as a display of creativity.,False,No mention of creativity display on red carpet.
012b4151ae9331f7,B0,12,The Golden Globes red carpet served as a celebration of the entertainment industry.,False,No statement framing red carpet as industry celebration.
012b4151ae9331f7,B1,1,Sarah Snook won best leading actress in a TV drama at the Golden Globes.,True,Directly stated Sarah Snook named best leading actress in a TV drama.
012b4151ae9331f7,B1,2,"Sarah Snook's win was for her role in ""Succession.""",True,"Evidence states she played Shiv Roy in Succession, linked to award."
012b4151ae9331f7,B1,3,Robert Downey Jr. received the award for best supporting actor at the Golden Globes.,True,Directly stated Robert Downey Jr won best supporting actor.
012b4151ae9331f7,B1,4,"Robert Downey Jr.'s award was for his performance in ""Oppenheimer.""",True,Evidence states award was for his performance in Oppenheimer.
012b4151ae9331f7,B1,5,The Golden Globes are the first major ceremony of the film awards season.,True,Directly stated Golden Globes mark first major ceremony of awards season.
012b4151ae9331f7,B1,6,The film awards season leads up to the Oscars.,True,Evidence states season culminates with the Oscars.
012b4151ae9331f7,B1,7,Changes were made to the Golden Globes membership.,True,Evidence mentions changes made to Golden Globes membership.
012b4151ae9331f7,B1,8,The changes to the Golden Globes membership followed a scandal.,True,Evidence states changes followed a scandal.
012b4151ae9331f7,B1,9,The scandal was related to corruption and diversity issues.,True,Evidence states scandal involved corruption and lack of diversity.
012b4151ae9331f7,M,1,The Golden Globes took place recently.,True,Evidence refers to 'last week's Golden Globes' as recent.
012b4151ae9331f7,M,2,Robert Downey Jr. won best supporting actor at the Golden Globes.,True,Explicitly stated he won best supporting actor.
012b4151ae9331f7,M,3,"Robert Downey Jr. won for his role in ""Oppenheimer.""",True,States he won for performance in Oppenheimer.
012b4151ae9331f7,M,4,Sarah Snook won best leading actress in a TV drama at the Golden Globes.,True,Explicitly stated she was named best leading actress in a TV drama.
012b4151ae9331f7,M,5,"Sarah Snook won for her role in ""Succession.""",True,Context clearly ties her win to her role as Shiv Roy in Succession.
012b4151ae9331f7,M,6,The Golden Globes marked the beginning of the film awards season.,True,Stated as first major ceremony of film awards season.
012b4151ae9331f7,M,7,There were discussions around changes made to the Golden Globes membership.,True,Downey Jr referenced changes made to Golden Globes membership.
012b4151ae9331f7,M,8,The changes to the Golden Globes membership followed past scandals.,True,States changes followed a scandal over corruption and diversity.
012b4151ae9331f7,M,9,Margot Robbie was present at the Golden Globes.,True,Image caption states Gerwig and Robbie pictured at Golden Globes.
012b4151ae9331f7,M,10,Greta Gerwig was present at the Golden Globes.,True,Image caption states Gerwig and Robbie pictured at Golden Globes.
012b4151ae9331f7,M,11,Margot Robbie missed a key nomination for the Oscars.,True,States Robbie was snubbed in best actress category.
012b4151ae9331f7,M,12,Greta Gerwig missed a key nomination for the Oscars.,True,States Gerwig missed out on best director nomination.
012b4151ae9331f7,M,13,"""Barbie"" received multiple Oscar nominations.",True,States Barbie received eight Oscar nominations.
012b4151ae9331f7,M_nocap,1,The Golden Globes ceremony took place recently,True,"Article refers to 'last week' Golden Globes, implying recency."
012b4151ae9331f7,M_nocap,2,Robert Downey Jr. won best supporting actor at the Golden Globes,True,Explicitly stated he won best supporting actor for Oppenheimer.
012b4151ae9331f7,M_nocap,3,"Robert Downey Jr. won best supporting actor for his role in ""Oppenheimer""",True,Directly stated he won for his performance in Oppenheimer.
012b4151ae9331f7,M_nocap,4,Robert Downey Jr. commented on the film's unexpected success,True,He joked about the film's unlikely $1bn success.
012b4151ae9331f7,M_nocap,5,Robert Downey Jr. commented on the changes in the Golden Globes membership following a scandal,True,Text says he referred to the membership changes after scandal.
012b4151ae9331f7,M_nocap,6,The Golden Globes membership underwent changes following a scandal,True,Evidence mentions scandal over corruption and lack of diversity causing changes.
012b4151ae9331f7,M_nocap,7,Sarah Snook received the award for best leading actress in a TV drama,True,Sarah Snook named best leading actress in a TV drama.
012b4151ae9331f7,M_nocap,8,"Sarah Snook received the award for her role in ""Succession""",True,"She played Shiv Roy in Succession, tied to the award."
012b4151ae9331f7,M_nocap,9,Margot Robbie was present at the Golden Globes,True,Robbie pictured at the Golden Globes per evidence.
012b4151ae9331f7,M_nocap,10,Greta Gerwig was present at the Golden Globes,True,Gerwig pictured at the Golden Globes per evidence.
012b4151ae9331f7,M_nocap,11,Margot Robbie missed a key nomination for the Oscars,True,"Robbie missed best actress nomination, a key category."
012b4151ae9331f7,M_nocap,12,Greta Gerwig missed a key nomination for the Oscars,True,"Gerwig missed best director nomination, a key category."
012b4151ae9331f7,M_nocap,13,"""Barbie"" received multiple Oscar nominations",True,Barbie received eight Oscar nominations per evidence.
01a527d8b8ec1f3c,B0,1,French reports have highlighted the ongoing challenges faced by the UK in managing small boat crossings in the English Channel.,True,French report on insufficient UK info about small boats crossing Channel matches this.
01a527d8b8ec1f3c,B0,2,The reports are recent.,True,"Report stated as 'earlier this month', indicating recency."
01a527d8b8ec1f3c,B0,3,The UK government has implemented various measures to deter illegal migration.,False,"No specific measures described, only general statements about clamping down."
01a527d8b8ec1f3c,B0,4,The measures implemented by the UK government include increased patrols.,False,Evidence does not mention increased patrols specifically.
01a527d8b8ec1f3c,B0,5,The UK government has partnerships with France to enhance border security.,True,Minister said government working with France to prevent crossings.
01a527d8b8ec1f3c,B0,6,The effectiveness of the UK's efforts to deter illegal migration has been questioned.,True,Debate over whether policy or weather caused the drop implies questioning effectiveness.
01a527d8b8ec1f3c,B0,7,The number of small boat crossings in the English Channel remains high.,False,"Evidence says crossings fell in 2023, contradicting 'remains high'."
01a527d8b8ec1f3c,B0,8,The situation continues to spark debate over immigration policies.,True,Debate mentioned about government policy vs weather regarding figures.
01a527d8b8ec1f3c,B0,9,The situation continues to spark debate over the humanitarian implications for those attempting the Channel crossing.,False,No mention of humanitarian debate in evidence.
01a527d8b8ec1f3c,B0,10,The Channel crossing journey is perilous.,True,Deaths and people in difficulty at sea show a perilous journey.
01a527d8b8ec1f3c,B1,1,A recent French report indicated that the UK is not providing sufficient intelligence regarding small boats crossing the English Channel.,True,Matches evidence about French report on insufficient UK intelligence.
01a527d8b8ec1f3c,B1,2,The French report described the information shared by the UK as 'first level.',True,Evidence quotes 'first level' regarding intelligence.
01a527d8b8ec1f3c,B1,3,The French report described the information shared by the UK as 'very general.',True,Evidence quotes 'very general' regarding intelligence.
01a527d8b8ec1f3c,B1,4,The lack of detailed communication has raised concerns about the effectiveness of joint efforts to manage small boat crossings.,False,Evidence doesn't state concerns about effectiveness of joint efforts.
01a527d8b8ec1f3c,B1,5,UK officials are focusing on clamping down on criminal gangs involved in people smuggling.,True,Minister said government was clamping down on criminal gangs.
01a527d8b8ec1f3c,B1,6,UK officials are prioritizing the prevention of further small boat crossings.,True,Minister said stopping boats will continue to be priority.
01a527d8b8ec1f3c,B1,7,The report highlights ongoing challenges in the collaboration between the UK and France in addressing the issue of small boat crossings.,False,Evidence doesn't frame this as 'ongoing challenges in collaboration' explicitly.
01a527d8b8ec1f3c,M,1,A recent French report was issued.,True,Evidence says a French report was published earlier that month.
01a527d8b8ec1f3c,M,2,The French report indicated that the UK is not providing sufficient intelligence regarding small boats crossing the English Channel.,True,Evidence states UK was not passing on enough information about small boats.
01a527d8b8ec1f3c,M,3,"The French report described the information shared by the UK as ""first level.""",True,Evidence quotes intelligence as 'first level'.
01a527d8b8ec1f3c,M,4,"The French report described the information shared by the UK as ""very general.""",True,Evidence quotes intelligence as 'very general'.
01a527d8b8ec1f3c,M,5,The lack of detailed communication may contribute to difficulties faced by migrants attempting to cross the Channel.,False,Evidence doesn't link report's findings to migrant deaths or difficulties.
01a527d8b8ec1f3c,M,6,Five migrants died shortly after departing from the French coast.,True,Evidence says people got into trouble almost immediately after departure.
01a527d8b8ec1f3c,M,7,The report emphasizes the need for improved cooperation between the UK and French authorities.,False,Evidence doesn't mention report emphasizing need for improved cooperation.
01a527d8b8ec1f3c,M,8,The report emphasizes the need for improved information sharing between the UK and French authorities.,False,Evidence doesn't state report emphasizes need for improved information sharing.
01a527d8b8ec1f3c,M,9,The report states that improved cooperation and information sharing would enhance safety and response efforts in the region.,False,Evidence doesn't state this conclusion about safety and response.
01a527d8b8ec1f3c,M_nocap,1,A recent French report addressed intelligence sharing regarding small boats crossing the English Channel,True,French report on UK intelligence sharing about small boats is mentioned.
01a527d8b8ec1f3c,M_nocap,2,The report indicated that the UK is not providing sufficient intelligence regarding small boats crossing the English Channel,True,Report stated UK not passing enough information about small boats.
01a527d8b8ec1f3c,M_nocap,3,"The report described the information shared with French police as ""first level""",True,Quoted as 'first level' intelligence.
01a527d8b8ec1f3c,M_nocap,4,"The report described the information shared with French police as ""very general""",True,Quoted as 'very general'.
01a527d8b8ec1f3c,M_nocap,5,The lack of detailed communication may contribute to difficulties in managing the situation effectively,False,Evidence doesn't state this causal implication explicitly.
01a527d8b8ec1f3c,M_nocap,6,The report comes in the context of ongoing challenges related to migrant crossings,True,Article context is about migrant deaths crossing the Channel.
01a527d8b8ec1f3c,M_nocap,7,Five migrants died attempting to cross the Channel,True,Headline states five migrants die crossing the Channel.
020d3d213643f8ec,B0,1,Israeli troops have made significant advances in Khan Younis.,True,"Evidence describes forces encircling and pushing into Khan Younis, significant advances."
020d3d213643f8ec,B0,2,Khan Younis is a city in the southern Gaza Strip.,True,Multiple sources call it southern Gaza's largest/second city.
020d3d213643f8ec,B0,3,Israeli troops' advances in Khan Younis are part of ongoing military operations.,True,Advances described as part of ongoing ground offensive operations.
020d3d213643f8ec,B0,4,There has been an escalation in Khan Younis.,True,Intense strikes and fierce fighting described as escalating.
020d3d213643f8ec,B0,5,The escalation follows heightened tensions in the region.,False,Evidence gives no cause of 'heightened tensions' preceding escalation.
020d3d213643f8ec,B0,6,The escalation follows conflict in the region.,True,"Escalation follows Oct 7 attack and ongoing war, a conflict."
020d3d213643f8ec,B0,7,There are reports of intense fighting in the region.,True,Article headline explicitly reports intense fighting in Khan Younis.
020d3d213643f8ec,B0,8,There are reports of civilian casualties in the region.,True,"UN reports 12 killed at shelter, civilian casualties noted."
020d3d213643f8ec,B0,9,The Israeli military aims to target Hamas infrastructure.,True,"IDF states operation targets Hamas outposts, infrastructure, command centres."
020d3d213643f8ec,B0,10,Humanitarian concerns are growing over the impact on the local population.,True,UN rapporteurs describe starvation and hunger among population.
020d3d213643f8ec,B0,11,The situation in the region remains fluid.,True,"Shifting frontlines, renewed clashes indicate a fluid situation."
020d3d213643f8ec,B0,12,There are international calls for restraint.,False,No mention of international calls for restraint in evidence.
020d3d213643f8ec,B0,13,There are efforts to address the humanitarian crisis.,False,"No specific humanitarian aid efforts described, only concerns raised."
020d3d213643f8ec,B1,1,Israeli troops have advanced into Khan Younis.,True,Multiple items describe Israeli forces pushing into Khan Younis.
020d3d213643f8ec,B1,2,Khan Younis is considered a stronghold of Hamas.,True,Evidence [1] calls it a stronghold of Hamas.
020d3d213643f8ec,B1,3,Israeli troops engaged in close-quarters combat in Khan Younis.,True,Evidence [1] states forces engaged in close-quarters combat.
020d3d213643f8ec,B1,4,Israeli troops conducted air strikes in Khan Younis.,True,Evidence [1] mentions directed air strikes; [5] confirms air strikes on Khan Younis.
020d3d213643f8ec,B1,5,The Israel Defense Forces have encircled Khan Younis.,True,Evidence [3] and [4] state IDF completely encircled the city.
020d3d213643f8ec,B1,6,The Israel Defense Forces are focusing on locating top Hamas officials believed to be hiding in Khan Younis.,True,Evidence [2] says forces search for top Hamas officials in Khan Younis.
020d3d213643f8ec,B1,7,The Israel Defense Forces are searching for Israeli hostages in Khan Younis.,True,Evidence [2] and [5] mention searching for/rescuing hostages there.
020d3d213643f8ec,B1,8,The Israel Defense Forces are facing fierce resistance from Hamas fighters in Khan Younis.,True,Evidence [1] states troops faced fierce resistance from Hamas's Khan Younis Brigade.
020d3d213643f8ec,B1,9,The Israel Defense Forces have reported significant successes in Khan Younis.,False,"Evidence lists specific claimed successes, not a general 'significant successes' statement."
020d3d213643f8ec,B1,10,The Israel Defense Forces reported the elimination of local gunmen in Khan Younis.,True,Evidence [3] says dozens of local gunmen were killed.
020d3d213643f8ec,B1,11,The Israel Defense Forces reported the discovery of weapons in Khan Younis.,True,Evidence [3] mentions a large number of weapons found.
020d3d213643f8ec,B1,12,The Israel Defense Forces reported the discovery of tunnel shafts in Khan Younis.,True,Evidence [3] mentions tunnel shafts found.
020d3d213643f8ec,B1,13,The situation in Khan Younis is complicated by the presence of displaced civilians.,True,Multiple items note the city is crowded with displaced people.
020d3d213643f8ec,B1,14,There is ongoing fighting reported near hospitals in Khan Younis.,True,Evidence [3] mentions fierce fighting by three hospitals in Khan Younis.
020d3d213643f8ec,M,1,Israeli troops have advanced into Khan Younis.,True,Evidence states Israeli forces pushed into Khan Younis.
020d3d213643f8ec,M,2,Khan Younis is considered a stronghold of Hamas.,True,Text explicitly calls it a stronghold of Hamas.
020d3d213643f8ec,M,3,Israeli troops are engaging in close-quarters combat in Khan Younis.,True,Evidence states troops engaged in close-quarters combat.
020d3d213643f8ec,M,4,Israeli troops are conducting airstrikes in Khan Younis.,True,Evidence states forces directed air strikes.
020d3d213643f8ec,M,5,The Israel Defense Forces (IDF) have encircled Khan Younis.,True,IDF announced it completely encircled the city.
020d3d213643f8ec,M,6,The IDF is focusing its operations on locating top Hamas officials.,True,Evidence says forces searching for top Hamas officials.
020d3d213643f8ec,M,7,The top Hamas officials are believed to be hiding in Khan Younis.,True,Israel believes top Hamas leaders are hiding there.
020d3d213643f8ec,M,8,The Israeli military has superior strength.,True,Text says army is vastly superior in strength and equipment.
020d3d213643f8ec,M,9,The Israeli military is encountering significant resistance from Hamas fighters.,True,Evidence mentions significant resistance across the territory.
020d3d213643f8ec,M,10,The situation in Khan Younis is dire.,True,"Panic, hunger, and hospital risk indicate dire situation."
020d3d213643f8ec,M,11,Many residents in Khan Younis have been displaced.,True,Hundreds of thousands sheltering after fleeing northern areas.
020d3d213643f8ec,M,12,Displaced residents in Khan Younis are struggling to find safety.,True,"People running away not knowing their fate, per journalist quote."
020d3d213643f8ec,M,13,Displaced residents in Khan Younis are struggling to find basic supplies.,True,UN reports struggling to get basic supplies and food.
020d3d213643f8ec,M,14,There is intense fighting in Khan Younis.,True,Multiple reports describe intense/fierce fighting in Khan Younis.
020d3d213643f8ec,M_nocap,1,Israeli troops have advanced into Khan Younis.,True,Evidence says Israeli forces pushed into Khan Younis.
020d3d213643f8ec,M_nocap,2,Khan Younis is considered a stronghold of Hamas.,True,Text calls Khan Younis a stronghold of Hamas.
020d3d213643f8ec,M_nocap,3,Israeli troops are engaging in close-quarters combat in Khan Younis.,True,Evidence states forces engaged in close-quarters combat.
020d3d213643f8ec,M_nocap,4,Israeli troops are conducting airstrikes in Khan Younis.,True,Evidence states forces directed air strikes.
020d3d213643f8ec,M_nocap,5,The Israel Defense Forces have encircled Khan Younis.,True,IDF announced it had completely encircled the city.
020d3d213643f8ec,M_nocap,6,The Israel Defense Forces are focusing their operations on locating top Hamas officials.,True,Forces are searching for top Hamas officials in Khan Younis.
020d3d213643f8ec,M_nocap,7,Top Hamas officials are believed to be hiding in Khan Younis.,True,Military convinced top Hamas commanders holed up in Khan Younis.
020d3d213643f8ec,M_nocap,8,The Israeli military has superior strength compared to Hamas fighters.,True,Army described as vastly superior to Hamas in strength and equipment.
020d3d213643f8ec,M_nocap,9,Israeli forces are encountering significant resistance from Hamas fighters.,True,Troops faced fierce/significant resistance from Hamas fighters.
020d3d213643f8ec,M_nocap,10,The situation in Khan Younis is dire.,True,"Reports describe panic, hunger, and hospital risk of closure."
020d3d213643f8ec,M_nocap,11,Many displaced people are seeking safety in Khan Younis.,True,Hundreds of thousands sheltering in Khan Younis after fleeing north.
020d3d213643f8ec,M_nocap,12,There is intense fighting in Khan Younis.,True,Multiple mentions of fierce fighting in Khan Younis.
020d3d213643f8ec,M_nocap,13,There is limited access to basic supplies in Khan Younis.,False,"Supply shortage mentioned for Gaza overall, not specifically Khan Younis."
0251e08dd2c44ed1,B0,1,Road gritters in Northern Ireland have been facing strike action.,True,GMB union gritting service suspension is a form of strike action.
0251e08dd2c44ed1,B0,2,Northern Ireland is experiencing severe winter weather conditions.,True,Article describes Arctic blast bringing wintry weather to NI.
0251e08dd2c44ed1,B0,3,The severe winter weather conditions in Northern Ireland are characterized by snow.,True,Article mentions snow expected in Glenshane Pass and Coleraine Mountain.
0251e08dd2c44ed1,B0,4,The severe winter weather conditions in Northern Ireland are characterized by ice.,False,Evidence does not mention ice in Northern Ireland weather conditions.
0251e08dd2c44ed1,B0,5,The strike has raised concerns about road safety.,False,No mention of safety concerns raised due to strike.
0251e08dd2c44ed1,B0,6,The strike has raised concerns about road accessibility.,False,No mention of road accessibility concerns due to strike.
0251e08dd2c44ed1,B0,7,Gritting services are essential for maintaining safe travel during adverse weather.,False,Evidence does not state this general claim about gritting importance.
0251e08dd2c44ed1,B0,8,Local authorities are urging the public to exercise caution while navigating icy roads.,False,No mention of local authorities urging caution in NI evidence.
0251e08dd2c44ed1,B0,9,Discussions are ongoing to resolve the labor dispute.,False,No mention of ongoing discussions to resolve the dispute.
0251e08dd2c44ed1,B0,10,The discussions aim to ensure that essential services can resume.,False,No mention of discussions aiming to resume services.
0251e08dd2c44ed1,B1,1,Northern Ireland is experiencing wintry weather,True,Article title states Arctic blasts bring wintry weather to NI.
0251e08dd2c44ed1,B1,2,Snow is expected in various areas of Northern Ireland,True,Text says a few centimetres of snow expected in lower northern areas.
0251e08dd2c44ed1,B1,3,Snow is expected in the Glenshane Pass,True,Evidence states Glenshane Pass expected to get about 5cm of snow.
0251e08dd2c44ed1,B1,4,Snow is expected in Coleraine Mountain,True,Evidence states Coleraine Mountain expected to get about 5cm of snow.
0251e08dd2c44ed1,B1,5,Gritting services are essential for road safety during wintry conditions,False,Evidence does not state gritting is essential for road safety.
0251e08dd2c44ed1,B1,6,Gritting services will be suspended for a week,True,Alan Perry said gritting services would be suspended for a week.
0251e08dd2c44ed1,B1,7,The suspension of gritting services is due to industrial action by members of the GMB union,True,Suspension linked to industrial action involving GMB union members.
0251e08dd2c44ed1,B1,8,The industrial action starts at 00:01 GMT on Thursday,True,"Suspension begins at 00:01 GMT on Thursday, as stated."
0251e08dd2c44ed1,B1,9,The strike coincides with the cold weather,True,Text notes cold weather coincides with industrial action period.
0251e08dd2c44ed1,B1,10,The cold weather has already led to some snow accumulation in parts of the region,False,"Evidence discusses expected snow, not accumulation that already occurred."
0251e08dd2c44ed1,B1,11,The cold weather has already led to icy conditions in parts of the region,False,No mention of icy conditions already occurring in the NI region.
0251e08dd2c44ed1,M,1,Northern Ireland is experiencing wintry weather,True,Headline states Arctic blast brings wintry weather to NI.
0251e08dd2c44ed1,M,2,Forecasts predict snow accumulation in certain areas of Northern Ireland,True,Glenshane Pass and Coleraine Mountain expected to get about 5cm of snow.
0251e08dd2c44ed1,M,3,Gritting services are essential for maintaining road safety during wintry conditions,False,Evidence mentions gritting/salting but not that it is essential for safety.
0251e08dd2c44ed1,M,4,Gritting services will be suspended for a week,True,Gritting services suspended for a week starting Thursday per GMB union.
0251e08dd2c44ed1,M,5,The suspension of gritting services is due to industrial action by union members,True,Suspension tied to mass industrial action by GMB union members.
0251e08dd2c44ed1,M,6,The strike action coincides with the cold weather,True,Cold weather coincides with a period of mass industrial action.
0251e08dd2c44ed1,M,7,Concerns have been raised about road safety due to expected icy conditions,False,Evidence warns of ice but doesn't state concerns raised about road safety.
0251e08dd2c44ed1,M,8,Snow showers occur in a random pattern,True,Text says showers occur due to random nature.
0251e08dd2c44ed1,M,9,Not all areas will receive snow,True,"Most will manage to avoid snow entirely, meaning not everywhere gets it."
0251e08dd2c44ed1,M,10,Areas that receive snow may face hazardous driving conditions,False,Evidence doesn't link snow areas to hazardous driving conditions specifically.
0251e08dd2c44ed1,M_nocap,1,Northern Ireland is experiencing wintry weather,True,Headline states wintry weather hit NI due to Arctic blast.
0251e08dd2c44ed1,M_nocap,2,Northern Ireland's wintry weather includes snow,True,"Evidence mentions snow lying in Dundrod, County Antrim."
0251e08dd2c44ed1,M_nocap,3,Northern Ireland's wintry weather includes ice,False,Evidence does not mention ice specifically for Northern Ireland.
0251e08dd2c44ed1,M_nocap,4,Specific areas in Northern Ireland are expected to receive around 5cm of snow,True,Glenshane Pass and Coleraine Mountain expected about 5cm of snow.
0251e08dd2c44ed1,M_nocap,5,Gritting services in Northern Ireland will be suspended for a week,True,Gritting services suspended for a week per GMB union statement.
0251e08dd2c44ed1,M_nocap,6,The gritting services suspension is due to industrial action,True,Suspension explicitly tied to mass industrial action.
0251e08dd2c44ed1,M_nocap,7,The industrial action is by members of the GMB union,True,GMB union members involved in gritting suspension.
0251e08dd2c44ed1,M_nocap,8,The suspension starts at 00:01 GMT on Thursday,True,Suspension begins at 00:01 GMT on Thursday as stated.
0251e08dd2c44ed1,M_nocap,9,The suspension coincides with the cold weather,True,Evidence says cold weather coincides with industrial action period.
0251e08dd2c44ed1,M_nocap,10,The cold weather has led to some wintry showers across the region,True,Wintry showers in Northern Ireland mentioned in article 2.
0251e08dd2c44ed1,M_nocap,11,Not all areas will receive snow,True,Evidence states not everywhere will get snow.
0251e08dd2c44ed1,M_nocap,12,The showers are described as random,True,Evidence describes showers as random in nature.
05599929e63a4ae5,B0,1,"The United Nations has expressed strong criticism of Australia's ""stop the boats"" migration policy",False,Evidence never mentions UN or Australia's policy at all.
05599929e63a4ae5,B0,2,"Australia's ""stop the boats"" migration policy aims to deter asylum seekers from arriving by sea",False,"Evidence discusses UK's stop the boats, not Australia."
05599929e63a4ae5,B0,3,"The UN argues that Australia's ""stop the boats"" migration policy violates international human rights standards",False,No mention of UN or Australia in evidence.
05599929e63a4ae5,B0,4,The UN's argument concerns the treatment of refugees,False,No UN argument about refugee treatment appears in evidence.
05599929e63a4ae5,B0,5,The UN's argument concerns the right to seek asylum,False,No mention of UN or asylum rights argument in evidence.
05599929e63a4ae5,B0,6,Concerns have been raised about harsh conditions in offshore detention centers in Australia,False,No mention of offshore detention centers in evidence.
05599929e63a4ae5,B0,7,Concerns have been raised about the potential for human rights abuses in Australia's offshore detention centers,False,No mention of Australia's detention centers or abuses.
05599929e63a4ae5,B0,8,The UN urges Australia to reconsider its migration policies,False,Evidence does not mention UN urging Australia anything.
05599929e63a4ae5,B0,9,The UN urges Australia to adopt a more humane approach to migration,False,No such UN statement about Australia in evidence.
05599929e63a4ae5,B0,10,The UN urges Australia to respect the dignity and rights of individuals seeking refuge,False,Evidence contains no such UN statement regarding Australia.
05599929e63a4ae5,B1,1,The UK government has an ongoing policy called 'stop the boats' aimed at addressing illegal migration.,True,Text mentions 'Stopping the boats will continue to be our priority' as ongoing policy.
05599929e63a4ae5,B1,2,The UK government claims to be prioritizing the reduction of small boat crossings.,True,Minister said stopping boats will continue to be priority.
05599929e63a4ae5,B1,3,The UK government claims to be targeting people smugglers.,True,Minister said government is targeting people smugglers.
05599929e63a4ae5,B1,4,The Immigration Services Union has expressed concerns that the recent decrease in crossings may be temporary.,True,"ISU called decrease a 'glitch', implying it may be temporary."
05599929e63a4ae5,B1,5,The Immigration Services Union has expressed concerns that higher numbers of crossings could return in the future.,True,ISU stated higher numbers expected in 2024.
05599929e63a4ae5,B1,6,Prime Minister Rishi Sunak is facing internal party dissent regarding legislation aimed at sending asylum seekers to Rwanda.,True,Article says Sunak facing significant Tory rebellion over Rwanda bill.
05599929e63a4ae5,B1,7,There are divisions within the Tory party over the effectiveness of the government's migration strategies.,False,"Evidence shows division over appeal process, not effectiveness of strategies."
05599929e63a4ae5,B1,8,There are divisions within the Tory party over the legality of the government's migration strategies.,False,"Evidence discusses appeals amendments, not legality disputes within party."
05599929e63a4ae5,M,1,The UK government is making ongoing efforts to manage illegal migration,True,Evidence describes ongoing government actions like the Rwanda bill and enforcement efforts.
05599929e63a4ae5,M,2,The Rwanda plan is controversial,True,Bill 1 describes major Tory revolt and division over the plan.
05599929e63a4ae5,M,3,The Rwanda plan is aimed at deterring small boat crossings,True,Evidence states plan intended to discourage small boat crossings.
05599929e63a4ae5,M,4,Rishi Sunak is Prime Minister of the UK,True,Referred to as 'the prime minister' throughout evidence.
05599929e63a4ae5,M,5,Rishi Sunak emphasizes the government's commitment to halting small boat crossings,True,Sunak said government would deliver on promise to halt Channel crossings.
05599929e63a4ae5,M,6,The government is facing significant internal dissent from Tory MPs regarding the effectiveness of the Rwanda scheme,False,"Rebellion was about appeal rules, not specifically effectiveness of scheme."
05599929e63a4ae5,M,7,There are concerns about the actual impact of the Rwanda policy,True,"Chancellor doubted deterrent would work, showing concern about impact."
05599929e63a4ae5,M,8,Some government officials doubt the Rwanda policy's deterrent effect,True,Chancellor believed the 'deterrent won't work' per evidence.
05599929e63a4ae5,M,9,The Immigration Services Union suggests that recent decreases in small boat arrivals may be temporary,True,ISU representative called the 2023 decrease a likely 'glitch'.
05599929e63a4ae5,M,10,There have been recent decreases in small boat arrivals,True,Figures show crossings fell 36% in 2023 compared to 2022.
05599929e63a4ae5,M,11,There are reports of thousands of asylum claimants going missing,True,"Evidence reports 5,598 asylum claimants unaccounted for."
05599929e63a4ae5,M,12,The reports of missing asylum claimants highlight issues within the asylum management system,True,Described as 'shocking mismanagement and chaos' in asylum system.
05599929e63a4ae5,M_nocap,1,The UK government is making ongoing efforts to address illegal migration.,True,Multiple evidence pieces show ongoing government efforts on illegal migration.
05599929e63a4ae5,M_nocap,2,The UK government's efforts to address illegal migration include the Rwanda plan.,True,Rwanda plan described as part of tackling illegal migration/small boats.
05599929e63a4ae5,M_nocap,3,The Rwanda plan is controversial.,True,Major Tory revolt and internal disputes show controversy.
05599929e63a4ae5,M_nocap,4,The Rwanda plan aims to deter migrants from crossing the Channel in small boats.,True,Evidence states scheme meant to discourage Channel crossings.
05599929e63a4ae5,M_nocap,5,Rishi Sunak is Prime Minister of the UK.,True,Referred to as 'the prime minister' and 'PM' throughout.
05599929e63a4ae5,M_nocap,6,Rishi Sunak is facing internal dissent from Tory MPs regarding the Rwanda policy.,True,Evidence describes major Tory revolt and rebellion against Sunak.
05599929e63a4ae5,M_nocap,7,Some Tory MPs advocate for amendments to make deportation appeals more difficult.,True,30+ backbenchers back amendments making appeals harder.
05599929e63a4ae5,M_nocap,8,There are concerns about the effectiveness of the Rwanda scheme.,True,"Chancellor doubts deterrent will work, per evidence."
05599929e63a4ae5,M_nocap,9,There are differing opinions within the government about the Rwanda scheme's potential as a deterrent.,True,No 10 vs No 11 differing views on scheme's effectiveness described.
05599929e63a4ae5,M_nocap,10,The UK government continues to prioritize stopping boat crossings.,True,Minister states stopping boats remains priority for 2024.
05599929e63a4ae5,M_nocap,11,The UK government is working with France to combat people smuggling.,True,Minister says working with France to prevent crossings.
05599929e63a4ae5,M_nocap,12,There has been a recent decrease in small boat arrivals.,True,"2023 figures show crossings fell, per evidence."
05599929e63a4ae5,M_nocap,13,There are indications that the recent decrease in small boat arrivals may be temporary.,True,ISU representative calls the decrease a likely 'glitch'.
071cf1365a27add8,B0,1,An explosion recently occurred in Beirut.,True,"Drone attack/explosion in Beirut killed Arouri, per evidence."
071cf1365a27add8,B0,2,The explosion in Beirut resulted in the death of Saleh al-Arouri.,True,Evidence states Arouri died in a drone attack in Beirut.
071cf1365a27add8,B0,3,Saleh al-Arouri was Hamas deputy leader.,True,Explicitly called Hamas deputy leader in multiple items.
071cf1365a27add8,B0,4,The explosion occurred in a densely populated area.,True,"Struck Dahiyeh, a suburb described as a stronghold, implying dense area, though not explicitly 'densely populated'."
071cf1365a27add8,B0,5,The explosion is believed to be linked to ongoing tensions in the region.,True,Evidence links attack to regional tensions and fears of wider war.
071cf1365a27add8,B0,6,The ongoing tensions particularly involve Israel and Palestinian factions.,True,"Tensions described involve Hezbollah, Hamas, Israel, consistent with claim."
071cf1365a27add8,B0,7,Al-Arouri was a prominent figure within Hamas.,True,Described as key figure in Hamas's armed wing and deputy leader.
071cf1365a27add8,B0,8,Al-Arouri's assassination could escalate violence and retaliatory actions.,True,Hamas vowed retaliation and fears of wider war are mentioned.
071cf1365a27add8,B0,9,The incident highlights the fragile security situation in Lebanon.,True,Focus on Hezbollah's response shows fragile Lebanese security situation.
071cf1365a27add8,B0,10,The incident has broader implications for Middle Eastern geopolitics.,True,"Evidence discusses regional escalation fears, implying broader geopolitical implications."
071cf1365a27add8,B1,1,Saleh al-Arouri was assassinated.,True,Evidence states he was assassinated.
071cf1365a27add8,B1,2,Saleh al-Arouri was a deputy leader of Hamas.,True,Evidence states he was deputy Hamas leader.
071cf1365a27add8,B1,3,The assassination of Saleh al-Arouri occurred in a suspected Israeli attack.,True,Evidence states suspected Israeli attack.
071cf1365a27add8,B1,4,The suspected Israeli attack occurred in Beirut.,True,Evidence states attack occurred in Beirut.
071cf1365a27add8,B1,5,Thousands attended Saleh al-Arouri's funeral.,True,Evidence states thousands attended the funeral.
071cf1365a27add8,B1,6,Attendees at the funeral expressed grief.,False,"Evidence mentions prayers/music/gunfire, not explicit grief expression."
071cf1365a27add8,B1,7,Attendees at the funeral expressed anger.,False,Evidence does not mention anger among attendees.
071cf1365a27add8,B1,8,Hamas officials promised retaliation for the assassination.,True,Evidence states Hamas officials vowed to retaliate.
071cf1365a27add8,B1,9,The assassination had a significant impact on Hamas.,True,Evidence states assassination was a blow for Hamas.
071cf1365a27add8,B1,10,The assassination raised concerns about escalating regional tensions.,True,Evidence states it renewed fears of wider war.
071cf1365a27add8,B1,11,The assassination occurred amid heightened tensions.,True,Evidence mentions heightened tensions in the region.
071cf1365a27add8,B1,12,The killing of Arouri has implications for Hamas.,True,Evidence states it was a blow for Hamas.
071cf1365a27add8,B1,13,The killing of Arouri has implications for Hezbollah.,True,"Evidence states it also hit Hezbollah, its ally."
071cf1365a27add8,B1,14,Hezbollah is an ally of Hamas.,True,Evidence calls Hezbollah Hamas's Lebanese ally.
071cf1365a27add8,B1,15,The Iranian leadership vowed a harsh response to the situation.,True,Headline states Iran leader vows harsh response.
071cf1365a27add8,M,1,Saleh al-Arouri was assassinated.,True,Evidence states he was assassinated in Beirut.
071cf1365a27add8,M,2,Saleh al-Arouri was a deputy leader of Hamas.,True,Explicitly called deputy Hamas leader in evidence.
071cf1365a27add8,M,3,The assassination of Saleh al-Arouri occurred in a suspected Israeli attack.,True,Described as suspected Israeli attack in evidence.
071cf1365a27add8,M,4,The suspected Israeli attack occurred in Beirut.,True,Evidence states attack occurred in Beirut.
071cf1365a27add8,M,5,Thousands attended Saleh al-Arouri's funeral.,True,Evidence states thousands attended his funeral.
071cf1365a27add8,M,6,Attendees at the funeral expressed grief.,False,"Evidence mentions prayers and music, not explicit grief."
071cf1365a27add8,M,7,Attendees at the funeral expressed anger.,False,Evidence does not describe attendees' anger explicitly.
071cf1365a27add8,M,8,Hamas officials vowed to retaliate for Saleh al-Arouri's death.,True,Evidence states Hamas officials vowed to retaliate.
071cf1365a27add8,M,9,Saleh al-Arouri's death is seen as a significant blow to Hamas.,True,Evidence states his death was a blow for Hamas.
071cf1365a27add8,M,10,The incident has heightened fears of a broader conflict in the region.,True,Evidence states it renewed fears of a wider war.
071cf1365a27add8,M,11,The heightened fears particularly concern Hezbollah's potential response.,False,Evidence doesn't specifically tie fears to Hezbollah's response.
071cf1365a27add8,M,12,Hezbollah's leader stated that the killing would not go unpunished.,True,"Nasrallah said killing would not go unpunished, per evidence."
071cf1365a27add8,M,13,The attack marks a notable escalation in ongoing tensions between Israel and Iranian-backed groups in Lebanon.,False,Evidence doesn't frame it as notable escalation explicitly.
071cf1365a27add8,M_nocap,1,Saleh al-Arouri was assassinated.,True,Evidence states he was assassinated in a suspected Israeli attack.
071cf1365a27add8,M_nocap,2,Saleh al-Arouri was a deputy leader of Hamas.,True,Evidence directly states he was a deputy Hamas leader.
071cf1365a27add8,M_nocap,3,The assassination of Saleh al-Arouri occurred in a suspected Israeli attack.,True,Evidence explicitly describes it as a suspected Israeli attack.
071cf1365a27add8,M_nocap,4,The suspected Israeli attack on Saleh al-Arouri occurred in Beirut.,True,Evidence states the assassination occurred in Beirut.
071cf1365a27add8,M_nocap,5,Thousands of people attended Saleh al-Arouri's funeral.,True,Evidence states thousands attended his funeral in Beirut.
071cf1365a27add8,M_nocap,6,Attendees at Saleh al-Arouri's funeral expressed grief.,False,"Evidence does not mention grief specifically, only crowds, banners, gunfire."
071cf1365a27add8,M_nocap,7,Attendees at Saleh al-Arouri's funeral expressed anger.,False,Evidence does not describe attendees expressing anger.
071cf1365a27add8,M_nocap,8,Hamas officials vowed to retaliate for Saleh al-Arouri's death.,True,Evidence states Hamas officials vowed to retaliate.
071cf1365a27add8,M_nocap,9,Saleh al-Arouri's death is seen as a significant blow to Hamas.,True,Evidence states the assassination was a blow for Hamas.
071cf1365a27add8,M_nocap,10,The assassination of Saleh al-Arouri has heightened fears of a broader conflict in the region.,True,Evidence states it renewed fears of a wider war in the region.
071cf1365a27add8,M_nocap,11,The heightened fears of broader conflict particularly concern Hezbollah's potential response.,False,"Evidence links fears to wider war generally, not specifically Hezbollah's response."
071cf1365a27add8,M_nocap,12,Hezbollah's leader stated that the killing would not go unpunished.,True,Evidence quotes Nasrallah saying it will not go unpunished.
071cf1365a27add8,M_nocap,13,The attack on Saleh al-Arouri marks a notable escalation in ongoing tensions between Israel and groups like Hamas and Hezbollah.,False,Evidence doesn't frame it as a notable escalation in this specific way.
071cf1365a27add8,M_nocap,14,The escalation in tensions between Israel and groups like Hamas and Hezbollah is occurring amid the war in Gaza.,False,Evidence doesn't explicitly connect escalation framing to Gaza war context this way.
0c0e9b0dbab30c18,B0,1,Maidstone United achieved a victory over Ipswich Town in the FA Cup.,True,Maidstone United beat Ipswich Town 2-1 in FA Cup fourth round.
0c0e9b0dbab30c18,B0,2,The victory over Ipswich Town was a significant upset in the tournament.,True,Described as 'one of the great FA Cup shocks'.
0c0e9b0dbab30c18,B0,3,Maidstone United outplayed Ipswich Town.,False,"Evidence says Ipswich battered Maidstone, hitting woodwork, not outplayed by Maidstone."
0c0e9b0dbab30c18,B0,4,Ipswich Town is a higher-ranked opponent than Maidstone United.,True,Ipswich described as 98 places above Maidstone in pyramid.
0c0e9b0dbab30c18,B0,5,Fans celebrated the win as a historic moment for Maidstone United.,False,No mention of fan celebration or historic moment framing.
0c0e9b0dbab30c18,B0,6,The FA Cup allows lower-league teams to triumph against more established sides.,False,"Evidence describes one event, not a general statement about FA Cup allowing upsets."
0c0e9b0dbab30c18,B0,7,The victory boosts Maidstone United's confidence.,False,No mention of confidence boost.
0c0e9b0dbab30c18,B0,8,The victory enhances Maidstone United's profile in the football community.,False,No mention of profile enhancement in football community.
0c0e9b0dbab30c18,B1,1,Maidstone United defeated Ipswich Town 2-1 in the FA Cup,False,"Score was 1-2, not 2-1."
0c0e9b0dbab30c18,B1,2,The result was an upset,True,Described as one of the great FA Cup shocks.
0c0e9b0dbab30c18,B1,3,Ipswich Town is a Championship team,True,"Ipswich described as second in the second tier, Championship."
0c0e9b0dbab30c18,B1,4,Ipswich Town is significantly higher than Maidstone United in the football hierarchy,True,Maidstone described as 98 places below Ipswich in pyramid.
0c0e9b0dbab30c18,B1,5,Maidstone United knocked Ipswich Town out of the FA Cup,True,Text states Maidstone knocked Ipswich out of fourth round.
0c0e9b0dbab30c18,B1,6,Maidstone United is a National League South side,True,Explicitly stated National League South side.
0c0e9b0dbab30c18,B1,7,Maidstone United scored both of their goals through counter-attacks,True,Both described as superb counter-attack strikes.
0c0e9b0dbab30c18,B1,8,Lamar Reynolds scored one of Maidstone United's goals,True,Reynolds scored a dinked finish goal.
0c0e9b0dbab30c18,B1,9,Sam Corne scored one of Maidstone United's goals,True,Corne scored finishing inside near post.
0c0e9b0dbab30c18,B1,10,Lamar Reynolds and Sam Corne converted their only two shots on target,True,Text says these were Maidstone's only attempts on target.
0c0e9b0dbab30c18,B1,11,Ipswich Town dominated possession,False,Possession not mentioned; only chances and attacks described.
0c0e9b0dbab30c18,B1,12,Ipswich Town created numerous chances,True,Text says Ipswich wasted numerous chances.
0c0e9b0dbab30c18,B1,13,Ipswich Town hit the woodwork three times,True,Explicitly stated Ipswich hit woodwork three times.
0c0e9b0dbab30c18,B1,14,Ipswich Town were unable to secure a win,True,"Ipswich lost 1-2, confirming no win."
0c0e9b0dbab30c18,B1,15,Maidstone United's goalkeeper made several crucial saves,True,"Keeper described as outstanding, making save after save."
0c0e9b0dbab30c18,B1,16,Maidstone United's goalkeeper's saves helped maintain their lead,False,Evidence doesn't say saves maintained a lead specifically.
0c0e9b0dbab30c18,B1,17,This victory marks Maidstone United's third elimination of an EFL side in the current FA Cup season,True,Text says three EFL sides knocked out in seven matches this season.
0c0e9b0dbab30c18,M,1,Maidstone United defeated Ipswich Town 2-1 in the FA Cup,False,"Evidence says 2-1 to Maidstone, but headline says 1-2, meaning Maidstone won 2-1."
0c0e9b0dbab30c18,M,2,The result knocked Ipswich Town out of the FA Cup,True,Evidence states Maidstone knocked Ipswich out of fourth round.
0c0e9b0dbab30c18,M,3,Ipswich Town is a Championship side,True,"Evidence describes Ipswich as Championship high-flyers, second in the tier."
0c0e9b0dbab30c18,M,4,Maidstone United is a National League South team,True,Evidence states Maidstone is a National League South side.
0c0e9b0dbab30c18,M,5,Maidstone United scored both of their goals through counter-attacks,True,Evidence describes both goals as 'superb counter-attack strikes'.
0c0e9b0dbab30c18,M,6,Lamar Reynolds scored one of Maidstone United's goals,True,Evidence states Reynolds scored one of the goals.
0c0e9b0dbab30c18,M,7,Sam Corne scored one of Maidstone United's goals,True,Evidence states Corne scored one of the goals.
0c0e9b0dbab30c18,M,8,Lamar Reynolds and Sam Corne converted their only two shots on target,True,"Evidence says these were Maidstone's only attempts on target, both scored."
0c0e9b0dbab30c18,M,9,Ipswich Town dominated possession,False,Evidence does not mention possession statistics.
0c0e9b0dbab30c18,M,10,Ipswich Town hit the woodwork multiple times,True,Evidence states Ipswich hit the woodwork three times.
0c0e9b0dbab30c18,M,11,Ipswich Town struggled to convert their chances,True,Evidence says Ipswich wasted numerous chances despite battering opponents.
0c0e9b0dbab30c18,M,12,Maidstone United's defense held firm against increasing pressure,True,Evidence says Stones withstood increasing Ipswich pressure with strong defense.
0c0e9b0dbab30c18,M,13,Lucas Covolan is Maidstone United's goalkeeper,True,Evidence identifies Lucas Covolan as Maidstone's keeper.
0c0e9b0dbab30c18,M,14,Lucas Covolan led Maidstone United's defense,False,"Evidence credits Hoyte and Appiah for defense, not Covolan leading it."
0c0e9b0dbab30c18,M,15,This victory marks Maidstone United's third win against EFL teams in the current FA Cup season,False,"Evidence says three EFL sides knocked out in seven matches, not specifically 'this season' framing matches claim differently, but reason is number matches: actually supported."
0c0e9b0dbab30c18,M_nocap,1,Maidstone United defeated Ipswich Town 2-1 in the FA Cup,False,"Evidence states Maidstone won 2-1, not 2-1 order given; score reversed as Ipswich 1-2 Maidstone, contradicts '2-1' framing"
0c0e9b0dbab30c18,M_nocap,2,Ipswich Town is a team from a higher league than Maidstone United,True,"Ipswich is Championship, Maidstone is National League South, higher league confirmed"
0c0e9b0dbab30c18,M_nocap,3,Maidstone United is a National League South side,True,Directly stated in evidence
0c0e9b0dbab30c18,M_nocap,4,Maidstone United scored both of their goals through counter-attacks,True,Both goals described as 'superb counter-attack strikes'
0c0e9b0dbab30c18,M_nocap,5,Lamar Reynolds scored a goal for Maidstone United,True,Reynolds scored the first goal per evidence
0c0e9b0dbab30c18,M_nocap,6,Sam Corne scored a goal for Maidstone United,True,Corne scored the second goal per evidence
0c0e9b0dbab30c18,M_nocap,7,Lamar Reynolds and Sam Corne converted Maidstone United's only two shots on target,True,Evidence states these were Maidstone's only attempts on target
0c0e9b0dbab30c18,M_nocap,8,Ipswich Town dominated possession,False,Evidence mentions chances and woodwork hits but not possession dominance explicitly
0c0e9b0dbab30c18,M_nocap,9,Ipswich Town created numerous chances,True,Evidence says Ipswich wasted numerous chances
0c0e9b0dbab30c18,M_nocap,10,Ipswich Town hit the woodwork three times,True,Directly stated in evidence
0c0e9b0dbab30c18,M_nocap,11,Ipswich Town were unable to secure a win,True,"Ipswich lost 1-2, so they did not secure a win"
0c0e9b0dbab30c18,M_nocap,12,Maidstone United's goalkeeper made several crucial saves to maintain their lead,True,Goalkeeper Lucas made save after save to preserve lead
0c0e9b0dbab30c18,M_nocap,13,This victory marks Maidstone United's third elimination of an EFL side in the current FA Cup season,False,"Evidence says three EFL sides knocked out this season, not specifically third elimination framing matches but close; still same claim, supported actually"
0d4db02711e24409,B0,1,Chris Mason is a prominent figure in discussions surrounding justice reform.,False,Chris Mason is not mentioned anywhere in the evidence.
0d4db02711e24409,B0,2,Chris Mason has been at the center of debates regarding systemic inequalities.,False,Chris Mason is not mentioned anywhere in the evidence.
0d4db02711e24409,B0,3,Chris Mason has been at the center of debates regarding the effectiveness of current legal frameworks.,False,Chris Mason is not mentioned anywhere in the evidence.
0d4db02711e24409,B0,4,Chris Mason's insights have sparked conversations about the need for comprehensive changes.,False,Chris Mason is not mentioned anywhere in the evidence.
0d4db02711e24409,B0,5,The conversations sparked by Chris Mason's insights address issues such as racial bias.,False,Chris Mason and racial bias topic are not mentioned in evidence.
0d4db02711e24409,B0,6,The conversations sparked by Chris Mason's insights address issues such as access to legal resources.,False,Chris Mason and legal resource access are not mentioned in evidence.
0d4db02711e24409,B0,7,There are lingering questions about the practical implementation of Chris Mason's proposals.,False,Chris Mason and his proposals are not mentioned in evidence.
0d4db02711e24409,B0,8,There are lingering questions about how Chris Mason's proposals would impact various communities.,False,Chris Mason and community impact of proposals not mentioned in evidence.
0d4db02711e24409,B0,9,Advocates and policymakers continue to grapple with challenges related to justice reform.,False,Advocates/policymakers grappling with justice reform is not mentioned in evidence.
0d4db02711e24409,B0,10,Mason's contributions highlight the complexities of achieving true justice in society.,False,Chris Mason is not mentioned anywhere in the evidence.
0d4db02711e24409,B1,1,Glynn Simmons was exonerated.,True,Headline and text confirm he was exonerated.
0d4db02711e24409,B1,2,Glynn Simmons was exonerated after 48 years in prison.,True,Headline states exonerated after 48 years.
0d4db02711e24409,B1,3,Glynn Simmons emphasized the need for criminal justice reform.,True,He said 'we've got to do something on criminal justice reform.'
0d4db02711e24409,B1,4,Glynn Simmons reflected on his newfound freedom.,True,"He called freedom 'exhilarating', reflecting on it."
0d4db02711e24409,B1,5,A report details the anger of families of victims in a triple murder case.,True,Article details families' anger after triple killer's sentencing.
0d4db02711e24409,B1,6,The families of victims in the triple murder case expressed disappointment with the sentencing of the perpetrator.,True,Wayne's father disappointed with sentence per statement.
0d4db02711e24409,B1,7,The families of victims in the triple murder case feel let down by the justice system.,True,Families said they were 'let down' by the system.
0d4db02711e24409,M,1,The CCRC has an upcoming report on Andy Malkinson's case.,True,Evidence says CCRC review could be published within weeks.
0d4db02711e24409,M,2,The CCRC's upcoming report on Andy Malkinson's case highlights concerns about the integrity of the justice process.,False,Evidence doesn't say report content addresses process integrity.
0d4db02711e24409,M,3,The CCRC's upcoming report on Andy Malkinson's case highlights concerns about the impact of wrongful convictions.,False,Evidence doesn't describe report's content on wrongful convictions impact.
0d4db02711e24409,M,4,Constance Marten is on trial.,True,Court proceedings described indicate ongoing trial.
0d4db02711e24409,M,5,Mark Gordon is on trial.,True,Mr Gordon's defense is mentioned in trial proceedings.
0d4db02711e24409,M,6,Constance Marten is accused of manslaughter in the death of their baby.,True,Image caption states she is accused of manslaughter of baby.
0d4db02711e24409,M,7,Mark Gordon is accused of manslaughter in the death of their baby.,True,Image caption states Gordon accused of manslaughter of baby.
0d4db02711e24409,M,8,There are conflicting narratives about the care provided to the child in the Constance Marten and Mark Gordon case.,True,Prosecution and defense give differing accounts of baby's care.
0d4db02711e24409,M,9,"Other cases mentioned involve serious criminal charges, including murder.",True,Calocane case involves murder charges as described.
0d4db02711e24409,M,10,The other cases mentioned do not directly relate to Chris Mason.,True,Chris Mason is never mentioned in any evidence.
0d4db02711e24409,M,11,The other cases mentioned do not directly relate to specific questions about justice.,False,Cannot verify absence of link to unspecified 'justice questions'.
0d4db02711e24409,M_nocap,1,The coverage discusses various legal cases,True,Multiple distinct legal cases are covered across the excerpts.
0d4db02711e24409,M_nocap,2,The coverage discusses wrongful convictions,True,Malkinson case discusses wrongful conviction overturned by DNA.
0d4db02711e24409,M_nocap,3,The coverage discusses a trial involving a couple accused of neglecting their baby,True,Marten trial involves couple accused of neglecting baby in tent.
0d4db02711e24409,M_nocap,4,The coverage discusses a defamation trial involving E. Jean Carroll and Donald Trump,True,Carroll v Trump defamation trial is explicitly covered.
0d4db02711e24409,M_nocap,5,The evidence highlights ongoing legal proceedings,True,"Trials, inquiries, and court proceedings are described as ongoing."
0d4db02711e24409,M_nocap,6,The evidence highlights the emotional impact on victims' families,True,Nottingham case notes families 'profoundly and devastatingly affected'.
0d4db02711e24409,M_nocap,7,The coverage does not address the topic of Chris Mason directly,True,Chris Mason is never mentioned in the evidence.
0d5517e7afcf1b99,B0,1,A former Olympic cyclist lost his life in a car accident.,False,No mention of an Olympic cyclist dying in a car accident.
0d5517e7afcf1b99,B0,2,Tributes have poured in for the former Olympic cyclist.,False,No evidence of Olympic cyclist or tributes to one.
0d5517e7afcf1b99,B0,3,Fellow athletes have expressed sorrow for the former Olympic cyclist's death.,False,No evidence of athletes mourning an Olympic cyclist.
0d5517e7afcf1b99,B0,4,Fans have expressed sorrow for the former Olympic cyclist's death.,False,No evidence of fans mourning an Olympic cyclist.
0d5517e7afcf1b99,B0,5,Sports organizations have expressed sorrow for the former Olympic cyclist's death.,False,No evidence of sports organizations mourning an Olympic cyclist.
0d5517e7afcf1b99,B0,6,"Fellow athletes, fans, and sports organizations have expressed admiration for the former Olympic cyclist's contributions to cycling.",False,No evidence of any such admiration statements.
0d5517e7afcf1b99,B0,7,The former Olympic cyclist had achievements in cycling.,False,No mention of an Olympic cyclist's achievements.
0d5517e7afcf1b99,B0,8,The former Olympic cyclist had an impact on the sport of cycling.,False,No mention of an Olympic cyclist's impact on cycling.
0d5517e7afcf1b99,B0,9,Many people have shared personal stories about the former Olympic cyclist.,False,No mention of personal stories about an Olympic cyclist.
0d5517e7afcf1b99,B0,10,Many people have shared personal memories of the former Olympic cyclist.,False,No mention of personal memories of an Olympic cyclist.
0d5517e7afcf1b99,B0,11,The former Olympic cyclist was dedicated to cycling.,False,No mention of an Olympic cyclist's dedication.
0d5517e7afcf1b99,B0,12,The former Olympic cyclist was passionate about cycling.,False,No mention of an Olympic cyclist's passion.
0d5517e7afcf1b99,B0,13,The cycling community is mourning the loss of the former Olympic cyclist.,False,No mention of a cycling community mourning an Olympic cyclist.
0d5517e7afcf1b99,B1,1,A cyclist died after a fall from a cliff in Italy.,True,Evidence states Harper was found dead in Italy after falling from a cliff.
0d5517e7afcf1b99,B1,2,Steven Harper was a Scottish cyclist.,True,Evidence states he was a Scottish cyclist.
0d5517e7afcf1b99,B1,3,Steven Harper was found dead after going missing near Monaco.,True,Evidence confirms he went missing near Monaco and found dead.
0d5517e7afcf1b99,B1,4,Steven Harper's death was attributed to a fall.,True,Evidence states his death was attributed to a fall from a cliff.
0d5517e7afcf1b99,B1,5,Steven Harper's fall was possibly linked to disorientation from mushroom toxins.,True,Evidence states fall possibly due to disorientation caused by mushroom toxins.
0d5517e7afcf1b99,B1,6,Steven Harper's family expressed their devastation.,True,Evidence states family had been left devastated by the news.
0d5517e7afcf1b99,B1,7,Steven Harper's family noted that they received condolences from around the world.,True,Evidence states family received condolences from all over the world.
0d5517e7afcf1b99,M,1,A fatal car collision involved a teenager.,True,"18-year-old passenger died in collision, matches teenager."
0d5517e7afcf1b99,M,2,A car crashed into a café in Italy.,True,"Directly stated car crashed into café in Turin, Italy."
0d5517e7afcf1b99,M_nocap,1,A fatal car collision involved a teenager.,True,"18-year-old passenger died in three-car collision, per evidence."
0d5517e7afcf1b99,M_nocap,2,A car crashed into a café in Italy.,True,"CCTV shows car crashed into café in Turin, Italy."
108be638ceef764c,B0,1,King Charles III ascended to the throne in September 2022,False,Evidence does not mention when King Charles ascended to the throne.
108be638ceef764c,B0,2,King Charles III ascended to the throne following the death of Queen Elizabeth II,False,Evidence does not mention Queen Elizabeth II's death or succession.
108be638ceef764c,B0,3,Queen Elizabeth II was King Charles III's mother,False,Evidence never states Elizabeth II was Charles's mother.
108be638ceef764c,B0,4,King Charles III is the head of the British royal family,False,Evidence does not describe him as head of the royal family.
108be638ceef764c,B0,5,Prince William is King Charles III's eldest son,False,Evidence mentions Prince of Wales but not that he is Charles's eldest son.
108be638ceef764c,B0,6,Prince William is Duke of Cornwall and Cambridge,False,Evidence does not mention these titles for Prince William.
108be638ceef764c,B0,7,Prince William is an immediate successor to King Charles III,False,Evidence does not discuss succession order.
108be638ceef764c,B0,8,Prince George is a child of Prince William,True,"Evidence lists George, Charlotte, Louis alongside Prince of Wales, implying his children."
108be638ceef764c,B0,9,Princess Charlotte is a child of Prince William,True,"Same as above, Charlotte listed as part of family with Prince of Wales."
108be638ceef764c,B0,10,Prince Louis is a child of Prince William,True,"Same as above, Louis listed as part of family with Prince of Wales."
108be638ceef764c,B0,11,"Prince George, Princess Charlotte, and Prince Louis follow Prince William in the line of succession",False,Evidence does not discuss line of succession order.
108be638ceef764c,B0,12,The royal family has been in the spotlight for its evolving role in modern society,False,Evidence does not discuss the royal family's evolving role in society.
108be638ceef764c,B0,13,King Charles has emphasized issues like climate change,False,Evidence never mentions climate change.
108be638ceef764c,B0,14,King Charles has emphasized issues like social responsibility,False,Evidence never mentions social responsibility issues.
108be638ceef764c,B0,15,The succession line remains a topic of public interest,False,Evidence does not discuss succession as a topic of interest.
108be638ceef764c,B0,16,Discussions about the future of the monarchy continue amidst changing public sentiments,False,Evidence does not discuss debates about the monarchy's future.
108be638ceef764c,B1,1,King Charles III is set to undergo treatment for a prostate condition.,True,Evidence states King Charles will be treated for enlarged prostate.
108be638ceef764c,B1,2,King Charles III's prostate condition is benign.,True,Evidence explicitly says his condition is benign.
108be638ceef764c,B1,3,Benign prostate conditions are common in older men.,True,Evidence states condition is common in older men.
108be638ceef764c,B1,4,King Charles III will have a corrective procedure next week.,True,Evidence says he will undergo corrective procedure next week.
108be638ceef764c,B1,5,The Princess of Wales is in the hospital.,True,Evidence states Princess of Wales is in hospital.
108be638ceef764c,B1,6,The Princess of Wales is recovering from abdominal surgery.,True,Evidence says she is recovering after abdominal surgery.
108be638ceef764c,B1,7,The Princess of Wales's abdominal surgery is not cancer-related.,True,Evidence states her condition is non-cancer related.
108be638ceef764c,B1,8,King Charles III will step back from his public duties during his recovery period.,False,"Evidence says his public engagements postponed, not 'step back' duties phrase used for him."
108be638ceef764c,B1,9,The Princess of Wales will step back from her public duties during her recovery period.,True,Evidence says Catherine will step back from royal duties for months.
108be638ceef764c,B1,10,The announcements about King Charles III's and the Princess of Wales's health were made in close succession.,True,Evidence says announcements made within two hours of each other.
108be638ceef764c,M,1,King Charles III is set to undergo treatment for a benign prostate condition,True,Directly stated King Charles set to be treated for benign prostate condition.
108be638ceef764c,M,2,A benign prostate condition is common in older men,True,NHS guidance says the condition is common in older men.
108be638ceef764c,M,3,Buckingham Palace announced that King Charles III will have a 'corrective procedure',True,Buckingham Palace statement says he will undergo a corrective procedure.
108be638ceef764c,M,4,King Charles III will postpone his public engagements for a short recuperation period,True,Palace said public engagements postponed for short recuperation period.
108be638ceef764c,M,5,The news about King Charles III's health coincided with the announcement about the Princess of Wales,True,Announcements made within two hours of each other on same day.
108be638ceef764c,M,6,The Princess of Wales is in the hospital,True,Princess of Wales is recovering in hospital after surgery.
108be638ceef764c,M,7,The Princess of Wales is recovering from abdominal surgery,True,She underwent abdominal surgery and is recovering in hospital.
108be638ceef764c,M,8,The Princess of Wales's abdominal surgery is not cancer-related,True,Palace confirmed the condition is not cancer-related.
108be638ceef764c,M,9,King Charles III is stepping back from his duties during his recovery period,False,"Evidence says King had short recuperation, not stepping back from duties like Kate."
108be638ceef764c,M,10,The Princess of Wales is stepping back from her duties during her recovery period,True,Catherine will step back from royal duties for months per evidence.
108be638ceef764c,M_nocap,1,King Charles III is set to undergo treatment for a benign prostate condition,True,Directly stated King Charles set to be treated for benign prostate condition.
108be638ceef764c,M_nocap,2,The benign prostate condition is specifically an enlarged prostate,True,Evidence states his benign condition is an enlarged prostate.
108be638ceef764c,M_nocap,3,An enlarged prostate is common in older men,True,NHS/evidence states enlarged prostate is common in older men.
108be638ceef764c,M_nocap,4,Buckingham Palace announced that King Charles III will have a corrective procedure,True,Buckingham Palace statement announced the corrective procedure.
108be638ceef764c,M_nocap,5,King Charles III will need some time for recuperation,True,Evidence mentions a short period of recuperation.
108be638ceef764c,M_nocap,6,King Charles III's public engagements will be postponed during his recuperation,True,Palace said public engagements postponed during recuperation.
108be638ceef764c,M_nocap,7,The Princess of Wales is recovering in the hospital,True,Evidence states Princess of Wales recovering in hospital after surgery.
108be638ceef764c,M_nocap,8,The Princess of Wales underwent abdominal surgery,True,Evidence confirms she underwent abdominal surgery.
108be638ceef764c,M_nocap,9,Both health announcements (King Charles III's and the Princess of Wales's) were made in close succession,True,Announcements made within two hours/90 minutes of each other.
108be638ceef764c,M_nocap,10,The Prince of Wales is expected to step back from royal duties,True,Evidence states Prince of Wales will step back from royal duties.
108be638ceef764c,M_nocap,11,The Prince of Wales is expected to step back from royal duties to support his family during this time,True,Evidence says he'll step back to be with his wife and children.
11c4cea9638ae8fa,B0,1,"Patsy Palmer made a return to ""EastEnders"".",False,Evidence never mentions Patsy Palmer at all.
11c4cea9638ae8fa,B0,2,"Patsy Palmer's return to ""EastEnders"" was much-anticipated.",False,No mention of Patsy Palmer or anticipation of her return.
11c4cea9638ae8fa,B0,3,Patsy Palmer reprised her role as Bianca Jackson.,False,Bianca Jackson and Patsy Palmer are not mentioned in evidence.
11c4cea9638ae8fa,B0,4,The role of Bianca Jackson is an iconic role for Patsy Palmer.,False,No mention of Bianca Jackson being iconic or Patsy Palmer.
11c4cea9638ae8fa,B0,5,"Patsy Palmer had a lengthy absence from ""EastEnders"" before her return.",False,No mention of Patsy Palmer's absence from EastEnders.
11c4cea9638ae8fa,B0,6,Patsy Palmer's comeback has generated excitement among fans.,False,Evidence contains no mention of Patsy Palmer's comeback or fan reaction.
11c4cea9638ae8fa,B0,7,Fans fondly remember Bianca Jackson's dramatic storylines.,False,No mention of Bianca Jackson's storylines in evidence.
11c4cea9638ae8fa,B0,8,Fans fondly remember Bianca Jackson's memorable catchphrases.,False,No mention of Bianca Jackson's catchphrases in evidence.
11c4cea9638ae8fa,B0,9,"""EastEnders"" often brings back beloved characters.",False,Evidence doesn't discuss EastEnders bringing back characters.
11c4cea9638ae8fa,B0,10,"Bringing back beloved characters is part of a broader trend in ""EastEnders"".",False,No mention of such a trend in the evidence.
11c4cea9638ae8fa,B0,11,Bringing back beloved characters is intended to reignite interest in the show.,False,No mention of reigniting interest via returning characters.
11c4cea9638ae8fa,B0,12,Bringing back beloved characters is intended to engage viewers.,False,No mention of engaging viewers via character returns.
11c4cea9638ae8fa,B0,13,Patsy Palmer's reappearance is expected to bring fresh dynamics to the existing plotlines.,False,Patsy Palmer and plotline dynamics not mentioned in evidence.
11c4cea9638ae8fa,B0,14,Patsy Palmer's reappearance is expected to deepen emotional connections within the show's community.,False,No mention of Patsy Palmer or emotional connections in evidence.
11c4cea9638ae8fa,B1,1,The evidence does not provide any information regarding Patsy Palmer's return to EastEnders.,True,No mention of Patsy Palmer or EastEnders return anywhere in evidence.
11c4cea9638ae8fa,B1,2,The evidence covers a scandal involving the Post Office.,True,Evidence includes Post Office scandal articles about Mrs Palmer and Vennells.
11c4cea9638ae8fa,B1,3,The evidence covers the sale of the EastEnders set.,True,Evidence explicitly describes BBC selling EastEnders set at Elstree.
11c4cea9638ae8fa,B1,4,The evidence covers police failures in Rochdale.,True,Evidence describes police failures in Rochdale grooming gangs case.
11c4cea9638ae8fa,B1,5,The evidence covers a murder case.,True,Evidence covers Alfie Phillips murder case and trial.
11c4cea9638ae8fa,B1,6,There is insufficient evidence to summarize the query.,False,Evidence contains substantial detail; claim of insufficiency is unsupported.
11c4cea9638ae8fa,M,1,The evidence does not provide any information regarding Patsy Palmer's return to EastEnders.,True,Evidence never mentions Patsy Palmer or EastEnders return.
11c4cea9638ae8fa,M,2,The evidence covers a scandal involving a different individual.,True,"Post Office scandal involves Mrs Palmer, a different individual."
11c4cea9638ae8fa,M,3,The evidence covers the sale of the EastEnders set.,True,Article 2 covers BBC selling the EastEnders set.
11c4cea9638ae8fa,M,4,The evidence covers health issues of a public figure.,True,Articles 3 and 5 cover health issues of public figures.
11c4cea9638ae8fa,M,5,The evidence covers the death of a notable DJ.,True,Article 4 covers death of DJ Annie Nightingale.
11c4cea9638ae8fa,M,6,The evidence covers a tragic incident involving a dancer.,True,Article 5 covers dancer Órla Baxendale's tragic death.
11c4cea9638ae8fa,M,7,There is insufficient evidence to summarize the query.,False,"Evidence is substantial and topically clear, contradicting insufficiency claim."
14959417647b94ee,B0,1,"The BBC has defended its show ""Dragons' Den"".",False,Evidence never mentions Dragons' Den at all.
14959417647b94ee,B0,2,"""Dragons' Den"" is a popular show.",False,No mention of Dragons' Den in evidence.
14959417647b94ee,B0,3,"""Dragons' Den"" has received criticism regarding its portrayal of entrepreneurs.",False,No mention of Dragons' Den in evidence.
14959417647b94ee,B0,4,"""Dragons' Den"" has received criticism regarding the pressure placed on contestants.",False,No mention of Dragons' Den in evidence.
14959417647b94ee,B0,5,"Critics argue that ""Dragons' Den"" can create unrealistic expectations about business success.",False,No mention of Dragons' Den in evidence.
14959417647b94ee,B0,6,"Critics argue that ""Dragons' Den"" can create unrealistic expectations about the harshness of the investment process.",False,No mention of Dragons' Den in evidence.
14959417647b94ee,B0,7,The BBC emphasized the program's role in showcasing innovation.,False,No mention of Dragons' Den in evidence.
14959417647b94ee,B0,8,The BBC emphasized the program's role in showcasing entrepreneurship.,False,No mention of Dragons' Den in evidence.
14959417647b94ee,B0,9,"The BBC highlighted that ""Dragons' Den"" provides valuable insights into the challenges of starting a business.",False,No mention of Dragons' Den in evidence.
14959417647b94ee,B0,10,The BBC maintains that the show's format encourages resilience among aspiring entrepreneurs.,False,No mention of Dragons' Den in evidence.
14959417647b94ee,B0,11,The BBC maintains that the show's format encourages creativity among aspiring entrepreneurs.,False,No mention of Dragons' Den in evidence.
14959417647b94ee,B1,1,"The evidence does not provide any information regarding the BBC's defense of ""Dragons' Den"".",True,No mention of Dragons' Den in the evidence.
14959417647b94ee,B1,2,"The evidence does not provide any information regarding criticism related to the BBC's defense of ""Dragons' Den"".",True,No mention of Dragons' Den criticism in the evidence.
14959417647b94ee,B1,3,The evidence covers New Year's celebrations.,True,Article 1 covers New Year celebrations across UK.
14959417647b94ee,B1,4,The evidence covers online radicalization.,True,Article 2 covers online radicalisation of young Britons.
14959417647b94ee,B1,5,The evidence covers trust in online news.,True,Article 3 discusses trust and transparency in online news.
14959417647b94ee,B1,6,The evidence covers an exposé on TB Joshua.,True,Article 4 covers TB Joshua exposé and faked miracles.
14959417647b94ee,B1,7,The evidence covers allegations against SpaceX.,True,Article 5 covers allegations against SpaceX.
14959417647b94ee,M,1,The evidence does not provide any specific information regarding the BBC's defense of 'Dragons' Den',True,Evidence never mentions Dragons' Den at all.
14959417647b94ee,M,2,The evidence does not provide any specific information regarding criticism related to 'Dragons' Den',True,Evidence never mentions Dragons' Den criticism.
14959417647b94ee,M,3,The evidence discusses broader issues concerning the BBC's impartiality,True,Evidence discusses BBC impartiality as an ongoing issue.
14959417647b94ee,M,4,The evidence discusses broader issues concerning the BBC's complaints handling,True,Evidence discusses complaints handling and scrutiny recommendations.
14959417647b94ee,M,5,The evidence discusses broader issues concerning trust in the BBC's news services,True,Evidence mentions BBC being most trusted news provider.
14959417647b94ee,M,6,The government has consulted with the BBC on recommendations to improve transparency,False,"Consultation was on recommendations generally, not specifically transparency."
14959417647b94ee,M,7,The government has consulted with Ofcom on recommendations to improve transparency,False,"Consultation was on recommendations generally, not specifically transparency."
14959417647b94ee,M,8,The government has consulted with the BBC on recommendations to address public confidence in the BBC's operations,False,"Consultation was about recommendations broadly, not specifically public confidence."
14959417647b94ee,M,9,The government has consulted with Ofcom on recommendations to address public confidence in the BBC's operations,False,"Consultation was about recommendations broadly, not specifically public confidence."
14959417647b94ee,M,10,The BBC emphasizes its commitment to impartiality in its reporting,True,BBC states it treats subjects with impartiality reflecting full range of views.
14959417647b94ee,M,11,The BBC emphasizes its commitment to accuracy in its reporting,True,Evidence references BBC's accuracy and verification policy.
14959417647b94ee,M,12,There is no mention of 'Dragons' Den' in the evidence,True,No mention of Dragons' Den anywhere in evidence.
14959417647b94ee,M,13,There is no mention of controversies related to 'Dragons' Den' in the evidence,True,No mention of Dragons' Den controversies anywhere in evidence.
14959417647b94ee,M_nocap,1,"The evidence does not provide information specifically related to the BBC's defense of ""Dragons' Den"".",True,No mention of Dragons' Den anywhere in evidence.
14959417647b94ee,M_nocap,2,"The evidence does not provide information specifically related to criticism the BBC may have faced over ""Dragons' Den"".",True,No mention of Dragons' Den criticism in evidence.
14959417647b94ee,M_nocap,3,The evidence discusses broader issues regarding the BBC's impartiality.,True,Evidence discusses BBC impartiality issues in items 1 and 2.
14959417647b94ee,M_nocap,4,The evidence discusses broader issues regarding the BBC's complaints handling.,True,Evidence discusses complaints handling scrutiny in item 1.
14959417647b94ee,M_nocap,5,The evidence discusses broader issues regarding trust in the BBC's news services.,True,Evidence discusses trust and transparency in BBC news in item 2.
14959417647b94ee,M_nocap,6,The evidence discusses a topic involving a former Post Office boss.,True,"Item 3 discusses Paula Vennells, former Post Office boss."
14959417647b94ee,M_nocap,7,The evidence discusses political matters in Northern Ireland.,True,Item 4 discusses DUP and Stormont politics in Northern Ireland.
14959417647b94ee,M_nocap,8,The coverage does not address the query directly.,False,No query is specified in evidence to judge this claim against.
14d07d729cffb380,B0,1,Paul Kagame is the President of Rwanda,True,Evidence states Rwanda's President Paul Kagame explicitly.
14d07d729cffb380,B0,2,Paul Kagame recently indicated that the UK could potentially receive a refund related to its asylum deal with Rwanda,True,"Kagame said he'd return money if no asylum seekers sent, implying refund possibility."
14d07d729cffb380,B0,3,The asylum deal between the UK and Rwanda is controversial,True,"Evidence shows political disputes, court rulings, rebels—indicates controversy."
14d07d729cffb380,B0,4,The asylum deal is facing ongoing criticism,True,Evidence shows Labour and Tory MPs criticizing the policy repeatedly.
14d07d729cffb380,B0,5,The asylum deal is facing legal challenges,True,Evidence explicitly mentions legal challenges and Supreme Court ruling.
14d07d729cffb380,B0,6,The asylum deal aims to relocate asylum seekers from the UK to Rwanda,True,Evidence describes scheme to send asylum seekers from UK to Rwanda.
14d07d729cffb380,B0,7,Kagame's comments suggest a willingness to renegotiate terms of the deal,False,"Evidence shows refund possibility, not willingness to renegotiate deal terms."
14d07d729cffb380,B0,8,Kagame's comments suggest a willingness to reconsider the financial aspects of the deal,True,Kagame's refund comment reflects reconsidering financial aspects of the deal.
14d07d729cffb380,B1,1,Paul Kagame is Rwanda's President,True,Evidence identifies Kagame as Rwanda's President.
14d07d729cffb380,B1,2,Paul Kagame has indicated that he would consider returning funds to the UK if no asylum seekers are sent to Rwanda,True,Evidence states Kagame would return money if no asylum seekers sent.
14d07d729cffb380,B1,3,A government spokeswoman stated that there is no obligation to refund the money already received from the UK,True,Spokeswoman said country had 'no obligation' to return the money.
14d07d729cffb380,B1,4,The UK has paid £240 million to Rwanda,True,Evidence states UK has paid £240m so far.
14d07d729cffb380,B1,5,The UK is expected to pay Rwanda an additional £50 million,True,Evidence states further £50m is expected to be paid.
14d07d729cffb380,B1,6,The UK government has a plan to send asylum seekers to Rwanda,True,Multiple articles describe the government's plan to send asylum seekers to Rwanda.
14d07d729cffb380,B1,7,The UK government's plan to send asylum seekers to Rwanda has faced legal challenges,True,Evidence describes repeated legal challenges and Supreme Court ruling.
14d07d729cffb380,B1,8,No asylum seekers have been sent to Rwanda so far,True,Evidence states no asylum seekers have been sent to Rwanda so far.
14d07d729cffb380,B1,9,The Rwandan government has threatened to withdraw from the scheme if it does not meet international obligations,True,Evidence states Rwandan government threatened to pull out if not compliant.
14d07d729cffb380,M,1,Rwanda's President is Paul Kagame.,True,Text names Paul Kagame as Rwanda's President.
14d07d729cffb380,M,2,Paul Kagame indicated he would consider returning funds to the UK if no asylum seekers are sent to Rwanda.,True,He said he'd return money if no asylum seekers sent.
14d07d729cffb380,M,3,"A Rwandan government spokeswoman stated that Rwanda has ""no obligation"" to refund the money already received.",True,Directly stated by Rwandan government spokeswoman.
14d07d729cffb380,M,4,The UK has paid £240 million to Rwanda.,True,Evidence states UK paid £240m so far.
14d07d729cffb380,M,5,The UK is expected to pay an additional £50 million to Rwanda.,True,Evidence states further £50m expected to be paid.
14d07d729cffb380,M,6,The payments are part of a controversial asylum scheme aimed at deterring migrants.,True,Treaty described as deterring migrants crossing Channel.
14d07d729cffb380,M,7,The UK-Rwanda Treaty is central to the asylum scheme.,True,Described as central plank of government's plan.
14d07d729cffb380,M,8,The UK-Rwanda Treaty has faced legal challenges.,False,"Legal challenges mentioned regarding the bill/policy, not specifically the treaty."
14d07d729cffb380,M,9,The UK-Rwanda Treaty has not yet resulted in any asylum seekers being relocated to Rwanda.,True,Stated no asylum seekers sent to Rwanda so far.
14d07d729cffb380,M,10,The House of Lords has expressed concerns about the safety of Rwanda for asylum seekers.,True,Lords voted treaty should wait until Rwanda proven safe.
14d07d729cffb380,M,11,The House of Lords' concerns are further complicating the implementation of the scheme.,False,"Evidence doesn't state Lords' concerns complicate implementation, just delay ratification."
14d07d729cffb380,M_nocap,1,Rwanda's President is Paul Kagame,True,Evidence names Paul Kagame as Rwanda's President.
14d07d729cffb380,M_nocap,2,Paul Kagame indicated he would consider returning funds to the UK if no asylum seekers are sent to Rwanda,True,Kagame said he'd return money if no asylum seekers sent.
14d07d729cffb380,M_nocap,3,A Rwandan government spokeswoman stated that Rwanda has 'no obligation' to refund the money,True,Spokeswoman said Rwanda had 'no obligation' to return the money.
14d07d729cffb380,M_nocap,4,The UK has already paid £240 million to Rwanda,True,Evidence states UK has paid £240m so far.
14d07d729cffb380,M_nocap,5,The UK is expected to pay an additional £50 million to Rwanda,True,Evidence states further £50m expected to be paid.
14d07d729cffb380,M_nocap,6,There are ongoing legal challenges surrounding the UK-Rwanda asylum scheme,True,Multiple mentions of legal challenges grounding flights and courts.
14d07d729cffb380,M_nocap,7,There are ongoing political debates surrounding the UK-Rwanda asylum scheme,True,"Evidence describes Tory rebels, debates, and party divisions."
14d07d729cffb380,M_nocap,8,The legal challenges and political debates have delayed the implementation of the UK-Rwanda asylum policy,True,Evidence states plan repeatedly delayed by legal challenges.
14d07d729cffb380,M_nocap,9,No asylum seekers have been sent to Rwanda thus far,True,Evidence explicitly states no asylum seekers sent so far.
14d07d729cffb380,M_nocap,10,The Rwandan government has threatened to withdraw from the scheme if it does not meet international obligations,True,Evidence states Rwandan government threatened to pull out if obligations unmet.
17257fe76636c068,B0,1,The Scottish Covid inquiry has been examining decisions made by the Scottish Government during the pandemic.,True,"Evidence covers political decisions, WhatsApp deletions, independence focus by Scottish government."
17257fe76636c068,B0,2,The Scottish Covid inquiry is focusing on the effectiveness of the Scottish Government's pandemic response.,False,No mention of inquiry focusing on effectiveness of pandemic response.
17257fe76636c068,B0,3,The Scottish Covid inquiry is focusing on the impact of the Scottish Government's pandemic-related choices on public health.,False,No mention of impact on public health as focus area.
17257fe76636c068,B0,4,The timing of lockdowns is a key area of scrutiny in the Scottish Covid inquiry.,False,Timing of lockdowns not mentioned in evidence.
17257fe76636c068,B0,5,The handling of care homes is a key area of scrutiny in the Scottish Covid inquiry.,False,Care homes not mentioned in evidence.
17257fe76636c068,B0,6,The distribution of resources is a key area of scrutiny in the Scottish Covid inquiry.,False,Distribution of resources not mentioned in evidence.
17257fe76636c068,B0,7,Testimonies from health officials have been given to the Scottish Covid inquiry.,True,Chief Medical Officer and National Clinical Director gave evidence/testimony.
17257fe76636c068,B0,8,Testimonies from government leaders have been given to the Scottish Covid inquiry.,True,"Sturgeon, a government leader, is due to give evidence."
17257fe76636c068,B0,9,Testimonies given to the Scottish Covid inquiry have highlighted successes in the pandemic response.,False,No successes are highlighted in the evidence.
17257fe76636c068,B0,10,Testimonies given to the Scottish Covid inquiry have highlighted failures in the pandemic response.,True,WhatsApp deletions and secrecy accusations highlight failures.
17257fe76636c068,B0,11,There have been calls for greater transparency in future health crises.,False,No mention of calls for transparency in future health crises.
17257fe76636c068,B0,12,There have been calls for greater accountability in future health crises.,False,No mention of calls for accountability in future health crises.
17257fe76636c068,B0,13,The Scottish Covid inquiry aims to provide lessons learned to better prepare for similar situations in the future.,True,Scottish government said learning lessons is vital to prepare for future.
17257fe76636c068,B1,1,The UK Covid inquiry is ongoing,True,Evidence describes ongoing hearings and inquiry sittings.
17257fe76636c068,B1,2,The UK Covid inquiry is currently taking evidence in Scotland,True,Evidence states inquiry is sitting in Scotland taking evidence.
17257fe76636c068,B1,3,The UK Covid inquiry's current focus is on the decisions made during the pandemic,True,Second phase looks at major political decisions taken after Covid emerged.
17257fe76636c068,B1,4,Lesley Fraser is a senior civil servant,True,Explicitly called 'director general corporate at the Scottish government'.
17257fe76636c068,B1,5,Lesley Fraser has been providing testimony to the UK Covid inquiry,True,Evidence states inquiry was taking evidence from Lesley Fraser.
17257fe76636c068,B1,6,Nicola Sturgeon is a former First Minister,False,Evidence does not state Sturgeon is a former First Minister.
17257fe76636c068,B1,7,Nicola Sturgeon has stated her intention to answer questions openly when she gives evidence later,True,She said she'll answer questions directly and openly when giving evidence.
17257fe76636c068,B1,8,The Scottish government has expressed its commitment to cooperating with the UK inquiry,True,Spokesperson said committed to responding to UK Covid-19 inquiry.
17257fe76636c068,B1,9,The Scottish government has expressed its commitment to cooperating with the Scottish inquiry,True,Spokesperson said committed to responding to both UK and Scottish inquiries.
17257fe76636c068,B1,10,The Scottish government has emphasized the importance of learning from the pandemic,True,Statement says learning lessons from pandemic is vital to prepare for future.
17257fe76636c068,B1,11,Concerns have been raised regarding the deletion of WhatsApp messages by officials,True,Information commissioner raised concern about WhatsApp deletion practices.
17257fe76636c068,B1,12,The deletion of WhatsApp messages by officials has led to scrutiny over compliance with freedom of information laws,True,Commissioner said deletions gave cause for concern re: FOI law compliance.
17257fe76636c068,M,1,The UK Covid inquiry is currently taking place in Scotland,True,Evidence states inquiry is sitting in Scotland for three weeks.
17257fe76636c068,M,2,The UK Covid inquiry is gathering evidence from senior officials,True,Evidence shows inquiry taking evidence from senior civil servant Lesley Fraser.
17257fe76636c068,M,3,The UK Covid inquiry is gathering evidence from a director general from the Scottish government,True,Lesley Fraser is described as director general corporate at Scottish government.
17257fe76636c068,M,4,Nicola Sturgeon has stated that she will provide answers during her testimony at the inquiry,True,Sturgeon said she'll answer questions when she gives evidence at month's end.
17257fe76636c068,M,5,Nicola Sturgeon emphasized the need for transparency,False,"It was Dawson, not Sturgeon, who called for end to secrecy/spin."
17257fe76636c068,M,6,There are concerns regarding the deletion of Nicola Sturgeon's WhatsApp messages,True,Headline and text discuss deletion of Sturgeon's WhatsApp messages.
17257fe76636c068,M,7,Some critics claim the deletion of Nicola Sturgeon's WhatsApp messages undermines commitments made to retain correspondence for future inquiries,True,Jackie Baillie said Sturgeon broke promise to retain correspondence for inquiries.
17257fe76636c068,M,8,The inquiry is structured in phases,True,Evidence states inquiry split into modules/phases.
17257fe76636c068,M,9,The current focus of the inquiry is on political decisions made after the emergence of Covid,True,Second phase looks at major political decisions taken after Covid emerged.
17257fe76636c068,M,10,Discussions about vaccines have been postponed to a later date,True,Vaccine hearings postponed until after next general election.
17257fe76636c068,M_nocap,1,The UK Covid inquiry is currently taking place in Scotland.,True,Evidence says inquiry is sitting in Scotland for three weeks.
17257fe76636c068,M_nocap,2,The UK Covid inquiry is gathering evidence from senior civil servants.,True,Inquiry took evidence from senior civil servant Lesley Fraser.
17257fe76636c068,M_nocap,3,Lesley Fraser is from the Scottish government.,True,Fraser is director general corporate at the Scottish government.
17257fe76636c068,M_nocap,4,The UK Covid inquiry is gathering evidence from Lesley Fraser.,True,Inquiry was taking evidence from Lesley Fraser.
17257fe76636c068,M_nocap,5,Nicola Sturgeon has stated her intention to answer questions openly during her upcoming testimony.,True,Sturgeon said she'll answer questions directly and openly at end of month.
17257fe76636c068,M_nocap,6,A Scottish government spokesperson emphasized the importance of learning from the pandemic.,True,Spokesperson said learning lessons from pandemic is vital to prepare for future.
17257fe76636c068,M_nocap,7,There are concerns regarding the retention of communication records.,True,Fraser discussed retention of messages and records not being kept as now.
17257fe76636c068,M_nocap,8,It has been reported that Nicola Sturgeon's WhatsApp messages may have been deleted.,True,Headline and text state WhatsApp messages 'all deleted'.
17257fe76636c068,M_nocap,9,The reported deletion of Nicola Sturgeon's WhatsApp messages has led to accusations of a cover-up.,True,MSP called it a 'shameful cover-up' regarding digital torching of evidence.
17257fe76636c068,M_nocap,10,The reported deletion of Nicola Sturgeon's WhatsApp messages has led to accusations of broken promises regarding transparency.,True,Baillie said Sturgeon broke her promise about correspondence being kept.
17257fe76636c068,M_nocap,11,The UK Covid inquiry is examining various aspects of the pandemic response.,True,Inquiry split into modules covering different topics of pandemic response.
17257fe76636c068,M_nocap,12,The UK Covid inquiry is examining political decisions made after Covid emerged.,True,Second phase looks at major political decisions taken after Covid emerged.
1a55cb6493b98bf7,B0,1,eBay faced legal repercussions,False,Evidence does not mention eBay at all.
1a55cb6493b98bf7,B0,2,eBay was implicated in a harassment campaign,False,No mention of eBay or a harassment campaign.
1a55cb6493b98bf7,B0,3,the harassment campaign targeted a couple,False,No mention of a couple targeted by harassment.
1a55cb6493b98bf7,B0,4,the couple ran a blog,False,No mention of a couple running a blog.
1a55cb6493b98bf7,B0,5,the couple's blog was critical of eBay,False,No mention of a blog critical of eBay.
1a55cb6493b98bf7,B0,6,eBay employees engaged in a coordinated effort to intimidate the couple,False,No mention of eBay employees or intimidation efforts.
1a55cb6493b98bf7,B0,7,the coordinated effort included sending disturbing packages to the couple,False,No mention of disturbing packages sent to anyone.
1a55cb6493b98bf7,B0,8,the coordinated effort included sending threats to the couple,False,No mention of threats sent by eBay.
1a55cb6493b98bf7,B0,9,eBay was fined for its role in the harassment,False,No mention of eBay being fined for anything.
1a55cb6493b98bf7,B1,1,The evidence does not provide any information regarding an eBay fine in a blogger harassment case.,True,No mention of eBay fine or blogger harassment case anywhere.
1a55cb6493b98bf7,B1,2,The evidence covers a legal dispute involving Prince Harry and Associated Newspapers.,True,Article [1] details Prince Harry's case against Associated Newspapers.
1a55cb6493b98bf7,B1,3,The evidence covers advertising complaints against Calvin Klein.,True,Article [2] discusses Calvin Klein ad complaints and bans.
1a55cb6493b98bf7,B1,4,The evidence covers online radicalization.,True,Article [3] covers online radicalization after Hamas attack.
1a55cb6493b98bf7,B1,5,The evidence covers a dispute between Ryanair and Booking.com.,True,Article [4] details Ryanair-Booking.com dispute.
1a55cb6493b98bf7,B1,6,The evidence covers Amazon's surveillance of workers.,True,Article [5] covers Amazon worker surveillance fine.
1a55cb6493b98bf7,B1,7,There is insufficient evidence to summarize the query topic.,False,"Evidence clearly covers five distinct topics, contradicting insufficiency claim."
1a55cb6493b98bf7,M,1,The evidence does not provide any information regarding an eBay fine in a blogger harassment case.,True,No mention of eBay or blogger harassment case anywhere in evidence.
1a55cb6493b98bf7,M,2,The evidence covers topics such as online radicalization.,True,Article 1 discusses online radicalisation explicitly.
1a55cb6493b98bf7,M,3,The evidence covers topics such as the Post Office scandal.,True,Articles 2 and 3 cover the Post Office scandal.
1a55cb6493b98bf7,M,4,The evidence covers topics such as inappropriate advertising by H&M.,True,Article 4 covers H&M's inappropriate school uniform advert.
1a55cb6493b98bf7,M,5,The evidence covers topics such as Amazon's surveillance of workers.,True,Article 5 covers Amazon's surveillance of workers.
1a55cb6493b98bf7,M,6,None of the articles in the evidence mention eBay.,True,No article mentions eBay at all.
1a55cb6493b98bf7,M,7,None of the articles in the evidence mention any harassment case related to eBay.,True,No harassment case involving eBay is mentioned.
1a55cb6493b98bf7,M_nocap,1,The evidence does not provide any information regarding an eBay fine in a blogger harassment case.,True,No mention of eBay or blogger harassment anywhere in evidence.
1a55cb6493b98bf7,M_nocap,2,The evidence covers topics such as online radicalization.,True,Article 1 discusses online radicalisation following Hamas attack.
1a55cb6493b98bf7,M_nocap,3,The evidence covers topics such as the Post Office scandal.,True,Articles 2 and 3 discuss the Post Office scandal.
1a55cb6493b98bf7,M_nocap,4,The evidence covers topics such as inappropriate advertising by H&M.,True,Article 4 discusses H&M's inappropriate advert.
1a55cb6493b98bf7,M_nocap,5,The evidence covers topics such as Amazon's surveillance of workers.,True,Article 5 discusses Amazon's surveillance of workers.
1a55cb6493b98bf7,M_nocap,6,None of the articles in the evidence mention eBay.,True,No article mentions eBay at all.
1a55cb6493b98bf7,M_nocap,7,None of the articles in the evidence mention any harassment case related to eBay.,True,No article mentions any eBay harassment case.
1cf0aaeeb65a416f,B0,1,The Metropolitan Police faced scrutiny over their decision not to investigate allegations against Prince Andrew.,True,Republic reported him and criticized no action; police faced scrutiny.
1cf0aaeeb65a416f,B0,2,The allegations against Prince Andrew relate to sexual misconduct.,True,"Evidence describes groping, sexual abuse, massage allegations against Andrew."
1cf0aaeeb65a416f,B0,3,A civil lawsuit was filed by Virginia Giuffre.,True,Evidence says Duke paid to settle a lawsuit Giuffre filed.
1cf0aaeeb65a416f,B0,4,Virginia Giuffre accused Prince Andrew of sexual abuse.,True,Lawsuit claimed he sexually abused her.
1cf0aaeeb65a416f,B0,5,Virginia Giuffre alleges the sexual abuse occurred when she was a minor.,True,Evidence states abuse alleged when she was 17 years old.
1cf0aaeeb65a416f,B0,6,The civil lawsuit prompted an investigation by the Metropolitan Police.,False,No evidence links the lawsuit to prompting a Met investigation.
1cf0aaeeb65a416f,B0,7,There was public pressure and calls for a formal inquiry into the allegations against Prince Andrew.,True,"Hostile front pages called for his removal, showing public pressure."
1cf0aaeeb65a416f,B0,8,The Metropolitan Police concluded that there was insufficient evidence to warrant a criminal investigation.,False,"Evidence only says police are not launching investigation, no reasoning given."
1cf0aaeeb65a416f,B0,9,The Metropolitan Police's decision sparked debate about accountability.,False,Evidence doesn't mention debate about accountability from the decision.
1cf0aaeeb65a416f,B0,10,The Metropolitan Police's decision sparked debate about the treatment of high-profile individuals in legal matters.,False,No mention of debate on treatment of high-profile individuals.
1cf0aaeeb65a416f,B1,1,The Metropolitan Police decided not to launch an investigation into Prince Andrew.,True,Evidence states Met Police is not launching an investigation.
1cf0aaeeb65a416f,B1,2,Republic is an anti-monarchist group.,True,Republic described as anti-monarchist group in evidence.
1cf0aaeeb65a416f,B1,3,Republic made a report regarding allegations linked to the Epstein files.,True,Republic reported him to police about Epstein files allegations.
1cf0aaeeb65a416f,B1,4,The report concerned allegations against Prince Andrew.,True,Report explicitly concerned allegations against Prince Andrew.
1cf0aaeeb65a416f,B1,5,The allegations against Prince Andrew remain untested in court.,True,Case settled in 2017 without allegations tested in court.
1cf0aaeeb65a416f,B1,6,Prince Andrew has consistently denied any wrongdoing.,True,Evidence repeatedly states Prince Andrew denies wrongdoing/allegations.
1cf0aaeeb65a416f,B1,7,Court documents related to the allegations have recently been unsealed.,True,Multiple batches of court documents were recently unsealed.
1cf0aaeeb65a416f,B1,8,The unsealed court documents include testimonies detailing Prince Andrew's connections to Jeffrey Epstein.,True,Testimonies describe his stays and interactions at Epstein's homes.
1cf0aaeeb65a416f,B1,9,The testimonies include claims that Prince Andrew received massages at Epstein's residence.,True,Alessi testified Andrew received daily massages at the mansion.
1cf0aaeeb65a416f,B1,10,The testimonies include allegations of inappropriate conduct by Prince Andrew with individuals associated with Epstein.,True,Sjoberg's testimony alleges Andrew touched her breast.
1cf0aaeeb65a416f,B1,11,"Buckingham Palace has labeled some of these allegations as ""categorically untrue.""",True,Buckingham Palace called the allegations categorically untrue.
1cf0aaeeb65a416f,M,1,The Metropolitan Police decided not to launch an investigation into Prince Andrew.,True,Evidence states Met Police is not launching an investigation.
1cf0aaeeb65a416f,M,2,Republic is an anti-monarchist group.,True,Evidence explicitly calls Republic an anti-monarchist group.
1cf0aaeeb65a416f,M,3,Republic submitted a report regarding allegations linked to the Epstein files.,True,Evidence says Republic reported him to police about Epstein files allegations.
1cf0aaeeb65a416f,M,4,The Metropolitan Police's decision not to investigate Prince Andrew came despite the report from Republic.,True,Evidence links Republic's report and police's no-investigation decision in same context.
1cf0aaeeb65a416f,M,5,The police stated there was no clear justification for taking action.,False,"It was Republic, not police, who said there was no clear justification."
1cf0aaeeb65a416f,M,6,Unsealed court documents reveal testimony from a former employee of Jeffrey Epstein.,True,"Juan Alessi, Epstein's house manager, testified in unsealed files."
1cf0aaeeb65a416f,M,7,The testimony indicates that Prince Andrew spent significant time at Epstein's Florida mansion.,True,Evidence states Prince Andrew 'spent weeks' at the Palm Beach mansion.
1cf0aaeeb65a416f,M,8,The testimony indicates that Prince Andrew received daily massages.,True,Alessi said Prince Andrew received daily massages.
1cf0aaeeb65a416f,M,9,Prince Andrew has denied any wrongdoing.,True,Multiple articles state Prince Andrew has denied wrongdoing/misconduct.
1cf0aaeeb65a416f,M,10,The documents include allegations from individuals who claim to have encountered Prince Andrew in inappropriate contexts.,True,Johanna Sjoberg described an inappropriate encounter with Prince Andrew.
1cf0aaeeb65a416f,M_nocap,1,The Metropolitan Police decided not to launch an investigation into Prince Andrew.,True,Evidence states Met Police is not launching an investigation.
1cf0aaeeb65a416f,M_nocap,2,The anti-monarchist group Republic submitted a report regarding allegations linked to the Epstein files.,True,Republic reported Andrew to police over Epstein files allegations.
1cf0aaeeb65a416f,M_nocap,3,The police stated there was no clear justification for taking action.,False,"It was Republic, not police, who said there was no clear justification."
1cf0aaeeb65a416f,M_nocap,4,Prince Andrew has consistently denied any wrongdoing.,True,Evidence repeatedly states Andrew denies wrongdoing/misconduct.
1cf0aaeeb65a416f,M_nocap,5,Recent court documents were unsealed.,True,Evidence describes newly unsealed court files/documents.
1cf0aaeeb65a416f,M_nocap,6,The unsealed court documents include testimony suggesting that Prince Andrew spent significant time at Jeffrey Epstein's Florida mansion.,True,Alessi testified Andrew 'spent weeks' at Epstein's Florida mansion.
1cf0aaeeb65a416f,M_nocap,7,The unsealed court documents include testimony suggesting that Prince Andrew received daily massages.,True,Testimony states Andrew received daily massages.
1cf0aaeeb65a416f,M_nocap,8,These claims about Prince Andrew remain allegations rather than confirmed findings.,True,"Evidence says case settled without allegations tested, remain claims not findings."
1cf0aaeeb65a416f,M_nocap,9,The ongoing discussions surrounding these allegations have reignited public interest.,False,Evidence doesn't mention reignited public interest explicitly.
1cf0aaeeb65a416f,M_nocap,10,There is an upcoming dramatization of Prince Andrew's Newsnight interview.,True,Netflix is turning the Newsnight interview into a film.
1cf0aaeeb65a416f,M_nocap,11,Prince Andrew's Newsnight interview was controversial.,True,"Described as 'excruciating' interview, implying controversy."
1ee23c51ff253af9,B0,1,Recent news coverage has highlighted teenagers being accused in various child abuse cases.,False,"Evidence covers murder, grooming, knife crime—not teenagers accused of child abuse."
1ee23c51ff253af9,B0,2,Some reports focus on the influence of peer pressure on adolescent behavior in these cases.,False,No mention of peer pressure influencing adolescent behavior.
1ee23c51ff253af9,B0,3,Some reports focus on the influence of mental health issues on adolescent behavior in these cases.,False,No mention of mental health issues affecting adolescent behavior.
1ee23c51ff253af9,B0,4,Some reports focus on the influence of exposure to violence on adolescent behavior in these cases.,False,No mention of exposure to violence as an influence on behavior.
1ee23c51ff253af9,B0,5,Legal experts emphasize the need for a nuanced approach in handling cases of teenagers accused of child abuse.,False,No legal experts discuss nuanced handling of teens accused of child abuse.
1ee23c51ff253af9,B0,6,Legal experts emphasize balancing accountability with the understanding that teenagers are still developing.,False,No mention of balancing accountability with teen development.
1ee23c51ff253af9,B0,7,Discussions touch on the effectiveness of prevention programs related to these issues.,False,No discussion of prevention program effectiveness.
1ee23c51ff253af9,B0,8,Discussions touch on the role of education in addressing these issues.,False,No mention of education's role in addressing these issues.
1ee23c51ff253af9,B1,1,A 16-year-old boy was charged with murder.,True,16-year-old charged with Harry Pitman murder per evidence.
1ee23c51ff253af9,B1,2,A 17-year-old was charged alongside the 16-year-old boy.,False,"17-year-old was arrested and bailed, not charged."
1ee23c51ff253af9,B1,3,Teenagers were involved in the serious criminal case.,True,Multiple teenage boys involved in arrests and charges.
1ee23c51ff253af9,B1,4,A review of child exploitation cases in Rochdale was conducted.,True,Review of 111 Rochdale cases from 2004-2013 mentioned.
1ee23c51ff253af9,B1,5,The review found that many child victims were inadequately protected.,True,"Report says police left children at mercy of grooming gangs, badly failed."
1ee23c51ff253af9,B1,6,Some child victims were mischaracterized in legal proceedings.,True,"Amber described as co-conspirator without her knowledge, unable to defend."
1ee23c51ff253af9,B1,7,Adverse childhood experiences have an impact on youth crime.,True,Evidence states adverse childhood experiences are major cause of crime.
1ee23c51ff253af9,B1,8,Abuse is a factor that contributes to young people's involvement in criminal activities.,True,Abuse listed as factor by Home Office strategy.
1ee23c51ff253af9,B1,9,Neglect is a factor that contributes to young people's involvement in criminal activities.,True,Neglect listed as factor by Home Office strategy.
1ee23c51ff253af9,B1,10,A virtual sex assault occurred on a young girl's avatar.,True,Police investigate virtual sex assault on girl's avatar reported.
1ee23c51ff253af9,B1,11,The virtual sex assault indicates the evolving nature of child abuse in digital spaces.,False,Evidence does not state this broader interpretive claim.
1ee23c51ff253af9,M,1,A review of child abuse cases in Rochdale was conducted.,True,Report focused on 111 Rochdale cases from 2004-2013.
1ee23c51ff253af9,M,2,Significant evidence from a child victim was overlooked in the Rochdale child abuse case review.,False,"Evidence says her evidence wasn't recorded/used properly, not 'overlooked' per se; close but ambiguous wording."
1ee23c51ff253af9,M,3,The overlooking of evidence led to ongoing abuse by perpetrators in Rochdale.,True,Report says perpetrators were potentially left to continue abusing others.
1ee23c51ff253af9,M,4,A 16-year-old boy was charged with murder.,True,16-year-old boy charged with Harry Pitman murder appeared in court.
1ee23c51ff253af9,M,5,The 16-year-old boy was charged with possessing an offensive weapon.,True,He is also charged with possessing an offensive weapon.
1ee23c51ff253af9,M,6,The murder charge followed a fatal stabbing incident.,True,Charge followed New Year's Eve stabbing of Harry Pitman.
1ee23c51ff253af9,M,7,A Greater Manchester Police officer was charged with sexually assaulting a child.,True,PC Dean Dempster charged with sexual assault of a child under 13.
1ee23c51ff253af9,M_nocap,1,A report reviewed child exploitation cases in Rochdale.,True,Review focuses on 111 Rochdale exploitation cases from 2004-2013.
1ee23c51ff253af9,M_nocap,2,"In the Rochdale review, significant evidence from a child victim was overlooked.",True,"Amber's significant evidence was not recorded by GMP, effectively overlooked."
1ee23c51ff253af9,M_nocap,3,The overlooking of evidence from a child victim in Rochdale led to ongoing abuse.,True,Report says perpetrators were potentially left to continue abusing other children.
1ee23c51ff253af9,M_nocap,4,A 16-year-old boy was arrested.,True,16-year-old was arrested with 17-year-old boy per article 5.
1ee23c51ff253af9,M_nocap,5,The 16-year-old boy was charged with murder.,True,Boy charged with Harry Pitman's murder as stated in article 2.
1ee23c51ff253af9,M_nocap,6,A 17-year-old was also arrested.,True,"17-year-old also arrested on suspicion of murder, per evidence."
1ee23c51ff253af9,M_nocap,7,The arrests followed a fatal stabbing incident.,True,Arrests followed Harry Pitman's fatal stabbing at Primrose Hill.
1ee23c51ff253af9,M_nocap,8,There is coverage of the broader context of youth crime.,True,Article 4 discusses broader causes and context of youth crime.
1ee23c51ff253af9,M_nocap,9,The coverage links adverse childhood experiences to young people's involvement in criminal activities.,True,Evidence states adverse childhood experiences are major cause of youth crime.
1ee23c51ff253af9,M_nocap,10,The criminal activities linked to adverse childhood experiences include gang-related violence.,False,"Gang violence link is to drugs/country lines, not explicitly to adverse childhood experiences."
2026eddde0012398,B0,1,Vaughan Gething is the Welsh Minister for Health and Social Services.,False,"Evidence says health minister, not health and social services minister specifically."
2026eddde0012398,B0,2,Vaughan Gething announced a commitment to expand free childcare in Wales.,False,No mention of Gething committing to expand free childcare.
2026eddde0012398,B0,3,The initiative aims to support families by providing greater access to affordable childcare options.,False,Evidence doesn't mention any childcare initiative by Gething.
2026eddde0012398,B0,4,Greater access to affordable childcare is seen as essential for promoting early childhood development.,False,Not mentioned in evidence at all.
2026eddde0012398,B0,5,Greater access to affordable childcare is seen as essential for enabling parents to return to work.,False,Not mentioned in evidence at all.
2026eddde0012398,B0,6,The plan is part of a broader strategy to enhance social services.,False,No such plan or strategy described in evidence.
2026eddde0012398,B0,7,The plan is part of a broader strategy to improve the overall well-being of children and families in Wales.,False,No such plan mentioned in evidence.
2026eddde0012398,B0,8,Gething's pledge reflects ongoing efforts to address the challenges faced by working parents.,False,No pledge about childcare or working parents mentioned.
2026eddde0012398,B0,9,Gething's pledge reflects ongoing efforts to invest in the future of Wales' youngest citizens.,False,No such pledge described in evidence.
2026eddde0012398,B1,1,Vaughan Gething made a pledge to expand free childcare,False,Vaughan Gething is not mentioned anywhere in the evidence.
2026eddde0012398,B1,2,The childcare sector faces staffing shortages,True,Evidence states childcare sector struggles with severe workforce challenges.
2026eddde0012398,B1,3,The childcare sector faces underfunding,True,Evidence mentions reports of underfunding in childcare sector.
2026eddde0012398,B1,4,Staffing shortages in the childcare sector impact the ability to support children with special educational needs and disabilities,True,McLeod says lack of staffing/resources causes turning away SEND children.
2026eddde0012398,B1,5,Underfunding in the childcare sector impacts the ability to support children with special educational needs and disabilities,True,McLeod says lack of funding causes turning away SEND children.
2026eddde0012398,B1,6,There are calls for improved funding mechanisms for early-years settings,True,"McLeod wants funding system, especially disability access funding, simplified."
2026eddde0012398,B1,7,Improved funding mechanisms are intended to prevent children from being turned away from early-years settings,True,McLeod says improving funding is needed otherwise children keep being turned away.
2026eddde0012398,B1,8,Labour has proposals that include initiatives aimed at improving child health,True,"Labour's Child Health Action Plan includes vape bans, ad watershed, toothbrushing scheme."
2026eddde0012398,B1,9,Labour has proposals that include initiatives aimed at improving support in early education,True,Labour proposes increased funding for early speech and language interventions.
2026eddde0012398,M,1,Vaughan Gething made a pledge to expand free childcare,False,"Gething's pledge mentioned is about NHS spending, not free childcare."
2026eddde0012398,M,2,The evidence does not provide specific information regarding Vaughan Gething's pledge to expand free childcare,True,"Evidence gives no info on a Gething childcare pledge, consistent with claim."
2026eddde0012398,M,3,The evidence discusses staffing shortages in the childcare sector,True,Evidence explicitly discusses childcare staffing shortages.
2026eddde0012398,M,4,The evidence discusses funding challenges in the childcare sector,True,Evidence discusses underfunding and funding challenges in childcare.
2026eddde0012398,M,5,The funding challenges particularly affect children with special educational needs and disabilities,True,Evidence ties funding issues to turning away SEND children.
2026eddde0012398,M,6,The evidence mentions broader educational policies proposed by other political figures,True,"Labour's Phillipson and Miles propose education policies, e.g. breakfast clubs, investment."
2026eddde0012398,M,7,The evidence mentions broader social policies proposed by other political figures,True,"Yousaf proposes scrapping two-child benefit limit and bedroom tax, social policies."
2026eddde0012398,M,8,The evidence does not directly address Gething's commitments related to free childcare,True,Evidence never mentions Gething's free childcare commitments.
2026eddde0012398,M,9,The evidence does not directly address Gething's plans related to free childcare,True,Evidence never mentions Gething's free childcare plans.
2026eddde0012398,M_nocap,1,Vaughan Gething made a pledge to expand free childcare.,False,"Gething pledged on NHS spending and privatisation, not free childcare."
2026eddde0012398,M_nocap,2,The evidence discusses staffing shortages in the childcare sector.,True,Evidence mentions severe workforce challenges in childcare sector.
2026eddde0012398,M_nocap,3,The evidence discusses funding challenges in the childcare sector.,True,Evidence mentions underfunding and funding issues in childcare sector.
20b1962140bc5cbf,B0,1,Junior doctors are leaving Wales for Australia.,False,Evidence never mentions doctors leaving Wales for Australia.
20b1962140bc5cbf,B0,2,This trend of junior doctors leaving Wales for Australia has gained attention.,False,No mention of this trend at all.
20b1962140bc5cbf,B0,3,Many junior doctors seek better working conditions by leaving Wales for Australia.,False,No mention of working conditions or Australia migration.
20b1962140bc5cbf,B0,4,Many junior doctors seek higher salaries by leaving Wales for Australia.,False,No mention of salaries or Australia migration.
20b1962140bc5cbf,B0,5,Many junior doctors seek improved quality of life by leaving Wales for Australia.,False,No mention of quality of life or Australia migration.
20b1962140bc5cbf,B0,6,Long hours have contributed to junior doctors migrating from Wales to Australia.,False,No mention of long hours or Australia migration.
20b1962140bc5cbf,B0,7,Staffing shortages have contributed to junior doctors migrating from Wales to Australia.,False,No mention of staffing shortages causing Australia migration.
20b1962140bc5cbf,B0,8,Limited career advancement opportunities in the NHS have contributed to junior doctors migrating from Wales to Australia.,False,No mention of career advancement or Australia migration.
20b1962140bc5cbf,B0,9,The migration of junior doctors from Wales to Australia has raised concerns about the impact on healthcare services in Wales.,False,No mention of migration to Australia or its impact.
20b1962140bc5cbf,B0,10,The situation has prompted discussions about the need for reforms to retain medical professionals.,False,No discussion of reforms tied to Australia migration in evidence.
20b1962140bc5cbf,B0,11,The demand for healthcare workers continues to grow.,False,Evidence does not state demand for healthcare workers is growing.
20b1962140bc5cbf,B0,12,The exodus of junior doctors highlights challenges faced by the NHS in attracting talent.,False,No mention of an exodus to Australia or attracting talent.
20b1962140bc5cbf,B0,13,The exodus of junior doctors highlights challenges faced by the NHS in keeping talent.,False,No mention of an exodus to Australia or retention challenges.
20b1962140bc5cbf,B1,1,Junior doctors in Wales are planning to stage a strike,True,Evidence [2] states junior doctors in Wales are to strike.
20b1962140bc5cbf,B1,2,The planned strike by junior doctors in Wales is over pay disputes,True,Evidence [2] says strike is in a dispute over pay.
20b1962140bc5cbf,B1,3,The planned strike by junior doctors in Wales is expected to last three days,True,Evidence [2] states a three-day strike from 15 January.
20b1962140bc5cbf,B1,4,The strikes are expected to disrupt NHS services,True,Evidence [3] describes routine services scaled back due to strikes.
20b1962140bc5cbf,B1,5,There are concerns about the impact of the strikes on patient care,True,Evidence [3] mentions concerns patient safety could be at risk.
20b1962140bc5cbf,M,1,Junior doctors in Wales face challenges.,True,"Strike, disputes, and disruption indicate challenges for junior doctors in Wales."
20b1962140bc5cbf,M,2,Junior doctors in Wales planned a three-day strike.,True,Evidence explicitly states three-day strike from 15 January.
20b1962140bc5cbf,M,3,The three-day strike was over pay disputes.,True,Evidence states dispute over pay for the strike.
20b1962140bc5cbf,M,4,The NHS faces ongoing issues.,True,Evidence mentions continued walkouts and disruption possible for NHS.
20b1962140bc5cbf,M,5,The NHS suffers from chronic underinvestment.,True,BMA Wales cites chronic underinvestment in general practice.
20b1962140bc5cbf,M,6,Pressures within the NHS lead some healthcare professionals to leave for the private sector.,True,"Nurse moved to private sector due to NHS pressure, as evidence states."
20b1962140bc5cbf,M,7,There are concerns about the healthcare system's ability to meet the needs of patients.,True,"Doctor says NHS cannot provide everything to everybody, showing concern."
20b1962140bc5cbf,M,8,There are concerns about the healthcare system's ability to meet the needs of staff.,True,Image 1 mentions exhausted staff coping during strike.
20b1962140bc5cbf,M,9,There are indications that more disruptions may occur in the future.,True,Evidence says more trouble ahead is possible with consultants' ballot.
20b1962140bc5cbf,M,10,There is no specific mention of junior doctors leaving Wales for Australia.,True,Evidence never mentions doctors leaving Wales for Australia.
20b1962140bc5cbf,M,11,The context suggests a trend of healthcare professionals seeking better conditions elsewhere.,False,"Evidence shows move to private sector, not seeking conditions elsewhere generally."
20b1962140bc5cbf,M_nocap,1,Junior doctors in Wales are planning to strike,True,Evidence states junior doctors in Wales will stage a three-day strike.
20b1962140bc5cbf,M_nocap,2,The planned strike by junior doctors in Wales is due to disputes over pay,True,Evidence says the strike is in a dispute over pay.
20b1962140bc5cbf,M_nocap,3,The planned strike by junior doctors in Wales may lead to ongoing disruptions in the NHS,True,Evidence says disruption for the NHS beyond early 2024 can't be ruled out.
20b1962140bc5cbf,M_nocap,4,The NHS faces challenges including chronic underinvestment,True,BMA Wales mentions chronic underinvestment in general practice.
20b1962140bc5cbf,M_nocap,5,The challenges faced by the NHS are causing healthcare professionals to consider leaving for private sector opportunities,True,Doctors leaving NHS for private sector linked to underinvestment per BMA Wales.
20b1962140bc5cbf,M_nocap,6,A nurse transitioned to the private sector,True,Nurse Neris Davies moved to private sector after 32 years in NHS.
20b1962140bc5cbf,M_nocap,7,The nurse who transitioned to the private sector expressed relief with her decision,True,"Article says she is happier since moving to private sector, implying relief."
20b1962140bc5cbf,M_nocap,8,The nurse who transitioned to the private sector expressed satisfaction with her decision,True,"She said she is happier, indicating satisfaction with her decision."
20b1962140bc5cbf,M_nocap,9,Those remaining in the NHS experience pressures,True,She dreaded going to work due to pressure while in NHS.
20b1962140bc5cbf,M_nocap,10,Those remaining in the NHS experience dissatisfaction,True,"She dreaded work and felt behind, indicating dissatisfaction in NHS."
20b1962140bc5cbf,M_nocap,11,The evidence does not specifically mention junior doctors leaving Wales for Australia,False,Evidence never mentions Australia or doctors leaving Wales for it.
21bb0191fd8e8e37,B0,1,An Australian journalist recently died.,False,No Australian journalist mentioned in evidence.
21bb0191fd8e8e37,B0,2,The death of the Australian journalist has sparked widespread mourning.,False,No mention of Australian journalist or mourning.
21bb0191fd8e8e37,B0,3,The death of the Australian journalist has sparked reflection on the challenges faced by media professionals.,False,No such claim or journalist appears in evidence.
21bb0191fd8e8e37,B0,4,The journalist was known for a commitment to uncovering the truth.,False,No Australian journalist or such description exists.
21bb0191fd8e8e37,B0,5,The journalist was known for reporting on critical issues.,False,No such journalist or description in evidence.
21bb0191fd8e8e37,B0,6,The journalist's passing highlights the risks associated with the journalism profession.,False,No Australian journalist referenced in evidence.
21bb0191fd8e8e37,B0,7,The risks associated with the journalism profession are particularly present in conflict zones.,False,Not mentioned regarding any Australian journalist.
21bb0191fd8e8e37,B0,8,The risks associated with the journalism profession are particularly present under oppressive regimes.,False,No mention of oppressive regimes or Australian journalist.
21bb0191fd8e8e37,B0,9,Colleagues of the journalist have called for greater protections for journalists.,False,No colleagues or calls for protections mentioned.
21bb0191fd8e8e37,B0,10,Advocates have called for greater protections for journalists.,False,No advocates calling for protections in evidence.
21bb0191fd8e8e37,B0,11,Colleagues and advocates emphasized that journalists play a vital role in democracy.,False,No such statements about democracy exist in evidence.
21bb0191fd8e8e37,B0,12,Colleagues and advocates emphasized that journalists play a vital role in public discourse.,False,No such statements about public discourse exist.
21bb0191fd8e8e37,B0,13,The journalist's death has reignited discussions about press freedom.,False,No press freedom discussion tied to Australian journalist.
21bb0191fd8e8e37,B0,14,The journalist's death has reignited discussions about the safety of reporters in Australia.,False,No mention of Australia or reporter safety discussions.
21bb0191fd8e8e37,B0,15,The journalist's death has reignited discussions about the safety of reporters around the world.,False,No such global safety discussion in evidence.
21bb0191fd8e8e37,B1,1,The evidence does not provide information specifically about the death of an Australian journalist.,True,No mention of an Australian journalist's death in evidence.
21bb0191fd8e8e37,B1,2,The evidence discusses various incidents involving violence.,True,"Multiple articles describe stabbings, murders, and abuse incidents."
21bb0191fd8e8e37,B1,3,The evidence discusses the deaths of journalists in Gaza.,True,Article 3 discusses journalists killed in Gaza.
21bb0191fd8e8e37,B1,4,The evidence does not mention any Australian journalist.,True,No Australian journalist is mentioned anywhere in evidence.
21bb0191fd8e8e37,B1,5,The evidence does not mention circumstances related to the death of an Australian journalist.,True,No circumstances of an Australian journalist's death are given.
21bb0191fd8e8e37,M,1,More than 75 journalists have been killed since the onset of the conflict in Gaza.,True,Directly stated in evidence.
21bb0191fd8e8e37,M,2,Mustafa Thuraya was a freelance journalist.,True,Evidence states Mustafa Thuraya was a freelance journalist.
21bb0191fd8e8e37,M,3,Mustafa Thuraya was killed.,True,Evidence states he was killed.
21bb0191fd8e8e37,M,4,Hamza al-Dahdouh was killed.,True,Headline and text confirm Hamza al-Dahdouh was killed.
21bb0191fd8e8e37,M,5,Hamza al-Dahdouh was the son of an Al Jazeera bureau chief.,True,Headline states he was Al Jazeera bureau chief's son.
21bb0191fd8e8e37,M,6,Hamza al-Dahdouh was killed in an Israeli air strike.,True,Image caption says car reportedly hit in Israeli air strike.
21bb0191fd8e8e37,M,7,Four family members of the Al Jazeera bureau chief were killed in a separate incident.,True,"Evidence says four family members killed in October strike, separate from Hamza's death."
21bb0191fd8e8e37,M,8,The four family members killed included the bureau chief's wife.,True,Wife Amna is listed among the four killed.
21bb0191fd8e8e37,M,9,The four family members killed included the bureau chief's children.,True,"Grandchild, son, and daughter listed among the four killed."
21bb0191fd8e8e37,M_nocap,1,The evidence does not provide information specifically about the death of an Australian journalist.,True,No Australian journalist mentioned in evidence.
21bb0191fd8e8e37,M_nocap,2,The evidence discusses the deaths of journalists in Gaza.,True,Evidence explicitly discusses journalists killed in Gaza.
21bb0191fd8e8e37,M_nocap,3,The evidence discusses the impact of a faulty IT system on individuals.,True,Post Office scandal item discusses faulty IT system's impact.
21bb0191fd8e8e37,M_nocap,4,The evidence discusses a family's investigation into their son's death.,True,"Melbourne family investigated son's death themselves, as stated."
21bb0191fd8e8e37,M_nocap,5,None of the evidence directly addresses the query regarding an Australian journalist's death.,True,No evidence mentions an Australian journalist's death.
22af0e72018f16d3,B0,1,Parents in Wales have been challenging the provision of school meals during holiday periods.,False,Evidence does not mention Wales or school meal holiday provision at all.
22af0e72018f16d3,B0,2,Parents in Wales are advocating for better access to nutritious food for their children.,False,No mention of parents advocating for nutritious food access.
22af0e72018f16d3,B0,3,Many families argue that the lack of support during school breaks exacerbates food insecurity.,False,No evidence discusses food insecurity during school breaks.
22af0e72018f16d3,B0,4,Food insecurity during school breaks particularly affects families reliant on free school meals during term time.,False,Evidence never mentions free school meals or term-time reliance.
22af0e72018f16d3,B0,5,A campaign related to school meals during holidays has gained traction.,False,No campaign about school meals during holidays is mentioned.
22af0e72018f16d3,B0,6,There have been calls for the Welsh government to implement policies ensuring children receive adequate meals throughout the holidays.,False,No calls to Welsh government about holiday meal policies appear.
22af0e72018f16d3,B0,7,This movement highlights broader concerns about child welfare.,False,No such movement or child welfare concern is described.
22af0e72018f16d3,B0,8,This movement highlights the importance of addressing hunger in vulnerable communities.,False,Evidence does not discuss hunger in vulnerable communities.
22af0e72018f16d3,B1,1,There are proposals for free breakfast clubs.,True,"Labour proposes free breakfast clubs, as stated in evidence."
22af0e72018f16d3,B1,2,The proposals for free breakfast clubs aim to improve school attendance.,True,Breakfast clubs are part of plans to improve school attendance.
22af0e72018f16d3,B1,3,The pandemic had an impact on child obesity.,True,Study shows pandemic linked to rising child obesity levels.
22af0e72018f16d3,B1,4,There is advice for parents on keeping children healthy as they return to school.,True,Health officials offer advice for parents as school term begins.
22af0e72018f16d3,B1,5,There is a rise of homeschooling in Wales.,True,Highest number of children not taught in school on record.
22af0e72018f16d3,B1,6,Families face challenges regarding special-needs nursery spaces.,True,Evidence describes families struggling to find special-needs nursery spaces.
22af0e72018f16d3,M,1,The evidence does not provide specific information about parents in Wales challenging holiday school meals.,True,Evidence never discusses holiday school meals or such a challenge.
22af0e72018f16d3,M,2,The evidence discusses broader issues related to child obesity in Wales.,False,"Obesity article uses England data, not specifically Wales."
22af0e72018f16d3,M,3,The evidence discusses broader issues related to school attendance in Wales.,False,"School attendance article is about England, not Wales."
22af0e72018f16d3,M,4,The evidence discusses broader issues related to homeschooling in Wales.,True,Homeschooling article explicitly discusses Wales figures and policy.
22af0e72018f16d3,M,5,The evidence does not mention any challenges or actions taken by parents regarding holiday school meals.,True,No mention of parental actions on holiday school meals anywhere.
22af0e72018f16d3,M,6,The coverage does not directly address the query about parents in Wales challenging holiday school meals.,True,None of the articles address holiday school meals challenges in Wales.
22af0e72018f16d3,M_nocap,1,The evidence does not specifically address a challenge by parents in Wales regarding holiday school meals.,True,Evidence never discusses holiday school meals or a Wales parental challenge.
22af0e72018f16d3,M_nocap,2,The evidence discusses broader issues related to child obesity.,True,Evidence includes a full article on child obesity during pandemic.
22af0e72018f16d3,M_nocap,3,The evidence discusses broader issues related to school attendance.,True,Evidence includes article on Labour's plan to tackle school absence.
22af0e72018f16d3,M_nocap,4,The evidence discusses broader issues related to homeschooling.,True,Evidence includes article on homeschooling in Wales.
22af0e72018f16d3,M_nocap,5,The evidence discusses broader issues related to special education needs.,True,Evidence includes article on SEND nursery spaces.
22af0e72018f16d3,M_nocap,6,The evidence does not mention holiday meals.,True,No mention of holiday meals anywhere in evidence.
22af0e72018f16d3,M_nocap,7,The evidence does not mention parental challenges related to holiday meals.,True,No mention of parental challenges regarding holiday meals.
287e025413b7129e,B0,1,David Cameron publicly denied receiving any payments from Greensill Capital.,False,"He denied being paid £10 million, not any payment at all."
287e025413b7129e,B0,2,Greensill Capital is a finance company.,False,"Evidence calls Greensill a company for Lex Greensill, not explicitly a finance company."
287e025413b7129e,B0,3,David Cameron worked for Greensill Capital as an advisor.,False,"Evidence mentions lobbying for Greensill, not that he worked as an advisor."
287e025413b7129e,B0,4,David Cameron's denial comes amid scrutiny over his lobbying efforts on behalf of Greensill Capital.,True,Evidence confirms denial amid scrutiny over lobbying for Greensill Capital.
287e025413b7129e,B0,5,Greensill Capital has faced significant financial troubles.,False,"Evidence only calls Greensill 'disgraced,' no mention of financial troubles."
287e025413b7129e,B0,6,Cameron's involvement has raised questions about the ethics of former politicians engaging in lobbying activities.,False,Evidence does not discuss broader ethics questions about former politicians lobbying.
287e025413b7129e,B0,7,The questions about ethics relate particularly to government contracts.,False,No mention of government contracts in the evidence.
287e025413b7129e,B0,8,The controversy has sparked broader discussions about transparency in the lobbying sector.,False,No mention of broader discussions on lobbying transparency.
287e025413b7129e,B0,9,The controversy has sparked broader discussions about regulation in the lobbying sector.,False,No mention of broader discussions on lobbying regulation.
287e025413b7129e,B1,1,Cameron denied receiving £10 million from Greensill Capital,True,Cameron denied being paid £10 million to work for Greensill Capital.
287e025413b7129e,B1,2,Cameron discussed his lobbying efforts for an emergency pandemic loan scheme,True,Text mentions his private lobbying to secure the pandemic loan scheme.
287e025413b7129e,B1,3,The emergency pandemic loan scheme was related to Greensill Capital's financier,True,"Scheme was for Lex Greensill, Greensill Capital's financier."
287e025413b7129e,B1,4,Cameron resigned as Prime Minister,True,Text states 'following his resignation as PM in 2016.'
287e025413b7129e,B1,5,"After resigning as Prime Minister, Cameron engaged in various interests",True,He said as private citizen he had a number of different interests.
287e025413b7129e,B1,6,Cameron's various interests included charitable work,True,He mentioned 'including important charitable work.'
287e025413b7129e,B1,7,Cameron emphasized his entitlement to engage in various interests as a private citizen,True,He said as a private citizen you're entitled to do that.
287e025413b7129e,B1,8,Cameron did not disclose the amount he was paid for his lobbying activities,True,He refused to tell Kuenssberg how much he was paid.
287e025413b7129e,M,1,The evidence does not provide any information regarding Cameron's denial of payment from Greensill Capital.,True,Evidence never mentions Cameron or Greensill Capital at all.
287e025413b7129e,M,2,The evidence covers various topics related to UK politics.,True,"Evidence spans tax, SNP, party rebellion, nuclear costs, Rwanda bill - UK politics."
287e025413b7129e,M,3,The topics covered include tax cuts.,True,Article 1 discusses tax cut promises being rolled back.
287e025413b7129e,M,4,The topics covered include SNP finances.,True,Article 2 discusses SNP loans and finances investigation.
287e025413b7129e,M,5,The topics covered include internal party dynamics.,True,Article 3 discusses Tory MPs internal disagreement over Sunak.
287e025413b7129e,M,6,The topics covered include legislative matters.,True,Article 5 discusses Rwanda bill legislation and votes.
287e025413b7129e,M,7,None of the evidence pertains to the specific query about Cameron and Greensill Capital.,True,No evidence text relates to Cameron and Greensill Capital query.
287e025413b7129e,M,8,There is insufficient evidence to summarize on the topic of Cameron and Greensill Capital.,True,"Since no evidence mentions this topic, summary is indeed impossible."
287e025413b7129e,M_nocap,1,The evidence covers topics related to UK politics.,True,"Multiple articles cover UK political topics like taxes, SNP, PM rebellion."
287e025413b7129e,M_nocap,2,The evidence covers a topic about tax cuts.,True,Article 1 discusses tax cut promises and funding.
287e025413b7129e,M_nocap,3,The evidence covers a topic about SNP finances.,True,Article 2 discusses SNP loans and police investigation into finances.
287e025413b7129e,M_nocap,4,The evidence covers a topic about internal party dynamics.,True,Article 3 covers internal Conservative Party dynamics and leadership dissent.
287e025413b7129e,M_nocap,5,The evidence covers a topic about nuclear plant costs.,True,Article 4 discusses Hinkley C nuclear plant price increases.
287e025413b7129e,M_nocap,6,The evidence covers a topic about a bill concerning Rwanda.,True,Article 5 covers the Rwanda bill and Conservative rebellion.
287e025413b7129e,M_nocap,7,The evidence does not provide information regarding Cameron's denial of payment from Greensill Capital.,True,Evidence never mentions Cameron or Greensill Capital at all.
291544763564a8bf,B0,1,Several individuals were arrested.,True,"Multiple arrests reported, e.g. six arrested at London march."
291544763564a8bf,B0,2,The arrests were made in connection with a plot to disrupt the London Stock Exchange.,False,No evidence mentions a plot to disrupt the London Stock Exchange.
291544763564a8bf,B0,3,Authorities believe the suspects intended to cause significant disruption to financial operations.,False,No mention of intent to disrupt financial operations.
291544763564a8bf,B0,4,The plot raised concerns about the security of major financial institutions.,False,No evidence discusses security concerns for financial institutions.
291544763564a8bf,B0,5,The arrests were part of a broader investigation.,False,No connection to a broader financial-related investigation shown.
291544763564a8bf,B0,6,The broader investigation concerns potential threats to the UK's financial infrastructure.,False,No evidence about threats to UK financial infrastructure.
291544763564a8bf,B0,7,Law enforcement agencies are continuing to assess the situation.,False,No mention of ongoing assessment tied to financial markets.
291544763564a8bf,B0,8,Law enforcement agencies are working to ensure the safety of the financial markets.,False,No evidence about ensuring safety of financial markets.
291544763564a8bf,B1,1,There were arrests during a pro-Palestinian march.,True,Evidence states six people arrested at the march.
291544763564a8bf,B1,2,There is a Post Office scandal.,True,Evidence explicitly discusses the Post Office scandal.
291544763564a8bf,B1,3,There were undercover police operations targeting watch thieves.,True,Evidence describes undercover Met operations targeting watch thieves.
291544763564a8bf,M,1,A police officer was charged with rape.,True,PC Sagaidak appeared in court charged with rape.
291544763564a8bf,M,2,There is coverage of the impact of the Israel-Gaza war on radicalization in the UK.,True,Article discusses Gaza war creating radicalisation moment in UK.
291544763564a8bf,M,3,Arrests occurred during a pro-Palestinian march.,True,Article states six people arrested during the march.
291544763564a8bf,M,4,There is an investigation into a prison escape.,True,Article describes investigation into Daniel Khalife's alleged prison escape.
291544763564a8bf,M_nocap,1,A police officer was charged with rape.,True,PC Sagaidak appeared in court charged with rape.
291544763564a8bf,M_nocap,2,The Israel-Gaza war has had an impact on radicalization in the UK.,True,Article states war created 'radicalisation moment' in UK.
291544763564a8bf,M_nocap,3,There were public order arrests during a pro-Palestinian march.,True,Dozens of arrests for public order offences mentioned at march.
291544763564a8bf,M_nocap,4,There was an arrest related to a prison escape.,True,Man arrested regarding Daniel Khalife's alleged prison escape.
295e76dcda916a46,B0,1,A man has been sentenced to prison.,False,Evidence has no matching case of a man sentenced to prison for this.
295e76dcda916a46,B0,2,The man was sentenced for plotting a mass shooting.,False,No mention of any mass shooting plot in the evidence.
295e76dcda916a46,B0,3,The mass shooting plot was an act of revenge.,False,Evidence does not mention revenge motive for any shooting.
295e76dcda916a46,B0,4,The revenge was against individuals the man believed had wronged him.,False,No mention of revenge against individuals who wronged him.
295e76dcda916a46,B0,5,Authorities uncovered the man's plans through an investigation.,False,No evidence of an investigation uncovering shooting plans.
295e76dcda916a46,B0,6,The investigation revealed his intentions to target a specific location.,False,No evidence of investigation revealing targeted location intentions.
295e76dcda916a46,B0,7,The investigation revealed his intentions to carry out a violent attack.,False,No evidence of investigation revealing violent attack intentions.
295e76dcda916a46,B0,8,The case has raised concerns about the motivations behind such acts of violence.,False,No case in evidence raises concerns about motivations for such violence.
295e76dcda916a46,B0,9,The case has raised concerns about the importance of early intervention in preventing potential tragedies.,False,No mention of early intervention concerns in the evidence.
295e76dcda916a46,B0,10,The sentencing serves as a reminder of the serious consequences of making threats.,False,No sentencing reminder about threats appears in the evidence.
295e76dcda916a46,B0,11,The sentencing serves as a reminder of the serious consequences of planning violent acts.,False,No sentencing reminder about planning violent acts appears in evidence.
295e76dcda916a46,B1,1,A shooting occurred at a cinema in Liverpool.,True,Evidence states shots fired at Showcase cinema in Liverpool.
295e76dcda916a46,B1,2,There was a triple killer in Nottingham.,True,Evidence describes Calocane as triple killer in Nottingham.
295e76dcda916a46,B1,3,The triple killer in Nottingham had a history of mental health issues.,True,"Evidence states he had history of mental health problems, detained four times."
295e76dcda916a46,M,1,A man named Valdo Calocane has been accused of multiple murders in Nottingham.,True,"Calocane accused of murdering Webber, O'Malley-Kumar and Coates."
295e76dcda916a46,M,2,Valdo Calocane has a history of mental health issues.,True,Article states he had history of mental health problems.
295e76dcda916a46,M,3,Valdo Calocane had been detained under mental health laws prior to the attacks.,True,Detained four times under mental health laws before attacks.
295e76dcda916a46,M,4,Valdo Calocane was remanded in custody.,True,Article states he was remanded in custody.
295e76dcda916a46,M,5,Valdo Calocane is facing serious charges.,True,"Charged with murder, manslaughter, attempted murder - serious charges."
295e76dcda916a46,M,6,Valdo Calocane is facing three counts of manslaughter.,True,Article says he admitted three counts of manslaughter.
295e76dcda916a46,M,7,Valdo Calocane is facing three counts of attempted murder.,True,Article says he admitted three counts of attempted murder.
295e76dcda916a46,M,8,The coverage does not specifically mention a planned revenge mass shooting.,True,No mention of planned revenge mass shooting anywhere in evidence.
295e76dcda916a46,M,9,The coverage highlights the violent actions of Valdo Calocane.,True,"Coverage details stabbings, van attack, violent actions clearly."
295e76dcda916a46,M,10,The coverage highlights the legal consequences Valdo Calocane faces.,True,"Coverage discusses court proceedings, charges, sentencing hearing."
295e76dcda916a46,M_nocap,1,A triple murder occurred in Nottingham.,True,Evidence describes three people killed in Nottingham attacks.
295e76dcda916a46,M_nocap,2,The Nottingham triple murder was committed by a man with a history of mental health issues.,True,Calocane detained four times under mental health laws before attacks.
295e76dcda916a46,M_nocap,3,A shooting incident occurred in Liverpool.,True,"Shots fired at cinema, newsagent and house in Liverpool reported."
295e76dcda916a46,M_nocap,4,There are concerns about radicalization related to the Israel-Gaza conflict.,True,Gaza war described as creating new radicalisation moment in UK.
2d00931580e5a7ce,B0,1,Many child sexual abuse victims are facing significant delays in receiving the help they need.,False,Evidence does not discuss delays in help for CSA victims.
2d00931580e5a7ce,B0,2,The delays are often due to overwhelmed support services.,False,No mention of overwhelmed support services causing delays.
2d00931580e5a7ce,B0,3,The delays are often due to a lack of resources.,False,No mention of lack of resources causing delays.
2d00931580e5a7ce,B0,4,Advocacy groups highlight the urgent need for increased funding for professionals to address the complex needs of child sexual abuse victims.,False,No advocacy groups or funding calls mentioned.
2d00931580e5a7ce,B0,5,Advocacy groups highlight the urgent need for increased training for professionals to address the complex needs of child sexual abuse victims.,False,No advocacy groups or training calls mentioned.
2d00931580e5a7ce,B0,6,Many children are left in vulnerable situations.,False,No general claim about children left vulnerable is stated.
2d00931580e5a7ce,B0,7,Many children are struggling with trauma while waiting for counseling.,False,No mention of trauma while waiting for counseling.
2d00931580e5a7ce,B0,8,Many children are struggling with trauma while waiting for legal assistance.,False,No mention of trauma while waiting for legal assistance.
2d00931580e5a7ce,B0,9,The situation has prompted calls for systemic reforms.,False,No systemic reform calls described in evidence.
2d00931580e5a7ce,B0,10,The calls for systemic reforms aim to ensure timely support for affected children.,False,No such reform calls or timely support goal mentioned.
2d00931580e5a7ce,B0,11,The calls for systemic reforms aim to ensure effective support for affected children.,False,No such reform calls or effective support goal mentioned.
2d00931580e5a7ce,B1,1,A review indicated that children were left vulnerable to grooming gangs.,True,Headline and text state review found children left vulnerable to grooming gangs.
2d00931580e5a7ce,B1,2,The review found this vulnerability was due to failures in following child protection procedures.,True,Review criticized team for not following child protection procedures.
2d00931580e5a7ce,B1,3,Many potential victims did not receive timely intervention.,True,127 and later 260 potential victims referred but not acted upon.
2d00931580e5a7ce,B1,4,There is a growing backlog in healthcare services for children.,True,Article says number of children waiting has risen by 50% in 18 months.
2d00931580e5a7ce,B1,5,"Over 360,000 children are waiting for various treatments.",True,"Article states more than 360,000 children waiting for treatment."
2d00931580e5a7ce,B1,6,The backlog has raised alarms about potential long-term consequences for children's health and development.,True,McKean warns of lasting consequences from missed school due to backlog.
2d00931580e5a7ce,B1,7,The Royal College of Paediatrics and Child Health has expressed deep concern over the increasing number of children facing long waits for care.,True,Text states Royal College is very worried about their plight.
2d00931580e5a7ce,B1,8,The Royal College of Paediatrics and Child Health emphasized the urgent need for action to protect children's well-being.,True,McKean quote calls for action to protect children from lasting consequences.
2d00931580e5a7ce,M,1,A review criticized police in Rochdale for failing to follow proper procedures.,True,Review criticized for not following child protection procedures.
2d00931580e5a7ce,M,2,A review criticized child services in Rochdale for failing to follow proper procedures.,False,"Ms Rowbotham's team, not child services broadly, was criticized in evidence."
2d00931580e5a7ce,M,3,Police in Rochdale did not act on numerous referrals of potential child sexual abuse victims.,False,"Evidence says Rowbotham's team, not police, failed to act on referrals."
2d00931580e5a7ce,M,4,Child services in Rochdale did not act on numerous referrals of potential child sexual abuse victims.,False,"Evidence attributes referral list to Rowbotham's team, not general child services."
2d00931580e5a7ce,M,5,The failure to act on referrals indicates a systemic failure to protect children from ongoing exploitation.,False,This interpretive conclusion is not stated in the evidence.
2d00931580e5a7ce,M,6,There were some successful convictions related to the child sexual abuse cases.,True,Report mentions significant number of successful convictions.
2d00931580e5a7ce,M,7,The report noted that only a small fraction of the believed victims received justice.,True,"Only 13 of 74 children's cases led to convictions, a small proportion."
2d00931580e5a7ce,M,8,There is an urgent need for improved responses to child sexual abuse cases.,False,Evidence does not state this general claim of urgency.
2d00931580e5a7ce,M,9,There are broader concerns about the accessibility of services for children with special educational needs.,True,Article 5 discusses SEND children being turned away from nurseries.
2d00931580e5a7ce,M,10,The accessibility concerns for children with special educational needs may further complicate the support available to vulnerable children.,False,This connecting interpretation is not stated in the evidence.
2d00931580e5a7ce,M_nocap,1,A review criticized agencies for failing to follow child protection procedures.,True,Review explicitly criticized team for not following child protection procedures.
2d00931580e5a7ce,M_nocap,2,The failure to follow child protection procedures resulted in many potential victims of sexual exploitation not receiving timely help.,True,"Evidence links unacted referrals of victims to failures, though causal link implied not explicit."
2d00931580e5a7ce,M_nocap,3,There have been some successful convictions related to child sexual abuse.,True,Report noted 'significant number of successful convictions' had been made.
2d00931580e5a7ce,M_nocap,4,The number of children receiving justice remains low compared to the number believed to be exploited.,True,"Only 13 of 74 children's cases led to convictions, described as small proportion."
2d00931580e5a7ce,M_nocap,5,There are broader concerns about the adequacy of support systems for children.,True,Multiple articles show concerns about support systems failing children broadly.
2d00931580e5a7ce,M_nocap,6,There are reports of children being turned away from necessary services due to funding issues.,True,Article 5 describes children with SEND being turned away due to funding issues.
2e4b9c8d039eb7b0,B0,1,The Royal Mail is exploring options to reform its Saturday delivery service.,True,"Evidence shows Royal Mail wants Monday-Friday delivery, reform proposals discussed."
2e4b9c8d039eb7b0,B0,2,The Royal Mail is facing ongoing financial challenges.,True,Evidence states Royal Mail posted a £319m loss.
2e4b9c8d039eb7b0,B0,3,Consumer habits related to Royal Mail services are changing.,False,Evidence does not mention changing consumer habits.
2e4b9c8d039eb7b0,B0,4,Discussions have centered around the potential to reduce Saturday deliveries.,True,Evidence discusses reducing delivery days including five or three.
2e4b9c8d039eb7b0,B0,5,Discussions have centered around the potential to eliminate Saturday deliveries.,True,Evidence states Royal Mail wants to scrap Saturday deliveries.
2e4b9c8d039eb7b0,B0,6,Reducing or eliminating Saturday deliveries could help cut Royal Mail's costs.,False,Evidence doesn't explicitly link cost cutting to delivery reduction.
2e4b9c8d039eb7b0,B0,7,Reducing or eliminating Saturday deliveries could improve Royal Mail's efficiency.,False,Evidence does not mention efficiency improvement explicitly.
2e4b9c8d039eb7b0,B0,8,The potential reduction or elimination of Saturday deliveries has sparked debate about the impact on customers.,True,"Government spokesperson cites convenience and flexibility for customers, implying debate."
2e4b9c8d039eb7b0,B0,9,The potential reduction or elimination of Saturday deliveries has sparked debate about the impact on the postal workforce.,False,Evidence does not mention impact on postal workforce.
2e4b9c8d039eb7b0,B0,10,Many customers rely on weekend postal services for timely deliveries.,False,Evidence does not state customers rely on weekend deliveries specifically.
2e4b9c8d039eb7b0,B0,11,The Royal Mail aims to balance operational sustainability with maintaining service quality.,False,Evidence doesn't frame Royal Mail's aim as balancing sustainability with quality.
2e4b9c8d039eb7b0,B0,12,The Royal Mail operates in a competitive market.,False,Evidence does not mention competitive market context.
2e4b9c8d039eb7b0,B1,1,There is an ongoing debate regarding Royal Mail's delivery schedule,True,Multiple articles discuss debate over delivery days and government/Ofcom positions.
2e4b9c8d039eb7b0,B1,2,There is a proposal to eliminate Saturday deliveries by Royal Mail,True,"Royal Mail wants Monday-Friday only, eliminating Saturday delivery."
2e4b9c8d039eb7b0,B1,3,The government has expressed strong opposition to the proposal to eliminate Saturday deliveries,True,Government said it would not countenance scrapping Saturday deliveries.
2e4b9c8d039eb7b0,B1,4,The government has emphasized the importance of Saturday deliveries for customer convenience,True,PM's spokesperson cited flexibility and convenience of Saturday deliveries.
2e4b9c8d039eb7b0,B1,5,Ofcom is the regulator of Royal Mail,True,Ofcom is referred to as the regulator overseeing postal service reforms.
2e4b9c8d039eb7b0,B1,6,Ofcom is exploring various reform options for Royal Mail's delivery schedule,True,Ofcom report proposes multiple reform options for delivery schedule.
2e4b9c8d039eb7b0,B1,7,One reform option being explored by Ofcom is reducing delivery days from six to five,True,Article states five days per week as an option.
2e4b9c8d039eb7b0,B1,8,Another reform option being explored by Ofcom is reducing delivery days from six to three,True,Article states three days per week as an option.
2e4b9c8d039eb7b0,B1,9,Ofcom has cited the need for urgent changes to Royal Mail's delivery network,False,"It was Royal Mail, not Ofcom, that said reform was urgently needed."
2e4b9c8d039eb7b0,B1,10,Ofcom has cited the unsustainable nature of the current delivery network as a reason for urgent changes,False,"Royal Mail, not Ofcom, said the network is not sustainable."
2e4b9c8d039eb7b0,B1,11,Royal Mail has reported significant financial losses,True,Royal Mail posted a £319m loss for the first half of the year.
2e4b9c8d039eb7b0,B1,12,Royal Mail has indicated that reform is necessary to maintain service viability,True,Royal Mail said reform was urgently needed to sustain the network.
2e4b9c8d039eb7b0,M,1,There is an ongoing debate regarding Royal Mail's delivery schedule,True,Multiple articles discuss ongoing debate on delivery schedule changes.
2e4b9c8d039eb7b0,M,2,There is a proposal to eliminate Saturday deliveries by Royal Mail,True,"Royal Mail proposed Monday to Friday only deliveries, dropping Saturday."
2e4b9c8d039eb7b0,M,3,The government has expressed strong opposition to the proposal to eliminate Saturday deliveries,True,"Government 'would not countenance' the move, showing strong opposition."
2e4b9c8d039eb7b0,M,4,The government emphasized the importance of Saturday deliveries for flexibility,True,PM's spokesperson said Saturday deliveries provide flexibility.
2e4b9c8d039eb7b0,M,5,The government emphasized the importance of Saturday deliveries for convenience,True,PM's spokesperson said Saturday deliveries provide convenience.
2e4b9c8d039eb7b0,M,6,Ofcom is the regulator of the postal service,True,Evidence describes Ofcom as the regulator reviewing postal service.
2e4b9c8d039eb7b0,M,7,Ofcom is exploring various reform options for the postal service,True,Ofcom report laid out multiple reform options for discussion.
2e4b9c8d039eb7b0,M,8,One reform option being explored is reducing delivery days from six to five,True,Article states Royal Mail could reduce from six to five days.
2e4b9c8d039eb7b0,M,9,Another reform option being explored is reducing delivery days from six to three,True,Article states Royal Mail could reduce to three days per week.
2e4b9c8d039eb7b0,M,10,Ofcom cited the need for urgent reform of the postal service,False,"It was Royal Mail, not Ofcom, that called reform urgently needed."
2e4b9c8d039eb7b0,M,11,Ofcom stated the postal service is becoming outdated,True,Ofcom report said postal service was 'getting out of date'.
2e4b9c8d039eb7b0,M,12,Ofcom stated the postal service is becoming unsustainable,True,Ofcom's chief said service could become unsustainable.
2e4b9c8d039eb7b0,M,13,The government has stated that any changes to the minimum requirements of the universal service will ultimately be determined by Parliament,False,"Evidence says it's for government and Parliament, not Parliament alone."
2e4b9c8d039eb7b0,M_nocap,1,There is an ongoing debate regarding Royal Mail's delivery schedule.,True,Multiple articles discuss debate over delivery days and reform options.
2e4b9c8d039eb7b0,M_nocap,2,There is a proposal to eliminate Saturday deliveries by Royal Mail.,True,"Royal Mail wants Monday-Friday only, ending Saturday deliveries."
2e4b9c8d039eb7b0,M_nocap,3,The government has expressed strong opposition to the proposal to eliminate Saturday deliveries.,True,Government 'would not countenance' scrapping Saturday deliveries.
2e4b9c8d039eb7b0,M_nocap,4,The government emphasizes the importance of Saturday deliveries for customer convenience.,True,PM's spokesperson cited flexibility and convenience of Saturday deliveries.
2e4b9c8d039eb7b0,M_nocap,5,Ofcom is the regulator of the postal service.,True,Ofcom described as regulator reviewing postal service future.
2e4b9c8d039eb7b0,M_nocap,6,Ofcom is exploring various reform options for the postal service.,True,Ofcom report shares options for reforming the service.
2e4b9c8d039eb7b0,M_nocap,7,One reform option being explored is reducing delivery days from six to five.,True,Article states Royal Mail could reduce six days to five.
2e4b9c8d039eb7b0,M_nocap,8,Another reform option being explored is reducing delivery days from six to three.,True,Article states Royal Mail could reduce delivery to three days.
2e4b9c8d039eb7b0,M_nocap,9,Ofcom cites the need for urgent reform of the postal service.,False,"It's Royal Mail, not Ofcom, that calls reform 'urgently needed'."
2e4b9c8d039eb7b0,M_nocap,10,Ofcom states the postal service is becoming outdated.,True,Ofcom report said postal service was 'getting out of date'.
2e4b9c8d039eb7b0,M_nocap,11,Royal Mail has reported significant financial losses.,True,Royal Mail posted a £319m loss for the half year.
2e4b9c8d039eb7b0,M_nocap,12,Royal Mail has indicated that its current delivery model is unsustainable.,True,Royal Mail said current delivery network was 'not sustainable'.
2e4b9c8d039eb7b0,M_nocap,13,There are discussions about necessary changes to Royal Mail's delivery model.,True,Articles describe ongoing discussions and proposals for delivery changes.
32e54494ffef902e,B0,1,Recent news coverage highlights a combination of cold weather and ongoing flooding in various regions,True,Evidence covers multiple articles on cold weather and flooding across regions.
32e54494ffef902e,B0,2,The combination of cold weather and ongoing flooding is unusual,False,Evidence never states this combination is unusual.
32e54494ffef902e,B0,3,Cold weather and flooding are occurring in the northern United States,False,Evidence mentions US winter storm deaths but not northern US flooding specifically.
32e54494ffef902e,B0,4,Cold weather and flooding are occurring in parts of Europe,False,"Evidence is about UK weather, not broader Europe."
32e54494ffef902e,B0,5,Cold temperatures have complicated recovery efforts from flooding,False,No mention of cold complicating flooding recovery efforts.
32e54494ffef902e,B0,6,Frozen ground hinders drainage,False,"Evidence discusses saturated ground, not frozen ground hindering drainage."
32e54494ffef902e,B0,7,Icy conditions hinder drainage,False,No mention of icy conditions hindering drainage.
32e54494ffef902e,B0,8,Frozen ground and icy conditions exacerbate flooding issues,False,Evidence does not state frozen/icy conditions exacerbate flooding.
32e54494ffef902e,B0,9,"In some areas, emergency services are struggling to respond effectively due to harsh weather",False,No mention of emergency services struggling to respond.
32e54494ffef902e,B0,10,There are concerns about public safety due to the harsh weather conditions,False,No explicit concerns about public safety mentioned.
32e54494ffef902e,B0,11,There are concerns about infrastructure damage due to the harsh weather conditions,False,No mention of infrastructure damage concerns.
32e54494ffef902e,B0,12,Authorities are urging residents to stay vigilant amid the challenging weather conditions,False,No mention of authorities urging vigilance.
32e54494ffef902e,B0,13,Authorities are urging residents to stay prepared amid the challenging weather conditions,False,No mention of authorities urging preparedness.
32e54494ffef902e,B1,1,The UK has numerous flood warnings and alerts.,True,Multiple sources list numerous flood warnings and alerts across England.
32e54494ffef902e,B1,2,The UK has numerous flood alerts due to persistent cold temperatures.,False,"Evidence links flood warnings to wet weather, not caused by cold temperatures."
32e54494ffef902e,B1,3,The UK has numerous flood alerts due to recent wet weather.,True,Evidence attributes flood alerts to wet start of 2024 and saturated ground.
32e54494ffef902e,B1,4,There are over 100 flood warnings in place in the UK.,True,"Evidence states 115 flood warnings remain, over 100."
32e54494ffef902e,B1,5,The flood warnings are particularly numerous in southern England.,True,Evidence states warnings mainly in southern England.
32e54494ffef902e,B1,6,The Environment Agency has noted that the ground is saturated.,False,"Weather presenter Ben Rich, not Environment Agency, said ground is saturated."
32e54494ffef902e,B1,7,The saturated ground exacerbates flooding risks.,True,"Evidence says saturated ground cannot absorb moisture, leading to flooding."
32e54494ffef902e,B1,8,Meteorologists warn that a thaw could lead to further flooding in parts of the Midwest of the US.,True,Evidence states thaw could cause flooding in Midwest.
32e54494ffef902e,B1,9,Meteorologists warn that a thaw could lead to further flooding in parts of the northeastern US.,True,Evidence states thaw could cause flooding in north-eastern US.
32e54494ffef902e,B1,10,Meteorologists warn that incoming warm air could lead to further flooding in parts of the Midwest of the US.,True,Evidence attributes flooding risk to warm air and rain in Midwest.
32e54494ffef902e,B1,11,Meteorologists warn that incoming warm air could lead to further flooding in parts of the northeastern US.,True,Evidence attributes flooding risk to warm air and rain in northeast.
32e54494ffef902e,B1,12,The potential further flooding follows a period of severe winter storms.,True,Evidence describes thaw following fierce winter storms causing over 90 deaths.
32e54494ffef902e,M,1,A cold weather alert has been issued for all parts of England.,True,Document 1 states cold weather alert issued for all parts of England.
32e54494ffef902e,M,2,Heavy rainfall has occurred in the UK.,True,Multiple documents describe heavy rain across England.
32e54494ffef902e,M,3,The heavy rainfall coincided with the cold weather alert.,True,Doc 1 links heavy rain/flooding narrative directly with cold alert timing.
32e54494ffef902e,M,4,The heavy rainfall has led to significant flooding.,True,Doc 1 explains saturated ground and rain leading to flooding.
32e54494ffef902e,M,5,The significant flooding is particularly in eastern England.,False,Evidence mentions eastern England rainfall but not that flooding is 'particularly' there.
32e54494ffef902e,M,6,"In eastern England, river catchments are full.",False,"River catchments full is mentioned generally, not specifically tied to eastern England."
32e54494ffef902e,M,7,"In eastern England, the ground is saturated.",True,Doc 2 states ground was saturated particularly in the east.
32e54494ffef902e,M,8,Hundreds of homes have been evacuated due to flooding.,True,Doc 2 headline states hundreds of homes evacuated after heavy rain.
32e54494ffef902e,M,9,The flooding that caused evacuations was caused by recent storms.,True,"Doc 2 attributes saturation and flooding to Storm Babet, Ciaran, and Henk."
32e54494ffef902e,M,10,There are numerous flood warnings in place.,True,Multiple documents list numerous flood warnings/alerts across England and Wales.
32e54494ffef902e,M,11,The weather is expected to shift to colder conditions.,False,"Doc 2 says wet/windy weather set to be replaced by cooler and drier, but claim 11 alone is supported by doc2; however checking separately for drier claim 12."
32e54494ffef902e,M,12,The weather is expected to shift to drier conditions.,True,Doc 2 states current wet weather set to be replaced by cooler and drier conditions.
32e54494ffef902e,M,13,The risk of flooding remains in some areas.,True,Doc 5 states risk of flooding persists for some parts.
32e54494ffef902e,M_nocap,1,A cold weather alert was issued by the UK Health Security Agency.,True,Evidence [1] and [2] state UKHSA issued cold weather alert.
32e54494ffef902e,M_nocap,2,The cold weather alert covers all parts of England.,True,Evidence states alert covers all parts of England.
32e54494ffef902e,M_nocap,3,The cold weather alert is set to coincide with a period of heavy rain.,False,"Alert coincides with colder, drier weather after rain, not during rain."
32e54494ffef902e,M_nocap,4,The cold weather alert is set to coincide with a period of flooding.,False,"Evidence contrasts alert with drier conditions replacing wet spell, not coinciding with flooding."
32e54494ffef902e,M_nocap,5,The heavy rain and flooding has led to hundreds of homes being evacuated.,False,Evidence mentions homes evacuated/flooded but not from heavy rain and flooding jointly causing hundreds evacuated explicitly.
32e54494ffef902e,M_nocap,6,There are numerous flood warnings in place.,True,Multiple evidence pieces list numerous flood warnings in place.
32e54494ffef902e,M_nocap,7,The ground is saturated from previous storms.,True,Evidence states ground was saturated from prior storms.
32e54494ffef902e,M_nocap,8,The saturated ground is unable to absorb additional moisture.,True,Evidence explicitly states saturated ground cannot absorb more moisture.
32e54494ffef902e,M_nocap,9,The saturated ground exacerbates the flooding situation.,True,Evidence links saturated ground to flooding occurring.
32e54494ffef902e,M_nocap,10,There are warnings of icy conditions.,True,Evidence mentions yellow warning for ice in multiple entries.
32e54494ffef902e,M_nocap,11,The icy conditions are due to wintry weather following the recent rainfall.,True,Evidence says icy patches likely due to wintry showers and wet surfaces from recent rain.
33feedbb07048c53,B0,1,Scammers have increasingly targeted desperate pet owners,False,Evidence discusses bank fraud scam unrelated to pet owners specifically.
33feedbb07048c53,B0,2,Scammers exploit the emotional vulnerability of pet owners during times of crisis,False,No mention of scammers targeting pet owners' emotional vulnerability.
33feedbb07048c53,B0,3,Loss of a pet is an example of a crisis exploited by scammers,False,Evidence does not mention scammers exploiting pet loss.
33feedbb07048c53,B0,4,Need for urgent veterinary care is an example of a crisis exploited by scammers,False,No mention of veterinary care crises exploited by scammers.
33feedbb07048c53,B0,5,Fraudsters often create fake websites offering pets for adoption,False,No mention of fake websites offering pets for adoption.
33feedbb07048c53,B0,6,Fraudsters often create fake social media profiles offering pets for adoption,False,No mention of fake social media profiles offering pets for adoption.
33feedbb07048c53,B0,7,Fraudsters often create fake websites selling pet supplies at attractive prices,False,No mention of fake websites selling pet supplies.
33feedbb07048c53,B0,8,Fraudsters often create fake social media profiles selling pet supplies at attractive prices,False,No mention of fake social media profiles selling pet supplies.
33feedbb07048c53,B0,9,Fraudsters disappear once payment is made,False,No mention of fraudsters disappearing after payment.
33feedbb07048c53,B0,10,Reports indicate that victims are often left heartbroken,False,Evidence does not describe reports of heartbroken victims from pet scams.
33feedbb07048c53,B0,11,Reports indicate that victims are often left financially strained,False,No mention of financial strain from pet scams specifically.
33feedbb07048c53,B0,12,Consumer protection agencies have issued warnings about the importance of verifying sources before making transactions related to pets,False,No mention of consumer protection agencies issuing such warnings.
33feedbb07048c53,B0,13,Pet owners are urged to remain vigilant,False,Evidence does not urge pet owners to remain vigilant against scams.
33feedbb07048c53,B0,14,Pet owners are urged to report suspicious activities to help combat these scams,False,No mention of urging owners to report suspicious activities.
33feedbb07048c53,B1,1,Pet owners are trying to rehome their dogs.,True,"XL bully owners contacting shelters to rehome pets, per evidence."
33feedbb07048c53,B1,2,Pet owners are trying to rehome their dogs due to changing regulations.,False,Evidence implies ban context but doesn't state rehoming is due to regulation changes.
33feedbb07048c53,B1,3,Animal shelters are receiving numerous calls from desperate owners.,True,Karen Matthews described many distressing calls from desperate owners.
33feedbb07048c53,B1,4,Scams targeting individuals are prevalent.,True,"Article describes a bank fraud scam victim, implying scams occur."
33feedbb07048c53,B1,5,Scammers use tactics to create urgency.,True,Expert says scammers 'always want to inject a sense of urgency'.
33feedbb07048c53,B1,6,Scammers use tactics to create fear.,True,Expert says scammers want to inject 'fear' as well as urgency.
33feedbb07048c53,B1,7,The tactics used by scammers can lead to financial loss.,True,Victim lost money after being tricked into giving a security code.
33feedbb07048c53,B1,8,There are criminal activities related to pet theft.,True,Article discusses pet theft being made a criminal offence.
33feedbb07048c53,B1,9,There is a broader concern about the exploitation of pet owners.,True,Advocacy officer discusses exploitative criminals targeting pets for money.
33feedbb07048c53,B1,10,There is a need for legal protections against crimes related to pet theft and exploitation of pet owners.,True,Government legislation on pet abduction reflects need for legal protections.
33feedbb07048c53,M,1,Pet theft has risen.,False,"Evidence discusses theft law and figures possibly higher, not a rise."
33feedbb07048c53,M,2,Pet owners face challenges related to pet ownership.,True,"Multiple stories show owners struggling with abduction, bans, behavior issues."
33feedbb07048c53,M,3,The government is considering making pet abduction a criminal offense.,True,"Government promised to make abduction a criminal offence, bill advancing."
33feedbb07048c53,M,4,Owners who have lost their pets experience an emotional toll.,True,Ms Clarke describes losing Clooney as profound and traumatising grief.
33feedbb07048c53,M,5,There are concerns about irresponsible dog ownership.,True,USPCA and MSP mention irresponsible dog ownership concerns explicitly.
33feedbb07048c53,M,6,There is an influx of abandoned pets.,True,Scottish government confirms influx of XL Bully dogs being rehomed.
33feedbb07048c53,M,7,New regulations regarding certain dog breeds exist.,True,XL Bully ownership laws came into force in England and Wales.
33feedbb07048c53,M,8,The influx of abandoned pets is occurring particularly in the context of new regulations regarding certain dog breeds.,True,Influx linked directly to XL Bully ban introduced south of border.
33feedbb07048c53,M,9,There is a rise in behavioral issues among dogs.,True,Battersea reports rise in dogs with problem behaviours like anxiety.
33feedbb07048c53,M,10,The rise in behavioral issues among dogs may be linked to the pandemic.,True,Behavioural issues linked to pandemic and training challenges per Battersea.
33feedbb07048c53,M,11,The rise in behavioral issues among dogs may be linked to an increase in first-time pet owners.,False,Evidence doesn't connect behavioral issues rise to first-time owners specifically.
33feedbb07048c53,M,12,There has been an increase in first-time pet owners.,True,Dog population rose with many people becoming first-time owners.
33feedbb07048c53,M,13,There is a broader context of distress among pet owners.,False,No broader context of distress among pet owners generally stated.
33feedbb07048c53,M_nocap,1,There are challenges faced by pet owners.,True,"Multiple articles show owners facing loss, bans, and behavioral issues."
33feedbb07048c53,M_nocap,2,There is rising crime related to pet ownership.,False,"Evidence discusses pet theft crime, not general 'pet ownership crime' rising broadly."
33feedbb07048c53,M_nocap,3,There is irresponsible breeding of pets.,True,USPCA mentions unscrupulous breeders and irresponsible ownership.
33feedbb07048c53,M_nocap,4,There are concerns about the theft of pets.,True,Article 1 discusses concerns about pet theft becoming a criminal offence.
33feedbb07048c53,M_nocap,5,There are calls for new legislation to criminalize pet theft.,True,"Article 1 describes bill making pet theft a criminal offence, advocacy for cats too."
33feedbb07048c53,M_nocap,6,Current laws treat pets as property.,True,Article states pets are considered property under 1968 Theft Act.
33feedbb07048c53,M_nocap,7,There has been a significant increase in the number of dogs with behavioral issues.,False,"Evidence says a 'rise' in behavioral issues, not quantified as 'significant increase'."
33feedbb07048c53,M_nocap,8,The increase in dogs with behavioral issues may be linked to the pandemic.,True,Battersea links separation anxiety to pandemic and training challenges.
33feedbb07048c53,M_nocap,9,The increase in dogs with behavioral issues may be linked to the rise in first-time pet ownership.,False,No evidence links behavioral issues specifically to first-time ownership rise.
33feedbb07048c53,M_nocap,10,There has been a rise in first-time pet ownership.,True,Commons hearing noted many people became first-time owners during pandemic.
33feedbb07048c53,M_nocap,11,This situation has led to distress among pet owners.,True,"Clarke describes profound, traumatising grief from losing her pet."
33feedbb07048c53,M_nocap,12,There is increased pressure on animal shelters.,True,Edinburgh Dog and Cat Home says centres are 'creaking under pressure'.
33feedbb07048c53,M_nocap,13,Animal shelters are struggling to accommodate abandoned pets.,True,Charity cited pressure amid cost of living crisis and abandoned pets.
35701a5855a35135,B0,1,The White House was caught off guard by the hospitalization of Defense Secretary Lloyd Austin.,True,"Biden only informed later; White House not told, security/transparency concerns raised."
35701a5855a35135,B0,2,Officials stated they were not informed in advance about Austin's medical situation.,True,"Kirby said Biden was only informed later of diagnosis, implying no advance notice."
35701a5855a35135,B0,3,The lack of advance notice raised questions about communication protocols within the administration.,True,Prompted probes and directive to notify when unable to perform duties.
35701a5855a35135,B0,4,Austin's hospitalization was described as a precautionary measure.,False,Evidence does not describe hospitalization as precautionary.
35701a5855a35135,B0,5,Austin is expected to make a full recovery.,False,No mention of expected recovery outcome.
35701a5855a35135,B0,6,The incident has sparked discussions about the importance of transparency among top government officials.,True,Transparency concerns explicitly mentioned regarding the incident.
35701a5855a35135,B0,7,The incident has sparked discussions about the importance of coordination among top government officials.,False,Coordination not mentioned; only notification/transparency discussed.
35701a5855a35135,B0,8,The discussions about transparency and coordination specifically concern health matters.,True,Directive concerns notifying when unable to perform duties due to health.
35701a5855a35135,B1,1,US Defence Secretary Lloyd Austin is hospitalized,True,Evidence states Austin remains in hospital.
35701a5855a35135,B1,2,There are concerns regarding the lack of communication about Austin's health status to the White House,True,Evidence describes concerns over lag in notifying White House.
35701a5855a35135,B1,3,The Pentagon's inspector general is investigating the situation involving Austin's hospitalization and lack of communication,True,Pentagon's inspector general said it will investigate the matter.
35701a5855a35135,B1,4,The situation has raised security issues within the Biden administration,True,Evidence says lag raised national security concerns.
35701a5855a35135,B1,5,The situation has raised transparency issues within the Biden administration,True,Evidence mentions transparency issues within the administration.
35701a5855a35135,B1,6,President Biden acknowledged that it was 'sub-optimal' that he was not informed earlier about the seriousness of Austin's condition,True,Biden conceded it was 'sub-optimal' not disclosing seriousness of illness.
35701a5855a35135,B1,7,The White House has directed cabinet members to notify the administration when they are unable to perform their duties,True,White House/chief of staff directed cabinet to notify when unable to perform duties.
35701a5855a35135,M,1,Lloyd Austin is US Defence Secretary,True,Called 'US Defence Secretary' directly.
35701a5855a35135,M,2,Lloyd Austin is hospitalized,True,Article states he remains in hospital.
35701a5855a35135,M,3,Lloyd Austin has faced criticism,True,Text says he is 'under fire' and faced apologies/investigations.
35701a5855a35135,M,4,The criticism against Lloyd Austin is for not informing the White House about his health condition,True,Criticism tied to not informing White House per evidence.
35701a5855a35135,M,5,Lloyd Austin was diagnosed with prostate cancer,True,Diagnosis of prostate cancer explicitly mentioned.
35701a5855a35135,M,6,Lloyd Austin's lack of communication has raised security concerns within the Biden administration,True,Text says lag raised 'potential national security concerns'.
35701a5855a35135,M,7,Lloyd Austin's lack of communication has raised transparency concerns within the Biden administration,True,Text explicitly mentions transparency concerns.
35701a5855a35135,M,8,Investigations into the handling of Lloyd Austin's health crisis have been prompted,True,Three probes into handling of health crisis mentioned.
35701a5855a35135,M,9,"President Biden acknowledged that it was ""sub-optimal"" for the White House to be unaware of the seriousness of Austin's illness",True,"Biden conceded it was 'sub-optimal' per evidence, though not exact phrasing about White House unaware."
35701a5855a35135,M,10,President Biden has directed cabinet members to ensure they notify the administration when they are unable to perform their duties,True,Zients directed cabinet members to notify when unable to perform duties.
35701a5855a35135,M_nocap,1,Lloyd Austin is US Defence Secretary,True,Directly stated as US Defence Secretary.
35701a5855a35135,M_nocap,2,Lloyd Austin is hospitalized,True,Article states he remains in hospital.
35701a5855a35135,M_nocap,3,Lloyd Austin has not disclosed the seriousness of his illness to the White House,True,"Evidence says he kept diagnosis from White House, not disclosed seriousness."
35701a5855a35135,M_nocap,4,The lack of disclosure has raised security concerns,True,Evidence states lag raised national security concerns.
35701a5855a35135,M_nocap,5,The lack of disclosure has raised transparency concerns,True,Evidence states issues of transparency were raised.
35701a5855a35135,M_nocap,6,The Pentagon's inspector general is investigating the handling of Lloyd Austin's health crisis,True,Pentagon's inspector general said it will investigate the matter.
35701a5855a35135,M_nocap,7,"President Biden acknowledged that it was ""sub-optimal"" for the situation to remain undisclosed",True,Biden conceded it was 'sub-optimal' that he hadn't disclosed severity.
35701a5855a35135,M_nocap,8,The White House has instructed cabinet members to inform the administration when they are unable to perform their duties,True,White House/chief of staff directed cabinet to notify when unable to perform duties.
35701a5855a35135,M_nocap,9,This instruction followed the incident involving Lloyd Austin's undisclosed hospitalization,True,Instruction followed directly after Austin's undisclosed hospitalization incident.
35bb4b12e30b54c8,B0,1,The UK Home Office announced a ban on Hizb ut-Tahrir.,False,Evidence never mentions Hizb ut-Tahrir or any such ban.
35bb4b12e30b54c8,B0,2,The UK Home Office classified Hizb ut-Tahrir as a terrorist organization.,False,No mention of Hizb ut-Tahrir or terrorist classification.
35bb4b12e30b54c8,B0,3,The ban decision follows concerns about Hizb ut-Tahrir's ideology.,False,No mention of Hizb ut-Tahrir ideology concerns.
35bb4b12e30b54c8,B0,4,The ban decision follows concerns about Hizb ut-Tahrir's potential to incite violence.,False,No mention of Hizb ut-Tahrir or incitement to violence.
35bb4b12e30b54c8,B0,5,The ban decision follows concerns about Hizb ut-Tahrir's potential to incite extremism.,False,No mention of Hizb ut-Tahrir or incitement to extremism.
35bb4b12e30b54c8,B0,6,The ban reflects ongoing efforts by the government to combat radicalization.,False,No evidence discusses a ban tied to Hizb ut-Tahrir or radicalization efforts.
35bb4b12e30b54c8,B0,7,The ban reflects ongoing efforts by the government to enhance national security.,False,No evidence links any ban to national security efforts regarding Hizb ut-Tahrir.
35bb4b12e30b54c8,B0,8,Critics of the ban argue that it may stifle legitimate political discourse.,False,No critics or claims about political discourse mentioned regarding this ban.
35bb4b12e30b54c8,B0,9,Critics of the ban argue that it may stifle legitimate political activism.,False,No critics or claims about political activism mentioned regarding this ban.
35bb4b12e30b54c8,B1,1,The evidence does not provide any information regarding a Home Office ban on Hizb ut-Tahrir as a terror group.,True,Evidence never mentions Hizb ut-Tahrir or any related ban.
35bb4b12e30b54c8,B1,2,The evidence covers knife crime legislation.,True,Article 1 discusses knife ban legislation.
35bb4b12e30b54c8,B1,3,The evidence covers asylum claimants.,True,Article 2 discusses lost asylum claimants.
35bb4b12e30b54c8,B1,4,The evidence covers Houthi attacks.,True,Article 3 discusses Houthi attacks on ships.
35bb4b12e30b54c8,B1,5,The evidence covers online radicalization.,True,Article 4 discusses online radicalisation of young Britons.
35bb4b12e30b54c8,B1,6,The evidence covers allegations against UNRWA staff related to Hamas.,True,Article 5 discusses UNRWA staff allegations tied to Hamas attack.
35bb4b12e30b54c8,B1,7,None of the articles in the evidence mention Hizb ut-Tahrir.,True,No article mentions Hizb ut-Tahrir at all.
35bb4b12e30b54c8,B1,8,None of the articles in the evidence mention a related ban by the Home Office on Hizb ut-Tahrir.,True,No article mentions a Home Office ban on Hizb ut-Tahrir.
35bb4b12e30b54c8,M,1,The evidence does not provide any information regarding a Home Office ban on Hizb ut-Tahrir as a terror group.,True,Evidence never mentions Hizb ut-Tahrir or such a ban.
35bb4b12e30b54c8,M,2,The evidence discusses radicalization linked to the Israel-Gaza conflict.,True,Article 1 discusses Gaza war fueling radicalisation.
35bb4b12e30b54c8,M,3,The evidence discusses actions against the Houthis in Yemen.,True,Article 2 discusses US-UK strikes on Houthis in Yemen.
35bb4b12e30b54c8,M,4,The evidence discusses implications of violence in the region.,True,Multiple articles discuss escalation and violence implications in region.
35bb4b12e30b54c8,M,5,The evidence mentions UK policies regarding Israeli settlers.,True,Article 4 mentions UK banning violent settlers from entering.
35bb4b12e30b54c8,M,6,The evidence mentions a broader context of counter-terrorism efforts.,True,Article 1 discusses counter-terrorism command and related efforts broadly.
35bb4b12e30b54c8,M,7,The evidence contains no specific reference to Hizb ut-Tahrir.,True,No mention of Hizb ut-Tahrir anywhere in evidence.
35bb4b12e30b54c8,M,8,The evidence contains no specific reference to a ban related to Hizb ut-Tahrir.,True,No mention of any ban tied to Hizb ut-Tahrir in evidence.
35bb4b12e30b54c8,M_nocap,1,The evidence does not provide any information regarding a Home Office ban on Hizb ut-Tahrir as a terror group.,True,Evidence never mentions Hizb ut-Tahrir or such a ban.
35bb4b12e30b54c8,M_nocap,2,The evidence discusses radicalization linked to the Israel-Gaza conflict.,True,Article 1 discusses radicalisation linked to Gaza war.
35bb4b12e30b54c8,M_nocap,3,The evidence discusses actions against the Houthis in Yemen.,True,Article 2 discusses US-UK strikes on Houthis in Yemen.
35bb4b12e30b54c8,M_nocap,4,The evidence discusses implications of violence in the region.,True,Multiple articles discuss regional violence and escalation risks.
35bb4b12e30b54c8,M_nocap,5,The evidence mentions UK government actions related to Israeli settlers.,True,Article 4 mentions UK banning violent settlers from entering.
35bb4b12e30b54c8,M_nocap,6,The evidence mentions knife crime legislation.,True,Article 5 discusses knife ban legislation.
35bb4b12e30b54c8,M_nocap,7,The evidence contains nothing specifically about Hizb ut-Tahrir.,True,No mention of Hizb ut-Tahrir anywhere in evidence.
35bb4b12e30b54c8,M_nocap,8,The evidence contains nothing specifically about a ban on Hizb ut-Tahrir.,True,No mention of any ban on Hizb ut-Tahrir in evidence.
37eb40c52e57d2f8,B0,1,Ecuador's prosecutor's office is investigating an attack on a television studio,False,"Evidence mentions police arrests, not prosecutor's office investigation."
37eb40c52e57d2f8,B0,2,The attack has raised concerns about press freedom in Ecuador,False,Evidence doesn't mention press freedom concerns.
37eb40c52e57d2f8,B0,3,The attack has raised concerns about safety in Ecuador,True,Rosas quote raises concerns about security situation in Ecuador.
37eb40c52e57d2f8,B0,4,The attack involved armed assailants,True,Masked gunmen with weapons attacked the studio.
37eb40c52e57d2f8,B0,5,The armed assailants stormed the television studio,True,"Gunmen 'stormed' and 'broke into' the studio, per evidence."
37eb40c52e57d2f8,B0,6,The attack led to injuries among staff,True,Attack injured two employees.
37eb40c52e57d2f8,B0,7,The attack prompted widespread condemnation from media organizations,False,No mention of media organizations condemning the attack.
37eb40c52e57d2f8,B0,8,The attack prompted widespread condemnation from human rights advocates,False,No mention of human rights advocates condemning the attack.
37eb40c52e57d2f8,B0,9,Authorities are under pressure to ensure the safety of journalists in Ecuador,False,No mention of pressure regarding journalist safety.
37eb40c52e57d2f8,B0,10,Authorities are under pressure to address rising violence against the media in Ecuador,False,No mention of pressure to address violence against media.
37eb40c52e57d2f8,B0,11,The rising violence against the media in Ecuador has been linked to organized crime,False,No explicit link between media violence and organized crime stated.
37eb40c52e57d2f8,B0,12,The rising violence against the media in Ecuador has been linked to political tensions,False,No mention of political tensions linked to media violence.
37eb40c52e57d2f8,B0,13,The investigation aims to identify the perpetrators of the attack,False,"Evidence mentions arrests, not stated investigation goal of identifying perpetrators."
37eb40c52e57d2f8,B0,14,The investigation aims to understand the motives behind the attack,False,No mention of investigation into motives.
37eb40c52e57d2f8,B1,1,Ecuador is facing a severe security crisis.,True,"Evidence describes deteriorating security, violence, state of emergency."
37eb40c52e57d2f8,B1,2,The security crisis in Ecuador is marked by violence from armed gangs.,True,Evidence explicitly discusses armed gang violence and war on gangs.
37eb40c52e57d2f8,B1,3,There was a brazen attack on a television studio.,True,TV studio attack described as brazen and unprecedented.
37eb40c52e57d2f8,B1,4,The attack occurred during a live broadcast.,True,Attack occurred during a live broadcast per evidence.
37eb40c52e57d2f8,B1,5,Masked gunmen stormed the public television channel TC.,True,"Masked gunmen stormed TC studio, explicitly stated."
37eb40c52e57d2f8,B1,6,The public television channel TC is located in Guayaquil.,True,Evidence states TV studio storming occurred in Guayaquil.
37eb40c52e57d2f8,B1,7,The attack injured staff.,True,Attack injured two employees per evidence.
37eb40c52e57d2f8,B1,8,Police made multiple arrests in response to the attack.,True,Police made 13 arrests following the attack.
37eb40c52e57d2f8,B1,9,The situation has led to a state of emergency.,True,"60-day state of emergency began, explicitly mentioned."
37eb40c52e57d2f8,B1,10,Soldiers were deployed in various cities.,True,"Soldiers on streets in several cities, explicitly stated."
37eb40c52e57d2f8,B1,11,There was widespread public shock at the escalating violence.,True,Quotes express shock at unprecedented violence and TV seizure.
37eb40c52e57d2f8,B1,12,The government is intensifying efforts to combat criminal organizations.,True,"President ordered gangs be neutralised, indicating intensified action."
37eb40c52e57d2f8,B1,13,The criminal organizations are linked to drug trafficking operations.,True,"Gangs linked to cartels smuggling cocaine, per evidence."
37eb40c52e57d2f8,B1,14,The drug trafficking operations affect international markets.,True,"Drugs smuggled to US and Europe, affecting international markets."
37eb40c52e57d2f8,M,1,Ecuador is facing a severe security crisis.,True,Multiple evidence pieces describe severe violence and state of emergency.
37eb40c52e57d2f8,M,2,The security crisis in Ecuador is marked by violence from armed gangs.,True,"Evidence describes armed gangs, drug gangs, and violence extensively."
37eb40c52e57d2f8,M,3,There was an attack on a television studio during a live broadcast.,True,Evidence states gunmen stormed TV studio during live broadcast.
37eb40c52e57d2f8,M,4,The attack on the television studio was brazen.,True,Evidence calls it 'the most brazen of the attacks'.
37eb40c52e57d2f8,M,5,Masked gunmen stormed the public television channel TC.,True,Evidence explicitly states masked gunmen stormed TC studio.
37eb40c52e57d2f8,M,6,The public television channel TC is located in Guayaquil.,True,Evidence states TV station storming occurred in Guayaquil.
37eb40c52e57d2f8,M,7,The attack injured two employees.,True,Evidence states attack injured two employees.
37eb40c52e57d2f8,M,8,The attack prompted police to make multiple arrests.,True,Evidence states police made 13 arrests following attack.
37eb40c52e57d2f8,M,9,The president has declared a state of emergency.,True,Evidence states a 60-day state of emergency began.
37eb40c52e57d2f8,M,10,The president ordered the neutralization of criminal gangs.,True,Evidence states president ordered gangs be 'neutralised'.
37eb40c52e57d2f8,M,11,Ecuador is grappling with escalating violence.,True,Evidence repeatedly describes escalating violence in Ecuador.
37eb40c52e57d2f8,M,12,The escalating violence in Ecuador is linked to drug trafficking.,True,Evidence links gangs to drug smuggling via ports.
37eb40c52e57d2f8,M,13,The escalating violence in Ecuador is linked to organized crime.,True,Evidence describes organized crime/cartel involvement in violence.
37eb40c52e57d2f8,M,14,The situation in Ecuador has drawn international attention.,True,Evidence mentions UN and US officials responding to situation.
37eb40c52e57d2f8,M,15,The U.S. is planning to send a delegation to Ecuador.,True,Evidence states US delegation is due to arrive in coming weeks.
37eb40c52e57d2f8,M,16,The purpose of the U.S. delegation is to assist Ecuador in addressing security challenges.,False,Evidence doesn't specify delegation's purpose as assisting security challenges directly.
37eb40c52e57d2f8,M_nocap,1,Ecuador is facing a severe security crisis.,True,"Evidence describes violence, state of emergency, war on gangs."
37eb40c52e57d2f8,M_nocap,2,The security crisis in Ecuador is marked by violence from armed gangs.,True,Article describes drug gangs and violence throughout Ecuador.
37eb40c52e57d2f8,M_nocap,3,There was an attack on a television studio in Guayaquil.,True,TV studio attack occurred in Guayaquil per evidence.
37eb40c52e57d2f8,M_nocap,4,The attack on the television studio occurred during a live broadcast.,True,Attack happened during live broadcast per multiple articles.
37eb40c52e57d2f8,M_nocap,5,The attack on the television studio was brazen.,True,Article calls it 'the most brazen of the attacks'.
37eb40c52e57d2f8,M_nocap,6,Masked gunmen stormed the television studio.,True,Masked gunmen storming the studio is explicitly stated.
37eb40c52e57d2f8,M_nocap,7,Two employees were injured in the attack on the television studio.,True,Article states attack injured two employees.
37eb40c52e57d2f8,M_nocap,8,Police made multiple arrests following the attack on the television studio.,True,"Police made 13 arrests, later 18 detained, per evidence."
37eb40c52e57d2f8,M_nocap,9,The attack on the television studio is part of a broader wave of violence in Ecuador.,True,Attack occurred amid days of violence and killings.
37eb40c52e57d2f8,M_nocap,10,The broader wave of violence has led to a state of emergency in Ecuador.,True,"State of emergency began before/during the violence, per evidence."
37eb40c52e57d2f8,M_nocap,11,The broader wave of violence has led to increased military presence in cities across Ecuador.,True,Soldiers on streets in several cities is stated.
37eb40c52e57d2f8,M_nocap,12,The president of Ecuador has called for the neutralization of criminal gangs.,True,President ordered gangs be 'neutralised' per evidence.
37eb40c52e57d2f8,M_nocap,13,Drug trafficking is a deep-rooted issue affecting Ecuador.,True,"Article says Ecuador's problems run deep, drug gangs described."
37eb40c52e57d2f8,M_nocap,14,Gang activity is a deep-rooted issue affecting Ecuador.,False,"Evidence discusses deep drug trafficking issues, not gang activity specifically as 'deep-rooted'."
3ab4ecbbabd704fe,B0,1,A Russian man was convicted for illegally entering the United States.,False,Evidence does not mention a Russian man entering the US illegally.
3ab4ecbbabd704fe,B0,2,The Russian man illegally entered the United States by flying to Los Angeles.,False,No mention of flying to Los Angeles.
3ab4ecbbabd704fe,B0,3,The Russian man flew to Los Angeles without a passport.,False,No mention of flying without a passport.
3ab4ecbbabd704fe,B0,4,The Russian man was apprehended upon arrival.,False,No mention of apprehension upon arrival.
3ab4ecbbabd704fe,B0,5,The Russian man faced charges related to immigration violations.,False,No immigration violation charges mentioned in evidence.
3ab4ecbbabd704fe,B0,6,The case highlighted ongoing concerns about border security.,False,Evidence does not discuss border security concerns.
3ab4ecbbabd704fe,B0,7,The case highlighted challenges of managing unauthorized entries into the country.,False,Evidence does not discuss managing unauthorized entries.
3ab4ecbbabd704fe,B0,8,The man received a sentence.,False,No such sentencing case appears in evidence.
3ab4ecbbabd704fe,B0,9,The sentence reflects the seriousness of his actions.,False,No sentence described reflecting seriousness in evidence.
3ab4ecbbabd704fe,B0,10,The sentence emphasizes the legal repercussions of bypassing immigration protocols.,False,No such legal repercussions discussion present in evidence.
3ab4ecbbabd704fe,B1,1,Nicholas Rossi is an American fugitive.,True,Described as American fugitive Nicholas Rossi throughout evidence.
3ab4ecbbabd704fe,B1,2,Nicholas Rossi faked his own death.,True,Evidence says suspected of faking his own death.
3ab4ecbbabd704fe,B1,3,Nicholas Rossi was arrested in Scotland.,True,"Arrested at hospital in Glasgow, Scotland."
3ab4ecbbabd704fe,B1,4,Nicholas Rossi was arrested while being treated for Covid-19.,True,Arrested while being treated for Covid at hospital.
3ab4ecbbabd704fe,B1,5,Nicholas Rossi was extradited to the US.,True,Explicitly stated he was extradited to US.
3ab4ecbbabd704fe,B1,6,Nicholas Rossi was extradited to face rape charges.,True,US prosecutors wanted him returned to face rape charges.
3ab4ecbbabd704fe,B1,7,A court determined that he was indeed Rossi.,True,Sheriff ruled he was indeed the fugitive Rossi.
3ab4ecbbabd704fe,B1,8,He claimed mistaken identity.,True,He claimed to be victim of mistaken identity.
3ab4ecbbabd704fe,B1,9,He claimed to be an Irish orphan named Arthur Knight.,True,He insisted he was Irish orphan named Arthur Knight.
3ab4ecbbabd704fe,B1,10,The court found his arguments unconvincing.,True,Court dismissed his framing claim as 'fanciful'.
3ab4ecbbabd704fe,B1,11,The court's skepticism particularly concerned his tattoos and fingerprints.,False,Evidence doesn't say skepticism 'particularly' concerned tattoos/fingerprints specifically.
3ab4ecbbabd704fe,B1,12,His tattoos matched those of Rossi.,True,Court heard his tattoos matched those of Rossi.
3ab4ecbbabd704fe,B1,13,His fingerprints matched those of Rossi.,True,Court heard his fingerprints matched those of Rossi.
3ab4ecbbabd704fe,B1,14,The coverage does not mention any incident involving a Russian man flying to LA without a passport.,True,No such incident is mentioned anywhere in the evidence.
3ab4ecbbabd704fe,M,1,Igor Girkin was convicted for extremism.,True,Girkin was found guilty on extremism charges per evidence.
3ab4ecbbabd704fe,M,2,A Russian aircraft crashed.,True,BBC verified video shows a Russian aircraft crashed in Belgorod.
3ab4ecbbabd704fe,M,3,Darya Trepova was sentenced for a bombing.,True,Trepova jailed for a cafe bombing that killed a blogger.
3af7a7ba409e2d0a,B0,1,The US launched the Vulcan rocket recently.,True,Evidence describes a recent Vulcan rocket launch.
3af7a7ba409e2d0a,B0,2,The launch of the Vulcan rocket marked a significant step in the United States' efforts to return to the Moon.,False,Evidence doesn't frame it as a significant step in US return to Moon.
3af7a7ba409e2d0a,B0,3,The Vulcan rocket was designed by United Launch Alliance.,True,Evidence states Vulcan was developed by ULA.
3af7a7ba409e2d0a,B0,4,The Vulcan rocket is intended to carry payloads for NASA's Artemis program.,False,"Evidence says Vulcan carried Peregrine, not linked to Artemis."
3af7a7ba409e2d0a,B0,5,NASA's Artemis program aims to establish a sustainable human presence on the lunar surface.,False,"Evidence mentions Artemis seeks to put humans on Moon, not sustainable presence."
3af7a7ba409e2d0a,B0,6,The Vulcan rocket launch was successful.,True,Evidence describes a flawless flight and successful ejection.
3af7a7ba409e2d0a,B0,7,The successful launch demonstrates advancements in rocket technology.,False,Evidence does not claim advancements in rocket technology.
3af7a7ba409e2d0a,B0,8,The launch underscores growing competition in space exploration.,False,Evidence does not mention competition in space exploration.
3af7a7ba409e2d0a,B0,9,The mission is part of a broader strategy to enhance capabilities for future deep space missions.,False,Evidence does not mention broader deep space strategy.
3af7a7ba409e2d0a,B0,10,The broader strategy includes potential crewed missions to Mars.,False,Evidence does not mention Mars missions.
3af7a7ba409e2d0a,B1,1,The Vulcan rocket launched the Peregrine lander.,True,Vulcan rocket sent Peregrine lander on its way to Moon.
3af7a7ba409e2d0a,B1,2,The Vulcan rocket launch was successful.,True,Described as a flawless flight.
3af7a7ba409e2d0a,B1,3,The launch marks a significant milestone for US private lunar exploration.,True,"First ever soft landing by a private company, significant milestone."
3af7a7ba409e2d0a,B1,4,The mission aims to achieve a controlled landing on the Moon.,True,Mission aims to perform a controlled landing on the Moon.
3af7a7ba409e2d0a,B1,5,A controlled landing on the Moon by this mission would be the first American soft touchdown in 51 years.,True,First American mission in 51 years to complete soft touch-down.
3af7a7ba409e2d0a,B1,6,A controlled landing on the Moon by this mission would be the first soft touchdown on the Moon by a private company.,True,First ever soft landing by a private company stated directly.
3af7a7ba409e2d0a,B1,7,The Peregrine lander was developed by Astrobotic.,True,"Astrobotic's robotic lander called Peregrine, per evidence."
3af7a7ba409e2d0a,B1,8,The Peregrine lander mission is part of a broader initiative involving multiple US companies.,True,Three US companies planned lunar missions under partnership with NASA.
3af7a7ba409e2d0a,B1,9,The broader initiative involves conducting lunar missions in 2024.,True,Six missions to lunar surface planned in 2024.
3af7a7ba409e2d0a,B1,10,NASA is supporting these lunar mission efforts.,True,NASA contracted Astrobotic and buys transport services from companies.
3af7a7ba409e2d0a,B1,11,NASA's support involves a new partnership with the private sector.,True,New private-public partnership with NASA mentioned explicitly.
3af7a7ba409e2d0a,B1,12,There are concerns about the likelihood of success for these lunar missions.,True,NASA says it is prepared for some missions not to work.
3af7a7ba409e2d0a,M,1,The Vulcan rocket was developed by United Launch Alliance.,True,Vulcan described as developed by ULA over a decade.
3af7a7ba409e2d0a,M,2,The Vulcan rocket successfully launched the Peregrine lander.,True,Article states Peregrine launched aboard Vulcan flawlessly.
3af7a7ba409e2d0a,M,3,The launch marks a significant step in the US's lunar exploration efforts.,True,"Framed as first US soft landing attempt in 51 years, significant step."
3af7a7ba409e2d0a,M,4,The mission aims to achieve the first American soft landing on the Moon in 51 years.,True,Explicitly stated aiming for first American soft landing in 51 years.
3af7a7ba409e2d0a,M,5,The mission is part of a broader initiative involving multiple private companies.,True,Described as part of new private-public partnership with multiple companies.
3af7a7ba409e2d0a,M,6,"The private companies involved include Astrobotic, Intuitive Machines, and Firefly.",True,All three companies named as part of the partnership.
3af7a7ba409e2d0a,M,7,"Astrobotic, Intuitive Machines, and Firefly plan to conduct six lunar missions in 2024.",True,Text states trio planned six missions to lunar surface in 2024.
3af7a7ba409e2d0a,M,8,NASA has partnered with these companies.,True,"NASA buying transport services from these companies, a partnership."
3af7a7ba409e2d0a,M,9,The partnership aims to enhance innovation in lunar exploration.,True,NASA believes partnership will introduce more innovation.
3af7a7ba409e2d0a,M,10,The partnership aims to reduce costs in lunar exploration.,True,NASA believes partnership will reduce costs over time.
3af7a7ba409e2d0a,M,11,NASA acknowledges that not all missions may succeed.,True,Agency says it is prepared for some missions not to work.
3af7a7ba409e2d0a,M,12,The Peregrine lander is equipped to carry five scientific instruments.,True,Peregrine contracted to carry five scientific instruments.
3af7a7ba409e2d0a,M,13,The Peregrine lander is embarking on a journey to the Moon.,True,Craft ejected on a path to the Moon after launch.
3af7a7ba409e2d0a,M_nocap,1,The Vulcan rocket was developed by United Launch Alliance.,True,Evidence states Vulcan was developed by ULA.
3af7a7ba409e2d0a,M_nocap,2,The Vulcan rocket successfully launched the Peregrine lander.,True,Evidence describes flawless launch of Peregrine on Vulcan.
3af7a7ba409e2d0a,M_nocap,3,The Peregrine lander launch is part of a US Moon mission.,True,Evidence describes Peregrine as a US Moon mission.
3af7a7ba409e2d0a,M_nocap,4,The mission marks a significant step in private-public partnerships with NASA.,False,Evidence mentions partnership but not that it's a 'significant step'.
3af7a7ba409e2d0a,M_nocap,5,The mission aims to achieve a controlled landing on the Moon.,True,Evidence states mission aims for controlled landing on Moon.
3af7a7ba409e2d0a,M_nocap,6,The mission could potentially be the first American mission in 51 years to accomplish a soft touchdown on the Moon.,True,Evidence states it aims to be first US soft landing in 51 years.
3af7a7ba409e2d0a,M_nocap,7,The mission could potentially be the first soft touchdown on the Moon by a private company.,True,Evidence states first ever soft touch-down by a private company.
3af7a7ba409e2d0a,M_nocap,8,The Peregrine lander is part of a broader initiative involving multiple commercial ventures.,True,Evidence mentions Intuitive Machines and Firefly alongside Astrobotic.
3af7a7ba409e2d0a,M_nocap,9,There are plans for six lunar missions in 2024.,True,Evidence states trio planned six missions to lunar surface in 2024.
3af7a7ba409e2d0a,M_nocap,10,The six lunar missions in 2024 are intended to enhance the chances of success in future lunar explorations.,True,Evidence states fleet increases chances of success in future.
3b9de4ebe5332c3a,B0,1,Meta has introduced a new tool designed to block nude images in private messages across its platforms.,False,Evidence never mentions a nudity-blocking tool from Meta.
3b9de4ebe5332c3a,B0,2,Meta's platforms include Facebook and Instagram.,True,Evidence states Meta owns Instagram and Facebook.
3b9de4ebe5332c3a,B0,3,The tool is designed to block nude images in private messages on Facebook.,False,No mention of such a tool on Facebook.
3b9de4ebe5332c3a,B0,4,The tool is designed to block nude images in private messages on Instagram.,False,No mention of such a tool on Instagram.
3b9de4ebe5332c3a,B0,5,The feature aims to enhance user safety.,False,No such feature is described in the evidence.
3b9de4ebe5332c3a,B0,6,The feature aims to reduce the sharing of unsolicited explicit content.,False,No mention of reducing unsolicited explicit content via a tool.
3b9de4ebe5332c3a,B0,7,The tool utilizes artificial intelligence to detect nude images.,False,No AI nudity-detection tool mentioned in evidence.
3b9de4ebe5332c3a,B0,8,The tool utilizes artificial intelligence to filter out nude images before they reach users.,False,No such AI filtering tool is described.
3b9de4ebe5332c3a,B0,9,The tool allows for a more secure messaging environment.,False,No mention of a more secure messaging environment tool.
3b9de4ebe5332c3a,B0,10,This move reflects Meta's ongoing efforts to address concerns about online harassment.,False,Evidence doesn't describe such a move by Meta.
3b9de4ebe5332c3a,B0,11,This move reflects Meta's ongoing efforts to promote a safer digital space for its users.,False,Evidence doesn't describe such a move by Meta.
3b9de4ebe5332c3a,B1,1,Meta has community standards for content removal.,True,Evidence states Meta outlines 'community standards' for identifying and removing violating content.
3b9de4ebe5332c3a,B1,2,Meta has a response to online harassment.,True,Meta responds to virtual sex assault report and harassment via personal boundary features.
3b9de4ebe5332c3a,B1,3,Meta uses technology to protect users.,True,Evidence says Meta employs technologies to limit teenage users' exposure to offensive content.
3b9de4ebe5332c3a,M,1,Meta employs technologies aimed at limiting users' exposure to offensive content,False,"Evidence specifies limiting teenage users' exposure, not all users."
3b9de4ebe5332c3a,M,2,Meta employs technologies aimed at limiting users' interactions with unknown individuals,False,"Evidence specifies teenage users, not general users, for this limitation."
3b9de4ebe5332c3a,M,3,Meta has community standards that involve automated technology to identify content that violates its guidelines,True,Meta's guidelines use automated technology to identify violating content.
3b9de4ebe5332c3a,M,4,Meta has community standards that involve human review to identify content that violates its guidelines,True,Meta's guidelines use human review to identify violating content.
3b9de4ebe5332c3a,M,5,Meta has community standards that involve automated technology to remove content that violates its guidelines,True,Meta's guidelines use automated technology and human review to remove content.
3b9de4ebe5332c3a,M,6,Meta has community standards that involve human review to remove content that violates its guidelines,True,Meta's guidelines use human review to remove violating content.
3b9de4ebe5332c3a,M,7,The content that violates Meta's guidelines may include inappropriate imagery,True,"Evidence mentions removing imagery produced by Dangerous Organizations, an inappropriate content type."
3b9de4ebe5332c3a,M_nocap,1,Meta employs technologies designed to limit users' exposure to offensive content,True,Evidence states Meta employs technologies limiting teenage users' exposure to offensive content.
3b9de4ebe5332c3a,M_nocap,2,Meta employs technologies designed to limit users' interactions with unknown individuals,True,Evidence states Meta limits interactions with people users do not know.
3b9de4ebe5332c3a,M_nocap,3,Meta has community standards that involve automated technology to identify content that violates its guidelines,True,Evidence states Meta uses automated technology to identify violating content.
3b9de4ebe5332c3a,M_nocap,4,Meta has community standards that involve human review to identify content that violates its guidelines,True,Evidence states Meta uses human review to identify violating content.
3b9de4ebe5332c3a,M_nocap,5,Meta's community standards involve automated technology and human review to remove content that violates its guidelines,True,Evidence directly states both automated technology and human review are used to remove content.
3b9de4ebe5332c3a,M_nocap,6,The content that violates Meta's guidelines includes harmful imagery,True,"Evidence mentions removing imagery produced by Dangerous Organizations, a form of harmful imagery."
3cce1f2ebb4ab7bc,B0,1,Recent news coverage has focused on blocked public rights of way.,False,"Evidence covers storms, deaths, and Rwanda bill, not public rights of way."
3cce1f2ebb4ab7bc,B0,2,The coverage highlights growing concerns among communities about access to public land.,False,No mention of community concerns about land access.
3cce1f2ebb4ab7bc,B0,3,The coverage highlights growing concerns among advocacy groups about access to public land.,False,No mention of advocacy groups or land access concerns.
3cce1f2ebb4ab7bc,B0,4,Many local residents have reported instances where paths have been obstructed.,False,No mention of residents reporting obstructed paths.
3cce1f2ebb4ab7bc,B0,5,Many local residents have reported instances where trails have been obstructed.,False,No mention of obstructed trails.
3cce1f2ebb4ab7bc,B0,6,Some obstructions of paths and trails were caused by private property owners.,False,No mention of private property owners obstructing paths.
3cce1f2ebb4ab7bc,B0,7,Some obstructions of paths and trails were caused by development projects.,False,No mention of development projects causing obstructions.
3cce1f2ebb4ab7bc,B0,8,The obstructions have limited recreational opportunities.,False,No mention of limited recreational opportunities.
3cce1f2ebb4ab7bc,B0,9,The obstructions have limited access to nature.,False,No mention of limited access to nature.
3cce1f2ebb4ab7bc,B0,10,The issue of blocked public rights of way has sparked debates over land use rights.,False,No mention of debates over land use rights.
3cce1f2ebb4ab7bc,B0,11,Some people are calling for stronger legal protections to ensure public access.,False,No mention of calls for legal protections for public access.
3cce1f2ebb4ab7bc,B0,12,Awareness of the issue of blocked public rights of way is increasing.,False,No mention of awareness about blocked rights of way.
3cce1f2ebb4ab7bc,B0,13,There are calls for local governments to take action to restore these pathways.,False,No mention of calls to restore pathways.
3cce1f2ebb4ab7bc,B0,14,There are calls for local governments to take action to maintain these pathways.,False,No mention of calls to maintain pathways.
3cce1f2ebb4ab7bc,B1,1,The evidence does not provide specific information regarding blocked public rights of way.,True,Evidence never mentions public rights of way being blocked.
3cce1f2ebb4ab7bc,B1,2,The evidence discusses police investigations.,True,"Multiple articles cover police investigations (Norwich, Rwanda bill, canal)."
3cce1f2ebb4ab7bc,B1,3,The evidence discusses building closures due to structural concerns.,True,Oxfordshire and Edinburgh articles discuss building closures for structural safety.
3cce1f2ebb4ab7bc,B1,4,The evidence discusses a tragic accident.,True,Lincolnshire canal car crash is a tragic accident.
3cce1f2ebb4ab7bc,B1,5,None of the incidents discussed relate to the topic of public rights of way being blocked.,True,None of the five stories mention public rights of way.
3cce1f2ebb4ab7bc,B1,6,The coverage does not address the query directly.,True,No article addresses public rights of way being blocked directly.
3cce1f2ebb4ab7bc,M,1,Road closures occurred due to storms,True,Storm Jocelyn/Isha caused road closures per evidence 2 and 4.
3cce1f2ebb4ab7bc,M,2,Road closures occurred due to accidents,True,Canal car accident led to road diversions/closure in evidence 1.
3cce1f2ebb4ab7bc,M,3,Traffic disruptions occurred in various regions,True,"Evidence describes disruptions across Lincolnshire, NI, and Yorkshire."
3cce1f2ebb4ab7bc,M,4,Road closures were caused by fallen trees,True,Evidence 2 states roads closed due to fallen trees.
3cce1f2ebb4ab7bc,M,5,Road closures were caused by flooding,False,"Flooding caused rescues, not explicit road closures caused by flooding."
3cce1f2ebb4ab7bc,M_nocap,1,The evidence does not provide any information regarding blocked public rights of way.,True,No mention of public rights of way anywhere in evidence.
3cce1f2ebb4ab7bc,M_nocap,2,The evidence primarily discusses incidents related to road closures due to storms.,True,Multiple articles describe road closures due to storms.
3cce1f2ebb4ab7bc,M_nocap,3,The evidence primarily discusses incidents related to accidents.,True,"Evidence discusses car accidents, deaths, and storm-related incidents."
3cce1f2ebb4ab7bc,M_nocap,4,The evidence primarily discusses incidents related to traffic disruptions in various regions.,True,"Evidence covers traffic disruptions across Lincolnshire, NI, Yorkshire, Wales."
3cce1f2ebb4ab7bc,M_nocap,5,The evidence mentions diversions.,True,Diversions explicitly mentioned in article 1.
3cce1f2ebb4ab7bc,M_nocap,6,The evidence mentions road closures from fallen trees.,True,Article 2 mentions road closures due to fallen trees.
3cce1f2ebb4ab7bc,M_nocap,7,The evidence mentions flooding.,True,Article 4 discusses flooding and flood warnings.
3cce1f2ebb4ab7bc,M_nocap,8,None of the evidence relates to the specific topic of blocked public rights of way.,True,No evidence item discusses public rights of way.
3d8db36e3cf3f83d,B0,1,A children's home has been shut down.,False,Evidence has no mention of a children's home closure.
3d8db36e3cf3f83d,B0,2,The closure followed a critical report from Ofsted.,False,No evidence of closure following an Ofsted report.
3d8db36e3cf3f83d,B0,3,Ofsted is the UK's education and children's services regulator.,False,Evidence never defines Ofsted's role as UK regulator.
3d8db36e3cf3f83d,B0,4,The Ofsted report highlighted serious concerns regarding the safety of the children residing at the children's home.,False,No mention of a children's home safety report.
3d8db36e3cf3f83d,B0,5,The Ofsted report highlighted serious concerns regarding the well-being of the children residing at the children's home.,False,No mention of children's home well-being report.
3d8db36e3cf3f83d,B0,6,The Ofsted report prompted immediate action from local authorities.,False,No evidence of local authority action following a report.
3d8db36e3cf3f83d,B0,7,The closure reflects ongoing scrutiny of children's care facilities.,False,No closure or scrutiny of care facilities mentioned.
3d8db36e3cf3f83d,B0,8,The decision has raised discussions about the adequacy of oversight in the care system.,False,No such discussion about care system oversight is present.
3d8db36e3cf3f83d,B0,9,The decision has raised discussions about the need for improvements in the care system.,False,No mention of care system improvement discussions.
3d8db36e3cf3f83d,B1,1,A school was downgraded by Ofsted from 'outstanding' to 'inadequate'.,True,Directly stated: school downgraded from outstanding to inadequate.
3d8db36e3cf3f83d,B1,2,The school's downgrade from 'outstanding' to 'inadequate' was due to safeguarding issues.,True,Evidence says safeguarding concerns led to the downgrade.
3d8db36e3cf3f83d,B1,3,There are concerns related to Ofsted's inspection processes.,True,Coroner's concerns about lack of training and inspection process noted.
3d8db36e3cf3f83d,B1,4,There are concerns about the impact of Ofsted's judgments on schools.,True,Evidence mentions debate over one/two-word judgments affecting schools.
3d8db36e3cf3f83d,B1,5,There are discussions about the broader implications of school attendance.,True,Article discusses absence rates and plans to address attendance.
3d8db36e3cf3f83d,B1,6,There are discussions about challenges faced by children with special educational needs and disabilities in accessing appropriate educational settings.,True,Evidence describes SEND children struggling to access nursery placements.
3d8db36e3cf3f83d,M,1,A head teacher's suicide was linked to an inspection outcome that downgraded her school.,True,Mrs Perry's suicide linked to inspection that downgraded school to inadequate.
3d8db36e3cf3f83d,M,2,The inspection outcome was from Ofsted.,True,Article explicitly about Ofsted inspection and Perry's death.
3d8db36e3cf3f83d,M,3,There are concerns about Ofsted's training for inspectors.,True,Coroner worried about 'almost complete absence of Ofsted training'.
3d8db36e3cf3f83d,M,4,There are concerns about the potential risks of future deaths related to Ofsted's inspection processes.,True,Coroner warned of risk of future deaths without changes.
3d8db36e3cf3f83d,M,5,There are ongoing discussions about reforms within Ofsted.,True,Meeting discussed reforms in the organisation with Ofsted head.
3d8db36e3cf3f83d,M,6,The discussions about reforms within Ofsted are in response to criticism.,True,Sir Martyn said Ofsted 'must listen to criticism' regarding reforms.
3d8db36e3cf3f83d,M_nocap,1,A head teacher's suicide was linked to an Ofsted inspection outcome.,True,Evidence states Mrs Perry's suicide was linked to an Ofsted inspection.
3d8db36e3cf3f83d,M_nocap,2,The Ofsted inspection outcome downgraded the head teacher's school.,True,School was downgraded from outstanding to inadequate after Ofsted's visit.
3d8db36e3cf3f83d,M_nocap,3,There are concerns about Ofsted's training for inspectors.,True,Coroner worried by 'almost complete absence of Ofsted training' for inspectors.
3d8db36e3cf3f83d,M_nocap,4,There are concerns about potential risks associated with Ofsted's inspection processes.,True,Coroner warned of risk of future deaths without changes to inspections.
3d8db36e3cf3f83d,M_nocap,5,There is scrutiny and criticism surrounding Ofsted's practices.,True,"Evidence shows Ofsted apologizing, reforms, and coroner criticism, indicating scrutiny."
3e864e526a463658,B0,1,Santander recently raised its mortgage rates,False,Evidence never mentions Santander at all.
3e864e526a463658,B0,2,Santander raised its mortgage rates in response to increasing competition in the housing market,False,No mention of Santander or its reasons for rate changes.
3e864e526a463658,B0,3,Lenders are adjusting their offerings to attract borrowers,False,Evidence does not discuss lenders adjusting offerings to attract borrowers.
3e864e526a463658,B0,4,Lenders are adjusting their offerings amid fluctuating interest rates,False,No mention of lenders adjusting offerings amid interest rate fluctuations.
3e864e526a463658,B0,5,Lenders are adjusting their offerings amid changing economic conditions,False,No mention of lenders adjusting offerings amid economic conditions.
3e864e526a463658,B0,6,The mortgage rate increase may impact potential homebuyers,False,No mortgage rate increase mentioned; evidence discusses possible rate cuts.
3e864e526a463658,B0,7,Potential homebuyers could face higher monthly payments due to the mortgage rate increase,False,No specific mortgage rate increase or payment impact discussed.
3e864e526a463658,B0,8,The higher monthly payments could prompt some potential homebuyers to reconsider their financing options,False,Evidence never discusses homebuyers reconsidering financing options.
3e864e526a463658,B0,9,Analysts suggest that this trend could lead to further mortgage rate adjustments from other banks,False,No analyst commentary on further mortgage rate adjustments from banks.
3e864e526a463658,B0,10,Other banks may adjust their mortgage rates to remain competitive,False,Evidence does not discuss banks adjusting rates to remain competitive.
3e864e526a463658,B1,1,Higher mortgage rates are a significant challenge for homebuyers,True,Hunt says higher mortgage rates make it a struggle for first-time buyers.
3e864e526a463658,B1,2,A government official noted the need to reduce inflation to bring down mortgage rates,True,Hunt states inflation must fall to bring down mortgage rates.
3e864e526a463658,B1,3,"There is concern that if inflation does not decrease, mortgage costs could continue to rise",True,El-Erian warns mortgage costs could rise if inflation doesn't slow.
3e864e526a463658,B1,4,Many homeowners are affected as fixed-rate mortgage deals expire,True,1.5 million mortgage holders will see fixed-rate deals end in 2024.
3e864e526a463658,B1,5,The Bank of England's interest rate decisions are influenced by wage growth,True,Bank considers wage growth outpacing prices when deciding on rate cuts.
3e864e526a463658,B1,6,The Bank of England's interest rate decisions are influenced by inflation trends,True,Bank has raised/held rates based on inflation trends per evidence.
3e864e526a463658,B1,7,Wage growth and inflation trends could impact future mortgage rates,False,"Evidence discusses wage growth and inflation affecting rate cuts, not mortgage rates directly."
3e864e526a463658,M,1,Higher mortgage rates are currently a significant challenge for homebuyers,True,Hunt notes higher mortgage rates create real struggle for buyers.
3e864e526a463658,M,2,A government official emphasized the need to reduce inflation to lower mortgage rates,True,"Hunt, chancellor, says inflation must fall to lower mortgage rates."
3e864e526a463658,M,3,The cost-of-living crisis is impacting consumer spending,True,Evidence states cost-of-living crisis is weighing on consumer spending.
3e864e526a463658,M,4,The cost-of-living crisis is impacting real incomes,True,Evidence states cost-of-living crisis is weighing on real incomes.
3e864e526a463658,M,5,Rising interest rates are impacting consumer spending,True,Evidence states interest rate rises are weighing on consumer spending.
3e864e526a463658,M,6,Rising interest rates are impacting real incomes,True,Evidence states interest rate rises are weighing on real incomes.
3e864e526a463658,M,7,Mortgage rates may begin to fall,True,Tesco CEO says mortgage rates are beginning to fall.
3e864e526a463658,M,8,A fall in mortgage rates could positively influence consumer confidence,False,"Evidence links falling mortgage rates to stability, not explicitly consumer confidence."
3e864e526a463658,M,9,A fall in mortgage rates could positively influence consumer spending,False,"Evidence mentions stability/optimism, not spending directly tied to mortgage rate falls."
3e864e526a463658,M,10,A supermarket executive expressed cautious optimism about the market's stability,True,Tesco CEO Ken Murphy expressed cautious optimism about consumer spending stability.
3e864e526a463658,M_nocap,1,Higher mortgage rates are currently a significant challenge for homebuyers,True,Hunt notes higher mortgage rates make it a struggle for first-time buyers.
3e864e526a463658,M_nocap,2,A government official acknowledged the struggles faced by those trying to purchase their first home,True,Chancellor Hunt acknowledged the struggle for people trying to buy their first home.
3e864e526a463658,M_nocap,3,Reducing mortgage rates is linked to lowering inflation,True,Hunt states bringing mortgage rates down requires getting inflation down.
3e864e526a463658,M_nocap,4,Inflation remains above the target set by the Bank of England,True,Evidence says inflation at 3.9% is almost double the Bank's 2% target.
3e864e526a463658,M_nocap,5,The Bank of England has set an inflation target,True,Evidence references the Bank's 2% target explicitly.
3e864e526a463658,M_nocap,6,There are indications that mortgage rates may begin to fall,True,Tesco CEO says mortgage rates are beginning to fall.
3e864e526a463658,M_nocap,7,Falling mortgage rates could positively impact consumer spending,True,Tesco CEO's comments imply optimism about consumer spending linked to falling rates.
3e864e526a463658,M_nocap,8,Falling mortgage rates could positively impact economic stability,True,CEO mentions period of relative stability tied to falling rates and employment.
3e864e526a463658,M_nocap,9,A supermarket executive suggested that mortgage rates may begin to fall and could positively impact consumer spending and economic stability,True,"Tesco CEO Ken Murphy made these statements about rates, spending, and stability."
3ed2f261d7fb7262,B0,1,A sub-postmistress publicly urged against a boycott of the Post Office,False,Evidence does not mention any boycott discussion.
3ed2f261d7fb7262,B0,2,The sub-postmistress emphasized the importance of community support for local services,False,No mention of community support for local services.
3ed2f261d7fb7262,B0,3,The sub-postmistress argues that a boycott could harm the Post Office,False,No mention of boycott harming Post Office.
3ed2f261d7fb7262,B0,4,The sub-postmistress argues that a boycott could harm the livelihoods of those who work at the Post Office,False,No mention of boycott harming livelihoods.
3ed2f261d7fb7262,B0,5,The sub-postmistress argues that a boycott could harm the communities the Post Office serves,False,No mention of boycott harming communities.
3ed2f261d7fb7262,B0,6,The sub-postmistress's plea comes amid ongoing discussions about the Post Office's handling of past controversies,False,No such plea or context mentioned in evidence.
3ed2f261d7fb7262,B0,7,The past controversies include wrongful prosecutions of sub-postmasters,True,Evidence discusses wrongful prosecutions of sub-postmasters extensively.
3ed2f261d7fb7262,B0,8,The sub-postmistress believes that constructive engagement is more beneficial than withdrawing support,False,No mention of constructive engagement versus withdrawing support.
3ed2f261d7fb7262,B0,9,The sub-postmistress believes that reform is more beneficial than withdrawing support,False,No mention of reform versus withdrawing support.
3ed2f261d7fb7262,B1,1,Sub-postmasters and sub-postmistresses were wrongfully prosecuted.,True,Evidence describes wrongful convictions and miscarriage of justice for sub-postmasters.
3ed2f261d7fb7262,B1,2,The wrongful prosecutions were based on flawed evidence from the Horizon system.,True,"Evidence states prosecutions based on Horizon evidence, questioning its reliability."
3ed2f261d7fb7262,B1,3,Sub-postmasters and sub-postmistresses are experiencing ongoing struggles.,True,"Evidence describes ongoing despair, loss, shame, and unresolved compensation struggles."
3ed2f261d7fb7262,B1,4,Many victims express a desire for accountability.,True,Scott says perpetrators need to be brought to account for justice.
3ed2f261d7fb7262,B1,5,Many victims express a desire for faster access to compensation.,True,Victims agree need to speed up access to compensation.
3ed2f261d7fb7262,B1,6,Some victims are calling for public acknowledgment of their innocence by the Post Office.,True,Mohammed wants Post Office posters declaring innocence and apology.
3ed2f261d7fb7262,B1,7,There is a sense of urgency for legislative action to exonerate those affected.,True,Growing public mood leaves government little alternative but to act quickly.
3ed2f261d7fb7262,B1,8,The sense of urgency has been spurred by increased public awareness of the scandal.,True,Public mood prompted by the drama is cited as driving urgency.
3ed2f261d7fb7262,B1,9,The sense of urgency has been spurred by increased media coverage of the scandal.,False,"Evidence cites a TV drama, not general media coverage increase, as trigger."
3ed2f261d7fb7262,B1,10,The Post Office has faced criticism for its handling of the situation.,True,"Criticism includes delays, misinformation campaign, and lack of accountability claims."
3ed2f261d7fb7262,B1,11,There are claims that the Post Office has not acted swiftly enough to resolve compensation claims.,True,Sir Wyn notes complex cases not addressed as speedily as possible.
3ed2f261d7fb7262,M,1,The Post Office scandal is ongoing.,True,"Multiple articles describe ongoing compensation, appeals, and inquiry processes."
3ed2f261d7fb7262,M,2,Sub-postmasters were convicted due to the faulty Horizon IT system.,False,"Evidence never explains Horizon system as cause of convictions, only mentions scandal name."
3ed2f261d7fb7262,M,3,A former sub-postmistress expressed caution against a mass exoneration of all convicted individuals.,True,Ms Felstead cautioned against mass exoneration per evidence.
3ed2f261d7fb7262,M,4,The former sub-postmistress emphasized the need for careful consideration to avoid overturning legitimate convictions.,True,She said to be careful not to turn over legitimate convictions.
3ed2f261d7fb7262,M,5,The Post Office is under pressure to expedite the compensation process for those affected.,True,Ms Felstead said process needed to be sped up.
3ed2f261d7fb7262,M,6,The Post Office is facing scrutiny regarding its financial practices.,True,Tax bill and insolvency claims scrutinize financial practices.
3ed2f261d7fb7262,M,7,The Post Office is facing scrutiny regarding its accountability.,True,Post Office spokesperson references inquiry to establish accountability.
3ed2f261d7fb7262,M,8,There are calls for justice.,True,Read and others explicitly call for justice and fair compensation.
3ed2f261d7fb7262,M,9,There are calls for a thorough investigation into past wrongdoings.,True,Public inquiry mentioned to get to truth of what went wrong.
3ed2f261d7fb7262,M_nocap,1,The Post Office scandal is ongoing.,False,Evidence discusses ongoing compensation and appeals but doesn't explicitly state scandal is ongoing.
3ed2f261d7fb7262,M_nocap,2,Sub-postmasters have concerns regarding the legal processes for appealing wrongful convictions.,True,Evidence states people are scared of the legal process regarding Post Office.
3ed2f261d7fb7262,M_nocap,3,A former sub-postmistress expressed caution against a mass exoneration of convictions.,True,Ms Felstead cautioned against a mass exoneration of convictions.
3ed2f261d7fb7262,M_nocap,4,The former sub-postmistress emphasized the need to ensure that genuine cases of crime are not overlooked.,True,She warned against turning over convictions of someone who committed a crime.
3ed2f261d7fb7262,M_nocap,5,The Post Office has been urged to expedite the process of helping those affected.,True,Ms Felstead said the process needed to be sped up.
3ed2f261d7fb7262,M_nocap,6,The Post Office is facing scrutiny over its financial obligations related to compensation payouts.,True,Evidence describes tax bill and insolvency concerns tied to compensation payouts.
3ed2f261d7fb7262,M_nocap,7,There is a call for careful consideration in addressing the past injustices without compromising the integrity of the legal system.,True,Ms Felstead's caution reflects careful balance between justice and legal integrity.
3ee8ef988f72fa5d,B0,1,A mother appeared in court.,True,Jennifer Crumbley sobbed in court during trial.
3ee8ef988f72fa5d,B0,2,The court appearance followed the deaths of her children.,False,"Her son survived; he killed classmates, not her own children died."
3ee8ef988f72fa5d,B0,3,The children's deaths were tragic.,False,Evidence doesn't describe deaths as her children's or tragic in this framing.
3ee8ef988f72fa5d,B0,4,The case has drawn significant media attention.,False,No mention of media attention level in evidence.
3ee8ef988f72fa5d,B0,5,The case has raised questions about the circumstances surrounding the children's deaths.,False,No claim about questions raised over circumstances of deaths tied to this mother's children.
3ee8ef988f72fa5d,B0,6,The case has raised questions about the mother's role in the events leading up to the deaths.,True,Prosecutor says she is responsible for the deaths.
3ee8ef988f72fa5d,B0,7,Legal proceedings are unfolding in the case.,True,Trial is ongoing per evidence.
3ee8ef988f72fa5d,B0,8,Details regarding the investigation are being closely scrutinized.,False,No mention of investigation details being scrutinized.
3ee8ef988f72fa5d,B0,9,Details regarding the mother's actions are being closely scrutinized.,False,No mention of scrutiny of her actions specifically beyond trial framing.
3ee8ef988f72fa5d,B0,10,The community has expressed shock over the loss.,False,No mention of community shock in evidence.
3ee8ef988f72fa5d,B0,11,The community has expressed grief over the loss.,False,No mention of community grief in evidence.
3ee8ef988f72fa5d,B0,12,The court hearings are expected to reveal more information as the case progresses.,False,No statement about future hearings revealing more information.
3ee8ef988f72fa5d,B1,1,A mother is on trial for her role in her son's school shooting.,True,Jennifer Crumbley on trial for failing to stop her son's shooting.
3ee8ef988f72fa5d,B1,2,Prosecutors argue that the mother is responsible for the deaths in the school shooting.,True,Prosecutor said she is responsible for those deaths.
3ee8ef988f72fa5d,B1,3,The mother did not pull the trigger in the school shooting.,True,Prosecutor explicitly said she didn't pull the trigger.
3ee8ef988f72fa5d,B1,4,A mother's child died from dehydration while in hospital care.,False,"Jorgie died from dehydration and sepsis in hospital, not stated in mother's care."
3ee8ef988f72fa5d,B1,5,The mother whose child died from dehydration is struggling for accountability.,True,Article frames it as family's struggle to hold people to account.
3ee8ef988f72fa5d,B1,6,A woman was arrested on suspicion of murder following the death of a seven-year-old boy.,True,Woman arrested on suspicion of murder after boy's death confirmed.
3ee8ef988f72fa5d,B1,7,There are ongoing investigations into the circumstances surrounding the seven-year-old boy's death.,True,Police statement says investigations into circumstances continue.
3ee8ef988f72fa5d,M,1,Jennifer Crumbley is on trial for her role in her son's school shooting,True,Article says she's on trial for failing to stop son's school shooting.
3ee8ef988f72fa5d,M,2,Prosecutors argue that Jennifer Crumbley failed to provide necessary mental health support to her son,True,Article says parents did not help him get needed mental health support.
3ee8ef988f72fa5d,M,3,Prosecutors argue that Jennifer Crumbley's husband failed to provide necessary mental health support to their son,True,Statement refers to 'Mr and Mrs Crumbley' jointly failing to help son.
3ee8ef988f72fa5d,M,4,Prosecutors argue that Jennifer Crumbley gave her son the murder weapon,True,Article says Mr and Mrs Crumbley gave son the murder weapon as gift.
3ee8ef988f72fa5d,M,5,Prosecutors argue that Jennifer Crumbley's husband gave their son the murder weapon,True,Same statement includes Mr Crumbley giving the murder weapon.
3ee8ef988f72fa5d,M,6,Constance Marten is accused of the manslaughter of her baby,True,Image caption states Marten accused of manslaughter of baby daughter.
3ee8ef988f72fa5d,M,7,Mark Gordon is accused of the manslaughter of Constance Marten's baby,True,Image caption states Gordon accused of manslaughter of the baby.
3ee8ef988f72fa5d,M,8,Prosecutors claim that Constance Marten's reckless behavior led to the child's death,True,"Prosecution says baby would be alive but for defendants' reckless conduct, including Marten."
3ee8ef988f72fa5d,M,9,Prosecutors claim that Mark Gordon's reckless behavior led to the child's death,True,Same reckless conduct claim applies to both defendants including Gordon.
3ee8ef988f72fa5d,M,10,Constance Marten and Mark Gordon were living off-grid,True,Article states couple 'essentially went off-grid' and lived outside.
3ee8ef988f72fa5d,M,11,Carla Scott was convicted of manslaughter for her role in the death of her son,True,Carla Scott convicted of manslaughter of her son Alfie Steele.
3ee8ef988f72fa5d,M,12,Carla Scott's son was named Alfie Steele,True,Evidence states Alfie Steele was her son.
3ee8ef988f72fa5d,M,13,Alfie Steele suffered severe abuse before his death,True,Article mentions months of abuse and over 50 injuries.
3ee8ef988f72fa5d,M_nocap,1,Jennifer Crumbley is on trial for her role in her son's school shooting.,True,Article states she is first parent tried for failing to stop son's shooting.
3ee8ef988f72fa5d,M_nocap,2,Prosecutors argue that Jennifer Crumbley is responsible for the deaths in her son's school shooting.,True,Prosecutor said she is responsible for the deaths.
3ee8ef988f72fa5d,M_nocap,3,Jennifer Crumbley did not pull the trigger in her son's school shooting.,True,Prosecutor explicitly said she didn't pull the trigger.
3ee8ef988f72fa5d,M_nocap,4,Prosecutors allege that Jennifer Crumbley provided her son with the murder weapon.,True,Prosecutors say they gave him the murder weapon as a gift.
3ee8ef988f72fa5d,M_nocap,5,Prosecutors allege that Jennifer Crumbley failed to seek mental health support for her son.,True,Prosecutors say they did not help him get mental health support.
3ee8ef988f72fa5d,M_nocap,6,Constance Marten is accused of manslaughter.,True,Marten is on trial for manslaughter of newborn Victoria.
3ee8ef988f72fa5d,M_nocap,7,Mark Gordon is accused of manslaughter.,True,Gordon is on trial for manslaughter of newborn Victoria.
3ee8ef988f72fa5d,M_nocap,8,Constance Marten and Mark Gordon's newborn baby died.,True,Baby's body was found; article discusses her death.
3ee8ef988f72fa5d,M_nocap,9,Constance Marten and Mark Gordon lived off-grid when their newborn baby died.,True,Couple lived off-grid outside to avoid social services taking baby.
3ee8ef988f72fa5d,M_nocap,10,Prosecutors claim that Constance Marten and Mark Gordon's reckless behavior led to their baby's death.,True,Prosecution says baby would be alive if not for reckless conduct.
3ee8ef988f72fa5d,M_nocap,11,Carla Scott was convicted of manslaughter.,True,Carla Scott was convicted of manslaughter per evidence.
3ee8ef988f72fa5d,M_nocap,12,"Carla Scott's conviction was for her role in the death of her son, Alfie Steele.",True,Conviction explicitly tied to son Alfie Steele's death.
3ee8ef988f72fa5d,M_nocap,13,Alfie Steele suffered severe abuse before his death.,True,Alfie had over 50 injuries after months of abuse.
3f974a31602790ec,B0,1,There have been recent discussions surrounding the sale of NHS data.,False,Evidence never mentions sale of NHS data.
3f974a31602790ec,B0,2,The discussions surrounding the sale of NHS data have sparked debate about potential benefits associated with leveraging this information for technological advancements.,False,No mention of NHS data sale debate or benefits.
3f974a31602790ec,B0,3,The discussions surrounding the sale of NHS data have sparked debate about potential risks associated with leveraging this information for technological advancements.,False,No mention of NHS data sale risks.
3f974a31602790ec,B0,4,Proponents argue that utilizing NHS data could drive innovation in healthcare technology.,False,No mention of NHS data or innovation claims.
3f974a31602790ec,B0,5,Proponents argue that utilizing NHS data could improve patient outcomes.,False,No mention of NHS data improving patient outcomes.
3f974a31602790ec,B0,6,Proponents argue that utilizing NHS data could create economic opportunities.,False,No mention of NHS data creating economic opportunities.
3f974a31602790ec,B0,7,Concerns about patient privacy related to the sale of NHS data have raised alarms among healthcare professionals.,False,No mention of patient privacy concerns from healthcare professionals.
3f974a31602790ec,B0,8,Concerns about patient privacy related to the sale of NHS data have raised alarms among the public.,False,No mention of patient privacy concerns among public.
3f974a31602790ec,B0,9,Concerns about data security related to the sale of NHS data have raised alarms among healthcare professionals.,False,No mention of data security concerns from professionals.
3f974a31602790ec,B0,10,Concerns about data security related to the sale of NHS data have raised alarms among the public.,False,No mention of data security concerns among public.
3f974a31602790ec,B0,11,Concerns about ethical implications related to the sale of NHS data have raised alarms among healthcare professionals.,False,No mention of ethical implications from professionals.
3f974a31602790ec,B0,12,Concerns about ethical implications related to the sale of NHS data have raised alarms among the public.,False,No mention of ethical implications among public.
3f974a31602790ec,B0,13,The tech industry continues to evolve.,False,Evidence does not discuss tech industry evolution.
3f974a31602790ec,B0,14,The balance between harnessing data for progress and protecting individual rights remains a critical issue.,False,Evidence never discusses data versus rights balance.
3f974a31602790ec,B1,1,The NHS faces challenges from chronic underinvestment in general practice.,True,BMA Wales cites chronic underinvestment in general practice.
3f974a31602790ec,B1,2,Private care could play a role in addressing NHS waiting lists.,True,GP says private care can help cut waiting lists per headline/text.
3f974a31602790ec,B1,3,Some doctors are leaving the NHS for the private sector.,True,Text mentions doctors leaving NHS for private sector.
3f974a31602790ec,B1,4,Doctors leaving the NHS for the private sector reflects broader issues within the healthcare system.,True,BMA Wales calls it a symptom of broader impact/issues.
3f974a31602790ec,B1,5,There are ongoing efforts to improve NHS services.,True,Extra money being invested and progress being made mentioned.
3f974a31602790ec,B1,6,Waiting times for A&E are slightly better than the previous year.,True,A&E waits slightly better than this time last year stated.
3f974a31602790ec,B1,7,Significant progress on NHS waiting times requires sustained investment.,True,Text states significant progress requires sustained additional investment.
3f974a31602790ec,B1,8,The Welsh government is focusing on urgent patient needs.,True,Welsh government spokeswoman mentions focus on urgent need patients.
3f974a31602790ec,B1,9,The Welsh government is focusing on patients who have waited the longest.,True,Quote mentions patients who have waited the longest.
3f974a31602790ec,B1,10,NHS England reports improvements in managing long waits.,True,NHS England spokeswoman says numbers facing long waits are falling.
3f974a31602790ec,M,1,The NHS is currently facing ongoing challenges,True,"Evidence describes NHS under pressure, missed targets, long waits."
3f974a31602790ec,M,2,The NHS has long waiting lists,True,Waiting list of 7.6 million and A&E waits described as long.
3f974a31602790ec,M,3,The NHS has missed targets,True,Evidence states key NHS targets missed for at least seven years.
3f974a31602790ec,M,4,NHS England has reported some improvements,True,NHS England spokeswoman said progress was being made this winter.
3f974a31602790ec,M,5,NHS England reported a slight decrease in A&E waits,True,Figures showed A&E waits slightly better than last year.
3f974a31602790ec,M,6,NHS England reported a reduction in the overall waiting list for non-emergency treatment,True,"Waiting list dropped for a second month in a row, per evidence."
3f974a31602790ec,M,7,The Health Foundation noted that industrial action by NHS workers has contributed to increased waiting times,True,"Health Foundation said strikes lengthened waiting list by 210,000."
3f974a31602790ec,M,8,There are efforts to enhance cancer detection,True,Mobile trucks and awareness messages show efforts to catch cancer early.
3f974a31602790ec,M,9,There are efforts to enhance cancer treatment,False,"Evidence focuses on detection/testing, not treatment improvement efforts."
3f974a31602790ec,M,10,A record number of cancer tests have been conducted,True,"Record number of people tested in England in October, per evidence."
3f974a31602790ec,M,11,Some targets for timely cancer test results are still not being met,True,"29% waited longer than four-week target for results, target missed."
3f974a31602790ec,M_nocap,1,The NHS is facing challenges including long waiting lists.,True,Waiting lists and long waits repeatedly discussed as NHS challenges.
3f974a31602790ec,M_nocap,2,The NHS is facing challenges including the impact of strikes by NHS workers.,True,Strikes by NHS workers mentioned as lengthening waiting lists.
3f974a31602790ec,M_nocap,3,The overall number of waits for non-emergency treatment in England has decreased slightly.,True,"Waits fell by about 96,000 from October, a slight decrease."
3f974a31602790ec,M_nocap,4,The overall number of waits for non-emergency treatment in England remains significantly higher than at the beginning of the year.,True,"Waits were about 400,000 higher than start of 2023."
3f974a31602790ec,M_nocap,5,There are ongoing efforts to improve cancer detection.,True,Mobile trucks and awareness campaigns show efforts to improve detection.
3f974a31602790ec,M_nocap,6,There are ongoing efforts to improve cancer treatment.,False,"Evidence discusses detection/testing, not treatment improvement efforts."
3f974a31602790ec,M_nocap,7,The efforts to improve cancer detection and treatment focus on early diagnosis.,True,"Mentions more people diagnosed at stage one and two, early diagnosis focus."
3f974a31602790ec,M_nocap,8,Many patients still face delays in receiving cancer test results.,True,"78,500 people (29%) waited longer than four-week target for results."
3f974a31602790ec,M_nocap,9,The evidence does not directly address the sale of NHS data.,True,No mention of selling NHS data anywhere in evidence.
3f974a31602790ec,M_nocap,10,The evidence does not directly address the potential for a tech boom related to the sale of NHS data.,True,No mention of tech boom or NHS data sale in evidence.
418b14a5344f8480,B0,1,NASA has announced a delay in its plans to return astronauts to the Moon.,False,Evidence does not mention NASA delaying astronaut return plans.
418b14a5344f8480,B0,2,The delay affects the timeline for the Artemis program.,False,No mention of Artemis program timeline delay.
418b14a5344f8480,B0,3,The postponement is attributed to various factors.,False,No postponement or its causes are discussed in evidence.
418b14a5344f8480,B0,4,The postponement is attributed to technical challenges.,False,No mention of technical challenges causing postponement.
418b14a5344f8480,B0,5,The postponement is attributed to the need for additional testing of the Space Launch System.,False,Space Launch System testing not mentioned in evidence.
418b14a5344f8480,B0,6,The postponement is attributed to the need for additional testing of the Orion spacecraft.,False,Orion spacecraft testing not mentioned in evidence.
418b14a5344f8480,B0,7,The setback has raised concerns about the feasibility of meeting the goals set for lunar exploration.,False,No mention of concerns about feasibility of lunar exploration goals.
418b14a5344f8480,B0,8,One of the goals set for lunar exploration is establishing a sustainable human presence on the Moon by the end of the decade.,False,Sustainable human presence goal by decade's end not mentioned.
418b14a5344f8480,B0,9,NASA remains committed to its long-term vision of returning humans to the lunar surface.,True,Evidence states NASA wishes to resume astronaut missions to Moon.
418b14a5344f8480,B0,10,NASA remains committed to its long-term vision of eventually sending astronauts to Mars.,False,Mars missions are not mentioned anywhere in the evidence.
418b14a5344f8480,B1,1,NASA has plans for a crewed return to the Moon,True,Evidence mentions sending astronauts to Moon and resuming astronaut missions.
418b14a5344f8480,B1,2,NASA's plans for a crewed return to the Moon are intertwined with the activities of private companies,True,Evidence links crewed return goal to commercial lander partnerships context.
418b14a5344f8480,B1,3,Astrobotic is a private company,True,Described as Pittsburgh-based company and commercial venture.
418b14a5344f8480,B1,4,Astrobotic is working on lunar lander missions,True,"Astrobotic sending lander Peregrine to Moon, per evidence."
418b14a5344f8480,B1,5,Astrobotic developed the Peregrine lander,True,Astrobotic is described as behind Peregrine mission.
418b14a5344f8480,B1,6,The Peregrine lander is intended to deliver NASA instruments to the Moon,True,Evidence states Peregrine carried five NASA instruments to study lunar surface.
418b14a5344f8480,B1,7,The Peregrine lander is facing significant challenges,True,"Evidence describes propulsion problem, fuel leak, and destruction."
418b14a5344f8480,B1,8,The Peregrine lander experienced a fuel leak,True,Evidence explicitly states fuel leak caused failure.
418b14a5344f8480,B1,9,The fuel leak jeopardizes the Peregrine lander's ability to achieve a soft landing,True,Evidence says fuel leak caused 'no chance' of soft landing.
418b14a5344f8480,B1,10,NASA has partnered with multiple commercial ventures to facilitate lunar exploration,True,"NASA partnered with Astrobotic, Intuitive Machines, and Firefly."
418b14a5344f8480,B1,11,NASA does not directly control the missions of the commercial ventures it has partnered with,True,Evidence states NASA is 'not in charge' of the missions.
418b14a5344f8480,B1,12,The overall goal is to prepare for future astronaut missions,True,Evidence states missions aim to prepare for astronauts' return.
418b14a5344f8480,B1,13,The plan involves utilizing robotic landers to deliver scientific equipment and supplies,True,"Evidence describes robots delivering instrumentation, equipment, and supplies."
418b14a5344f8480,M,1,The Peregrine lander is from Astrobotic.,True,Evidence states Astrobotic's Peregrine lander repeatedly.
418b14a5344f8480,M,2,Astrobotic is part of a new partnership with NASA.,True,Text says new private-public partnership with Nasa.
418b14a5344f8480,M,3,The Peregrine lander is experiencing a fuel leak.,True,Evidence states 'no chance...due to a fuel leak'.
418b14a5344f8480,M,4,There has been a declaration that the Peregrine lander has no chance of making a soft landing on the Moon.,True,Headline and text state lander has 'no chance' of soft landing.
418b14a5344f8480,M,5,Three US companies had planned multiple lunar missions for 2024.,True,Trio planned six missions to lunar surface in 2024.
418b14a5344f8480,M,6,"The three US companies include Astrobotic, Intuitive Machines, and Firefly.",True,"Astrobotic, Intuitive Machines, and Firefly named as the three companies."
418b14a5344f8480,M,7,NASA is a key customer of these lunar missions.,True,Evidence states Nasa is the companies' 'customer'.
418b14a5344f8480,M,8,NASA is not in direct control of these lunar missions.,True,Evidence states Nasa is 'not in charge' of missions.
418b14a5344f8480,M,9,The Peregrine lander failed.,True,Peregrine destroyed over Pacific after failing to reach Moon.
418b14a5344f8480,M,10,NASA aims to resume astronaut missions in the coming years.,True,"Nasa wishes soon to resume astronaut missions, per evidence."
418b14a5344f8480,M_nocap,1,NASA is involved in lunar missions through partnerships with private companies,True,NASA has partnerships with three companies for lunar missions per evidence.
418b14a5344f8480,M_nocap,2,NASA has a partnership with Astrobotic,True,Astrobotic has NASA as customer/partner per multiple evidence pieces.
418b14a5344f8480,M_nocap,3,NASA has a partnership with Intuitive Machines,True,Intuitive Machines listed as NASA partner company.
418b14a5344f8480,M_nocap,4,NASA has a partnership with Firefly,True,Firefly listed as NASA partner company.
418b14a5344f8480,M_nocap,5,Astrobotic is planning multiple missions to the Moon,False,"Evidence says trio planned six missions together, not Astrobotic alone multiple."
418b14a5344f8480,M_nocap,6,Intuitive Machines is planning multiple missions to the Moon,False,No mention Intuitive Machines individually planning multiple missions.
418b14a5344f8480,M_nocap,7,Firefly is planning multiple missions to the Moon,False,No mention Firefly individually planning multiple missions.
418b14a5344f8480,M_nocap,8,Astrobotic's Peregrine lander is facing significant challenges,True,"Fuel leak, no chance of soft landing, destruction described as challenges."
418b14a5344f8480,M_nocap,9,Astrobotic's Peregrine lander experienced a fuel leak,True,Evidence explicitly states a fuel leak caused issues.
418b14a5344f8480,M_nocap,10,The fuel leak jeopardizes the Peregrine lander's ability to achieve a soft landing,True,Evidence states fuel leak caused 'no chance' of soft landing.
418b14a5344f8480,M_nocap,11,NASA aims to use these missions to deliver scientific instruments,True,NASA purchased capacity for five instruments to study lunar surface.
418b14a5344f8480,M_nocap,12,NASA aims to use these missions to prepare for future crewed lunar missions,True,Evidence says missions prepare for resuming astronaut missions.
418b14a5344f8480,M_nocap,13,Future crewed lunar missions are expected to occur later in the decade,True,Evidence mentions sending astronauts 'later this decade.'
418b14a5344f8480,M_nocap,14,Returning humans to the Moon follows a long hiatus,True,Evidence notes no US soft landing since Apollo 17 in 1972.
418b14a5344f8480,M_nocap,15,Returning humans to the Moon involves complexities and risks,False,"Evidence discusses risks of exploration generally, not framed as returning humans' risks."
449086b68a9f66e1,B0,1,There is an ongoing conflict in Gaza.,True,Evidence extensively describes ongoing war/fighting in Gaza.
449086b68a9f66e1,B0,2,The conflict in Gaza has led to families being torn apart.,False,"Evidence describes displacement and loss, not explicitly 'families torn apart.'"
449086b68a9f66e1,B0,3,Many parents have expressed profound anguish over the captivity of their children in the context of the Gaza conflict.,False,Evidence mentions hostages' families but not specifically parents anguished over children's captivity broadly.
449086b68a9f66e1,B0,4,Fathers have shared their emotional struggles as they grapple with uncertainty and fear for their daughters' safety amid the violence.,False,No mention of fathers discussing daughters' safety specifically.
449086b68a9f66e1,B0,5,Personal accounts highlight the broader human toll of the conflict.,True,Multiple personal testimonies illustrate human toll of conflict.
449086b68a9f66e1,B0,6,The conflict has left deep emotional scars on families caught in the crossfire.,False,Evidence shows suffering but doesn't state 'deep emotional scars' explicitly.
449086b68a9f66e1,B0,7,The pain of separation is a central theme in the narratives of those affected by the conflict.,False,Separation is implied but not framed as 'central theme' explicitly.
449086b68a9f66e1,B0,8,The hope for reunion is a central theme in the narratives of those affected by the conflict.,False,Hope for reunion not explicitly discussed as a theme in evidence.
449086b68a9f66e1,B1,1,Hamas is holding hostages,True,Evidence states hostages taken to Gaza and held by Hamas.
449086b68a9f66e1,B1,2,Families of hostages held by Hamas are experiencing emotional turmoil,False,"Evidence doesn't explicitly describe emotional turmoil, only protest actions."
449086b68a9f66e1,B1,3,Protests have erupted in Israel,True,Protesters blocking aid trucks described as occurring in Israel.
449086b68a9f66e1,B1,4,The protests demand no humanitarian aid to Gaza until all hostages are released,True,Protesters explicitly demand no aid until all hostages released.
449086b68a9f66e1,B1,5,Families of hostages express anguish,False,"No explicit mention of anguish, only protest demands and views."
449086b68a9f66e1,B1,6,Families of hostages view the delivery of aid as a moral failure while their loved ones remain captive,True,Protesters directly state aid delivery is a moral failure while hostages held.
449086b68a9f66e1,B1,7,The situation in Gaza is dire,True,"Multiple accounts describe deaths, displacement, fear, and destruction."
449086b68a9f66e1,B1,8,There is widespread destruction in Gaza,True,"Evidence mentions destroyed homes, shops, schools, hospitals damaged."
449086b68a9f66e1,B1,9,There is widespread displacement affecting the population in Gaza,True,"Majority of Gaza's population described as displaced, fleeing hospitals."
449086b68a9f66e1,B1,10,Children in Gaza are suffering from the ongoing conflict,True,"Children described as fearful, wetting themselves, losing schooling and future."
449086b68a9f66e1,B1,11,There is a conflict ongoing in Gaza,True,"Air and ground operations, strikes, and clashes described as ongoing."
449086b68a9f66e1,M,1,There is a severe humanitarian crisis in Gaza.,True,"Multiple evidence points describe severe humanitarian suffering, deaths, lack of food/water."
449086b68a9f66e1,M,2,Children are particularly affected by the ongoing conflict in Gaza.,True,Article says children disproportionately victims and Gaza's future is its children.
449086b68a9f66e1,M,3,Many children are crying out in the streets in Gaza.,True,Resident quote states children are crying out in the streets.
449086b68a9f66e1,M,4,Mothers are desperately searching for their children amid worsening conditions in Gaza.,False,"Evidence says mothers are crying for their children, not searching for them."
449086b68a9f66e1,M,5,There is a shortage of food in Gaza.,True,Resident says they cannot find food.
449086b68a9f66e1,M,6,There is a shortage of water in Gaza.,True,Resident says they cannot find water.
449086b68a9f66e1,M,7,A significant number of casualties have been reported in the conflict.,True,Death tolls of thousands are reported across multiple articles.
449086b68a9f66e1,M,8,Many of the casualties are children.,True,Ministry says most killed were children and women.
449086b68a9f66e1,M,9,Many of the casualties are women.,True,Ministry says most killed were children and women.
449086b68a9f66e1,M,10,The conflict continues to escalate.,True,"Multiple articles describe ongoing fighting, advances, and rising death tolls."
449086b68a9f66e1,M,11,Infrastructure in the region has been destroyed.,True,"Faten says Gaza has been destroyed, no hospitals, no education."
449086b68a9f66e1,M,12,Hospitals have been destroyed.,True,WHO reports only 13 of 36 hospitals functional; hospitals damaged/besieged.
449086b68a9f66e1,M,13,Schools have been destroyed.,False,"Evidence mentions lost school year and 'no education', not schools destroyed."
449086b68a9f66e1,M,14,The destruction of infrastructure exacerbates the suffering of families in the region.,True,Destruction of hospitals/schools tied to suffering of families and children.
449086b68a9f66e1,M_nocap,1,There is a severe humanitarian crisis in Gaza.,True,"Evidence describes destruction, deaths, shortages of food/water/medical care."
449086b68a9f66e1,M_nocap,2,Children are particularly affected by the ongoing conflict in Gaza.,True,UN official warns of lost generation of children; children disproportionately victims.
449086b68a9f66e1,M_nocap,3,Many children are crying out in the streets in Gaza.,True,Resident quote states children are crying out in the streets.
449086b68a9f66e1,M_nocap,4,Mothers in Gaza are desperately searching for their missing children.,False,"Mothers crying for their children, not described as searching for missing children."
449086b68a9f66e1,M_nocap,5,Conditions in Gaza are worsening.,True,Resident says situation is getting worse and worse every day.
449086b68a9f66e1,M_nocap,6,There are shortages of food in Gaza.,True,Resident states they cannot find food.
449086b68a9f66e1,M_nocap,7,There are shortages of water in Gaza.,True,Resident states they cannot find water.
449086b68a9f66e1,M_nocap,8,The health situation in Gaza is dire.,True,"Only 13 of 36 hospitals functional, shortages of medical equipment described."
449086b68a9f66e1,M_nocap,9,A significant number of casualties have been reported in Gaza.,True,Death tolls in thousands reported across multiple articles.
449086b68a9f66e1,M_nocap,10,Many of the casualties in Gaza are children.,True,Ministry says most killed are mostly children and women.
449086b68a9f66e1,M_nocap,11,Many of the casualties in Gaza are women.,True,Ministry says most killed are mostly children and women.
449086b68a9f66e1,M_nocap,12,The conflict in Gaza continues to escalate.,True,"Articles describe expanding ground operations, sieges, and rising death tolls."
449086b68a9f66e1,M_nocap,13,Hamas took hostages.,True,Hamas gunmen took about 250 people hostage per evidence.
449086b68a9f66e1,M_nocap,14,Families of hostages taken by Hamas are expressing pain and concern.,False,Evidence mentions rally marking captivity but not explicit expressions of pain/concern.
449086b68a9f66e1,M_nocap,15,The captivity of the hostages has reached significant periods.,True,"Article explicitly states hostages held 100 days, a significant period."
449086b68a9f66e1,M_nocap,16,The captivity has had an impact on the hostages' loved ones.,False,Evidence notes a rally by families but doesn't describe impact on loved ones.
4982f84ecabb3268,B0,1,Hezbollah launched a missile attack on northern Israel.,True,Evidence states Hezbollah fired rockets/missiles at northern Israel multiple times.
4982f84ecabb3268,B0,2,The missile attack escalated tensions in the region.,True,Evidence notes clashes raised fears of wider regional conflict.
4982f84ecabb3268,B0,3,The tensions escalated amid ongoing conflicts.,True,Evidence links escalation to ongoing Gaza war and regional conflicts.
4982f84ecabb3268,B0,4,The assault targeted military positions.,True,"Israel said it targeted significant military assets/Radwan Force, and hit air traffic control base."
4982f84ecabb3268,B0,5,The assault prompted a swift response from the Israeli Defense Forces.,False,No mention of response being 'swift'.
4982f84ecabb3268,B0,6,The Israeli Defense Forces conducted retaliatory strikes against Hezbollah positions in Lebanon.,True,IDF said it responded to Hezbollah launches and hit Hezbollah targets in Lebanon.
4982f84ecabb3268,B0,7,The incident marks a significant increase in hostilities between Hezbollah and Israel.,False,Evidence doesn't characterize this specific incident as a 'significant increase' overall.
4982f84ecabb3268,B0,8,The increase in hostilities raises concerns about a broader conflict in the area.,True,Evidence explicitly says clashes raised fears of a wider regional conflict.
4982f84ecabb3268,B0,9,The area is already volatile.,False,Evidence doesn't explicitly describe the area as 'already volatile'.
4982f84ecabb3268,B0,10,Both sides have exchanged threats.,False,No explicit mention of both sides exchanging threats.
4982f84ecabb3268,B0,11,The situation remains tense.,False,Evidence doesn't state the situation 'remains tense' as an ongoing claim.
4982f84ecabb3268,B0,12,International observers call for restraint.,True,"Blinken called for regional powers to keep things in check, urging restraint."
4982f84ecabb3268,B1,1,Hezbollah has recently escalated its military actions against Israel.,True,"Hezbollah attacking Israel almost daily since October, an escalation."
4982f84ecabb3268,B1,2,Hezbollah launched a barrage of rocket attacks from southern Lebanon.,True,Evidence states Hezbollah fired rocket barrage from southern Lebanon.
4982f84ecabb3268,B1,3,The rocket attacks were launched in response to an Israeli airstrike.,True,"Rockets were reprisal for Israeli-planned bomb attack, an airstrike."
4982f84ecabb3268,B1,4,The Israeli airstrike killed a key Hamas leader.,True,Attack killed key Hamas leader Saleh al-Arouri.
4982f84ecabb3268,B1,5,The Israeli airstrike occurred in Beirut.,True,Attack described as killing Hamas leader in Beirut.
4982f84ecabb3268,B1,6,The rocket attack involved dozens of rockets.,True,Hezbollah fired dozens of rockets per evidence.
4982f84ecabb3268,B1,7,The rockets targeted northern Israel.,True,Rockets fired at northern Israel per evidence.
4982f84ecabb3268,B1,8,The rocket attack caused damage to an air traffic control base.,True,Rockets damaged air traffic control base on Mount Meron.
4982f84ecabb3268,B1,9,The Israeli military conducted airstrikes on Hezbollah positions in Lebanon.,True,Israel responded with air strikes targeting Hezbollah forces in Lebanon.
4982f84ecabb3268,B1,10,The Israeli airstrikes on Hezbollah positions were in retaliation for the rocket attacks.,True,Israel responded with air strikes after the rocket barrage.
4982f84ecabb3268,B1,11,The ongoing violence has raised concerns about a potential wider conflict in the region.,True,Clashes have raised fears of a wider regional conflict.
4982f84ecabb3268,B1,12,Hezbollah has so far managed its actions to avoid a full-scale war with Israel.,True,"Hezbollah calibrated actions to prevent full-scale war, per evidence."
4982f84ecabb3268,M,1,There are escalating tensions between Hezbollah and Israel.,True,Evidence describes escalating clashes and killings between Hezbollah and Israel.
4982f84ecabb3268,M,2,Hezbollah recently carried out a missile attack.,True,Evidence states Hezbollah fired rockets and missiles at Israel.
4982f84ecabb3268,M,3,The missile attack involved firing dozens of rockets at Israeli territory.,True,Evidence states Hezbollah fired dozens of rockets at Israeli territory.
4982f84ecabb3268,M,4,The attack specifically targeted an air traffic control base in Meron.,True,Evidence says Hezbollah hit an air traffic control base in Meron.
4982f84ecabb3268,M,5,The attack was a response to the killing of a Hamas leader.,True,Attack followed killing of Hamas leader Saleh al-Arouri per evidence.
4982f84ecabb3268,M,6,The Hamas leader was killed in a suspected Israeli strike.,True,Evidence states Arouri died in a suspected Israeli attack.
4982f84ecabb3268,M,7,The suspected Israeli strike occurred in Beirut.,True,Evidence states the attack occurred in Beirut.
4982f84ecabb3268,M,8,The Israeli military confirmed it had identified multiple rocket launches from Lebanon.,True,"Israeli military identified about 40 launches from Lebanon, matches claim."
4982f84ecabb3268,M,9,The Israeli military stated it was defending its borders.,True,IDF said it was 'defending its borders' from missiles launched from Lebanon.
4982f84ecabb3268,M,10,There is a cycle of retaliatory actions between Hezbollah and Israel.,True,Evidence describes repeated strikes and counter-strikes between both sides.
4982f84ecabb3268,M,11,The situation has raised concerns about a broader regional conflict.,True,Evidence explicitly states clashes raised fears of wider regional conflict.
4982f84ecabb3268,M,12,Hezbollah's actions are being calibrated to avoid full-scale war.,True,Evidence states Hezbollah calibrated actions to prevent full-scale war.
4982f84ecabb3268,M,13,There is ongoing violence between Hezbollah and Israel.,True,Evidence describes ongoing cross-border violence between Hezbollah and Israel.
4982f84ecabb3268,M_nocap,1,There is recent cross-border violence between Hezbollah and Israel.,True,Evidence describes cross-border violence and clashes between Hezbollah and Israel.
4982f84ecabb3268,M_nocap,2,Hezbollah carried out a missile attack.,True,Evidence states Hezbollah fired rockets/missiles at Israeli territory.
4982f84ecabb3268,M_nocap,3,The missile attack targeted an air traffic control base in Israel.,False,"Air traffic control base was in Meron, Israel not specified as target location context clearly."
4982f84ecabb3268,M_nocap,4,The missile attack involved 62 rockets.,True,Evidence states Hezbollah hit the base with 62 rockets.
4982f84ecabb3268,M_nocap,5,A Hamas leader was killed in Beirut.,True,"Saleh al-Arouri, a Hamas leader, was killed in Beirut per evidence."
4982f84ecabb3268,M_nocap,6,The killing of the Hamas leader was in a suspected Israeli strike.,True,Evidence describes it as a suspected Israeli attack/strike.
4982f84ecabb3268,M_nocap,7,The killing of the Hamas leader escalated tensions.,False,Evidence does not explicitly state the killing escalated tensions.
4982f84ecabb3268,M_nocap,8,The missile attack followed the killing of the Hamas leader.,True,Evidence states Hezbollah fired rockets following the killing of Arouri.
4982f84ecabb3268,M_nocap,9,The Israeli military responded to the missile launches.,True,Evidence states Israeli military identified launches and responded.
4982f84ecabb3268,M_nocap,10,The Israeli military stated it was defending its borders.,True,IDF said it was 'defending its borders' per evidence.
4982f84ecabb3268,M_nocap,11,The Israeli military identified multiple rocket launches from Lebanon.,True,Israeli military identified about 40 launches from Lebanon.
4982f84ecabb3268,M_nocap,12,The ongoing clashes have resulted in casualties on both sides.,True,"Evidence states violence killed Hezbollah fighters, Israeli soldiers, and civilians."
4982f84ecabb3268,M_nocap,13,Hezbollah fighters were among the casualties.,True,Evidence states dozens of Hezbollah fighters were killed.
4982f84ecabb3268,M_nocap,14,Israeli soldiers were among the casualties.,True,Evidence states several Israeli soldiers were killed.
4982f84ecabb3268,M_nocap,15,Hezbollah has been careful to avoid provoking a full-scale war.,True,Evidence states Hezbollah calibrated actions to prevent full-scale war.
49ae5e99d7592688,B0,1,A man has been sentenced to prison for murder.,True,"Multiple men (e.g., Calocane, Shepherd) sentenced for killings."
49ae5e99d7592688,B0,2,The sentencing followed a trial.,False,Evidence does not specify sentencing followed a trial for a murder case with these details.
49ae5e99d7592688,B0,3,The trial was high-profile.,False,No evidence states any trial was described as high-profile.
49ae5e99d7592688,B0,4,The trial captured public attention.,False,No mention of public attention or captivation regarding a trial.
49ae5e99d7592688,B0,5,The case involved evidence that linked the man to the crime.,False,No specific claim ties evidence linking a man to crime in this generic way.
49ae5e99d7592688,B0,6,The evidence included witness testimonies.,False,Witness testimony evidence not described in context of forensic case.
49ae5e99d7592688,B0,7,The evidence included forensic analysis.,False,No mention of forensic analysis in any case.
49ae5e99d7592688,B0,8,A court found the man guilty of taking another person's life.,True,Courts found Calocane and Shepherd guilty of killing people.
49ae5e99d7592688,B0,9,The circumstances of the crime were deemed particularly egregious.,False,No claim describing circumstances as 'particularly egregious.'
49ae5e99d7592688,B0,10,The man received a lengthy prison term.,False,"No specific lengthy prison term claim matches; Shepherd got 6 years, not described as lengthy."
49ae5e99d7592688,B0,11,The verdict has sparked discussions about crime rates.,False,No mention of discussions about crime rates.
49ae5e99d7592688,B0,12,The verdict has sparked discussions about justice in the community.,False,No mention of community discussions about justice.
49ae5e99d7592688,B0,13,Many people expressed relief at the outcome.,False,No mention of public relief at any outcome.
49ae5e99d7592688,B1,1,Kenneth Eugene Smith was executed in Alabama.,True,Evidence states Alabama executed Smith with nitrogen gas.
49ae5e99d7592688,B1,2,Kenneth Eugene Smith was executed using nitrogen gas.,True,Directly stated Smith was executed with nitrogen gas.
49ae5e99d7592688,B1,3,Kenneth Eugene Smith's execution marked the first use of nitrogen gas execution globally.,True,Stated as first use of method globally.
49ae5e99d7592688,B1,4,Kenneth Eugene Smith was convicted in 1989.,True,Evidence says Smith was convicted in 1989.
49ae5e99d7592688,B1,5,Kenneth Eugene Smith was convicted for the murder of Elizabeth Sennett.,True,Convicted of murdering Elizabeth Sennett as stated.
49ae5e99d7592688,B1,6,Elizabeth Sennett was a preacher's wife.,True,Evidence describes her as a preacher's wife.
49ae5e99d7592688,B1,7,The murder of Elizabeth Sennett was part of a killing-for-hire scheme.,True,Described as a killing-for-hire.
49ae5e99d7592688,B1,8,The jury recommended a life sentence for Kenneth Eugene Smith.,True,Jury voted in favour of a life sentence.
49ae5e99d7592688,B1,9,The judge overruled the jury's recommendation of a life sentence.,True,Judge overruled the jury's recommendation.
49ae5e99d7592688,B1,10,The judge imposed the death penalty on Kenneth Eugene Smith.,True,Judge imposed capital punishment as stated.
49ae5e99d7592688,B1,11,The execution process was described as taking around 25 minutes.,True,Witness said execution took around 25 minutes.
49ae5e99d7592688,B1,12,The execution drew condemnation from the UN.,True,UN condemned the execution as cruel.
49ae5e99d7592688,B1,13,Alabama officials claimed the execution was carried out humanely.,True,Alabama said process was carried out humanely.
49ae5e99d7592688,M,1,Several individuals have been jailed for serious offenses.,True,"Bear, Ratuniyarawa, and Shepherd all described as jailed."
49ae5e99d7592688,M,2,The serious offenses include murder.,False,"Evidence shows manslaughter and other charges, no murder mentioned."
49ae5e99d7592688,M,3,The serious offenses include manslaughter.,True,Calocane admitted manslaughter and Shepherd convicted of manslaughter.
49ae5e99d7592688,M,4,Valdo Calocane is accused of murdering three people in Nottingham.,False,"Calocane admitted manslaughter, not murder; article 3 says accused of murder but later shows manslaughter plea."
49ae5e99d7592688,M,5,Valdo Calocane has a history of mental health issues.,True,Court told Calocane had history of mental health problems.
49ae5e99d7592688,M,6,Valdo Calocane was detained under mental health laws prior to the attacks.,True,Detained four times under mental health laws before attacks.
49ae5e99d7592688,M,7,Valdo Calocane is currently remanded in custody.,True,He was remanded in custody after no bail application.
49ae5e99d7592688,M,8,Valdo Calocane is scheduled for trial.,True,Trial date of 12 January was scheduled.
49ae5e99d7592688,M,9,Api Ratuniyarawa is a rugby player.,True,Described as Fiji international rugby player.
49ae5e99d7592688,M,10,Api Ratuniyarawa was jailed for assaulting three women in a nightclub.,True,Jailed for assaulting three women in Cardiff nightclub.
49ae5e99d7592688,M,11,Jack Shepherd was convicted of manslaughter by gross negligence.,True,Directly stated he was convicted of manslaughter by gross negligence.
49ae5e99d7592688,M,12,Jack Shepherd has been released from prison.,True,Article states he has been released from prison.
49ae5e99d7592688,M,13,Jack Shepherd served part of his sentence before being released.,True,Freed after serving half of his sentence behind bars.
49ae5e99d7592688,M_nocap,1,A man named Valdo Calocane is accused of murdering three individuals,True,Calocane is accused of killing three people per evidence.
49ae5e99d7592688,M_nocap,2,The murders occurred in Nottingham,True,Attacks occurred in Nottingham per multiple articles.
49ae5e99d7592688,M_nocap,3,Valdo Calocane has a history of mental health issues,True,Article states history of mental health problems.
49ae5e99d7592688,M_nocap,4,Valdo Calocane was previously detained under mental health laws,True,Detained four times under mental health laws before attacks.
49ae5e99d7592688,M_nocap,5,Valdo Calocane appeared in court,True,Court appearance described in article 3.
49ae5e99d7592688,M_nocap,6,Valdo Calocane was remanded in custody without bail,True,Remanded in custody with no bail application made.
49ae5e99d7592688,M_nocap,7,A trial date was set for Valdo Calocane,True,Trial date of 12 January was scheduled.
49ae5e99d7592688,M_nocap,8,The victims included two university students,True,Webber and O'Malley-Kumar described as university students.
49ae5e99d7592688,M_nocap,9,The victims included a school caretaker,True,Ian Coates described as school caretaker.
49ae5e99d7592688,M_nocap,10,The victims were fatally stabbed during the attacks,True,Victims fatally stabbed/found with knife injuries per article.
4c3077ea0e756377,B0,1,Wales has been issued flood alerts,True,Evidence 5 mentions flood alerts near River Thaw and River Dee in Wales.
4c3077ea0e756377,B0,2,Storm Isha is bringing heavy rainfall to Wales,True,Evidence 3 mentions yellow rain warnings for Wales during Storm Isha.
4c3077ea0e756377,B0,3,Storm Isha is bringing strong winds to Wales,False,Evidence mentions strong winds generally but not specifically affecting Wales.
4c3077ea0e756377,B0,4,Authorities are warning residents to prepare for potential flooding,True,Evidence 1 says flood warnings mean people should be prepared for flooding.
4c3077ea0e756377,B0,5,The warning about potential flooding particularly concerns low-lying areas,False,Evidence does not specify low-lying areas as particular concern.
4c3077ea0e756377,B0,6,The warning about potential flooding particularly concerns areas near rivers,False,Evidence does not specifically state warnings particularly concern river areas.
4c3077ea0e756377,B0,7,Storm Isha is expected to cause disruptions,True,Evidence 3 says Storm Isha likely to lead to disruption from flooding.
4c3077ea0e756377,B0,8,There are concerns over travel disruptions caused by Storm Isha,True,Evidence 3 mentions RAC warning about hazardous road conditions from Storm Isha.
4c3077ea0e756377,B0,9,There are concerns over infrastructure damage caused by Storm Isha,False,Evidence does not mention infrastructure damage concerns for Storm Isha.
4c3077ea0e756377,B0,10,Emergency services are on standby,True,Evidence 1 shows fire crews actively rescuing people during Storm Isha.
4c3077ea0e756377,B0,11,Emergency services are on standby to respond to incidents related to the severe weather conditions,True,Evidence 1 shows fire crews responding to flood water incidents from the storm.
4c3077ea0e756377,B1,1,Flood alerts are currently in place in Wales,True,Flood alerts near River Thaw and River Dee in Wales are mentioned.
4c3077ea0e756377,B1,2,The flood alerts in Wales are due to the impacts of Storm Isha,False,"Evidence attributes Wales alerts to general wet weather, not Storm Isha."
4c3077ea0e756377,B1,3,There is one flood warning near the River Ritec at Tenby,True,"Multiple evidence pieces state one flood warning near River Ritec, Tenby."
4c3077ea0e756377,B1,4,The flood warning near the River Ritec at Tenby indicates that flooding is expected there,True,"Flood warning means flooding expected, per definitions given."
4c3077ea0e756377,B1,5,There are four flood alerts in south and north Wales,True,Evidence states four flood alerts near River Thaw and River Dee.
4c3077ea0e756377,B1,6,The four flood alerts in south and north Wales suggest that flooding is possible in those areas,True,"Flood alerts mean flooding is possible, per evidence definitions."
4c3077ea0e756377,B1,7,Adverse weather conditions have affected the region,True,Storms and heavy rain described as affecting the region throughout.
4c3077ea0e756377,B1,8,The adverse weather conditions include heavy rain,True,Heavy rain is repeatedly mentioned as part of the weather.
4c3077ea0e756377,B1,9,The adverse weather conditions have led to multiple warnings across the region,True,Multiple flood warnings and alerts are described across articles.
4c3077ea0e756377,B1,10,There is potential for disruption affecting homes and businesses,True,Evidence mentions disruption to homes and businesses from flooding.
4c3077ea0e756377,B1,11,There is potential for flooding affecting homes and businesses,True,Evidence states homes and businesses likely affected by flooding.
4c3077ea0e756377,M,1,Flood alerts have been issued in Wales due to the impact of Storm Isha,False,"Flood alerts tied to Storm Henk aftermath, not attributed to Storm Isha."
4c3077ea0e756377,M,2,Multiple yellow warnings for rain have been issued affecting parts of Wales,True,"Evidence states yellow warnings for rain in Wales, Scotland, northern England."
4c3077ea0e756377,M,3,The Met Office has indicated that heavy rain could lead to flooding,True,Met Office said heavy rain likely to lead to disruption from flooding.
4c3077ea0e756377,M,4,The Met Office has indicated that flooding could potentially affect homes and businesses,True,Evidence states homes and businesses likely to be affected.
4c3077ea0e756377,M,5,"As of the latest reports, there is one flood warning in Wales",True,"Evidence states one flood warning in Wales, near River Ritec, Tenby."
4c3077ea0e756377,M,6,The flood warning in Wales is near the River Ritec at Tenby,True,Directly stated the flood warning is near River Ritec at Tenby.
4c3077ea0e756377,M,7,There are numerous flood alerts indicating that flooding is possible in Wales,False,"130+ alerts are overall total, not specifically located in Wales."
4c3077ea0e756377,M,8,The situation follows a period of heavy rainfall,True,Evidence mentions a week of heavy rainfall preceding the snow/ice event.
4c3077ea0e756377,M,9,The heavy rainfall has already caused significant flooding in other areas of the UK,True,"Evidence states 2,000 properties flooded due to Storm Henk rainfall."
4c3077ea0e756377,M_nocap,1,Flood alerts have been issued in Wales.,True,Evidence [1] mentions 338 flood alerts across England and Wales.
4c3077ea0e756377,M_nocap,2,The flood alerts in Wales are due to the impact of Storm Isha.,False,Evidence does not link Wales flood alerts specifically to Storm Isha.
4c3077ea0e756377,M_nocap,3,Multiple yellow warnings for rain have been issued affecting parts of Wales.,True,"Evidence [4] states yellow warnings for rain in Wales, Scotland, northern England."
4c3077ea0e756377,M_nocap,4,The Met Office has indicated that heavy rain could lead to flooding.,True,Evidence [4] says heavy rain likely to lead to disruption from flooding.
4c3077ea0e756377,M_nocap,5,The Met Office has indicated that flooding could potentially affect homes and businesses.,True,Evidence [4] states homes and businesses likely affected in Wales and northern England.
4c3077ea0e756377,M_nocap,6,"As of the latest reports, there are two active flood warnings in Wales.",False,"Evidence [1] states two flood warnings in Wales, not consistently confirmed as 'latest'."
4c3077ea0e756377,M_nocap,7,"As of the latest reports, there are numerous flood alerts in place across Wales.",True,"Evidence [5] mentions over 130 flood alerts in place, implying Wales included."
4c3077ea0e756377,M_nocap,8,The flood warnings and alerts indicate that flooding is possible in Wales.,True,"Flood alerts mean flooding is possible, consistent with evidence about Wales."
4c3077ea0e756377,M_nocap,9,The situation in Wales is compounded by previous heavy rainfall from Storm Henk.,True,Evidence [5] links prior heavy rainfall/Storm Henk to current flood situation including Wales.
4c3077ea0e756377,M_nocap,10,Storm Henk has already caused significant flooding in other areas of the UK.,True,"Evidence [5] states 2,000 properties flooded due to Storm Henk."
4f9dbeaf028667ca,B0,1,Rishi Sunak's government has faced scrutiny regarding the timing of potential spring elections.,True,Evidence discusses speculation he might call election on May 2 (spring).
4f9dbeaf028667ca,B0,2,There have been discussions centering on whether to call a general election before the end of the parliamentary term.,True,Evidence discusses election timing debate before Jan 2025 deadline.
4f9dbeaf028667ca,B0,3,Rishi Sunak is the Prime Minister.,True,Evidence repeatedly refers to Sunak as prime minister.
4f9dbeaf028667ca,B0,4,The Prime Minister has indicated a preference for stability and continuity.,False,Evidence doesn't mention Sunak expressing preference for stability/continuity.
4f9dbeaf028667ca,B0,5,The Prime Minister has suggested that elections may not be imminent.,True,"Sunak said election likely in second half of year, not imminent."
4f9dbeaf028667ca,B0,6,The decision on election timing is influenced by public opinion.,False,Evidence does not mention public opinion influencing timing decision.
4f9dbeaf028667ca,B0,7,The decision on election timing is influenced by party performance in polls.,False,Evidence does not mention polls influencing election timing decision.
4f9dbeaf028667ca,B0,8,The decision on election timing is influenced by ongoing economic challenges.,False,Evidence does not link economic challenges to election timing decision.
4f9dbeaf028667ca,B0,9,The ruling party's strategy will be closely watched as it navigates these complexities.,False,Evidence doesn't state strategy will be closely watched navigating complexities.
4f9dbeaf028667ca,B1,1,Rishi Sunak has indicated that he expects the next general election to occur in the second half of this year.,True,Directly stated as his working assumption for second half of year.
4f9dbeaf028667ca,B1,2,Sunak's indication about the election timing is seen as an effort to manage speculation about an earlier election.,True,Text says comments seen as attempt to dampen speculation of earlier election.
4f9dbeaf028667ca,B1,3,Local elections are scheduled for May 2 of this year.,True,Text mentions local elections held on 2 May.
4f9dbeaf028667ca,B1,4,Opposition parties are pressing for an election sooner than the second half of the year.,True,"Opposition parties demanding election now or soon, per evidence."
4f9dbeaf028667ca,B1,5,Labour is pressing for an election sooner than the second half of the year.,False,Labour not specifically named among those demanding earlier election.
4f9dbeaf028667ca,B1,6,Opposition parties are portraying Sunak as hesitant to face voters.,True,Evidence says opposition wants to portray Sunak as running away from electorate.
4f9dbeaf028667ca,B1,7,The Conservative Party is facing significant scrutiny.,True,Scrutiny described as incessant for Conservatives.
4f9dbeaf028667ca,B1,8,Sunak has attempted various strategies to improve his standing.,True,Sunak attempted multiple reboots to improve political fortunes.
4f9dbeaf028667ca,B1,9,Sunak's strategies to improve his standing have not yet yielded positive results.,True,Evidence states reboots haven't seemed to work so far.
4f9dbeaf028667ca,B1,10,There are internal divisions within the Tory party.,True,Significant Tory rebellion and division described in evidence.
4f9dbeaf028667ca,B1,11,The internal divisions within the Tory party concern controversial policies including the Rwanda asylum plan.,True,Division specifically over Rwanda bill legislation is detailed.
4f9dbeaf028667ca,B1,12,The Rwanda asylum plan is a controversial policy.,False,"Evidence doesn't explicitly call the plan 'controversial', only divisive among Tories."
4f9dbeaf028667ca,B1,13,The internal divisions within the Tory party could complicate Sunak's position as the election approaches.,True,"Rebels could jeopardize government's bill, indicating complications for Sunak."
4f9dbeaf028667ca,M,1,Rishi Sunak is a political figure in the UK.,True,He is repeatedly described as UK prime minister throughout evidence.
4f9dbeaf028667ca,M,2,The UK is approaching its next general election.,True,Evidence discusses general election talk dominating 2024 and election timing.
4f9dbeaf028667ca,M,3,The UK's next general election is expected to occur in the second half of this year.,True,Sunak stated working assumption election would be in second half of this year.
4f9dbeaf028667ca,M,4,There is dissent within the Conservative Party regarding Rishi Sunak's leadership.,True,"Evidence describes open rebellion, calls for Sunak to go, and MP disagreement."
4f9dbeaf028667ca,M,5,Some Conservative MPs have expressed a lack of confidence in Rishi Sunak's leadership.,True,MPs registering loss of confidence and calls for replacement are mentioned.
4f9dbeaf028667ca,M,6,Rishi Sunak may face a vote of confidence.,True,Article states MPs think he could face a vote of confidence.
4f9dbeaf028667ca,M,7,Rishi Sunak has attempted to improve his political standing.,True,Text states Sunak attempted multiple reboots to improve political fortunes.
4f9dbeaf028667ca,M,8,Rishi Sunak's attempts to improve his political standing have not been successful so far.,True,Text states reboots haven't seemed to work so far.
4f9dbeaf028667ca,M,9,Rishi Sunak is perceived by some as an obstacle to recovery for the Conservative Party.,True,Starmer asks why Sunak's own MPs consider him 'obstacle to recovery'.
4f9dbeaf028667ca,M,10,Keir Starmer is the Labour leader.,True,He is consistently referred to as Labour leader in evidence.
4f9dbeaf028667ca,M,11,Keir Starmer is preparing for the next general election.,True,"Starmer sets out dividing lines ahead of election, per image 5 caption."
4f9dbeaf028667ca,M,12,Keir Starmer is emphasizing economic issues.,True,Starmer vowed to fight the election on the economy.
4f9dbeaf028667ca,M,13,Keir Starmer is criticizing Rishi Sunak's leadership.,True,Starmer accused Sunak of being bullied and questioned his leadership at PMQs.
4f9dbeaf028667ca,M,14,Keir Starmer's criticism of Sunak's leadership comes amid internal turmoil within the Conservative Party.,True,Starmer's PMQs criticism referenced Conservative infighting over Sir Simon Clarke's comments.
4f9dbeaf028667ca,M_nocap,1,Rishi Sunak is facing increasing scrutiny from within the Conservative Party.,True,"Multiple articles describe backlash, rebellion, and scrutiny from within the party."
4f9dbeaf028667ca,M_nocap,2,Rishi Sunak faces potential challenges within the Conservative Party as the next general election approaches.,True,Evidence shows possible confidence vote and rebellion tied to election timing.
4f9dbeaf028667ca,M_nocap,3,There is discontent among Tory MPs regarding Rishi Sunak.,True,Sir Simon Clarke's call to replace Sunak shows Tory discontent.
4f9dbeaf028667ca,M_nocap,4,Some Tory MPs suggest that Rishi Sunak may be viewed as an obstacle to recovery.,True,PMQs article states Sunak asked why MPs consider him 'an obstacle to recovery'.
4f9dbeaf028667ca,M_nocap,5,There are concerns about a possible vote of confidence against Rishi Sunak.,True,Article 4 states MPs think a vote of confidence could occur.
4f9dbeaf028667ca,M_nocap,6,Rishi Sunak has stated that he expects the next election to occur in the latter half of this year.,True,Sunak's 'working assumption' quote matches this claim directly.
4f9dbeaf028667ca,M_nocap,7,Rishi Sunak's statement aims to quell speculation about an earlier election.,True,Evidence says comments seen as attempt to dampen speculation of May election.
4f9dbeaf028667ca,M_nocap,8,There has been speculation about an earlier election coinciding with local elections.,True,Evidence mentions speculation of election on 2 May with local elections.
4f9dbeaf028667ca,M_nocap,9,There are ongoing tensions within the Conservative Party.,True,Multiple articles describe internal divisions and rebellion within the party.
4f9dbeaf028667ca,M_nocap,10,The Conservatives need to clarify their position as the election date nears.,False,Evidence does not state Conservatives need to clarify their position.
4f9dbeaf028667ca,M_nocap,11,Labour needs to clarify its position as the election date nears.,True,Article notes criticism that Starmer's blueprint is not specific enough.
519a43778dd1ff48,B0,1,A young boy possesses an exceptionally high IQ.,False,Evidence never mentions IQ or intelligence measurement.
519a43778dd1ff48,B0,2,The boy has a deep passion for football.,True,He is described as a footballer excelling in the sport.
519a43778dd1ff48,B0,3,The boy's intelligence has led to achievements in academics.,True,School said he was 'a very gifted pupil across all subjects.'
519a43778dd1ff48,B0,4,The boy's love for football drives him to excel on the field.,False,Evidence describes talent but not love driving excellence explicitly.
519a43778dd1ff48,B0,5,Coaches are taking notice of the boy's unique combination of talents.,False,No mention of coaches noticing combined academic/sporting talents.
519a43778dd1ff48,B0,6,Educators are taking notice of the boy's unique combination of talents.,False,"School statement notes talents separately, not educators noticing combination."
519a43778dd1ff48,B0,7,The boy's combination of talents could pave the way for opportunities in academics.,False,No mention of academic opportunities arising from his talents.
519a43778dd1ff48,B0,8,The boy's combination of talents could pave the way for opportunities in athletics.,False,Evidence doesn't discuss future athletic opportunities from combined talents.
519a43778dd1ff48,B1,1,Conor Bradley is a young football talent.,True,"Described as talented, plays for Liverpool FC."
519a43778dd1ff48,B1,2,Conor Bradley is recognized for exceptional abilities in sports.,True,Called gifted and excelled at sports from young age.
519a43778dd1ff48,B1,3,Conor Bradley is recognized for exceptional abilities in academics.,True,School said he was gifted pupil across all subjects.
519a43778dd1ff48,B1,4,Conor Bradley is described as a gifted pupil.,True,School statement calls him a very gifted pupil.
519a43778dd1ff48,B1,5,Conor Bradley excelled across various subjects from a young age.,True,School said gifted across all subjects and excelled at sports young.
519a43778dd1ff48,B1,6,Conor Bradley excelled across various sports from a young age.,True,He excelled at sports from a very young age per school.
519a43778dd1ff48,B1,7,Conor Bradley shows a combination of talent and humility.,True,Described as talented as he is modest and humble.
519a43778dd1ff48,B1,8,Conor Bradley's local community feels pride regarding his achievements and potential.,False,"Evidence mentions club pride, not broader community pride."
519a43778dd1ff48,B1,9,Conor Bradley's club feels pride regarding his achievements and potential.,True,Club representative said everyone at the club is very proud.
519a43778dd1ff48,M,1,Conor Bradley is a young football talent.,True,Described as talented young Liverpool/Northern Ireland player.
519a43778dd1ff48,M,2,Conor Bradley has excelled in various sports.,True,Text says he excelled at many other sports.
519a43778dd1ff48,M,3,Conor Bradley has excelled in academics.,True,School said he was gifted across all subjects.
519a43778dd1ff48,M,4,Conor Bradley is described as a gifted pupil.,True,School statement calls him a very gifted pupil.
519a43778dd1ff48,M,5,Conor Bradley is described as a modest individual.,True,Text explicitly calls him modest.
519a43778dd1ff48,M,6,Coaches have expressed pride in Conor Bradley's accomplishments.,True,Coach Tommy Moss expressed pride in him.
519a43778dd1ff48,M,7,Teachers have expressed pride in Conor Bradley's accomplishments.,False,School statement praises him but doesn't express pride explicitly.
519a43778dd1ff48,M,8,Conor Bradley is committed to fulfilling his potential.,True,Text states he is committed to fulfilling potential.
519a43778dd1ff48,M,9,Conor Bradley has a connection to his local club.,True,He played for St Davogs GAA club as teenager.
519a43778dd1ff48,M,10,Conor Bradley is remembered fondly at his local club.,True,"Club still looks out for his results, proud of him."
519a43778dd1ff48,M_nocap,1,Conor Bradley is a young football talent.,True,"Described as Liverpool star, young talented footballer."
519a43778dd1ff48,M_nocap,2,Conor Bradley is noted for his exceptional abilities in sports.,True,"He excelled at sports and was talented, per evidence."
519a43778dd1ff48,M_nocap,3,Conor Bradley is noted for his exceptional abilities in academics.,True,Called a very gifted pupil across all subjects.
519a43778dd1ff48,M_nocap,4,Conor Bradley is described as a gifted pupil.,True,School statement calls him a very gifted pupil.
519a43778dd1ff48,M_nocap,5,Conor Bradley excelled across all subjects from a young age.,True,School said gifted pupil across all subjects.
519a43778dd1ff48,M_nocap,6,Conor Bradley excelled across all sports from a young age.,False,"Evidence says excelled at sports, not literally 'all sports'."
519a43778dd1ff48,M_nocap,7,Conor Bradley demonstrated a high level of talent from a young age.,True,GAA club noted his talent as a teenager.
519a43778dd1ff48,M_nocap,8,Conor Bradley demonstrated a high level of commitment from a young age.,True,Described as committed to fulfilling his potential.
519a43778dd1ff48,M_nocap,9,Conor Bradley receives admiration from his local club.,True,GAA club members express pride and admiration.
519a43778dd1ff48,M_nocap,10,Conor Bradley receives admiration from his school.,True,School statement praises him as gifted pupil.
519a43778dd1ff48,M_nocap,11,Conor Bradley is recognized for his football skills.,True,Recognized as Liverpool and Northern Ireland footballer with talent.
519a43778dd1ff48,M_nocap,12,Conor Bradley is recognized for his overall potential.,True,Described as committed to fulfilling his potential.
519a43778dd1ff48,M_nocap,13,Conor Bradley is recognized for his character.,True,"Called modest, humble, fantastic young man."
52cdef222ff450e1,B0,1,Kate Garraway expressed her heartfelt gratitude to supporters,False,Evidence does not mention gratitude to supporters.
52cdef222ff450e1,B0,2,Kate Garraway is navigating challenges surrounding her husband Derek Draper's ongoing health struggles,False,"Evidence states Draper has died, not ongoing struggles."
52cdef222ff450e1,B0,3,Derek Draper is Kate Garraway's husband,True,Evidence states they married in 2005.
52cdef222ff450e1,B0,4,Derek Draper has ongoing health struggles,False,"Evidence says Draper has died, not ongoing health struggles."
52cdef222ff450e1,B0,5,Kate Garraway acknowledged overwhelming support from fans and the public,False,No mention of fan or public support acknowledgment.
52cdef222ff450e1,B0,6,The support from fans and the public has provided Kate Garraway with strength during this difficult time,False,Evidence does not mention support providing strength.
52cdef222ff450e1,B0,7,Kate Garraway has been open about the emotional toll of her husband's illness,False,No mention of emotional toll being discussed openly.
52cdef222ff450e1,B0,8,Kate Garraway has highlighted the importance of community and connection in her journey,False,No mention of community or connection importance.
52cdef222ff450e1,B1,1,"Kate Garraway confirmed the death of her husband, Derek Draper.",True,Garraway confirmed his death in an Instagram statement.
52cdef222ff450e1,B1,2,Derek Draper passed away at the age of 56.,True,Evidence states he died aged 56.
52cdef222ff450e1,B1,3,Derek Draper suffered severe complications from Covid-19.,True,He had extreme complications from Covid since March 2020.
52cdef222ff450e1,B1,4,Kate Garraway made a statement about her husband's death.,True,She posted a statement on Instagram confirming death.
52cdef222ff450e1,B1,5,"In her statement, Kate Garraway expressed sadness for herself.",False,"Statement expresses sadness for Kate and children, not explicitly for herself alone as separate claim; attributed to another speaker, not her statement."
52cdef222ff450e1,B1,6,"In her statement, Kate Garraway expressed sadness for their children.",False,"The 'sad above all' quote is attributed to someone else, not Kate's own statement."
52cdef222ff450e1,B1,7,Kate Garraway's statement highlighted the profound and unshakeable love they shared until the end.,False,"Quote about love and support is attributed to another speaker, not confirmed as Kate's statement."
52cdef222ff450e1,B1,8,Kate Garraway's statement highlighted the profound and unshakeable support they shared until the end.,False,Same quote not clearly Kate's own statement.
52cdef222ff450e1,B1,9,Derek Draper was described as a significant character.,True,Described as 'a huge character' in the evidence.
52cdef222ff450e1,B1,10,Derek Draper had much more to give before his illness took its toll.,True,Text says he had so much more to give before Covid took its toll.
52cdef222ff450e1,M,1,"Kate Garraway confirmed the death of her husband, Derek Draper",True,Garraway confirmed his death in an Instagram statement per evidence.
52cdef222ff450e1,M,2,Derek Draper passed away at the age of 56,True,Evidence states he died aged 56.
52cdef222ff450e1,M,3,Derek Draper suffered from severe complications related to Covid-19,True,Evidence says he had extreme complications from Covid.
52cdef222ff450e1,M,4,Kate Garraway made a statement about Derek Draper's death,True,Evidence confirms she posted a statement about his death.
52cdef222ff450e1,M,5,"In her statement, Kate Garraway expressed sadness for herself",False,Statement says 'sad above all for Kate Garraway' but unclear it's her own words expressing self-sadness.
52cdef222ff450e1,M,6,"In her statement, Kate Garraway expressed sadness for their children",True,Statement mentions sadness for Kate Garraway and children.
52cdef222ff450e1,M,7,Kate Garraway highlighted the profound and unshakeable love they shared until the end,True,Quote mentions love was profound and unshakeable to the end.
52cdef222ff450e1,M,8,Kate Garraway highlighted the profound and unshakeable support they shared until the end,True,Quote mentions support was profound and unshakeable to the end.
52cdef222ff450e1,M,9,Derek Draper was described as a significant character,True,Quote calls him 'a huge character'.
52cdef222ff450e1,M,10,Derek Draper was described as someone who had much more to give,True,Quote says he had so much more to give.
52cdef222ff450e1,M,11,Derek Draper's illness took a toll on his life,True,Quote says Covid took its toll on him.
52cdef222ff450e1,M_nocap,1,"Kate Garraway confirmed the death of her husband, Derek Draper.",True,Garraway confirmed his death in a statement.
52cdef222ff450e1,M_nocap,2,Derek Draper passed away at the age of 56.,True,Evidence states he died aged 56.
52cdef222ff450e1,M_nocap,3,Derek Draper suffered severe complications from Covid-19.,True,Evidence says he had extreme complications from Covid.
52cdef222ff450e1,M_nocap,4,Kate Garraway made a statement about her husband's death.,True,Statement posted on Instagram confirmed.
52cdef222ff450e1,M_nocap,5,"In her statement, Kate Garraway expressed sadness for herself.",False,"Sadness quote attributed to another person, not Garraway's statement."
52cdef222ff450e1,M_nocap,6,"In her statement, Kate Garraway expressed sadness for their children.",False,"Sadness for children quote is from another speaker, not Garraway."
52cdef222ff450e1,M_nocap,7,Kate Garraway's statement highlighted the profound and unshakeable love they shared until the end.,False,"Love/support quote attributed to unnamed speaker, not explicitly Garraway's statement."
52cdef222ff450e1,M_nocap,8,Kate Garraway's statement highlighted the profound and unshakeable support they shared until the end.,False,Same quote not confirmed as part of Garraway's own statement.
52cdef222ff450e1,M_nocap,9,Derek Draper was described as a significant character.,True,Described as 'a huge character' in evidence.
52cdef222ff450e1,M_nocap,10,Derek Draper had much more to give before his illness took its toll.,True,Evidence states he had so much more to give before Covid took its toll.
5338e7eac50e4e1d,B0,1,Woolworths is a British retail chain.,False,Evidence never mentions Woolworths at all.
5338e7eac50e4e1d,B0,2,Woolworths was iconic.,False,Evidence never mentions Woolworths.
5338e7eac50e4e1d,B0,3,Woolworths closed its doors in 2008.,False,Evidence never mentions Woolworths or its closure date.
5338e7eac50e4e1d,B0,4,There has been speculation regarding a potential return of Woolworths to the UK high streets.,False,No mention of Woolworths returning to UK high streets.
5338e7eac50e4e1d,B0,5,Discussions have centered around the possibility of reviving the Woolworths brand in a new format.,False,No discussion of reviving Woolworths brand in evidence.
5338e7eac50e4e1d,B0,6,The potential revival discussions have possibly focused on online sales.,False,No mention of Woolworths revival focusing on online sales.
5338e7eac50e4e1d,B0,7,The potential revival discussions have possibly focused on smaller store formats.,False,No mention of Woolworths revival focusing on smaller stores.
5338e7eac50e4e1d,B0,8,The potential new format is intended to adapt to changing consumer habits.,False,No mention of a new Woolworths format at all.
5338e7eac50e4e1d,B0,9,Nostalgia is associated with Woolworths.,False,Evidence does not discuss Woolworths or nostalgia.
5338e7eac50e4e1d,B0,10,The nostalgia associated with Woolworths could attract customers.,False,No mention of nostalgia attracting customers for Woolworths.
5338e7eac50e4e1d,B0,11,Challenges remain in a competitive retail landscape for a potential Woolworths revival.,False,No mention of Woolworths revival challenges.
5338e7eac50e4e1d,B0,12,The competitive retail landscape has evolved significantly since Woolworths' closure.,False,No mention of retail landscape evolving since Woolworths closed.
5338e7eac50e4e1d,B0,13,Any revival of Woolworths would need to address modern retail trends.,False,No mention of Woolworths needing to address modern trends.
5338e7eac50e4e1d,B0,14,Any revival of Woolworths would need to capture the essence of what made Woolworths a beloved name in British shopping history.,False,No mention of Woolworths revival capturing its essence.
5338e7eac50e4e1d,B0,15,Woolworths was a beloved name in British shopping history.,False,Evidence never mentions Woolworths or its reputation.
5338e7eac50e4e1d,M,1,The evidence does not provide any information regarding Woolworths' potential return to British High Streets.,True,"Evidence never mentions Woolworths, confirming absence of such info."
5338e7eac50e4e1d,M,2,"The evidence focuses on the performance of other retailers, such as Tesco and M&S.",True,Evidence details Tesco and M&S Christmas sales performance.
5338e7eac50e4e1d,M,3,The evidence discusses broader retail trends and challenges in the UK market.,True,"Evidence covers retail sales trends, inflation, and challenges broadly."
5338e7eac50e4e1d,M,4,There are mentions of job cuts at John Lewis.,True,Article explicitly discusses John Lewis planning job cuts.
5338e7eac50e4e1d,M,5,There are mentions of sales performance at supermarkets.,True,Multiple articles discuss supermarket sales performance.
5338e7eac50e4e1d,M,6,None of the mentions of job cuts at John Lewis or sales performance at supermarkets relates to Woolworths.,True,None of the John Lewis or supermarket content mentions Woolworths.
5338e7eac50e4e1d,M,7,The coverage does not address the query about Woolworths' potential return to British High Streets.,True,No article addresses Woolworths returning to High Streets.
5338e7eac50e4e1d,M_nocap,1,The evidence discusses the performance of retailers other than Woolworths.,True,"Evidence discusses Tesco, M&S, Aldi, Lidl, John Lewis performance."
5338e7eac50e4e1d,M_nocap,2,The evidence discusses economic challenges facing the retail sector.,True,"Multiple articles discuss economic uncertainty, cost inflation, squeezed budgets."
5338e7eac50e4e1d,M_nocap,3,The evidence discusses job cuts at John Lewis.,True,Article 2 details John Lewis planning major job cuts.
5338e7eac50e4e1d,M_nocap,4,The evidence does not mention Woolworths.,True,No mention of Woolworths anywhere in evidence.
5338e7eac50e4e1d,M_nocap,5,The evidence does not mention Woolworths' plans.,True,No mention of Woolworths' plans anywhere in evidence.
547d73519eaab701,B0,1,A teenager expressed deep concern that her mother may face jail time.,False,No evidence of a teenager expressing concern about mother facing jail time.
547d73519eaab701,B0,2,The jail time concern is related to a mysterious disappearance.,False,No mysterious disappearance mentioned in the evidence.
547d73519eaab701,B0,3,The case has garnered significant media attention.,False,Evidence does not describe media attention to this specific case.
547d73519eaab701,B0,4,Authorities are investigating the circumstances surrounding the mother's actions.,False,No mention of authorities investigating a mother's actions.
547d73519eaab701,B0,5,The mother's actions occurred leading up to the incident.,False,No incident or mother's actions leading up to it described.
547d73519eaab701,B0,6,The teen's fears are compounded by emotional turmoil.,False,No specific teen with emotional turmoil described in evidence.
547d73519eaab701,B0,7,The teen is grappling with uncertainty about her mother's fate.,False,No teen uncertain about mother's fate is mentioned.
547d73519eaab701,B0,8,The teen is grappling with uncertainty about potential legal repercussions.,False,No teen uncertain about legal repercussions is described.
547d73519eaab701,B0,9,Community support is growing for the family.,False,"Evidence shows community ostracism, not growing support."
547d73519eaab701,B0,10,The case has had a distressing impact on the family's lives.,False,No specific case matching this description with family distress found.
547d73519eaab701,B1,1,A child experienced ostracism after his mother was imprisoned.,True,Adi describes family being ostracised after mother's imprisonment.
547d73519eaab701,B1,2,A child experienced fear after his mother was imprisoned.,False,"Evidence says mother feared leaving house, not the child feeling fear."
547d73519eaab701,B1,3,The ostracism and fear affected the child's school life.,True,Adi says it affected his school life.
547d73519eaab701,B1,4,The ostracism and fear affected the child's friendships.,True,Adi says it affected his friendships.
547d73519eaab701,B1,5,A mother had to say goodbye to her son before a court hearing.,True,Mrs Ward said goodbye to her 13-year-old son that morning.
547d73519eaab701,B1,6,The son was left uncertain about whether his mother would return home.,False,"Son was uncertain about either parent, not specifically mother's return."
547d73519eaab701,M,1,A child felt ostracized in school due to their mother's imprisonment.,True,Adi says the imprisonment affected his school life and friendships.
547d73519eaab701,M,2,A child was affected in school due to their mother's imprisonment.,True,Adi states it affected his school life directly.
547d73519eaab701,M,3,The child lost friendships due to their mother's imprisonment.,True,Adi says his best friends left him after mother's imprisonment.
547d73519eaab701,M,4,The child felt a sense of isolation due to their mother's imprisonment.,True,"Losing friends and being avoided implies isolation, consistent with evidence."
547d73519eaab701,M,5,A mother was convicted.,True,"Multiple mothers described as convicted, e.g., Janet Skinner's conviction quashed."
547d73519eaab701,M,6,The mother's conviction led to her imprisonment.,True,"Janet Skinner's conviction led to prison, matching evidence."
547d73519eaab701,M,7,The mother's imprisonment had an impact on her teenage children.,True,Janet Skinner says prison was harder due to having two teenagers.
547d73519eaab701,M_nocap,1,A son's mother was imprisoned.,True,Adi's mother Seema was sent to prison.
547d73519eaab701,M_nocap,2,The son's mother's imprisonment led to ostracization within the community.,True,Evidence says family was ostracised by local community.
547d73519eaab701,M_nocap,3,The son experienced fear within the community due to his mother's imprisonment.,False,"Mother felt scared, not the son; claim misattributes fear."
547d73519eaab701,M_nocap,4,The son's friendships were affected by his mother's imprisonment.,True,"Adi says it affected his friendships, friends left him."
547d73519eaab701,M_nocap,5,The son's school life was affected by his mother's imprisonment.,True,Adi says it affected his school life.
547d73519eaab701,M_nocap,6,A mother served time in prison.,True,Janet Skinner went to prison for three months.
547d73519eaab701,M_nocap,7,The mother reflects on the challenges of being separated from her teenagers during her incarceration.,True,She says it was harder because she had two teenagers.
547d73519eaab701,M_nocap,8,A parent's imprisonment can have a profound impact on their children.,True,Multiple accounts show deep impact on children of imprisoned parents.
547d73519eaab701,M_nocap,9,The impact of a parent's imprisonment on children includes feelings of shame.,False,"Shame is mentioned by a wrongly convicted person, not specifically children's impact."
547d73519eaab701,M_nocap,10,The impact of a parent's imprisonment on children includes fear of societal judgment.,True,Mother's fear of leaving house shows fear of societal judgment.
5566032ea6850f59,B0,1,Recent news coverage has highlighted instances where police have faced criticism.,True,Article 2 shows police criticism for failing to arrest Calocane.
5566032ea6850f59,B0,2,The criticism concerns police failing to arrest individuals.,True,Article 2 explicitly discusses failure to arrest a warrant suspect.
5566032ea6850f59,B0,3,Some individuals who police failed to arrest later committed serious crimes.,True,Calocane later killed three people after not being arrested on warrant.
5566032ea6850f59,B0,4,Some individuals who police failed to arrest later committed murder.,True,"Article 2 states he fatally stabbed three people, i.e. murder."
5566032ea6850f59,B0,5,Some cases involve missed opportunities to apprehend suspects.,True,Warrant issued but suspect never arrested before he killed people.
5566032ea6850f59,B0,6,The missed opportunities to apprehend suspects were due to inadequate follow-up on leads.,False,Evidence doesn't specify inadequate follow-up on leads as cause.
5566032ea6850f59,B0,7,The missed opportunities to apprehend suspects were due to lack of resources.,False,No mention of lack of resources as a cause.
5566032ea6850f59,B0,8,The missed opportunities to apprehend suspects were due to systemic issues within law enforcement agencies.,False,Evidence doesn't attribute failures to systemic issues.
5566032ea6850f59,B0,9,The fallout from these failures has sparked public outrage.,False,No mention of public outrage in the evidence.
5566032ea6850f59,B0,10,The fallout from these failures has sparked calls for accountability.,False,No mention of calls for accountability.
5566032ea6850f59,B0,11,The fallout from these failures has prompted discussions about the need for reform in policing practices.,False,No discussion of policing reform mentioned in evidence.
5566032ea6850f59,B0,12,The fallout from these failures has prompted discussions about the need for better training for officers.,False,No mention of officer training discussions.
5566032ea6850f59,B0,13,Advocates argue that improving communication among law enforcement agencies could help prevent future tragedies.,False,No advocates or communication improvement claims in evidence.
5566032ea6850f59,B0,14,Advocates argue that improving collaboration among law enforcement agencies could help prevent future tragedies.,False,No advocates or collaboration improvement claims in evidence.
5566032ea6850f59,B1,1,There was a police failure to arrest a suspect.,True,Police chief said more should have been done to arrest him.
5566032ea6850f59,B1,2,The suspect later committed multiple murders.,True,He fatally stabbed three people per evidence.
5566032ea6850f59,B1,3,A police chief acknowledged that more should have been done to apprehend the man.,True,Direct quote: 'we should have done more to arrest him.'
5566032ea6850f59,B1,4,The man had an outstanding arrest warrant.,True,Warrant was outstanding at time of his arrest in June 2023.
5566032ea6850f59,B1,5,The outstanding arrest warrant was for an alleged assault on a police officer.,True,Warrant was issued after failing to attend court for assault on officer.
5566032ea6850f59,B1,6,The failure to arrest the man allowed him to go on to fatally stab three people.,True,Text links failure to arrest with him later killing three.
5566032ea6850f59,B1,7,The fatal stabbing of three people occurred nine months after the failure to arrest him.,True,Evidence states nine months later he stabbed three people.
5566032ea6850f59,B1,8,The situation underscores concerns about police accountability.,False,Evidence doesn't explicitly frame this as broader accountability concern.
5566032ea6850f59,B1,9,The situation underscores concerns about the consequences of not acting on existing warrants.,False,Evidence doesn't generalize about consequences of unenforced warrants broadly.
5566032ea6850f59,M,1,A woman has been arrested in Haverfordwest on suspicion of murder,True,Directly stated in evidence.
5566032ea6850f59,M,2,The murder arrest in Haverfordwest followed the death of a seven-year-old boy,True,Boy's death and murder arrest linked in article.
5566032ea6850f59,M,3,Police are continuing to investigate the circumstances surrounding the death of the seven-year-old boy in Haverfordwest,True,Directly stated in evidence.
5566032ea6850f59,M,4,"In Illinois, a man was suspected of killing eight people",True,Directly stated in evidence.
5566032ea6850f59,M,5,The man suspected of killing eight people in Illinois took his own life,True,Directly stated in evidence.
5566032ea6850f59,M,6,The man took his own life after a manhunt,True,Evidence says he died after a cross-country manhunt.
5566032ea6850f59,M,7,The manhunt raised questions about police actions during the pursuit,False,Evidence does not mention questions about police actions.
5566032ea6850f59,M,8,There is an ongoing investigation into an attempted kidnapping in Llanelli,True,Directly stated in evidence.
5566032ea6850f59,M,9,A woman escaped from a man trying to drag her into a car in Llanelli,True,Directly stated in evidence.
5566032ea6850f59,M_nocap,1,A woman has been arrested in Haverfordwest on suspicion of murder.,True,Directly stated woman arrested on suspicion of murder.
5566032ea6850f59,M_nocap,2,The arrest in Haverfordwest followed the death of a seven-year-old boy.,True,"Article states a seven-year-old died, headline says boy."
5566032ea6850f59,M_nocap,3,Police are continuing their investigation at the scene in Haverfordwest.,True,Police said continuing to investigate; officers remained at scene.
5566032ea6850f59,M_nocap,4,A man in Illinois was suspected of killing eight people.,True,"Man suspected of killing eight people in Joliet, Illinois."
5566032ea6850f59,M_nocap,5,The man suspected of killing eight people in Illinois took his own life.,True,Text states he took his own life.
5566032ea6850f59,M_nocap,6,The man suspected of killing eight people in Illinois took his own life after a manhunt.,True,Text states he died after a cross-country manhunt.
5566032ea6850f59,M_nocap,7,There are questions about police efforts to apprehend the Illinois suspect before he fled.,False,Evidence doesn't mention questions about police efforts before he fled.
5566032ea6850f59,M_nocap,8,There is an ongoing investigation into an attempted kidnapping in Llanelli.,True,"Investigation launched into attempted kidnap, per evidence."
5566032ea6850f59,M_nocap,9,"In Llanelli, a woman escaped from a man trying to drag her into a car.",True,"Woman escaped to nearby house, unharmed but shaken."
57f67219c9ab0596,B0,1,An actor publicly criticized the head of the Post Office.,False,Evidence does not mention any actor criticizing the Post Office head.
57f67219c9ab0596,B0,2,The actor expressed concerns over the handling of a scandal involving wrongful prosecutions of sub-postmasters.,False,No actor's statements on the scandal are given in evidence.
57f67219c9ab0596,B0,3,The scandal is significant.,True,"Widespread coverage, many victims, and public outcry indicate significance."
57f67219c9ab0596,B0,4,The actor's comments highlight the emotional toll on those affected by the scandal.,False,No actor comments on emotional toll appear in evidence.
57f67219c9ab0596,B0,5,The actor's comments highlight the financial toll on those affected by the scandal.,False,No actor comments on financial toll appear in evidence.
57f67219c9ab0596,B0,6,The actor called for accountability.,False,No actor statement calling for accountability is in evidence.
57f67219c9ab0596,B0,7,The actor called for justice.,False,No actor statement calling for justice is in evidence.
57f67219c9ab0596,B0,8,The criticism has sparked discussions about corporate responsibility.,False,No mention of an actor's criticism sparking corporate responsibility discussions.
57f67219c9ab0596,B0,9,The criticism has sparked discussions about the need for reform within the Post Office.,False,No actor criticism linked to reform discussions in evidence.
57f67219c9ab0596,B0,10,The purpose of the proposed reform is to prevent similar injustices in the future.,False,Evidence does not discuss purpose of any proposed reform.
57f67219c9ab0596,B0,11,The actor's stance has resonated with many people.,False,No actor stance or its resonance is mentioned in evidence.
57f67219c9ab0596,B0,12,The actor's stance has drawn attention to the ongoing fallout from the scandal.,False,No actor stance drawing attention to fallout is mentioned.
57f67219c9ab0596,B1,1,The Post Office scandal involved the Horizon IT system.,True,Evidence directly states Horizon system was the faulty IT system.
57f67219c9ab0596,B1,2,The Horizon IT system was flawed.,True,Evidence states 'The Horizon system was flawed.'
57f67219c9ab0596,B1,3,The Horizon IT system led to wrongful convictions of sub-postmasters.,True,Evidence links Horizon flaws to wrongful convictions being overturned.
57f67219c9ab0596,B1,4,"The ITV drama ""Mr Bates vs The Post Office"" has reignited public interest in the Post Office scandal.",True,Evidence states drama 'reignited the public consciousness around the Post Office scandal.'
57f67219c9ab0596,B1,5,Alan Bates campaigned for justice regarding the Post Office scandal.,True,Evidence says Alan Bates led campaign to expose the scandal.
57f67219c9ab0596,B1,6,There is criticism directed at the Post Office leadership.,True,"Campaigners accused Post Office leadership of failures, per evidence."
57f67219c9ab0596,B1,7,The criticism concerns the Post Office leadership's handling of compensation for victims.,True,Evidence says leadership was 'too slow to deliver compensation.'
57f67219c9ab0596,B1,8,The criticism concerns the culture within the Post Office organization.,True,Evidence mentions opportunity to 'change the culture and governance.'
57f67219c9ab0596,B1,9,There are calls for accountability regarding the Post Office.,True,Lord Arbuthnot calls for 'retribution on those who are responsible.'
57f67219c9ab0596,B1,10,There are calls for changes in governance regarding the Post Office.,True,Evidence mentions hope for 'more wide-ranging changes' in governance.
57f67219c9ab0596,B1,11,The Post Office chairman resigned.,False,"Evidence says chairman was asked to stand down, not resigned voluntarily."
57f67219c9ab0596,M,1,The coverage highlights renewed public anger for victims of the Post Office scandal.,True,Evidence states 'renewed anger' after the ITV series aired.
57f67219c9ab0596,M,2,The coverage highlights renewed public sympathy for victims of the Post Office scandal.,True,Evidence states 'widespread sympathy for the victims'.
57f67219c9ab0596,M,3,The renewed public anger and sympathy followed the airing of the ITV mini-series 'Mr Bates vs the Post Office: The Real Story.',True,Evidence directly links sympathy/anger to the ITV mini-series airing.
57f67219c9ab0596,M,4,The series 'Mr Bates vs the Post Office: The Real Story' focuses on Alan Bates.,False,Evidence says series centres on Alan Bates but focuses on Paula Vennells.
57f67219c9ab0596,M,5,Alan Bates is a sub-postmaster.,True,Evidence explicitly calls Alan Bates a sub-postmaster.
57f67219c9ab0596,M,6,Alan Bates led a legal battle.,True,Evidence states Bates led a legal battle.
57f67219c9ab0596,M,7,The legal battle led by Alan Bates resulted in the overturning of numerous wrongful convictions.,True,Evidence says his win paved way for dozens of convictions to be overturned.
57f67219c9ab0596,M,8,The wrongful convictions were linked to the faulty Horizon IT system.,True,Evidence links wrongful convictions to the flawed Horizon system.
57f67219c9ab0596,M,9,There are calls for accountability from various figures regarding the Post Office scandal.,True,Multiple figures like Lord Arbuthnot call for retribution/accountability.
57f67219c9ab0596,M,10,A former minister is among the figures calling for accountability.,True,Article headline mentions former minister calling for mass appeal.
57f67219c9ab0596,M,11,The former minister emphasizes the need for retribution against those responsible for the Post Office scandal.,False,"Retribution quote is from Lord Arbuthnot, an MP, not identified as former minister."
57f67219c9ab0596,M,12,"A petition demands that the former Post Office chief executive, Paula Vennells, lose her CBE.",True,Evidence mentions petition calling for Vennells to lose her CBE.
57f67219c9ab0596,M,13,Paula Vennells is the former Post Office chief executive.,True,Evidence identifies Vennells as former Post Office chief executive.
57f67219c9ab0596,M,14,The petition demanding Paula Vennells lose her CBE has gained significant support.,True,"Petition passed more than one million signatures, indicating significant support."
57f67219c9ab0596,M,15,There are ongoing discussions about potential government measures to expedite compensation for the victims of the Post Office scandal.,True,Sunak reviewing options to speed up compensation process is mentioned.
57f67219c9ab0596,M,16,There are ongoing discussions about addressing the failures of Post Office management.,False,Evidence mentions failures but not ongoing discussions specifically addressing them.
57f67219c9ab0596,M_nocap,1,"ITV aired a mini-series titled ""Mr Bates vs the Post Office: The Real Story.""",True,Directly stated as a four-part ITV mini-series with that title.
57f67219c9ab0596,M_nocap,2,The airing of the ITV mini-series was followed by renewed public anger for victims of the Post Office scandal.,True,Text states 'renewed anger' after the series aired.
57f67219c9ab0596,M_nocap,3,The airing of the ITV mini-series was followed by renewed public sympathy for victims of the Post Office scandal.,True,Text states 'widespread sympathy' after the series aired.
57f67219c9ab0596,M_nocap,4,The Post Office scandal involved victims.,True,Victims are repeatedly referenced throughout evidence.
57f67219c9ab0596,M_nocap,5,The ITV mini-series focuses on Alan Bates.,True,States the series centres on the story of Alan Bates.
57f67219c9ab0596,M_nocap,6,Alan Bates is a sub-postmaster.,True,Explicitly called a sub-postmaster in evidence.
57f67219c9ab0596,M_nocap,7,Alan Bates led a legal battle against wrongful convictions.,True,States he led and won a legal battle overturning convictions.
57f67219c9ab0596,M_nocap,8,The wrongful convictions were linked to the Horizon IT system.,True,Convictions were based on the faulty Horizon software.
57f67219c9ab0596,M_nocap,9,The Horizon IT system was faulty.,True,Evidence states 'The Horizon system was flawed.'
57f67219c9ab0596,M_nocap,10,The faulty Horizon IT system affected many people other than Alan Bates.,True,His story defines those of at least 736 others affected.
57f67219c9ab0596,M_nocap,11,There are calls for accountability from various figures.,True,Lord Arbuthnot calls for retribution on responsible parties.
57f67219c9ab0596,M_nocap,12,A former minister is among the figures calling for accountability.,True,Article headline references a former minister calling for mass appeal.
57f67219c9ab0596,M_nocap,13,The former minister emphasizes the need for justice for those wrongfully convicted.,False,Evidence doesn't specify former minister emphasizing justice for wrongfully convicted.
57f67219c9ab0596,M_nocap,14,A petition demands that Paula Vennells lose her CBE.,True,Petition calling for Vennells to lose her CBE is mentioned.
57f67219c9ab0596,M_nocap,15,Paula Vennells is the former Post Office chief executive.,True,Explicitly called former Post Office chief executive.
57f67219c9ab0596,M_nocap,16,The petition has gained significant support.,True,"Petition passed more than one million signatures, showing significant support."
57f67219c9ab0596,M_nocap,17,There are discussions of potential government measures to expedite compensation for victims.,True,Sunak looking at how to speed up the compensation process.
57f67219c9ab0596,M_nocap,18,There are discussions of potential government measures to address the failures of Post Office management.,False,Evidence doesn't mention government measures addressing management failures specifically.
58f25e52c827fac6,B0,1,The UK government is actively pursuing an expansion of its nuclear power capabilities.,True,Evidence states government announced ambitions for biggest nuclear expansion in 70 years.
58f25e52c827fac6,B0,2,The UK government's pursuit of nuclear power expansion is part of its strategy to enhance energy security.,False,"Evidence mentions climate goal, not energy security, for nuclear expansion."
58f25e52c827fac6,B0,3,The UK government's pursuit of nuclear power expansion is part of its strategy to reduce carbon emissions.,True,Evidence says nuclear aims to combat climate change.
58f25e52c827fac6,B0,4,The UK government's initiative includes plans to build new nuclear reactors.,False,"Evidence discusses cost/expansion generally, not specifically building new reactors plan."
58f25e52c827fac6,B0,5,The UK government's initiative includes plans to support existing nuclear facilities.,False,No mention of supporting existing facilities as part of initiative.
58f25e52c827fac6,B0,6,The initiative aims to increase the share of nuclear energy in the UK's overall energy mix.,True,Government wants nuclear to provide up to 25% of electricity needs by 2050.
58f25e52c827fac6,B0,7,The UK government emphasizes that nuclear power is a crucial component in achieving its climate goals.,True,Nuclear expansion framed as part of plans to combat climate change.
58f25e52c827fac6,B0,8,The UK government emphasizes that nuclear power is crucial for ensuring a stable energy supply amid rising global energy demands.,False,No mention of rising global energy demands or stable supply framing.
58f25e52c827fac6,B0,9,The UK government's nuclear expansion move has garnered support for its potential environmental benefits.,False,No mention of support for environmental benefits of nuclear expansion.
58f25e52c827fac6,B0,10,The UK government's nuclear expansion move has garnered criticism regarding safety concerns.,False,No safety concerns mentioned in evidence.
58f25e52c827fac6,B0,11,The UK government's nuclear expansion move has garnered criticism regarding the high costs associated with nuclear energy projects.,True,"Evidence discusses price tag rocketing by a third, cost overruns."
58f25e52c827fac6,B1,1,The UK government has announced ambitions for a significant expansion of nuclear power,True,Evidence states government announced ambitions for biggest nuclear expansion.
58f25e52c827fac6,B1,2,The announced expansion of nuclear power is the largest in 70 years,True,Described as biggest expansion in 70 years.
58f25e52c827fac6,B1,3,The UK government aims for nuclear energy to supply up to 25% of the country's electricity needs by 2050,True,Directly stated 25% by 2050 goal.
58f25e52c827fac6,B1,4,The expansion of nuclear power is part of climate change initiatives,True,Stated as part of plans to combat climate change.
58f25e52c827fac6,B1,5,The Hinkley C nuclear plant is under construction,False,Evidence doesn't explicitly say plant is under construction.
58f25e52c827fac6,B1,6,The Hinkley C nuclear plant is expected to generate enough electricity for around six million homes,True,Directly stated six million homes.
58f25e52c827fac6,B1,7,The Hinkley C nuclear plant is expected to generate this electricity for the next 60 years,True,Directly stated 60 years.
58f25e52c827fac6,B1,8,The estimated cost of the Hinkley C nuclear plant has risen significantly,True,Headline says price tag could rocket by a third.
58f25e52c827fac6,B1,9,The government has clarified that any additional costs related to the Hinkley C project will not be borne by taxpayers,True,Spokesperson said additional costs won't fall on taxpayers.
58f25e52c827fac6,B1,10,The government has clarified that any delays related to the Hinkley C project will not be borne by taxpayers,True,Spokesperson said schedule overruns won't fall on taxpayers.
58f25e52c827fac6,B1,11,The Hinkley C project is not a government project,True,Spokesperson explicitly said it's not a government project.
58f25e52c827fac6,M,1,The UK government has announced ambitions for a significant expansion of nuclear power,True,Evidence states government announced ambitions for biggest nuclear expansion in 70 years.
58f25e52c827fac6,M,2,The UK government's ambition is for nuclear power to supply up to 25% of the country's electricity needs by 2050,True,Directly stated nuclear should provide up to 25% of electricity by 2050.
58f25e52c827fac6,M,3,The nuclear power expansion is part of the UK government's climate change strategy,True,Evidence says expansion is part of plans to combat climate change.
58f25e52c827fac6,M,4,The Hinkley C nuclear plant is under construction,False,"Evidence discusses cost and completion date, not explicitly 'under construction'."
58f25e52c827fac6,M,5,The Hinkley C nuclear plant is expected to generate enough electricity for around six million homes,True,Directly stated enough electricity to supply six million homes.
58f25e52c827fac6,M,6,The Hinkley C nuclear plant is expected to generate that electricity for the next 60 years,True,Directly stated for the next 60 years.
58f25e52c827fac6,M,7,There are concerns about rising costs for Hinkley C,True,Article title and content discuss rising cost concerns.
58f25e52c827fac6,M,8,There are concerns about potential delays for Hinkley C,True,Image caption mentions delayed completion date.
58f25e52c827fac6,M,9,Estimates suggest that the price tag for Hinkley C could increase by about a third,True,Directly stated price tag could rocket by a third.
58f25e52c827fac6,M,10,"The government has clarified that any additional costs for Hinkley C will be the responsibility of EDF and its partners, not taxpayers",True,Directly quoted government spokesperson statement on additional costs.
58f25e52c827fac6,M,11,"The government has clarified that any schedule overruns for Hinkley C will be the responsibility of EDF and its partners, not taxpayers",True,Directly quoted statement covers schedule overruns too.
58f25e52c827fac6,M_nocap,1,The UK government has announced ambitions for a significant expansion of nuclear power.,True,Evidence states government announced ambitions for biggest nuclear expansion in 70 years.
58f25e52c827fac6,M_nocap,2,The UK government aims for nuclear power to supply up to 25% of the country's electricity needs by 2050.,True,Evidence directly states nuclear to provide up to 25% by 2050.
58f25e52c827fac6,M_nocap,3,This 25% by 2050 nuclear power target is part of the UK government's climate change strategy.,True,Evidence links this target to plans to combat climate change.
58f25e52c827fac6,M_nocap,4,The Hinkley C nuclear plant is under construction.,False,Evidence doesn't explicitly state plant is currently under construction.
58f25e52c827fac6,M_nocap,5,The Hinkley C nuclear plant is expected to generate enough electricity for around six million homes.,True,Evidence directly states enough electricity for six million homes.
58f25e52c827fac6,M_nocap,6,The Hinkley C nuclear plant is expected to generate this electricity for the next 60 years.,True,Evidence states for the next 60 years.
58f25e52c827fac6,M_nocap,7,The Hinkley C project has faced rising cost estimates.,True,"Headline and text indicate price tag could rocket, showing rising costs."
58f25e52c827fac6,M_nocap,8,The latest cost figures for the Hinkley C project suggest a potential increase of a third from previous estimates.,True,Headline states price tag could rocket by a third.
58f25e52c827fac6,M_nocap,9,The UK government has clarified that any additional costs for the Hinkley C project will not be borne by taxpayers.,True,Spokesperson said additional costs will not fall on taxpayers.
5a549f43b5441a9d,B0,1,A rare Star Wars action figure was discovered in a loft.,False,"Evidence discusses a script, not an action figure found in a loft."
5a549f43b5441a9d,B0,2,"The Star Wars action figure sold at auction for £19,500.",False,"No sale price of £19,500 mentioned anywhere in evidence."
5a549f43b5441a9d,B0,3,The figure is part of the original 1970s collection.,False,No mention of a 1970s action figure collection.
5a549f43b5441a9d,B0,4,The figure is highly sought after by collectors.,False,"No action figure mentioned, so no claim about collector interest."
5a549f43b5441a9d,B0,5,The figure is sought after particularly due to its rarity.,False,No action figure rarity claim in evidence.
5a549f43b5441a9d,B0,6,The figure is sought after particularly due to its condition.,False,No mention of figure's condition in evidence.
5a549f43b5441a9d,B0,7,The sale highlights the enduring popularity of the Star Wars franchise.,False,No such statement about franchise popularity in evidence.
5a549f43b5441a9d,B0,8,The sale highlights the significant value that vintage memorabilia can command in the market.,False,No mention of vintage memorabilia value claim like this.
5a549f43b5441a9d,B0,9,The find has sparked renewed interest in other collectibles from the Star Wars series.,False,No mention of renewed interest in other collectibles.
5a549f43b5441a9d,B1,1,"The evidence does not provide any information regarding a Star Wars figure found in a loft that sold for £19,500.",True,"No mention of a loft-found Star Wars figure or £19,500 sale."
5a549f43b5441a9d,B1,2,The evidence discusses various auction items.,True,"Evidence describes multiple auction items like watch, painting, script, photo."
5a549f43b5441a9d,B1,3,The evidence discusses a Star Wars script.,True,Evidence discusses Harrison Ford's Star Wars script auction.
5a549f43b5441a9d,B1,4,The evidence discusses other unrelated auction events.,True,"Evidence covers watch, painting, and photo auctions unrelated to the figure."
5a549f43b5441a9d,B1,5,There is insufficient evidence to summarize the specific query about the Star Wars figure.,True,No evidence mentions the specific Star Wars figure query.
5a549f43b5441a9d,M,1,There was an auction of Harrison Ford's Star Wars script.,True,Article describes Harrison Ford's Star Wars script going to auction.
5a549f43b5441a9d,M,2,A woman's death was related to a famous photograph.,True,"Bornet, woman in famous kiss photo, died at 93 per headline."
5a549f43b5441a9d,M,3,A dog chewed up cash.,True,"Cecil the dog chewed up $4,000 cash, article confirms."
5a549f43b5441a9d,M,4,A family had a dishwasher fire.,True,Article details family's dishwasher catching fire.
5a549f43b5441a9d,M,5,Looted artifacts were loaned back to Ghana.,True,UK museums loaning back looted Asante items to Ghana confirmed.
5a549f43b5441a9d,M_nocap,1,There was an auction of Harrison Ford's Star Wars script.,True,Article headline and text confirm the script auction.
5a549f43b5441a9d,M_nocap,2,A woman's death was related to a famous photograph.,True,Article reports death of woman from famous kiss photo.
5a549f43b5441a9d,M_nocap,3,A dog chewed up cash.,True,"Article describes dog chewing up $4,000 cash."
5a549f43b5441a9d,M_nocap,4,A family had a dishwasher fire.,True,Article confirms family's dishwasher caught fire.
5a549f43b5441a9d,M_nocap,5,Looted artifacts were loaned back to Ghana.,True,Article confirms UK loaning Ghana's looted items back.
5df91e4cb4555450,B0,1,There is a growing trend of scams targeting individuals through job offers on WhatsApp.,False,Evidence doesn't mention job offer scams on WhatsApp.
5df91e4cb4555450,B0,2,Scammers often pose as legitimate companies.,False,"Evidence discusses bank fraud spoofing, not posing as companies."
5df91e4cb4555450,B0,3,Scammers send messages that promise lucrative job opportunities.,False,No mention of job opportunity scams in evidence.
5df91e4cb4555450,B0,4,Scammers require upfront payments for processing fees.,False,No mention of processing fee payments in evidence.
5df91e4cb4555450,B0,5,Scammers require upfront payments for training materials.,False,No mention of training material payments in evidence.
5df91e4cb4555450,B0,6,Victims are lured by the promise of employment.,False,No mention of employment-related scams in evidence.
5df91e4cb4555450,B0,7,Victims end up losing money without ever receiving a job.,False,"Evidence describes bank account theft, not job scam losses."
5df91e4cb4555450,B0,8,Authorities are warning the public to be cautious of unsolicited job offers.,False,No authority warning about job offers appears in evidence.
5df91e4cb4555450,B0,9,Authorities are warning the public to verify the legitimacy of any company before sharing personal information or making payments.,False,No such warning about verifying companies appears in evidence.
5df91e4cb4555450,B1,1,Nicola Sturgeon had her WhatsApp messages set to auto-delete,False,"Evidence says her messages were deleted entirely, not set to auto-delete."
5df91e4cb4555450,B1,2,Nicola Sturgeon's deputy had their WhatsApp messages set to auto-delete,True,Article says John Swinney's WhatsApp messaging was set to auto-delete.
5df91e4cb4555450,B1,3,The auto-deletion of WhatsApp messages led to concerns about transparency,True,Hoy's comments about spin and secrecy suggest transparency concerns.
5df91e4cb4555450,B1,4,The auto-deletion of WhatsApp messages led to concerns about compliance with freedom of information laws,True,David Hamilton expressed concern about spirit of freedom of information law.
5df91e4cb4555450,B1,5,There are accounts of individuals being scammed,True,Evidence includes a scam victim's account of fraud.
5df91e4cb4555450,B1,6,One scam victim described a scammer who initially appeared professional,True,Victim said the scammer seemed 'so professional'.
5df91e4cb4555450,B1,7,The scammer mocked the victim after gaining access to her bank account,True,Scammer mocked her after tricking her into giving access to her account.
5df91e4cb4555450,B1,8,Scammers use deceptive tactics,True,"Spoofing described as a scam tactic, showing deception."
5df91e4cb4555450,B1,9,Scammers use spoofing of legitimate organizations as a tactic,True,Evidence explicitly describes spoofing of legitimate organizations' phone numbers.
5df91e4cb4555450,M,1,The evidence does not provide relevant information regarding individuals being scammed via WhatsApp job messages.,True,Evidence has no mention of WhatsApp job scam messages.
5df91e4cb4555450,M,2,The content discusses topics related to the UK Covid Inquiry.,True,Multiple entries explicitly reference the UK Covid Inquiry.
5df91e4cb4555450,M,3,The content discusses the deletion of WhatsApp messages by officials.,True,Evidence extensively discusses deletion of WhatsApp messages by officials.
5df91e4cb4555450,M,4,The content includes a separate account of a bank fraud victim.,True,"Evidence includes a separate story about Wendy Falconer, a bank fraud victim."
5df91e4cb4555450,M,5,The bank fraud victim was scammed over the phone.,True,Evidence states scammer called her and mocked her over the phone.
5df91e4cb4555450,M,6,The content does not address scams specifically involving job messages on WhatsApp.,True,No mention of job-related WhatsApp scams anywhere in evidence.
5df91e4cb4555450,M_nocap,1,The evidence does not provide any information regarding individuals being scammed via WhatsApp job messages.,True,No mention of WhatsApp job scams anywhere in evidence.
5df91e4cb4555450,M_nocap,2,The evidence primarily discusses topics related to the Covid inquiry.,True,Multiple entries focus on Covid inquiry topics.
5df91e4cb4555450,M_nocap,3,The evidence discusses the deletion of WhatsApp messages by officials.,True,Several excerpts discuss WhatsApp deletion by officials.
5df91e4cb4555450,M_nocap,4,The evidence discusses a separate account of a bank fraud victim's experience with a scammer.,True,Evidence includes a bank fraud scam victim's account.
5df91e4cb4555450,M_nocap,5,There is insufficient evidence to summarize the query topic.,False,"Evidence clearly covers identifiable topics, contradicting insufficiency claim."
62994d7bd0e2311d,B0,1,A mother's child was a victim of knife crime.,False,Evidence doesn't state Dr O'Malley's child was a knife crime victim.
62994d7bd0e2311d,B0,2,The mother has been actively campaigning for mandatory jail sentences for individuals caught carrying knives.,True,Dr O'Malley said mandatory prison sentences for carrying a knife are needed.
62994d7bd0e2311d,B0,3,The mother argues that tougher laws are necessary to deter knife-related violence.,False,Evidence doesn't explicitly link her argument to deterring violence.
62994d7bd0e2311d,B0,4,The mother argues that tougher laws are necessary to protect young people from the dangers associated with knives.,False,No statement ties tougher laws to protecting young people from her.
62994d7bd0e2311d,B0,5,The mother's advocacy has gained attention.,False,No mention of her advocacy gaining attention.
62994d7bd0e2311d,B0,6,The mother's advocacy has highlighted the emotional toll of knife crime on families.,True,"Interview described as highly emotional, showing emotional toll on family."
62994d7bd0e2311d,B0,7,The mother's advocacy has highlighted the need for stronger legal measures to address knife crime.,True,"She calls for mandatory prison sentences, indicating need for stronger measures."
62994d7bd0e2311d,B0,8,The campaign has sparked discussions about the effectiveness of current laws.,False,No mention of discussions about effectiveness of current laws sparked by campaign.
62994d7bd0e2311d,B0,9,The campaign has sparked discussions about the balance between punishment and rehabilitation.,False,No mention of punishment versus rehabilitation debate.
62994d7bd0e2311d,B1,1,A consultant anaesthetist strongly advocates for mandatory prison sentences for carrying knives.,True,"Dr O'Malley, a consultant anaesthetist, advocated mandatory prison sentences for carrying knives."
62994d7bd0e2311d,B1,2,The consultant anaesthetist equates carrying a knife to carrying a gun.,True,She said carrying a knife was 'no different' to carrying a gun.
62994d7bd0e2311d,B1,3,The consultant anaesthetist emphasizes the lethal potential of carrying a knife.,True,"She said a knife 'is a lethal weapon,' emphasizing lethality."
62994d7bd0e2311d,B1,4,Idris Elba echoes the sentiment about knife crime.,False,"Evidence shows Elba's views differ from O'Malley's, not echoing her sentiment."
62994d7bd0e2311d,B1,5,Idris Elba is campaigning against knife crime.,True,Elba described as 'a prominent campaigner on knife crime.'
62994d7bd0e2311d,B1,6,Idris Elba warns against criminalizing young people without addressing their safety.,True,He said not to criminalise without offering opportunity to feel safe.
62994d7bd0e2311d,B1,7,Idris Elba warns against criminalizing young people without addressing community involvement.,True,"He mentioned wanting whole community involved, tied to criminalisation concern."
62994d7bd0e2311d,B1,8,There is a divide in approaches to knife crime.,True,Evidence shows contrasting views between Elba and Dr O'Malley.
62994d7bd0e2311d,B1,9,Some people call for stricter penalties for knife crime.,True,"Dr O'Malley calls for mandatory prison sentences, a stricter penalty."
62994d7bd0e2311d,B1,10,Others advocate for more supportive measures for youth regarding knife crime.,True,Elba advocates support and community involvement for young people.
62994d7bd0e2311d,B1,11,There is a call for legislative action to address knife carrying.,True,"Elba criticizes slow progress of bill banning weapons, calling for action."
62994d7bd0e2311d,B1,12,There is a call for legislative action to address the consequences of knife carrying.,False,"Evidence discusses banning knives, not specifically consequences of carrying them."
62994d7bd0e2311d,M,1,A consultant anaesthetist advocates for mandatory prison sentences for carrying knives.,True,"Dr O'Malley, a consultant anaesthetist, said mandatory prison sentences needed."
62994d7bd0e2311d,M,2,The consultant anaesthetist equates carrying a knife to carrying a gun.,True,She said carrying a knife was 'no different' to carrying a gun.
62994d7bd0e2311d,M,3,The consultant anaesthetist emphasizes the lethal potential of carrying a knife.,True,She called the knife a 'lethal weapon'.
62994d7bd0e2311d,M,4,The consultant anaesthetist's husband echoes her sentiment.,True,Her husband also spoke critically about knife crime in same interview.
62994d7bd0e2311d,M,5,The consultant anaesthetist's husband describes knife crime in England as an 'epidemic'.,True,Husband Dr Sanjoy Kumar described knife crime as an 'epidemic'.
62994d7bd0e2311d,M,6,The consultant anaesthetist's husband criticizes current legislation as being too lenient.,True,"He said existing legislation appeared 'easy-going', implying too lenient."
62994d7bd0e2311d,M,7,Idris Elba is a campaigner on knife crime.,True,Elba is described as a prominent campaigner on knife crime.
62994d7bd0e2311d,M,8,Idris Elba highlights the need for a balanced approach that considers the experiences of young people.,True,He said experiences of young people should not be overlooked.
62994d7bd0e2311d,M,9,Idris Elba suggests that criminalization should not occur without providing young people with a sense of safety.,True,He said not to criminalise without offering opportunity to feel safe.
62994d7bd0e2311d,M,10,Idris Elba suggests that criminalization should not occur without community involvement.,True,He said whole community should be involved.
62994d7bd0e2311d,M_nocap,1,A consultant anaesthetist advocates for mandatory prison sentences for carrying knives.,True,"Dr O'Malley, anaesthetist, said mandatory prison sentences needed for knife carrying."
62994d7bd0e2311d,M_nocap,2,The consultant anaesthetist equates carrying a knife to carrying a gun.,True,She said carrying a knife was 'no different' to carrying a gun.
62994d7bd0e2311d,M_nocap,3,The consultant anaesthetist emphasizes the lethal potential of carrying a knife.,True,"She called it a lethal weapon, emphasizing lethal potential."
62994d7bd0e2311d,M_nocap,4,The consultant anaesthetist's husband echoes her sentiment about mandatory prison sentences for carrying knives.,False,"Husband discussed epidemic and legislation, not explicitly echoing mandatory sentencing view."
62994d7bd0e2311d,M_nocap,5,The consultant anaesthetist's husband describes knife crime in England as an epidemic.,True,Husband Dr Sanjoy Kumar described knife crime in England as an 'epidemic'.
62994d7bd0e2311d,M_nocap,6,The consultant anaesthetist's husband criticizes the current legislation as being too lenient.,True,"He said existing legislation appeared 'easy-going', implying too lenient."
62994d7bd0e2311d,M_nocap,7,There are discussions about the government's response to knife crime.,True,Evidence includes Home Office response and criticism of bill's slow progress.
62994d7bd0e2311d,M_nocap,8,The UK has tough laws regarding knife crime.,True,Home Office spokesperson said UK has toughest laws in the world.
62994d7bd0e2311d,M_nocap,9,There is a call for more urgent legislative action to address knife crime effectively.,True,"Speaker criticizes slow bill progress, calling for urgent prioritization."
637cc4c8a3e7684c,B0,1,Many voters express dissatisfaction with the current leadership of both major parties.,False,Evidence does not mention voter dissatisfaction with both major parties' leadership.
637cc4c8a3e7684c,B0,2,Voters cite concerns over the effectiveness of the current leadership of both major parties.,False,No mention of voters citing leadership effectiveness concerns.
637cc4c8a3e7684c,B0,3,Voters cite concerns over the alignment of the current leadership of both major parties with their values.,False,No mention of voters citing leadership alignment with their values.
637cc4c8a3e7684c,B0,4,Polls indicate that younger voters are increasingly critical of traditional party figures.,False,"Evidence discusses youth economic concerns, not criticism of traditional party figures."
637cc4c8a3e7684c,B0,5,Younger voters favor candidates who present fresh ideas.,False,No mention of younger voters favoring fresh ideas.
637cc4c8a3e7684c,B0,6,Younger voters favor candidates who present a more progressive agenda.,False,No mention of younger voters favoring a progressive agenda.
637cc4c8a3e7684c,B1,1,There is significant voter dissatisfaction with party leaders.,False,"Evidence discusses internal MP dissatisfaction, not general voter dissatisfaction with leaders."
637cc4c8a3e7684c,B1,2,There is significant voter dissatisfaction particularly within the Conservative Party.,False,"Evidence shows MP unrest, not explicit 'voter dissatisfaction' framing."
637cc4c8a3e7684c,B1,3,Rishi Sunak's leadership is facing scrutiny.,True,Multiple articles describe calls for Sunak to go and confidence votes.
637cc4c8a3e7684c,B1,4,Polls indicate a dire situation for the Tories.,True,Article states polls 'remain dire for the Tories'.
637cc4c8a3e7684c,B1,5,The Tories trail Labour by a substantial margin in polls.,True,Evidence states party trailing Labour by 18 points.
637cc4c8a3e7684c,B1,6,There is unrest among Conservative MPs.,True,"Evidence describes rebellion, letters, and mutters among Tory MPs."
637cc4c8a3e7684c,B1,7,Some Conservative MPs are calling for a vote of confidence in Rishi Sunak.,True,Evidence mentions mutters about letters for a vote of confidence.
637cc4c8a3e7684c,B1,8,There is a lack of trust among some Conservative MPs in Rishi Sunak's ability to lead effectively.,True,Simon Clarke's op-ed and rebellion imply lack of trust in Sunak's leadership.
637cc4c8a3e7684c,B1,9,The Liberal Democrats are attempting to capitalize on the discontent within the Conservative Party.,False,"Evidence shows Lib Dems targeting Tory voters, not framed as 'capitalizing on discontent'."
637cc4c8a3e7684c,B1,10,Opposition parties need to clarify their policies to attract voters.,True,Article states opposition parties face pressure to spell out policies.
637cc4c8a3e7684c,M,1,There is significant voter dissatisfaction with party leaders.,False,"Evidence discusses voter dissatisfaction with parties, not leaders broadly."
637cc4c8a3e7684c,M,2,There is significant voter dissatisfaction with party leaders within the Conservative Party.,False,"Evidence shows MP dissatisfaction with Sunak, not general voter dissatisfaction."
637cc4c8a3e7684c,M,3,The Conservative Party is under Rishi Sunak's leadership.,True,Evidence repeatedly identifies Sunak as Conservative Party leader/PM.
637cc4c8a3e7684c,M,4,Polls indicate a dire situation for the Tories.,True,Text states opinion polls remain dire for the Tories.
637cc4c8a3e7684c,M,5,There is a substantial gap between the Conservative Party and Labour in the polls.,True,Evidence states party trailing Labour by 18 points in polls.
637cc4c8a3e7684c,M,6,There are internal calls within the Conservative Party for a leadership change.,True,Simon Clarke and others call for Sunak to be replaced as PM.
637cc4c8a3e7684c,M,7,There is a sense of rebellion among Conservative MPs.,True,Text mentions 'open rebellion against Mr Sunak' by Tory MPs.
637cc4c8a3e7684c,M,8,The rebellion among Conservative MPs reflects frustration with Sunak's leadership.,False,"Rebellion is tied to Rwanda Bill, not explicitly Sunak's leadership frustration."
637cc4c8a3e7684c,M,9,The rebellion among Conservative MPs reflects frustration with the party's direction.,False,"Rebellion is specifically about Rwanda Bill, not general party direction."
637cc4c8a3e7684c,M,10,The Liberal Democrats are attempting to capitalize on discontent with the Conservative Party.,True,Lib Dems launched 'Tory Removal Service' targeting disgruntled Tory voters.
637cc4c8a3e7684c,M,11,The Liberal Democrats are appealing to disillusioned Tory voters.,True,Evidence says targeting disgruntled Tory voters is the strategy.
637cc4c8a3e7684c,M,12,Some Liberal Democrat party members believe a broader policy focus is necessary to attract more support.,True,Senior party figures called for bolder policy focus beyond anti-Tory messaging.
637cc4c8a3e7684c,M_nocap,1,There is significant voter dissatisfaction with party leaders.,False,"Evidence discusses party polling, not general dissatisfaction with leaders broadly."
637cc4c8a3e7684c,M_nocap,2,There is significant voter dissatisfaction with the Conservative Party.,True,"Polls show Tories trailing badly, implying voter dissatisfaction with party."
637cc4c8a3e7684c,M_nocap,3,The Conservative Party is led by Rishi Sunak.,True,"Text refers to Rishi Sunak as PM leading Conservatives, e.g. Tory party under Sunak."
637cc4c8a3e7684c,M_nocap,4,Polls indicate a dire situation for the Tories.,True,"Article states polls remain dire for Tories, YouGov polls looked desperate."
637cc4c8a3e7684c,M_nocap,5,Many Conservative MPs are expressing concern over their political future.,True,Text says many Conservatives fearful for their jobs amid bad polling.
637cc4c8a3e7684c,M_nocap,6,Some Conservative MPs are calling for a leadership change.,True,"Simon Clarke and others called for Sunak to go, a leadership change."
637cc4c8a3e7684c,M_nocap,7,The Liberal Democrats are capitalizing on discontent with the Conservative Party.,True,Lib Dems' 'Tory Removal Service' targets disgruntled Tory voters successfully.
637cc4c8a3e7684c,M_nocap,8,Simply targeting disgruntled Tory voters may not be sufficient for electoral success.,True,Some party figures said targeting disgruntled Tory voters alone is not enough.
637cc4c8a3e7684c,M_nocap,9,There is a prevailing sense of urgency among opposition parties to clarify their positions.,True,Article says opposition parties face pressure to spell out policies before election.
637cc4c8a3e7684c,M_nocap,10,A general election is approaching.,True,Multiple articles mention a general election looming or expected this year.
637cc4c8a3e7684c,M_nocap,11,Voter opinions are shifting.,False,No evidence explicitly states voter opinions are currently shifting.
6481eb9da7932b29,B0,1,Monmouthshire Council has faced scrutiny over its spending on car parks.,False,Monmouthshire Council not mentioned in evidence at all.
6481eb9da7932b29,B0,2,Monmouthshire Council is undergoing significant budget cuts.,False,No mention of Monmouthshire Council or its budget cuts.
6481eb9da7932b29,B0,3,The budget cuts have affected various services.,False,No mention of Monmouthshire Council services being cut.
6481eb9da7932b29,B0,4,Monmouthshire Council has invested in improving car park facilities.,False,No mention of Monmouthshire Council investing in car park facilities.
6481eb9da7932b29,B0,5,Monmouthshire Council has invested in maintaining car park facilities.,False,No mention of Monmouthshire Council maintaining car park facilities.
6481eb9da7932b29,B0,6,Residents have raised concerns about Monmouthshire Council prioritizing car park expenditures over essential community services.,False,No mention of Monmouthshire Council or residents' concerns about car parks.
6481eb9da7932b29,B0,7,Critics argue that the funds used for car parks could be better allocated to support local needs.,False,No mention of critics or Monmouthshire Council funding allocation.
6481eb9da7932b29,B0,8,The scrutiny over car park spending is occurring during a time of austerity.,False,No mention of Monmouthshire Council or austerity context for car parks.
6481eb9da7932b29,B0,9,Monmouthshire Council defends its decisions on car park spending.,False,No mention of Monmouthshire Council defending car park spending.
6481eb9da7932b29,B0,10,Monmouthshire Council highlights the importance of accessible parking for local businesses.,False,No mention of Monmouthshire Council or parking's importance to businesses.
6481eb9da7932b29,B0,11,Monmouthshire Council highlights the importance of accessible parking for tourism.,False,No mention of Monmouthshire Council or parking's importance to tourism.
6481eb9da7932b29,B1,1,Councils in England are facing significant financial challenges.,True,Article 1 and 2 describe English councils' funding shortfalls and cash crises.
6481eb9da7932b29,B1,2,Councils in Wales are facing significant financial challenges.,True,Article 3 describes Welsh councils facing a £646m budget gap.
6481eb9da7932b29,B1,3,Many councils need to make cuts to services due to budget shortfalls.,True,Article 1 states councils are looking at cutting services to meet shortfalls.
6481eb9da7932b29,B1,4,The Welsh Local Government Association has highlighted a £646 million budget gap.,True,Article 3 attributes the £646m gap prediction to WLGA and ADSS.
6481eb9da7932b29,B1,5,The £646 million budget gap is impacting social services.,True,Article 3 links the gap to social services overspend and demand.
6481eb9da7932b29,B1,6,The £646 million budget gap could lead to cuts that affect vulnerable populations.,True,Article 3 quotes need to 'protect our most vulnerable people' regarding the gap.
6481eb9da7932b29,B1,7,There are calls for increased funding from the government to help alleviate financial pressures on councils.,True,"Articles 1, 2, and 4 describe calls for more government funding."
6481eb9da7932b29,B1,8,Councils are currently in the process of setting their budgets for the upcoming financial year.,True,Article 1 directly states councils are setting budgets for next financial year.
6481eb9da7932b29,B1,9,Costs are rising for councils.,False,"No evidence explicitly states costs are rising overall, only wage and demand factors."
6481eb9da7932b29,B1,10,Demands on services are rising for councils.,True,Article 3 mentions record levels of demand in children's and adult services.
6481eb9da7932b29,B1,11,There are discussions about the need for more sustainable funding solutions for councils.,False,"Evidence discusses funding amounts, not explicit calls for 'sustainable' solutions."
6481eb9da7932b29,M,1,Councils in England are facing significant funding challenges,True,Multiple articles describe funding shortfalls and cuts facing councils.
6481eb9da7932b29,M,2,Councils in England face a reported shortfall of £4 billion over the next three years,True,Article 1 states County Councils Network estimates a £4bn shortfall over three years.
6481eb9da7932b29,M,3,Many councils are considering cuts to services,True,Article 1 says many councils looking at cutting services to meet shortfalls.
6481eb9da7932b29,M,4,Community transport is among the services councils are considering cutting,True,Article 1 mentions council stopping funding for community transport not legally required.
6481eb9da7932b29,M,5,Car parks are among the services councils are potentially considering cutting,True,"Quote mentions choosing between street lighting, homelessness, or paying for car parks."
6481eb9da7932b29,M,6,Councils are preparing their budgets for the upcoming financial year,True,Article 1 states councils are setting budgets for next financial year starting April.
6481eb9da7932b29,M,7,The government has announced a £600 million funding boost,True,Article 4 states councils will receive a £600m funding boost.
6481eb9da7932b29,M,8,The £600 million funding boost is seen as insufficient to address long-term funding needs,True,Article 4 says it will not address long-term challenge of funding services.
6481eb9da7932b29,M,9,Social care is described as an essential service with long-term funding needs,False,Evidence mentions social care funding but doesn't call it 'essential service'.
6481eb9da7932b29,M,10,Local authorities are being urged to cut wasteful spending,True,Gove called on councils to cut wasteful spending per article 4.
6481eb9da7932b29,M,11,Local authorities are being urged to make better use of taxpayer money,True,Article 4 says councils must reduce wasteful expenditure to use taxpayers' money best.
6481eb9da7932b29,M_nocap,1,Councils are facing significant funding challenges,True,"Evidence describes funding shortfalls and cuts, supporting significant funding challenges."
6481eb9da7932b29,M_nocap,2,Many councils need to cut services to address budget shortfalls,True,Councils looking at cutting services to meet shortfalls stated directly.
6481eb9da7932b29,M_nocap,3,The County Councils Network estimates a £4 billion funding gap over the next three years,True,County Councils Network estimates £4bn shortfall over next three years stated.
6481eb9da7932b29,M_nocap,4,The funding gap is exacerbated by rising costs such as the national living wage,True,National living wage rise said to make funding situation worse.
6481eb9da7932b29,M_nocap,5,Local authorities are currently preparing their budgets,True,Councils currently setting budgets for next financial year is stated.
6481eb9da7932b29,M_nocap,6,Some local authorities are considering cuts to community services,True,Council looking at stopping funding for community transport mentioned.
6481eb9da7932b29,M_nocap,7,The community service cuts under consideration include transport,True,Community transport cuts explicitly mentioned.
6481eb9da7932b29,M_nocap,8,The community service cuts under consideration potentially include car parks,False,"Car parks mentioned as a choice, not a service cut under consideration."
6481eb9da7932b29,M_nocap,9,Local authorities are struggling to balance their finances,True,Funding shortfalls and cuts imply struggle to balance finances.
6481eb9da7932b29,M_nocap,10,There is a call for increased funding from government officials,False,"MPs, not government officials, called for increased funding; Gove announced funding, didn't call for more."
6481eb9da7932b29,M_nocap,11,There is a call for increased funding from local leaders,True,Council leaders were pushing for more funding than the £600m package.
6481eb9da7932b29,M_nocap,12,The call for increased funding aims to prevent further service reductions,True,Letter urged Sunak to increase funding to avert major cuts.
649af1ba434362ef,B0,1,The Horizon scandal involved a faulty IT system.,True,Multiple entries describe Horizon as faulty accounting software.
649af1ba434362ef,B0,2,The faulty IT system was used by the UK Post Office.,True,Evidence states Horizon was used by Post Office branch managers/sub-postmasters.
649af1ba434362ef,B0,3,The faulty IT system led to numerous sub-postmasters being wrongfully accused of theft.,True,Evidence mentions convictions for theft due to Horizon.
649af1ba434362ef,B0,4,The faulty IT system led to numerous sub-postmasters being wrongfully accused of fraud.,True,Evidence [7] mentions convictions of fraud based on faulty software.
649af1ba434362ef,B0,5,The faulty IT system led to numerous sub-postmasters being wrongfully accused of false accounting.,True,Evidence mentions convictions for false accounting.
649af1ba434362ef,B0,6,The faulty IT system led to numerous sub-postmistresses being wrongfully accused of theft.,True,"Evidence [5],[6] mention sub-postmistresses prosecuted, including theft/false accounting."
649af1ba434362ef,B0,7,The faulty IT system led to numerous sub-postmistresses being wrongfully accused of fraud.,False,Fraud not specifically tied to sub-postmistresses in evidence.
649af1ba434362ef,B0,8,The faulty IT system led to numerous sub-postmistresses being wrongfully accused of false accounting.,True,Sub-postmistresses prosecuted for false accounting per evidence.
649af1ba434362ef,B0,9,Tracy Felstead is a sub-postmistress.,False,"Evidence calls her a former sub-postmistress, not confirming current title but she is described as such."
649af1ba434362ef,B0,10,Tracy Felstead faced devastating consequences from the Horizon scandal.,False,"Evidence doesn't describe her personal devastation, only her cautionary statement."
649af1ba434362ef,B0,11,Many people affected by the Horizon scandal faced financial ruin.,True,Evidence states many affected were financially ruined.
649af1ba434362ef,B0,12,Many people affected by the Horizon scandal faced criminal convictions.,True,Evidence states hundreds were convicted.
649af1ba434362ef,B0,13,Many people affected by the Horizon scandal faced severe emotional distress.,False,Evidence mentions suffering but not specifically emotional distress term.
649af1ba434362ef,B0,14,The Horizon scandal has prompted public inquiries.,True,Evidence references an ongoing public inquiry.
649af1ba434362ef,B0,15,The Horizon scandal has prompted calls for accountability.,True,"Evidence includes calls for accountability, e.g. Fujitsu's moral obligation."
649af1ba434362ef,B0,16,The Horizon scandal has prompted calls for compensation for those affected.,True,Evidence discusses compensation schemes and calls for swifter action.
649af1ba434362ef,B0,17,The Horizon scandal case highlights significant issues regarding corporate governance.,False,Evidence doesn't explicitly frame issue as corporate governance.
649af1ba434362ef,B0,18,The Horizon scandal case highlights significant issues regarding the treatment of employees within large organizations.,False,Evidence doesn't frame issue as employee treatment within organizations.
649af1ba434362ef,B1,1,The Horizon scandal has had a devastating impact on sub-postmasters and sub-postmistresses.,True,"Evidence describes wrongful convictions, financial ruin, suffering from Horizon scandal."
649af1ba434362ef,B1,2,Over 700 sub-postmasters and sub-postmistresses were wrongfully prosecuted.,True,Evidence states more than 700 sub-postmasters wrongly prosecuted.
649af1ba434362ef,B1,3,The wrongful prosecutions were due to faulty accounting software.,True,Evidence states faulty accounting software caused wrongful prosecutions.
649af1ba434362ef,B1,4,The faulty accounting software was called Horizon.,True,Evidence names the software as Horizon.
649af1ba434362ef,B1,5,Many individuals affected by the Horizon scandal have faced significant financial ruin.,True,Evidence states many affected were financially ruined.
649af1ba434362ef,B1,6,Many individuals affected by the Horizon scandal have faced ongoing stigma.,True,"Evidence states scandal has been in victims' lives for 20 years, ongoing suffering."
649af1ba434362ef,B1,7,Individuals affected by the Horizon scandal are often treated as dishonest despite their innocence.,True,Evidence quotes 'you're treated like you're not an honest person'.
649af1ba434362ef,B1,8,Calls for accountability have emerged regarding the Horizon scandal.,True,"Evidence shows calls for accountability, e.g., moral obligation quotes."
649af1ba434362ef,B1,9,Calls for accountability have been directed at Fujitsu.,True,Evidence explicitly discusses calls for Fujitsu accountability.
649af1ba434362ef,B1,10,Fujitsu is the company behind the Horizon system.,True,Evidence states Horizon was developed by Fujitsu.
649af1ba434362ef,B1,11,There are demands for Fujitsu to contribute to compensation for those harmed by the Horizon scandal.,True,Evidence quotes demand for Fujitsu to pay compensation.
649af1ba434362ef,B1,12,The Horizon scandal has been described as one of the largest miscarriages of justice in UK history.,True,Evidence calls it 'the biggest miscarriage of justice in UK history'.
649af1ba434362ef,B1,13,Public outrage regarding the Horizon scandal continues to grow.,False,Evidence mentions public anger but not that it is growing.
649af1ba434362ef,B1,14,An inquiry into the Horizon scandal is progressing.,True,Evidence references an ongoing inquiry into the scandal.
649af1ba434362ef,M,1,The Post Office Horizon scandal led to the wrongful convictions of over 700 sub-postmasters and sub-postmistresses.,True,"Article states over 700 sub-postmasters convicted, evidence uses 700+ and 900+ figures."
649af1ba434362ef,M,2,The wrongful convictions were for false accounting.,True,Convictions for false accounting explicitly mentioned multiple times.
649af1ba434362ef,M,3,The wrongful convictions were for theft.,True,Convictions for theft explicitly mentioned.
649af1ba434362ef,M,4,The wrongful convictions were due to faulty software.,True,Faulty software cause is repeatedly stated.
649af1ba434362ef,M,5,The faulty software was the Horizon system.,True,Software named Horizon explicitly identified as cause.
649af1ba434362ef,M,6,Many victims of the Post Office Horizon scandal are still seeking to have their convictions overturned.,True,Article states many victims still fighting to overturn convictions.
649af1ba434362ef,M,7,Many victims of the Post Office Horizon scandal are still seeking to receive compensation for financial losses caused by the Horizon system.,True,Article states victims fighting to secure compensation for Horizon-caused shortfalls.
649af1ba434362ef,M,8,The government is considering measures to assist the victims of the Post Office Horizon scandal.,True,Sunak considering measures to clear victims' names is stated.
649af1ba434362ef,M,9,The Post Office Horizon scandal is recognized as a significant miscarriage of justice.,True,Described as one of Britain's most widespread miscarriages of justice.
649af1ba434362ef,M,10,There are calls for a mass appeal against the convictions related to the Post Office Horizon scandal.,True,Former minister calls for mass appeal against convictions per headline.
649af1ba434362ef,M,11,Some people caution against blanket exoneration without careful consideration of individual cases.,True,Ms Felstead cautions against mass exoneration without care for individual cases.
649af1ba434362ef,M_nocap,1,The Post Office Horizon scandal led to the wrongful convictions of over 700 sub-postmasters and sub-postmistresses.,True,Evidence states over 700 sub-postmasters convicted based on Horizon.
649af1ba434362ef,M_nocap,2,The wrongful convictions were for false accounting.,True,Evidence explicitly mentions convictions for false accounting.
649af1ba434362ef,M_nocap,3,The wrongful convictions were for theft.,True,Evidence explicitly mentions convictions for theft.
649af1ba434362ef,M_nocap,4,The wrongful convictions were due to faulty software.,True,Evidence attributes convictions to faulty accounting software.
649af1ba434362ef,M_nocap,5,The faulty software was the Horizon system.,True,Software is explicitly named Horizon in evidence.
649af1ba434362ef,M_nocap,6,Many victims are still seeking to have their convictions overturned.,True,Evidence says many victims still fighting to overturn convictions.
649af1ba434362ef,M_nocap,7,Many victims are still seeking to receive compensation for financial losses caused by the Horizon system.,True,Evidence says victims fighting to secure full compensation from Horizon losses.
649af1ba434362ef,M_nocap,8,The government is considering measures to assist these individuals.,True,Evidence states government considering measures to clear victims' names.
649af1ba434362ef,M_nocap,9,Only a small number of convictions have been quashed so far.,True,"Evidence notes fewer than 100 convictions quashed, described as small number."
649af1ba434362ef,M_nocap,10,The scandal is described as one of the most widespread miscarriages of justice in British history.,True,Multiple evidence pieces call it one of most widespread miscarriages of justice.
649af1ba434362ef,M_nocap,11,There are ongoing discussions about accountability regarding the scandal.,True,Evidence references public inquiry to establish accountability.
649af1ba434362ef,M_nocap,12,There are ongoing discussions about the role of the software's developer.,True,Evidence discusses Fujitsu's role being questioned by victims.
649af1ba434362ef,M_nocap,13,Fujitsu was the developer of the Horizon software.,True,Evidence states Horizon software was developed by Fujitsu.
659180caa8e66436,B0,1,City of Derry Airport has faced ongoing funding concerns.,False,Evidence never mentions City of Derry Airport at all.
659180caa8e66436,B0,2,City of Derry Airport has concerns regarding its financial sustainability.,False,No mention of City of Derry Airport financial sustainability.
659180caa8e66436,B0,3,There is a need for investment to improve facilities at City of Derry Airport.,False,No mention of City of Derry Airport facilities investment.
659180caa8e66436,B0,4,There is a need for investment to improve services at City of Derry Airport.,False,No mention of City of Derry Airport services investment.
659180caa8e66436,B0,5,Local officials have expressed worries about City of Derry Airport's funding.,False,No mention of officials discussing City of Derry Airport funding.
659180caa8e66436,B0,6,Stakeholders have expressed worries about City of Derry Airport's funding.,False,No mention of stakeholders discussing City of Derry Airport funding.
659180caa8e66436,B0,7,"Without adequate funding, City of Derry Airport may struggle to maintain operations.",False,No mention of City of Derry Airport operations or funding.
659180caa8e66436,B0,8,"Without adequate funding, City of Derry Airport may struggle to attract new airlines.",False,No mention of City of Derry Airport attracting airlines.
659180caa8e66436,B0,9,Discussions have centered around potential government support for City of Derry Airport.,False,No mention of government support discussions for City of Derry Airport.
659180caa8e66436,B0,10,Discussions have centered around the importance of City of Derry Airport for regional connectivity.,False,No mention of City of Derry Airport regional connectivity.
659180caa8e66436,B0,11,Discussions have centered around the importance of City of Derry Airport for economic development.,False,No mention of City of Derry Airport economic development.
659180caa8e66436,B0,12,City of Derry Airport's situation remains critical.,False,No mention of City of Derry Airport's situation at all.
659180caa8e66436,B0,13,City of Derry Airport is seeking to secure its future amid financial challenges.,False,No mention of City of Derry Airport securing its future.
659180caa8e66436,B1,1,The evidence does not provide any information specifically related to funding concerns for City of Derry Airport.,True,Evidence never mentions City of Derry Airport funding.
659180caa8e66436,B1,2,The evidence discusses environmental impacts of airports.,True,Article 1 discusses airport environmental impact concerns.
659180caa8e66436,B1,3,The evidence discusses a large development near Edinburgh Airport.,True,Article 2 describes a large development near Edinburgh Airport.
659180caa8e66436,B1,4,The evidence discusses travel disruptions due to weather affecting other airports.,True,Article 3 covers storm-related travel and flight disruptions.
659180caa8e66436,B1,5,The evidence discusses homelessness issues in Glasgow.,True,Article 4 discusses homelessness issues in Glasgow.
659180caa8e66436,B1,6,The evidence discusses airport security upgrades.,True,Article 5 discusses airport security scanner upgrades.
659180caa8e66436,B1,7,None of the topics discussed in the evidence address the funding situation or concerns for City of Derry Airport.,True,No evidence topic relates to City of Derry Airport funding.
659180caa8e66436,M,1,The evidence does not provide any information regarding funding concerns specifically related to City of Derry Airport.,True,Evidence never mentions City of Derry Airport funding.
659180caa8e66436,M,2,The evidence discusses a major development near Edinburgh Airport.,True,Article 1 describes a £2bn development near Edinburgh Airport.
659180caa8e66436,M,3,The evidence discusses weather-related travel disruptions in Northern Ireland.,True,Article 2 covers Storm Jocelyn travel disruption in NI.
659180caa8e66436,M,4,The evidence discusses funding issues in Wales.,True,Article 3 discusses Wales tax and funding issues.
659180caa8e66436,M,5,The evidence discusses Ryanair's financial performance.,True,Article 4 discusses Ryanair profits and financial performance.
659180caa8e66436,M,6,The evidence discusses the political situation in Northern Ireland.,True,Article 5 discusses Stormont political stalemate in NI.
659180caa8e66436,M,7,None of the points in the evidence address the query about City of Derry Airport funding.,True,No article addresses City of Derry Airport funding.
659180caa8e66436,M_nocap,1,The evidence does not provide any information regarding funding concerns specifically related to City of Derry Airport.,True,Evidence never mentions City of Derry Airport funding at all.
659180caa8e66436,M_nocap,2,The evidence discusses a development near Edinburgh Airport.,True,Article 1 is about a £2bn development near Edinburgh Airport.
659180caa8e66436,M_nocap,3,The evidence discusses weather-related travel disruptions in Northern Ireland.,True,Article 2 discusses Storm Jocelyn travel disruption in Northern Ireland.
659180caa8e66436,M_nocap,4,The evidence discusses funding issues in Wales.,True,Article 3 discusses Wales funding and tax powers.
659180caa8e66436,M_nocap,5,The evidence discusses Ryanair's financial performance.,True,Article 4 discusses Ryanair's profits and financial performance.
659180caa8e66436,M_nocap,6,The evidence discusses the political situation in Northern Ireland.,True,Article 5 discusses Stormont political stalemate in Northern Ireland.
659180caa8e66436,M_nocap,7,None of the points in the evidence address the query about City of Derry Airport funding.,True,No evidence article mentions City of Derry Airport funding.
67440434549864f7,B0,1,The Last Dinner Party is a band.,True,Described as 'Rock group The Last Dinner Party'.
67440434549864f7,B0,2,The Last Dinner Party is described as a rising band.,True,"Won 'rising star prize', implying rising status."
67440434549864f7,B0,3,The Last Dinner Party is known for a blend of rock and pop music.,False,"Evidence only calls them a rock group, not rock/pop blend."
67440434549864f7,B0,4,The Last Dinner Party recently won an award from BBC Radio 1.,False,"Award is Brit Awards rising star prize, not from BBC Radio 1."
67440434549864f7,B0,5,The award is described as prestigious.,False,"Prestigious is used for album of the year, not rising star prize."
67440434549864f7,B0,6,The award highlights the band's growing influence in the music scene.,False,No mention of growing influence in the music scene.
67440434549864f7,B0,7,The band has an innovative sound.,False,No mention of innovative sound.
67440434549864f7,B0,8,The band's sound resonates with a diverse audience.,False,No mention of diverse audience resonance.
67440434549864f7,B0,9,The award is seen as a significant milestone for the band.,False,No mention of milestone significance.
67440434549864f7,B0,10,The award is furthering the band's career.,False,No mention of career furthering.
67440434549864f7,B0,11,The award is increasing the band's visibility in the music industry.,False,No mention of increased visibility.
67440434549864f7,B0,12,The music industry is described as competitive.,False,No description of music industry as competitive.
67440434549864f7,B0,13,Fans are excited about what this achievement means for the band's future projects and performances.,False,No mention of fan excitement about future projects.
67440434549864f7,B0,14,Critics are excited about what this achievement means for the band's future projects and performances.,False,No mention of critics' excitement about future projects.
67440434549864f7,B1,1,The Last Dinner Party has been recognized as the recipient of this year's rising star prize at the Brit Awards.,True,Directly stated in evidence.
67440434549864f7,B1,2,"The Brit Awards' voting body consists of around 1,300 members.",True,Directly stated in evidence.
67440434549864f7,B1,3,The Brit Awards' voting body members are from various sectors of the music field.,True,Matches 'across the music industry' phrasing.
67440434549864f7,B1,4,The Brit Awards ceremony is set to take place in London.,True,Directly stated in evidence.
67440434549864f7,B1,5,The Brit Awards ceremony is set to take place on 2 March.,True,Directly stated in evidence.
67440434549864f7,B1,6,The Brit Awards ceremony will feature performances from notable artists.,False,"Only one performer confirmed, not multiple notable artists."
67440434549864f7,B1,7,Dua Lipa will perform at the Brit Awards ceremony.,True,Directly stated Dua Lipa confirmed to perform.
67440434549864f7,M,1,The Last Dinner Party has been announced as the recipient of this year's rising star prize at the Brit Awards.,True,Directly stated in evidence.
67440434549864f7,M,2,"The Brit Awards' voting body consists of around 1,300 members.",True,"Evidence states voting body has around 1,300 members."
67440434549864f7,M,3,The Brit Awards' voting body members come from various sectors of the music field.,True,Evidence says members are from across the music industry.
67440434549864f7,M,4,The Brit Awards ceremony is set to take place in London.,True,Evidence states ceremony will take place in London.
67440434549864f7,M,5,The Brit Awards ceremony is set to take place on March 2.,True,Evidence states ceremony date is 2 March.
67440434549864f7,M,6,The Last Dinner Party is part of a broader lineup that includes other notable artists.,True,"Evidence lists other artists like Raye, Dua Lipa, etc."
67440434549864f7,M,7,Other notable artists are nominated in various categories at the Brit Awards.,True,"Evidence lists nominees across categories like pop, rock, etc."
67440434549864f7,M_nocap,1,The Last Dinner Party has been recognized as the recipient of this year's rising star prize at the Brit Awards.,True,Directly stated Last Dinner Party won rising star prize.
67440434549864f7,M_nocap,2,"The Brit Awards' voting body consists of around 1,300 members.",True,"Evidence states voting body has around 1,300 members."
67440434549864f7,M_nocap,3,The Brit Awards' voting body members come from various sectors of the music field.,True,Evidence says members are from across the music industry.
67440434549864f7,M_nocap,4,The Brit Awards ceremony is set to take place in London.,True,Evidence states ceremony will take place in London.
67440434549864f7,M_nocap,5,The Brit Awards ceremony is set to take place on 2 March.,True,Evidence states ceremony takes place on 2 March.
67440434549864f7,M_nocap,6,There are other notable nominees in various categories at the Brit Awards.,True,Evidence lists multiple nominees across several categories.
68dff2083ec42999,B0,1,Dermatologists are increasingly cautioning parents about the skincare products used on children,False,Evidence does not mention dermatologists or skincare products for children.
68dff2083ec42999,B0,2,"Many skincare product formulations can be too harsh for young, sensitive skin",False,No mention of skincare product formulations or sensitivity.
68dff2083ec42999,B0,3,"Dermatologists highlight the importance of choosing gentle, fragrance-free products for children",False,"No mention of gentle, fragrance-free products for children."
68dff2083ec42999,B0,4,Dermatologists highlight the importance of avoiding children's skincare products with potentially harmful ingredients,False,No mention of harmful ingredients in children's skincare.
68dff2083ec42999,B0,5,Experts stress the need for proper sun protection for children,False,"Sunscreen mentioned generally, not experts stressing need for children specifically."
68dff2083ec42999,B0,6,Children's skin is particularly vulnerable to UV damage,False,Evidence does not discuss children's skin vulnerability to UV.
68dff2083ec42999,B0,7,The message from dermatologists is to prioritize safety and simplicity in children's skincare routines,False,No mention of dermatologists or skincare routines for children.
68dff2083ec42999,B0,8,Prioritizing safety and simplicity in children's skincare routines helps prevent irritation,False,No mention of skincare routines preventing irritation.
68dff2083ec42999,B0,9,Prioritizing safety and simplicity in children's skincare routines helps prevent long-term skin issues,False,No mention of skincare routines preventing long-term skin issues.
68f81195e7c4e812,B0,1,Victims of the Post Office scandal have spoken out about racism they experienced during the handling of the Horizon IT system failures.,False,Evidence never mentions racism or race-related experiences.
68f81195e7c4e812,B0,2,Many individuals reported being unfairly targeted.,True,Evidence describes many sub-postmasters wrongly accused and prosecuted.
68f81195e7c4e812,B0,3,Many individuals reported being treated with suspicion.,True,Community shunning and suspicion of postmasters is described in evidence.
68f81195e7c4e812,B0,4,Many of the individuals who reported being unfairly targeted were from minority backgrounds.,False,No mention of minority backgrounds anywhere in evidence.
68f81195e7c4e812,B0,5,Unfair targeting and suspicion led to wrongful accusations of theft.,True,Evidence states victims were wrongly accused of theft.
68f81195e7c4e812,B0,6,Unfair targeting and suspicion led to wrongful accusations of fraud.,True,Evidence states victims were wrongly accused of fraud and false accounting.
68f81195e7c4e812,B0,7,The discussions highlight systemic issues within the organization.,True,Evidence discusses systemic Post Office failures and management issues.
68f81195e7c4e812,B0,8,Racial bias may have influenced the treatment of affected individuals.,False,No mention of racial bias in the evidence.
68f81195e7c4e812,B0,9,There have been calls for accountability regarding the role of racism in the scandal's fallout.,False,No calls for accountability regarding racism appear in evidence.
68f81195e7c4e812,B0,10,There have been calls for a thorough investigation into the role of racism in the scandal's fallout.,False,No mention of investigation into racism's role in the scandal.
68f81195e7c4e812,B1,1,The Post Office Horizon scandal has been described as a significant miscarriage of justice.,True,Called 'the biggest miscarriage of justice in UK history' in evidence.
68f81195e7c4e812,B1,2,The Post Office Horizon scandal affected over 700 sub-postmasters and sub-postmistresses.,True,Evidence states over 700 sub-postmasters were prosecuted.
68f81195e7c4e812,B1,3,Over 700 sub-postmasters and sub-postmistresses were wrongfully prosecuted.,True,Evidence confirms over 700 were wrongfully prosecuted due to faulty software.
68f81195e7c4e812,B1,4,The wrongful prosecutions were based on faulty evidence from the Horizon computer system.,True,Prosecutions based on faulty Horizon accounting software per evidence.
68f81195e7c4e812,B1,5,Victims have expressed feelings of devastation due to the scandal.,True,Vennells says lives were 'torn apart' and devastation caused.
68f81195e7c4e812,B1,6,Victims have expressed feelings of loss of reputation due to the scandal.,True,Mrs Ward describes ruined reputation as citizen and post office.
68f81195e7c4e812,B1,7,Victims attribute their devastation and loss of reputation to the actions of individuals within the Post Office rather than the technology itself.,True,"Mrs Ward says 'people did that to people,' not Horizon."
68f81195e7c4e812,B1,8,There are calls for accountability for those affected by the scandal.,False,"Evidence discusses convictions being overturned, not explicit accountability calls."
68f81195e7c4e812,B1,9,There are calls for compensation for those affected by the scandal.,True,Evidence discusses compensation pot and victims receiving compensation.
68f81195e7c4e812,B1,10,Some officials have acknowledged the injustices faced by the victims.,True,Baldwin expresses horror at injustices victims faced.
68f81195e7c4e812,B1,11,Some officials have acknowledged the need for systemic changes within the Post Office.,False,Evidence mentions business model concerns but not explicit systemic change acknowledgment by officials.
68f81195e7c4e812,B1,12,There is an ongoing inquiry into the scandal.,True,"Evidence references an ongoing Post Office inquiry (Wells testimony, Fujitsu inquiry)."
68f81195e7c4e812,B1,13,The inquiry continues to highlight the human impact of the wrongful convictions.,True,"Inquiry testimony highlights human impact, e.g. Mrs Ward's account."
68f81195e7c4e812,B1,14,The inquiry continues to highlight the failures of the Post Office management.,False,Evidence mentions Post Office failures but not framed as inquiry highlighting management failures specifically.
68f81195e7c4e812,M,1,The Post Office Horizon scandal involved many sub-postmasters being wrongfully convicted,True,Multiple articles state hundreds/700+ sub-postmasters wrongly convicted.
68f81195e7c4e812,M,2,The wrongful convictions of sub-postmasters were based on faulty evidence from the Horizon IT system,True,Evidence states convictions relied on faulty Horizon accounting system.
68f81195e7c4e812,M,3,Victims of the Post Office Horizon scandal have expressed feelings of deep distrust towards authority,True,Hodges cites 'deep distrust of authority' as reason for unwillingness to appeal.
68f81195e7c4e812,M,4,Victims of the Post Office Horizon scandal have expressed deep distrust towards the legal system,False,"Evidence mentions distrust of authority, not specifically legal system."
68f81195e7c4e812,M,5,Victims cited systemic failures in how their cases were handled,True,Hodges cites 'egregious systemic Post Office behaviour' in interviews and prosecutions.
68f81195e7c4e812,M,6,The systemic failures included psychological pressure,True,Hodges mentions psychological pressure from institution disregarding truth and fairness.
68f81195e7c4e812,M,7,The systemic failures included legal advice that led to false confessions,True,Hodges says false confessions were driven by legal advice to minimise sentences.
68f81195e7c4e812,M,8,There are calls for mass appeals to overturn the wrongful convictions,True,Davis and Starmer call for mass appeal/case for convictions.
68f81195e7c4e812,M,9,Some former sub-postmasters have cautioned against a blanket exoneration without careful consideration,True,Ms Felstead cautioned against mass exoneration turning over all convictions.
68f81195e7c4e812,M,10,The Post Office has acknowledged the need for accountability,True,Post Office spokesperson shares aim to establish accountability.
68f81195e7c4e812,M,11,The Post Office has encouraged those who believe they were wrongfully convicted to pursue appeals,True,Post Office encourages people who believe wrongly convicted to consider appeal.
68f81195e7c4e812,M_nocap,1,The Post Office scandal involves sub-postmasters who were wrongfully convicted.,True,Multiple sources describe sub-postmasters wrongfully convicted in the scandal.
68f81195e7c4e812,M_nocap,2,The wrongful convictions of sub-postmasters were based on faulty evidence from the Horizon system.,True,Evidence states convictions relied on faulty Horizon accounting system.
68f81195e7c4e812,M_nocap,3,Victims have expressed feelings of deep distrust towards authority.,True,Hodges cites 'deep distrust of authority' as reason for unwillingness to appeal.
68f81195e7c4e812,M_nocap,4,There were systemic failures in the Post Office's handling of prosecutions.,True,Hodges cites 'egregious systemic Post Office behaviour' in prosecutions.
68f81195e7c4e812,M_nocap,5,The systemic failures in the Post Office's handling of prosecutions led to false confessions.,True,Hodges states this led to false confessions.
68f81195e7c4e812,M_nocap,6,The systemic failures in the Post Office's handling of prosecutions led to guilty pleas under pressure.,True,Hodges states this led to guilty pleas driven by legal advice and pressure.
68f81195e7c4e812,M_nocap,7,There are calls for mass appeals to overturn the convictions of sub-postmasters.,True,Davis and others call for mass appeal/case for convictions.
68f81195e7c4e812,M_nocap,8,Some have cautioned against a blanket exoneration of sub-postmasters.,True,Ms Felstead cautioned against mass exoneration of convictions.
68f81195e7c4e812,M_nocap,9,The caution against blanket exoneration is to avoid injustice to those who may have committed actual crimes.,True,She worried about turning over convictions of someone who committed a crime.
68f81195e7c4e812,M_nocap,10,The Post Office scandal has had psychological impacts on the victims.,True,Hodges mentions psychological pressure from the institution on victims.
68f81195e7c4e812,M_nocap,11,The Post Office scandal has had social impacts on the victims.,True,"Evidence mentions being shunned by communities, a social impact."
68f81195e7c4e812,M_nocap,12,The impacts on victims include financial ruin.,True,Evidence states many were financially ruined and declared bankruptcy.
68f81195e7c4e812,M_nocap,13,The impacts on victims include community ostracism.,True,Evidence states some were shunned by their communities.
697dd9e632834ab0,B0,1,A grooming fantasist's deceptive actions were exposed through police videos.,False,"Evidence describes false rape claims, not grooming fantasist deception exposed by videos."
697dd9e632834ab0,B0,2,The individual had been posing as a figure of authority.,False,No mention of posing as a figure of authority.
697dd9e632834ab0,B0,3,The individual sought to manipulate vulnerable individuals.,False,No mention of manipulating vulnerable individuals.
697dd9e632834ab0,B0,4,The individual sought to exploit vulnerable individuals.,False,No mention of exploiting vulnerable individuals.
697dd9e632834ab0,B0,5,The individual was caught on camera during police investigations.,False,"Evidence shows police footage of her, not her being caught during an investigation of her crimes like this."
697dd9e632834ab0,B0,6,The footage revealed the extent of the deceit.,True,Text states footage shows the extent of Williams' deceit.
697dd9e632834ab0,B0,7,The footage revealed the tactics used to gain trust.,False,No mention of tactics used to gain trust.
697dd9e632834ab0,B0,8,The case led to a broader discussion about the dangers of grooming.,False,No mention of broader discussion about grooming dangers.
697dd9e632834ab0,B0,9,The case led to a broader discussion about the importance of vigilance in protecting potential victims.,False,No mention of vigilance or protecting potential victims discussion.
697dd9e632834ab0,B0,10,The case has sparked renewed calls for awareness against predatory behavior.,False,No mention of renewed calls for awareness against predatory behavior.
697dd9e632834ab0,B0,11,The case has sparked renewed calls for preventive measures against predatory behavior.,False,No mention of calls for preventive measures against predatory behavior.
697dd9e632834ab0,B1,1,A woman fabricated claims of rape.,True,Eleanor Williams made false claims of rape.
697dd9e632834ab0,B1,2,A woman fabricated claims of grooming.,True,Evidence mentions false claims of grooming.
697dd9e632834ab0,B1,3,The woman was convicted for perverting the course of justice.,True,Found guilty of perverting the course of justice.
697dd9e632834ab0,B1,4,Police footage revealed the extent of the woman's deceit.,True,Police footage shown to reveal extent of her deceit.
697dd9e632834ab0,B1,5,The woman's deceit spanned several years.,True,Evidence says lies went back years.
697dd9e632834ab0,B1,6,The investigation into her claims was thorough.,False,Evidence doesn't characterize investigation as thorough.
697dd9e632834ab0,B1,7,The investigation ultimately exposed the truth behind her accusations.,True,Explains how they pieced together the truth.
697dd9e632834ab0,M,1,Eleanor Williams was convicted for making false claims of rape.,True,Evidence says she made false claims of rape.
697dd9e632834ab0,M,2,Eleanor Williams was convicted for grooming.,True,Evidence states she was found guilty over false grooming claims.
697dd9e632834ab0,M,3,Police footage revealed the extent of Eleanor Williams's deceit.,True,Evidence states police footage shows extent of her deceit.
697dd9e632834ab0,M,4,False allegations are rare.,True,Evidence explicitly states false rape allegations are very rare.
697dd9e632834ab0,M,5,Video documentation played a crucial role in uncovering Eleanor Williams's lies.,True,"Video evidence helped piece together truth, per BBC headline and text."
697dd9e632834ab0,M,6,There are mentions of other incidents involving inappropriate behavior.,True,Multiple stories describe other inappropriate behavior incidents.
697dd9e632834ab0,M,7,There are mentions of other incidents involving sexual misconduct.,True,South Wales fire service report describes sexual harassment and misconduct.
697dd9e632834ab0,M,8,The other incidents involving inappropriate behavior and sexual misconduct do not directly relate to the specific topic of grooming fantasies or deceit.,False,Evidence doesn't compare these incidents to grooming fantasies or deceit theme.
697dd9e632834ab0,M_nocap,1,Eleanor Williams was convicted of perverting the course of justice.,True,Evidence states she was found guilty of perverting the course of justice.
697dd9e632834ab0,M_nocap,2,Eleanor Williams made false claims of rape.,True,Evidence states she made multiple false claims of rape.
697dd9e632834ab0,M_nocap,3,Eleanor Williams made false claims of grooming.,True,Evidence states she made multiple false claims of grooming.
697dd9e632834ab0,M_nocap,4,Police footage revealed the extent of Eleanor Williams's deceit.,True,Evidence says police footage shows the extent of Williams' deceit.
697dd9e632834ab0,M_nocap,5,Eleanor Williams's deceit led to her imprisonment.,True,Evidence says police uncovered her lies and she is now serving prison time.
697dd9e632834ab0,M_nocap,6,Police pieced together the truth behind Eleanor Williams's allegations.,True,Evidence states Anna Collinson explains how they pieced together the truth.
697dd9e632834ab0,M_nocap,7,Eleanor Williams's allegations had garnered significant public attention.,True,Evidence states she 'went viral in 2020' after her claim.
6a088e83c5c41dbd,B0,1,Donald Trump was removed from the Maine ballot for the upcoming election,True,"Evidence states Maine electoral officials removed him, an identical ruling to Colorado."
6a088e83c5c41dbd,B0,2,Donald Trump is contesting the decision to remove him from the Maine ballot,True,Evidence says he appealed the Maine decision to remove him.
6a088e83c5c41dbd,B0,3,Donald Trump argues that the legal basis for his disqualification is flawed,True,He argues 14th Amendment doesn't apply since president isn't 'officer of United States'.
6a088e83c5c41dbd,B0,4,Donald Trump's campaign has filed a lawsuit to challenge the ruling removing him from the Maine ballot,False,"Evidence describes an appeal/court filing, not specifically a lawsuit against Maine ruling."
6a088e83c5c41dbd,B0,5,Donald Trump's campaign asserts that the ruling infringes on voters' rights,False,Evidence does not mention voters' rights being infringed.
6a088e83c5c41dbd,B0,6,Donald Trump's campaign asserts that the ruling undermines the democratic process,False,"Evidence mentions 'election interference' and 'chaos', not explicitly undermining democratic process."
6a088e83c5c41dbd,B0,7,The case has sparked debate about election integrity,False,Evidence does not explicitly state debate about election integrity.
6a088e83c5c41dbd,B0,8,The case has sparked debate about the interpretation of constitutional provisions regarding candidates,True,Evidence details dispute over interpretation of 14th Amendment eligibility provisions.
6a088e83c5c41dbd,B1,1,Donald Trump is challenging a decision by electoral officials in Maine to remove him from the ballot.,True,"Trump appealed Maine officials' removal decision, per evidence."
6a088e83c5c41dbd,B1,2,Electoral officials in Maine decided to remove Trump from the ballot.,True,"Maine's top election official removed Trump, evidence confirms."
6a088e83c5c41dbd,B1,3,A ruling in Colorado barred Trump from running in that state.,True,Colorado ruling barred Trump from state's primary ballot.
6a088e83c5c41dbd,B1,4,The Colorado ruling was similar to the Maine decision.,True,Evidence calls Maine ruling 'identical' to Colorado's.
6a088e83c5c41dbd,B1,5,The Colorado ruling was due to allegations of insurrection related to the Capitol riot.,True,Colorado court accused Trump of insurrection over Capitol riot.
6a088e83c5c41dbd,B1,6,Trump's legal team argues that removing him from the ballot would create widespread chaos.,True,Filing argues removal would create 'widespread chaos.'
6a088e83c5c41dbd,B1,7,Trump's legal team argues that removing him from the ballot would disrupt the election process.,True,Filing says it 'upsets the respective roles' of institutions.
6a088e83c5c41dbd,B1,8,A state judge in Maine has placed the ruling to remove Trump from the ballot on hold.,True,State judges in Maine placed identical ruling on hold.
6a088e83c5c41dbd,B1,9,The hold by the Maine state judge allows Trump's name to remain on the ballot for now.,False,Evidence doesn't state hold keeps his name on ballot.
6a088e83c5c41dbd,B1,10,Trump's lawyers contend that the 14th Amendment's disqualification clause does not apply to the presidency.,True,Lawyers argued 14th Amendment provision doesn't apply to presidency.
6a088e83c5c41dbd,B1,11,Trump's lawyers assert that the office of the presidency is not included in the definition of 'officer of the United States.',True,Filing states president is not an 'officer of the United States.'
6a088e83c5c41dbd,M,1,Donald Trump is challenging a decision by electoral officials in Maine to remove him from the ballot,True,Article 1 states Trump appealed Maine's decision to remove him from ballot.
6a088e83c5c41dbd,M,2,Electoral officials in Maine decided to remove Donald Trump from the ballot,True,Evidence states Maine electoral officials made an identical ruling removing Trump.
6a088e83c5c41dbd,M,3,The Maine decision is similar to a ruling in Colorado,True,Evidence calls Maine ruling 'identical' to Colorado's ruling.
6a088e83c5c41dbd,M,4,The Colorado ruling accused Donald Trump of engaging in insurrection related to the Capitol riot,True,Colorado's top court accused Trump of engaging in insurrection over Capitol riot.
6a088e83c5c41dbd,M,5,Donald Trump's legal team argues that the 14th Amendment's exclusion of individuals who have engaged in insurrection does not apply to the presidency,True,Trump's lawyers argued the provision does not apply to the presidency.
6a088e83c5c41dbd,M,6,Donald Trump's legal team claims that the presidency is not listed among the offices affected by the 14th Amendment,True,Filing states presidency not among offices listed in the amendment.
6a088e83c5c41dbd,M,7,Donald Trump's lawyers assert that removing him from the ballot would create widespread chaos,True,Filing argues removing Trump would 'create widespread chaos'.
6a088e83c5c41dbd,M,8,Donald Trump's lawyers assert that removing him from the ballot would disrupt the election process,True,"Filing says it 'upsets the respective roles' of Congress, states, courts, disrupting process."
6a088e83c5c41dbd,M,9,The Maine decision has been temporarily put on hold by state judges,True,Evidence states Maine ruling was placed on hold by state judges.
6a088e83c5c41dbd,M,10,The hold on the Maine decision allows for further legal proceedings,False,Evidence doesn't state the hold allows further legal proceedings.
6a088e83c5c41dbd,M_nocap,1,Donald Trump is challenging a decision by electoral officials in Maine to remove him from the ballot,True,Text says Trump appealed decision by Maine electoral officials removing him.
6a088e83c5c41dbd,M_nocap,2,Electoral officials in Maine decided to remove Donald Trump from the ballot,True,"Maine's top election official removed Trump from ballot, per evidence."
6a088e83c5c41dbd,M_nocap,3,A ruling in Colorado deemed Donald Trump ineligible,True,Colorado top court ruled Trump not eligible primary candidate.
6a088e83c5c41dbd,M_nocap,4,The Colorado ruling was based on accusations of insurrection related to the Capitol riot,True,Colorado ruling accused Trump of insurrection over Capitol riot.
6a088e83c5c41dbd,M_nocap,5,Trump's legal team argues that the 14th Amendment's exclusion of individuals who have engaged in insurrection does not apply to the presidency,True,Trump's lawyers argued 14th Amendment provision does not apply to presidency.
6a088e83c5c41dbd,M_nocap,6,Trump's legal team claims that the office of the presidency is not listed among those affected by the 14th Amendment,True,Filing states presidency not among offices listed in amendment.
6a088e83c5c41dbd,M_nocap,7,Trump's appeal in Maine follows a similar challenge in Colorado,True,"Appeal in Colorado came a day after Maine challenge, not reverse order claimed."
6a088e83c5c41dbd,M_nocap,8,Trump warned that exclusions from the ballot could lead to 'chaos' in the election process,True,Trump warned of 'chaos and bedlam' from ballot exclusions.
6a088e83c5c41dbd,M_nocap,9,Trump made this warning in relation to the Colorado challenge,True,Warning was made regarding Colorado ballot exclusion specifically.
6a088e83c5c41dbd,M_nocap,10,The Maine decision has been temporarily put on hold by state judges,True,Maine ruling was placed on hold by state judges.
6a088e83c5c41dbd,M_nocap,11,The hold on the Maine decision allows for further legal proceedings,False,Evidence doesn't state the hold allows further legal proceedings.
6ff196b636b2949c,B0,1,Several schools across the UK have been forced to close.,True,Multiple evidence pieces report schools closed due to weather across UK.
6ff196b636b2949c,B0,2,The school closures were due to severe Arctic weather conditions.,True,Evidence links cold/Arctic weather to school closures.
6ff196b636b2949c,B0,3,The Arctic weather conditions brought heavy snowfall.,True,Snow is mentioned as forcing school closures in Wales.
6ff196b636b2949c,B0,4,The Arctic weather conditions brought freezing temperatures.,True,Sub-zero and freezing temperatures reported alongside closures.
6ff196b636b2949c,B0,5,The adverse weather has disrupted transportation.,True,Cancelled trains and impassable roads show transport disruption.
6ff196b636b2949c,B0,6,The adverse weather has raised safety concerns for students.,False,No mention of safety concerns specifically for students.
6ff196b636b2949c,B0,7,The adverse weather has raised safety concerns for staff.,False,No mention of safety concerns specifically for staff.
6ff196b636b2949c,B0,8,Authorities are urging families to stay updated on local advisories.,False,Evidence gives advice but no urging to check local advisories.
6ff196b636b2949c,B0,9,Authorities are working to ensure that essential services remain operational during this period.,False,No mention of authorities ensuring essential services remain operational.
6ff196b636b2949c,B0,10,The closures have sparked discussions about the impact of climate change on weather patterns.,False,No mention of climate change discussions in evidence.
6ff196b636b2949c,B0,11,The closures have sparked discussions about the preparedness of schools for extreme conditions.,False,No mention of discussions on school preparedness for extreme conditions.
6ff196b636b2949c,B1,1,UK schools are facing closures due to severe winter weather conditions.,True,Multiple schools reported closed due to snow and cold weather.
6ff196b636b2949c,B1,2,Almost all schools in Aberdeenshire are closed.,True,Evidence states almost all schools in Aberdeenshire are closed.
6ff196b636b2949c,B1,3,Eight schools in Lancashire have shut down.,True,Evidence states eight schools closed in Lancashire.
6ff196b636b2949c,B1,4,More than 40 schools in north and west Wales have closed due to snow.,True,Evidence states more than 40 schools closed in north and west Wales due to snow.
6ff196b636b2949c,B1,5,All schools in Orkney have remained closed for several days.,False,"Evidence says all schools closed in Orkney, but not duration of several days."
6ff196b636b2949c,B1,6,All schools in Shetland have remained closed for several days.,True,"Evidence states many Shetland schools shut since Monday, implying several days."
6ff196b636b2949c,B1,7,Primary schools in Northern Ireland have closed due to storm-related issues.,True,Evidence lists primary schools closed due to Storm Isha.
6ff196b636b2949c,B1,8,Many roads in Northern Ireland remain impassable.,True,PSNI said a number of roads remain impassable due to storm.
6ff196b636b2949c,M,1,UK schools have been significantly affected by severe winter weather,True,Multiple school closures across UK due to weather reported.
6ff196b636b2949c,M,2,Many school closures have been reported across various regions in the UK,True,"Closures mentioned in Aberdeenshire, Lancashire, Wales, Orkney, Shetland."
6ff196b636b2949c,M,3,Almost all schools in Aberdeenshire are closed,True,Evidence states almost all schools in Aberdeenshire are closed.
6ff196b636b2949c,M,4,Over 40 schools in north Wales have shut down due to snow,False,"Evidence says 40+ schools closed in north AND west Wales combined, not north alone."
6ff196b636b2949c,M,5,Over 40 schools in west Wales have shut down due to snow,False,"Evidence says 40+ schools closed in north AND west Wales combined, not west alone."
6ff196b636b2949c,M,6,Eight schools in Lancashire have closed,True,Evidence states eight schools closed in Lancashire.
6ff196b636b2949c,M,7,All schools in Orkney have remained closed since Monday,False,"Evidence says Orkney schools closed, but not since Monday specifically."
6ff196b636b2949c,M,8,All schools in Shetland have remained closed since Monday,True,Evidence states Shetland schools shut since Monday.
6ff196b636b2949c,M,9,The cold weather has been attributed to an Arctic blast,True,Evidence attributes cold weather and snow to a cold Arctic blast.
6ff196b636b2949c,M,10,The Arctic blast has led to widespread snow,True,Evidence states Arctic blast led to widespread wintry weather including snow.
6ff196b636b2949c,M,11,The Arctic blast has led to widespread ice,True,Evidence mentions ice as part of the wintry weather from Arctic blast.
6ff196b636b2949c,M,12,The Arctic blast has led to hazardous conditions,False,"Evidence doesn't explicitly describe conditions as 'hazardous', though caution advised."
6ff196b636b2949c,M_nocap,1,UK schools are experiencing widespread closures due to severe winter weather conditions.,True,Multiple regions report school closures due to snow/ice.
6ff196b636b2949c,M_nocap,2,The school closures are particularly in regions affected by snow and ice.,True,"Closures mentioned in Aberdeenshire, Lancashire, Wales, Orkney, Shetland due to snow."
6ff196b636b2949c,M_nocap,3,"In Aberdeenshire, almost all schools are closed.",True,Directly stated in evidence [1].
6ff196b636b2949c,M_nocap,4,Over 40 schools in north and west Wales have shut down.,False,"Evidence says snow forced closures, not specifically Wales schools shut for 40+."
6ff196b636b2949c,M_nocap,5,Eight schools in Lancashire have closed.,True,Directly stated in evidence [1].
6ff196b636b2949c,M_nocap,6,All schools in Orkney have remained closed since Monday.,False,"Evidence says many in Shetland closed since Monday, not explicitly Orkney since Monday."
6ff196b636b2949c,M_nocap,7,All schools in Shetland have remained closed since Monday.,True,Evidence states many schools in Shetland shut since Monday.
6ff196b636b2949c,M_nocap,8,The cold weather has been attributed to an Arctic blast.,True,Evidence attributes cold weather to Arctic blast in Northern Ireland article.
6ff196b636b2949c,M_nocap,9,The Arctic blast has led to freezing temperatures across various parts of the UK.,True,Evidence links Arctic blast to freezing temperatures and frosty nights.
6ff196b636b2949c,M_nocap,10,The Arctic blast has led to hazardous conditions across various parts of the UK.,True,"Evidence describes icy roads, warnings, hazardous driving conditions from cold blast."
744c413bc02c7dc7,B0,1,The Houthis recently conducted an attack.,True,Multiple recent Houthi attacks on shipping described.
744c413bc02c7dc7,B0,2,The US has increased its military presence in the region.,False,"Evidence describes strikes, not increased military presence."
744c413bc02c7dc7,B0,3,The UK has increased its military presence in the region.,False,"Evidence describes strikes, not increased military presence."
744c413bc02c7dc7,B0,4,The US has emphasized its commitment to supporting allies.,False,No mention of commitment to supporting allies.
744c413bc02c7dc7,B0,5,The UK has emphasized its commitment to supporting allies.,False,No mention of commitment to supporting allies.
744c413bc02c7dc7,B0,6,The US has emphasized its commitment to ensuring maritime security.,True,Biden cited freedom of navigation and protecting commerce.
744c413bc02c7dc7,B0,7,The UK has emphasized its commitment to ensuring maritime security.,True,Sunak cited protecting shipping and security interests.
744c413bc02c7dc7,B0,8,The Houthi forces are backed by Iran.,True,Described as Iranian-backed group multiple times.
744c413bc02c7dc7,B0,9,The Houthi forces have escalated their operations.,True,"Incidents increased since strikes began, per evidence."
744c413bc02c7dc7,B0,10,The escalation of Houthi operations has prompted concerns over regional stability.,True,Evidence notes fears Gaza war spreading to wider Middle East.
744c413bc02c7dc7,B0,11,The escalation of Houthi operations has prompted concerns over the safety of shipping routes.,True,Evidence discusses threats to shipping and trade routes.
744c413bc02c7dc7,B0,12,The US and UK have conducted joint exercises.,False,"No mention of joint exercises, only joint strikes."
744c413bc02c7dc7,B0,13,The US and UK are coordinating intelligence efforts.,False,No mention of intelligence coordination.
744c413bc02c7dc7,B0,14,The coordination of intelligence efforts aims to deter further aggression.,False,No mention of intelligence coordination or its aims.
744c413bc02c7dc7,B0,15,The military action reflects a broader strategy to counteract Iranian influence.,False,No explicit mention of countering Iranian influence as strategy.
744c413bc02c7dc7,B0,16,The military action reflects a broader strategy to protect vital interests in the Middle East.,False,"Evidence cites shipping freedom, not broader interest protection strategy."
744c413bc02c7dc7,B1,1,The US conducted airstrikes against Houthi targets in Yemen,True,US strikes on Houthi targets confirmed in multiple passages.
744c413bc02c7dc7,B1,2,The UK conducted airstrikes against Houthi targets in Yemen,True,UK joined US in airstrikes against Houthi targets.
744c413bc02c7dc7,B1,3,The US and UK airstrikes were conducted in response to the Houthis' attacks on shipping in the Red Sea,True,Strikes were response to Houthi attacks on shipping in Red Sea.
744c413bc02c7dc7,B1,4,The Houthis claim their attacks on shipping in the Red Sea are retaliatory actions linked to Israel's military operations in Gaza,True,Houthis say attacks respond to Israel's Gaza operation.
744c413bc02c7dc7,B1,5,The strikes targeted logistical hubs,True,Strikes hit logistical hubs per evidence [3].
744c413bc02c7dc7,B1,6,The strikes targeted air defense systems,True,Strikes hit air defence systems per evidence [3].
744c413bc02c7dc7,B1,7,The strikes targeted military depots,True,Strikes hit military depots per evidence [3].
744c413bc02c7dc7,B1,8,The US expressed a commitment to protect international commerce,True,Biden vowed to protect free flow of international commerce.
744c413bc02c7dc7,B1,9,The UK expressed a commitment to protect international commerce,False,"UK statement focuses on disruption/prices, not explicit commerce protection commitment."
744c413bc02c7dc7,B1,10,The US expressed a commitment to respond to Houthi aggression,True,Biden said he'd direct further measures against Houthi aggression.
744c413bc02c7dc7,B1,11,The UK expressed a commitment to respond to Houthi aggression,True,UK said prepared to launch further action against Houthis.
744c413bc02c7dc7,B1,12,The Houthis have vowed to continue their attacks,True,Houthis vowed to continue targeting ships despite strikes.
744c413bc02c7dc7,B1,13,The Houthis are specifically targeting vessels associated with Israel,True,Houthi supporter said they only target Israeli-linked ships.
744c413bc02c7dc7,B1,14,The Houthis have threatened to retaliate against US naval forces if the strikes persist,True,Houthi supporter threatened to target US battleships if strikes continue.
744c413bc02c7dc7,B1,15,The Houthis have threatened to retaliate against UK naval forces if the strikes persist,True,Houthi supporter threatened to target UK battleships if strikes continue.
744c413bc02c7dc7,B1,16,This military action is seen as part of a broader escalation in the region,True,Evidence explicitly frames action as escalation of regional crisis.
744c413bc02c7dc7,B1,17,There are concerns that this military action may provoke further conflict involving pro-Iranian militias,True,Article notes possibility pro-Iranian militias may increase actions.
744c413bc02c7dc7,M,1,The US conducted airstrikes against Houthi targets in Yemen.,True,US launched airstrikes on Houthi targets per multiple evidence pieces.
744c413bc02c7dc7,M,2,The UK conducted airstrikes against Houthi targets in Yemen.,True,UK joined US in launching airstrikes against Houthi targets.
744c413bc02c7dc7,M,3,The Houthis have conducted ongoing attacks on shipping in the Red Sea.,True,"Houthis have attacked shipping in Red Sea since November, ongoing."
744c413bc02c7dc7,M,4,The US and UK airstrikes against Houthi targets were conducted in response to the Houthis' attacks on shipping in the Red Sea.,True,Strikes followed and responded to Houthi attacks on Red Sea shipping.
744c413bc02c7dc7,M,5,The airstrikes targeted logistical hubs.,True,Targets included logistical hubs per evidence.
744c413bc02c7dc7,M,6,The airstrikes targeted air defense systems.,True,Targets included air defence systems per evidence.
744c413bc02c7dc7,M,7,The airstrikes targeted military depots.,True,Targets included military/arms depots per evidence.
744c413bc02c7dc7,M,8,The airstrikes were described as a necessary action to protect freedom of navigation.,True,Biden said strikes ensure freedom of navigation is not imperiled.
744c413bc02c7dc7,M,9,The airstrikes were described as a response to the Houthis' aggression.,False,"Evidence frames strikes as response to Houthi attacks, not 'aggression' framing."
744c413bc02c7dc7,M,10,The Houthis have continued their attacks despite the US and UK military actions.,True,At least 12 further attacks since strikes; Houthis continue undeterred.
744c413bc02c7dc7,M,11,The Houthis claim they are retaliating against perceived aggression from the US and UK.,True,Houthi spokesperson called attack response to 'American-British aggression'.
744c413bc02c7dc7,M,12,The situation has escalated into a cycle of retaliatory strikes.,True,Described as 'repetitive tit-for-tat' between sides.
744c413bc02c7dc7,M,13,"Both the US and UK, and the Houthis have indicated a willingness to continue military operations as long as the attacks persist.",True,Biden won't hesitate further action; Houthi spokesman vows to continue targeting.
744c413bc02c7dc7,M_nocap,1,The US conducted airstrikes against Houthi targets in Yemen.,True,"US joined UK in airstrikes on Houthi targets, per evidence."
744c413bc02c7dc7,M_nocap,2,The UK conducted airstrikes against Houthi targets in Yemen.,True,UK joined US launching airstrikes against Houthi targets.
744c413bc02c7dc7,M_nocap,3,The airstrikes were conducted in response to ongoing attacks by the Houthis on shipping in the Red Sea.,True,Strikes followed Houthi attacks on shipping in Red Sea.
744c413bc02c7dc7,M_nocap,4,The strikes aimed at logistical hubs.,True,Logistical hubs explicitly listed as targets.
744c413bc02c7dc7,M_nocap,5,The strikes aimed at air defense systems.,True,Air defence systems explicitly listed as targets.
744c413bc02c7dc7,M_nocap,6,The strikes aimed at military depots.,True,Military/arms depots explicitly listed as targets.
744c413bc02c7dc7,M_nocap,7,The strikes were described as a necessary action to protect freedom of navigation.,True,Biden said strikes ensure freedom of navigation is not imperiled.
744c413bc02c7dc7,M_nocap,8,The strikes were described as a response to Houthi aggression.,True,Genco Picardy attack described as response to 'aggression'; strikes framed as response.
744c413bc02c7dc7,M_nocap,9,The Houthis have continued their attacks despite the military actions.,True,"At least 12 further attacks occurred despite strikes, per evidence."
744c413bc02c7dc7,M_nocap,10,The Houthis claim they are retaliating against perceived aggression from the US.,True,Houthi spokesperson cited 'American-British aggression' as reason for attack.
744c413bc02c7dc7,M_nocap,11,The Houthis claim they are retaliating against perceived aggression from the UK.,True,Same quote cites British aggression alongside American.
744c413bc02c7dc7,M_nocap,12,The situation has escalated into a cycle of retaliatory strikes.,True,Described as 'repetitive tit-for-tat' escalation.
744c413bc02c7dc7,M_nocap,13,Both sides have indicated a willingness to continue military operations as long as the attacks persist.,True,US/UK say they'll continue strikes; Houthis vow to continue targeting ships.
76c73482b88ceeb4,B0,1,The chair of NatWest expressed concerns about challenges facing home buyers in the current market.,False,"He said it wasn't 'that difficult'; clarified only after backlash, not concern expressed."
76c73482b88ceeb4,B0,2,The chair of NatWest highlighted rising interest rates as an issue facing home buyers.,False,"Rising rates concern attributed to Hunt, not Sir Howard Davies."
76c73482b88ceeb4,B0,3,The chair of NatWest highlighted the cost of living crisis as an issue facing home buyers.,False,Evidence does not mention cost of living crisis from NatWest chair.
76c73482b88ceeb4,B0,4,Rising interest rates have made it increasingly difficult for potential homeowners to secure mortgages.,False,"Evidence discusses mortgage rates affecting buying a home, not securing mortgages specifically."
76c73482b88ceeb4,B0,5,The cost of living crisis has made it increasingly difficult for potential homeowners to secure mortgages.,False,No mention of cost of living crisis affecting mortgage approval.
76c73482b88ceeb4,B0,6,Rising interest rates have made it increasingly difficult for potential homeowners to afford properties.,True,Hunt says higher mortgage rates make it a real struggle to buy first home.
76c73482b88ceeb4,B0,7,The cost of living crisis has made it increasingly difficult for potential homeowners to afford properties.,False,No mention of cost of living crisis affecting affordability of properties.
76c73482b88ceeb4,B0,8,Affordability remains a significant barrier for many in the housing market.,True,"Text discusses mortgage rate struggles for buyers, indicating affordability barrier."
76c73482b88ceeb4,B0,9,Affordability remains a significant barrier particularly for first-time buyers.,True,Hunt specifically references people trying to buy their first home.
76c73482b88ceeb4,B0,10,The chair of NatWest emphasized the need for solutions to support home ownership.,False,"Sir Howard's clarification only mentioned challenges, not solutions for homeownership."
76c73482b88ceeb4,B0,11,The chair of NatWest emphasized the need to improve access to housing.,False,No mention of improving access to housing by NatWest chair.
76c73482b88ceeb4,B1,1,Sir Howard Davies is the chair of NatWest.,True,Evidence identifies him as 'NatWest's chair Sir Howard Davies'.
76c73482b88ceeb4,B1,2,Sir Howard Davies made comments regarding the challenges of home buying.,True,"He commented on housing ladder difficulty, related to buying challenges."
76c73482b88ceeb4,B1,3,Sir Howard Davies suggested that it is not currently 'that difficult' for people to get on the housing ladder.,True,Directly stated he suggested it wasn't 'that difficult' to get on housing ladder.
76c73482b88ceeb4,B1,4,Sir Howard Davies's statement was met with criticism.,False,"Evidence doesn't mention criticism, only that he later clarified."
76c73482b88ceeb4,B1,5,Sir Howard Davies clarified that he 'did not intend to underplay' the difficulties faced by buyers.,True,Directly quoted clarification matches claim.
76c73482b88ceeb4,B1,6,Sir Howard Davies's clarification referenced higher mortgage rates compared to previous years.,False,"The mortgage rate comparison was made by Hunt, not in Davies's clarification."
76c73482b88ceeb4,B1,7,The Chancellor acknowledged the struggles of first-time buyers due to elevated mortgage rates.,True,Hunt acknowledged higher mortgage rates make buying a first home a struggle.
76c73482b88ceeb4,B1,8,The Chancellor emphasized the need to reduce inflation to alleviate the situation.,True,Hunt said inflation must be brought down to lower mortgage rates.
76c73482b88ceeb4,M,1,Sir Howard Davies is NatWest's chair.,True,Evidence identifies Sir Howard Davies as NatWest's chair.
76c73482b88ceeb4,M,2,Sir Howard Davies made comments regarding the challenges of home buying.,True,"He suggested buying a home wasn't difficult, related to buyer challenges."
76c73482b88ceeb4,M,3,"Sir Howard Davies suggested that it is not currently ""that difficult"" for people to enter the housing market.",True,Directly stated in evidence he suggested it's not 'that difficult'.
76c73482b88ceeb4,M,4,Sir Howard Davies' comments prompted a response from Chancellor Jeremy Hunt.,True,Hunt was asked about and responded to Davies' comments.
76c73482b88ceeb4,M,5,Jeremy Hunt is the Chancellor.,True,Referred to as 'the chancellor' throughout.
76c73482b88ceeb4,M,6,Jeremy Hunt emphasized that higher mortgage rates are making it a real struggle for first-time buyers.,False,"Hunt mentioned struggle for 'people trying to buy first home', not specifically first-time buyers phrase used loosely but matches closely enough; however wording differs slightly - actually matches, mark supported."
76c73482b88ceeb4,M,7,Jeremy Hunt clarified that he disagreed with Davies' assessment.,True,"Image caption says chancellor 'profoundly' disagrees, and he said 'No, it's not' the government's view."
76c73482b88ceeb4,M,8,Jeremy Hunt stated that he did not intend to downplay the difficulties faced by potential homebuyers.,False,"It was Sir Howard Davies, not Hunt, who said this clarification."
76c73482b88ceeb4,M,9,Sir Howard Davies later sought to clarify his remarks.,True,Evidence states Sir Howard later sought to clarify his remarks.
76c73482b88ceeb4,M,10,Sir Howard Davies indicated he did not mean to minimize the challenges.,True,He said he 'did not intend to underplay' the challenges buyers face.
76c73482b88ceeb4,M_nocap,1,Sir Howard Davies is NatWest's chair,True,Text calls him NatWest's chair.
76c73482b88ceeb4,M_nocap,2,Sir Howard Davies made comments regarding the challenges of home buying,True,"He suggested comment about housing ladder difficulty, related to buying challenges."
76c73482b88ceeb4,M_nocap,3,Sir Howard Davies suggested that it is not currently 'that difficult' for people to get on the housing ladder,True,Directly quoted suggestion in evidence.
76c73482b88ceeb4,M_nocap,4,Sir Howard Davies's statement prompted clarification from him,True,Evidence says he later sought to clarify his remarks.
76c73482b88ceeb4,M_nocap,5,Sir Howard Davies did not intend to downplay the difficulties faced by buyers,True,He said he did not intend to underplay challenges buyers face.
76c73482b88ceeb4,M_nocap,6,Jeremy Hunt is the Chancellor,True,Text refers to him as 'the chancellor'.
76c73482b88ceeb4,M_nocap,7,Jeremy Hunt acknowledged the struggles due to much higher mortgage rates compared to previous years,True,Hunt directly stated mortgage rates are much higher and cause struggle.
76c73482b88ceeb4,M_nocap,8,Jeremy Hunt emphasized the need to reduce inflation to help lower mortgage rates,True,Hunt said inflation must come down to lower mortgage rates.
79ffb0252216a333,B0,1,Head teachers across the UK have called for a temporary halt to school inspections.,False,Evidence does not mention a call for halting inspections.
79ffb0252216a333,B0,2,Head teachers cite concerns over the pressure these evaluations place on staff.,False,No mention of pressure on staff from evaluations.
79ffb0252216a333,B0,3,Head teachers cite concerns over the pressure these evaluations place on students.,False,No mention of pressure on students from evaluations.
79ffb0252216a333,B0,4,Head teachers cite concerns over the stress these evaluations place on staff.,False,No mention of stress on staff from evaluations.
79ffb0252216a333,B0,5,Head teachers cite concerns over the stress these evaluations place on students.,False,No mention of stress on students from evaluations.
79ffb0252216a333,B0,6,Head teachers argue that the current inspection framework is outdated.,False,No claim that framework is outdated in evidence.
79ffb0252216a333,B0,7,Head teachers argue that the current inspection framework does not adequately reflect the challenges schools face.,False,Evidence doesn't state framework fails to reflect school challenges.
79ffb0252216a333,B0,8,The challenges schools face are particularly in the wake of disruptions caused by the COVID-19 pandemic.,False,No mention of COVID-19 pandemic disruptions in evidence.
79ffb0252216a333,B0,9,The request comes amid ongoing debates about educational standards.,False,No mention of debates about educational standards.
79ffb0252216a333,B0,10,The request comes amid ongoing debates about the need for a more supportive approach to assessing school performance.,False,No mention of debate on supportive assessment approach.
79ffb0252216a333,B0,11,Many educators believe that a pause would allow for a reevaluation of the inspection process.,False,No mention of educators believing a pause would help.
79ffb0252216a333,B0,12,Many educators believe a reevaluation of the inspection process would better align it with the needs of modern education.,False,No mention of aligning inspection with modern education needs.
79ffb0252216a333,B1,1,A head teacher died by suicide.,True,Ruth Perry's suicide is stated in evidence.
79ffb0252216a333,B1,2,The head teacher's suicide was linked to an Ofsted inspection.,True,Text says her suicide was linked to an Ofsted inspection.
79ffb0252216a333,B1,3,The suicide occurred in the UK.,True,Reading and Berkshire locations imply UK; not explicitly stated as UK.
79ffb0252216a333,B1,4,"Education unions are calling for a ""radical overhaul"" of the school inspection process.",False,"Radical overhaul phrase attributed to Prof Waters, not unions specifically."
79ffb0252216a333,B1,5,"Officials are calling for a ""radical overhaul"" of the school inspection process.",False,Evidence doesn't attribute overhaul call to officials generally.
79ffb0252216a333,B1,6,The calls for overhaul aim to restore trust in the inspection process.,True,Text says Oliver must 'restore trust in Ofsted'.
79ffb0252216a333,B1,7,The calls for overhaul aim to improve safeguarding measures.,True,DfE committed to reviewing safeguarding handling.
79ffb0252216a333,B1,8,Ofsted has made some changes to the inspection process.,True,"Ofsted changed confidentiality rules, described as changes."
79ffb0252216a333,B1,9,Ofsted now allows head teachers to share inspection outcomes before reports are published.,True,Directly stated in evidence.
79ffb0252216a333,B1,10,There are calls for more comprehensive reforms to the inspection process.,True,Unions say steps 'must be the beginning of a process'.
79ffb0252216a333,B1,11,The National Association of Head Teachers has expressed hope that the new chief inspector will genuinely consider significant changes to the inspection system.,True,Whiteman hopes 'nothing is off the table' truly means it.
79ffb0252216a333,B1,12,Ofsted is getting a new chief inspector.,False,"Oliver already took over Jan 1, not described as upcoming new hire."
79ffb0252216a333,M,1,A head teacher died by suicide.,True,"Ruth Perry, head teacher, died by suicide per evidence."
79ffb0252216a333,M,2,The head teacher's suicide was linked to an Ofsted inspection.,True,Article states her suicide was linked to an Ofsted inspection.
79ffb0252216a333,M,3,Ofsted has acknowledged its role in the head teacher's death.,True,Ofsted apologized and took responsibility for its role in her death.
79ffb0252216a333,M,4,Ofsted is undergoing reforms.,True,Evidence describes confidentiality rule changes and DfE review as reforms.
79ffb0252216a333,M,5,One of the Ofsted reforms allows head teachers to share inspection outcomes before reports are published.,True,Directly stated: sharing outcomes before report published now allowed.
79ffb0252216a333,M,6,Education unions have expressed cautious optimism about the Ofsted changes.,True,Unions praised 'positive steps' but said more must follow.
79ffb0252216a333,M,7,Education unions have emphasized the need for a more comprehensive overhaul of the inspection culture.,True,Prof Waters called for 'radical overhaul' of inspection culture.
79ffb0252216a333,M,8,There is a call for further reforms to restore trust in Ofsted.,True,Prof Waters said reform needed to restore trust in Ofsted.
79ffb0252216a333,M,9,There is a call for further reforms to improve the safeguarding of head teachers.,False,"Evidence mentions safeguarding review generally, not specific to head teachers."
79ffb0252216a333,M,10,There is a call for further reforms to improve the safeguarding of schools.,True,DfE committed to reviewing how safeguarding is handled in schools.
79ffb0252216a333,M_nocap,1,A head teacher died by suicide.,True,Ruth Perry's suicide is directly stated.
79ffb0252216a333,M_nocap,2,The head teacher's suicide was linked to an Ofsted inspection.,True,Evidence states suicide was linked to Ofsted inspection.
79ffb0252216a333,M_nocap,3,"There is a call for a ""radical overhaul"" of the inspection culture.",True,Text mentions call for 'radical overhaul' of inspection culture.
79ffb0252216a333,M_nocap,4,Education unions expressed hope for meaningful reforms under the new chief inspector.,True,Unions praised steps and hoped reforms continue under new chief.
79ffb0252216a333,M_nocap,5,Ofsted has a new chief inspector.,True,Sir Martyn Oliver took over as chief inspector Jan 1.
79ffb0252216a333,M_nocap,6,Ofsted has made some positive changes.,True,Unions praised Ofsted's 'positive steps'.
79ffb0252216a333,M_nocap,7,More work is needed to restore trust in Ofsted.,True,Prof Waters said huge challenge to restore trust in Ofsted.
79ffb0252216a333,M_nocap,8,More work is needed to ensure the safety and well-being of head teachers and school staff.,False,"Evidence discusses inspection reform, not general staff safety/well-being work."
7b5466cc3023f467,B0,1,A British tennis player has withdrawn from a charity match.,False,Evidence has no mention of a British player withdrawing from a charity match.
7b5466cc3023f467,B0,2,The charity match was scheduled to take place before the Australian Open.,False,No evidence of charity match timing relative to Australian Open.
7b5466cc3023f467,B0,3,The player cited concerns over fitness as a reason for withdrawing.,False,No withdrawal or fitness concerns mentioned in evidence.
7b5466cc3023f467,B0,4,The player cited concerns over preparation as a reason for withdrawing.,False,No withdrawal or preparation concerns mentioned in evidence.
7b5466cc3023f467,B0,5,The decision has raised questions about the player's readiness for the Australian Open.,False,No such claim about readiness appears in evidence.
7b5466cc3023f467,B0,6,The withdrawal is seen as a precautionary measure.,False,No withdrawal mentioned at all in evidence.
7b5466cc3023f467,B0,7,The withdrawal allows the athlete to focus on recovery ahead of the competitive season.,False,No withdrawal or recovery focus mentioned in evidence.
7b5466cc3023f467,B0,8,The withdrawal allows the athlete to focus on training ahead of the competitive season.,False,No withdrawal or training focus mentioned in evidence.
7b5466cc3023f467,B0,9,The charity event aims to raise funds for a good cause.,True,Evidence states money raised will support LFC Foundation and charity partners.
7b5466cc3023f467,B0,10,The charity event will proceed without the British player.,False,No mention of a British player missing the charity event.
7b5466cc3023f467,B0,11,The British player has expressed disappointment over missing the opportunity to participate in the charity match.,False,No British player disappointment about charity match mentioned.
7b5466cc3023f467,B1,1,The evidence does not provide any information regarding a Briton withdrawing from a charity match before the Australian Open.,True,No mention of a Briton withdrawing from a charity match before Australian Open.
7b5466cc3023f467,B1,2,The evidence primarily discusses the performances of British tennis players at the Australian Open.,True,Multiple entries detail British players' Australian Open performances.
7b5466cc3023f467,B1,3,Andy Murray is a British tennis player discussed in the evidence.,True,Murray is discussed as British number four in evidence.
7b5466cc3023f467,B1,4,Emma Raducanu is a British tennis player discussed in the evidence.,True,Raducanu is referred to as Britain's Raducanu in evidence.
7b5466cc3023f467,B1,5,The evidence discusses unrelated topics such as football management.,True,Evidence includes item about Eriksson and Liverpool FC management.
7b5466cc3023f467,B1,6,The evidence discusses unrelated topics such as darts.,True,Evidence includes item about Littler and Cross darts match.
7b5466cc3023f467,B1,7,There is insufficient evidence to address the query.,False,"Evidence contains substantial relevant information, contradicting insufficiency claim."
7b5466cc3023f467,M,1,The evidence does not provide information about a Briton withdrawing from a charity match before the Australian Open.,True,No mention of any charity match withdrawal in evidence.
7b5466cc3023f467,M,2,The evidence focuses on results and performances of British players during the Australian Open.,True,Multiple articles cover British players' results at Australian Open.
7b5466cc3023f467,M,3,Andy Murray is a British player whose performance during the Australian Open is included in the evidence.,True,Murray's loss at Australian Open is detailed as British player.
7b5466cc3023f467,M,4,Emma Raducanu is a British player whose performance during the Australian Open is included in the evidence.,True,Raducanu's loss at Australian Open is detailed as British player.
7b5466cc3023f467,M,5,The reports detail matches involving British players.,True,"Reports describe matches involving Murray, Raducanu, and others."
7b5466cc3023f467,M,6,The reports detail losses faced by British players.,True,Murray and Raducanu losses are explicitly reported.
7b5466cc3023f467,M,7,The reports detail challenges faced by British players.,True,Raducanu's injury comeback and Murray's poor form are challenges noted.
7b5466cc3023f467,M,8,The reports do not mention any withdrawal from a charity match.,True,No charity match withdrawal mentioned anywhere in evidence.
7b5466cc3023f467,M_nocap,1,The evidence does not provide specific information about a Briton withdrawing from a charity match before the Australian Open.,True,"Evidence never mentions a charity match withdrawal, consistent with claim."
7b5466cc3023f467,M_nocap,2,The evidence focuses on various results and performances of British players during the Australian Open.,True,Evidence covers multiple British players' Australian Open results and performances.
7b5466cc3023f467,M_nocap,3,Andy Murray is one of the British players mentioned in the evidence.,True,Andy Murray is discussed as a British player in evidence.
7b5466cc3023f467,M_nocap,4,Emma Raducanu is one of the British players mentioned in the evidence.,True,Emma Raducanu is discussed as a British player in evidence.
7b5466cc3023f467,M_nocap,5,The reports detail the matches of the British players.,True,"Evidence describes specific matches like Murray vs Etcheverry, Raducanu vs Wang."
7b5466cc3023f467,M_nocap,6,The reports detail the outcomes of the British players' matches.,True,"Evidence gives outcomes e.g. Murray lost, Raducanu lost 6-4 4-6 6-4."
7b5466cc3023f467,M_nocap,7,The reports detail challenges faced by the British players.,True,Evidence mentions Raducanu's illness and Murray's below-par performance as challenges.
7b5466cc3023f467,M_nocap,8,The reports do not mention any withdrawal from a charity match.,True,No mention of any charity match withdrawal anywhere in evidence.
7d93e7078bc0498e,B0,1,A colossal pliosaur skull has been put on display at the Dorset Museum.,False,"Evidence says Etches Collection, not Dorset Museum."
7d93e7078bc0498e,B0,2,The Dorset Museum is in England.,False,Evidence does not state Dorset Museum is in England.
7d93e7078bc0498e,B0,3,The pliosaur skull is estimated to be around 150 million years old.,False,No age estimate given in evidence.
7d93e7078bc0498e,B0,4,The pliosaur skull is one of the largest of its kind ever found.,False,Evidence does not claim it's one of the largest ever found.
7d93e7078bc0498e,B0,5,The pliosaur skull offers insights into marine reptiles that roamed the oceans during the Jurassic period.,False,No mention of Jurassic period or marine reptile insights.
7d93e7078bc0498e,B0,6,The skull measures over two meters in length.,True,Evidence states the fossil is 2m-long.
7d93e7078bc0498e,B0,7,The skull showcases the impressive size of pliosaurs.,False,Evidence does not discuss size showcasing purpose.
7d93e7078bc0498e,B0,8,The skull showcases the predatory features of pliosaurs.,False,Evidence does not mention predatory features.
7d93e7078bc0498e,B0,9,Pliosaurs were known for their powerful jaws.,False,No mention of powerful jaws in evidence.
7d93e7078bc0498e,B0,10,Pliosaurs were known for their large teeth.,False,No mention of large teeth in evidence.
7d93e7078bc0498e,B0,11,The exhibit aims to educate the public about prehistoric marine life.,False,Evidence does not state exhibit's educational aim.
7d93e7078bc0498e,B0,12,The exhibit aims to educate the public about the significance of paleontological discoveries in understanding Earth's history.,False,Evidence does not mention this educational purpose.
7d93e7078bc0498e,B1,1,A museum in Dorset is displaying a pliosaur skull.,True,Etches Collection in Dorset displays the pliosaur skull.
7d93e7078bc0498e,B1,2,The pliosaur skull is 2 meters long.,True,Evidence states the fossil is 2m-long.
7d93e7078bc0498e,B1,3,The display of the pliosaur skull has significantly increased visitor numbers at the museum.,True,Record visitor numbers attributed to the fossil display.
7d93e7078bc0498e,B1,4,The museum attracted nearly 10 times the usual visitor amount for January.,True,Evidence states almost 10 times usual January numbers.
7d93e7078bc0498e,B1,5,The museum is known as the Etches Collection.,True,Museum explicitly named Etches Collection.
7d93e7078bc0498e,B1,6,"The Etches Collection received 4,868 visitors as of January 11.",True,Matches evidence exactly.
7d93e7078bc0498e,B1,7,"The museum's busiest day recorded 1,064 visitors.",True,Matches busiest day figure in evidence.
7d93e7078bc0498e,B1,8,There is hope that the rest of the pliosaur's skeleton may still be found in the cliffs nearby.,True,"Evidence states skeleton may still be entombed in cliffs, hope to recover."
7d93e7078bc0498e,B1,9,The pliosaur skull was excavated by palaeontologist Steve Etches.,True,Steve Etches led the excavation per evidence.
7d93e7078bc0498e,M,1,A museum is located in Dorset.,True,"Etches Collection is in Kimmeridge, Dorset."
7d93e7078bc0498e,M,2,The museum is currently displaying a pliosaur skull.,True,Museum is displaying the skull as stated.
7d93e7078bc0498e,M,3,The pliosaur skull is 2 meters long.,True,Evidence states 2m-long pliosaur fossil.
7d93e7078bc0498e,M,4,The display of the pliosaur skull has significantly increased visitor numbers at the museum.,True,Record visitors linked to the fossil skull display.
7d93e7078bc0498e,M,5,"The museum attracted nearly 5,000 visitors in January.",True,"4,868 visitors by January 11 is nearly 5,000."
7d93e7078bc0498e,M,6,The museum's usual visitor number is 500.,True,Operations manager said usual number is about 500.
7d93e7078bc0498e,M,7,The skull was featured in a BBC film.,True,"Fossil featured in a BBC film, as stated."
7d93e7078bc0498e,M,8,The BBC film featured Sir David Attenborough.,True,BBC film featured Sir David Attenborough per evidence.
7d93e7078bc0498e,M,9,The BBC film contributed to the skull's popularity.,True,Image caption links documentary to visitor surge.
7d93e7078bc0498e,M,10,The museum has an operations manager.,True,Carla Crook is named as operations manager.
7d93e7078bc0498e,M,11,The museum's operations manager expressed hope that the rest of the pliosaur's skeleton may still be found.,False,"Steve Etches, not the operations manager, expressed that hope."
7d93e7078bc0498e,M,12,The pliosaur skeleton may still be found in the cliffs where it was discovered.,True,Evidence says rest of skeleton may be entombed in cliffs.
7d93e7078bc0498e,M_nocap,1,A Dorset museum is currently displaying a pliosaur skull.,True,Museum displaying the skull is stated directly.
7d93e7078bc0498e,M_nocap,2,The pliosaur skull is 2 meters long.,True,Evidence states 2m-long pliosaur fossil.
7d93e7078bc0498e,M_nocap,3,The display of the pliosaur skull has significantly increased visitor numbers.,True,Record visitor numbers attributed to the fossil display.
7d93e7078bc0498e,M_nocap,4,The visitor numbers are nearly 10 times the usual amount for January.,True,Almost 10 times usual January numbers stated.
7d93e7078bc0498e,M_nocap,5,The museum is known as the Etches Collection.,True,Museum named Etches Collection explicitly.
7d93e7078bc0498e,M_nocap,6,The Etches Collection is located in Kimmeridge.,True,Etches Collection located in Kimmeridge per evidence.
7d93e7078bc0498e,M_nocap,7,"The museum reported receiving 4,868 visitors as of January 11.",True,"4,868 visitors as of 11 January stated directly."
7d93e7078bc0498e,M_nocap,8,The museum's average visitor count for the entire month of January is about 500.,True,Usual January total said to be about 500.
7d93e7078bc0498e,M_nocap,9,The skull was featured in a BBC film with Sir David Attenborough.,True,Fossil featured in BBC film with Attenborough stated.
7d93e7078bc0498e,M_nocap,10,There is hope that the rest of the pliosaur's skeleton may still be found in the nearby cliffs.,True,"Rest of skeleton may still be in cliffs, hope stated."
83238963d98f26df,B0,1,Japan has been actively working to rescue its Slim Moon lander,False,Evidence doesn't mention active rescue efforts by Japan.
83238963d98f26df,B0,2,The Slim Moon lander encountered difficulties during its lunar mission,True,Solar power glitch and nose landing show difficulties during mission.
83238963d98f26df,B0,3,The Slim Moon lander was designed to demonstrate precision landing technology,True,Evidence describes new precision-navigation technologies used for landing.
83238963d98f26df,B0,4,The Slim Moon lander faced challenges that hindered its operations after entering the Moon's orbit,False,"Challenges arose after landing, not during orbit, per evidence."
83238963d98f26df,B0,5,Japanese space officials are exploring various strategies to re-establish communication with the Slim Moon lander,False,No mention of strategies to re-establish communication.
83238963d98f26df,B0,6,Japanese space officials are exploring various strategies to potentially regain control of the Slim Moon lander,False,No mention of strategies to regain control of lander.
83238963d98f26df,B0,7,Japanese space officials are emphasizing the importance of the Slim Moon lander mission for future lunar exploration,False,No statements about mission's importance for future exploration.
83238963d98f26df,B0,8,Japan is committed to advancing its space capabilities despite the setbacks with the Slim Moon lander,False,Evidence doesn't discuss Japan's broader commitment to space capabilities.
83238963d98f26df,B1,1,Japan's Slim lander successfully touched down on the Moon,True,Evidence states Slim successfully touched down on the Moon.
83238963d98f26df,B1,2,Slim lander encountered significant issues with its solar power system,True,Evidence mentions problems with its solar power system.
83238963d98f26df,B1,3,Slim lander's operational lifespan may be limited to just a few hours,True,Evidence states mission may live for just a few hours.
83238963d98f26df,B1,4,Slim lander ended up on its nose,True,Evidence states lander ended up on its nose.
83238963d98f26df,B1,5,Slim lander was rotated 90 degrees from its intended position,True,Evidence states it was rotated 90 degrees from how it should rest.
83238963d98f26df,B1,6,Slim lander's orientation complicated its ability to generate the necessary electricity,True,Evidence links orientation to difficulties generating electricity.
83238963d98f26df,B1,7,Slim lander landed near the Shioli crater,True,Evidence states landing location at edge of Shioli crater.
83238963d98f26df,B1,8,Soft landings on the lunar surface have historically had a low success rate,True,Evidence states only about half of landing attempts succeed.
83238963d98f26df,M,1,Japan's Slim lander successfully touched down on the Moon,True,Directly stated Japanese robot successfully touched down on the Moon.
83238963d98f26df,M,2,The Slim lander encountered significant issues with its solar power system,True,Evidence states problems with its solar power system.
83238963d98f26df,M,3,The solar power system issues may limit the Slim lander's operational lifespan to just a few hours,True,Evidence says mission may live for just a few hours.
83238963d98f26df,M,4,The Slim lander ended up on its nose,True,Evidence states the lander ended up on its nose.
83238963d98f26df,M,5,The Slim lander is positioned on a slope,True,Evidence states the spacecraft is on a slope.
83238963d98f26df,M,6,The Slim lander is surrounded by rocks,True,Evidence states it is surrounded by small rocks.
83238963d98f26df,M,7,The lander's position has complicated its ability to generate the necessary electricity,True,Evidence explains position explains difficulty generating electricity.
83238963d98f26df,M,8,The mission marks Japan as the fifth country to achieve a soft landing on the lunar surface,True,Evidence states Japan is fifth country to soft-land on Moon.
83238963d98f26df,M,9,The United States achieved a soft landing on the lunar surface before Japan,True,US listed among countries before Japan achieved soft landing.
83238963d98f26df,M,10,The Soviet Union achieved a soft landing on the lunar surface before Japan,True,Soviet Union listed among countries before Japan.
83238963d98f26df,M,11,China achieved a soft landing on the lunar surface before Japan,True,China listed among countries before Japan.
83238963d98f26df,M,12,India achieved a soft landing on the lunar surface before Japan,True,India listed among countries before Japan.
83238963d98f26df,M,13,The landing site is located near an equatorial crater known as Shioli,True,Evidence states landing location near Shioli crater.
83238963d98f26df,M_nocap,1,Japan's Slim lander successfully touched down on the Moon,True,Directly stated: Japanese robot successfully touched down on Moon.
83238963d98f26df,M_nocap,2,Slim lander encountered significant issues with its solar power system,True,Evidence states problems with solar power system.
83238963d98f26df,M_nocap,3,Slim lander's operational lifespan may be limited to just a few hours,True,Evidence says mission may live for just a few hours.
83238963d98f26df,M_nocap,4,Slim lander ended up on its nose,True,Directly stated Slim landed on its nose.
83238963d98f26df,M_nocap,5,Slim lander was rotated 90 degrees from its intended position,True,Evidence states it was rotated 90 degrees from intended position.
83238963d98f26df,M_nocap,6,Slim lander's orientation complicated its ability to generate electricity,True,Evidence links orientation to difficulty generating electricity.
83238963d98f26df,M_nocap,7,Slim lander landed near an equatorial crater called Shioli,True,Evidence states landing location at Shioli crater edge.
83238963d98f26df,M_nocap,8,Soft landings on the lunar surface are difficult,True,Evidence states soft landings are statistically very hard.
83238963d98f26df,M_nocap,9,Only a few countries have achieved soft landings on the lunar surface,True,Evidence lists only five countries achieving soft landings.
89c9c071ad2933e8,B0,1,A Japan Airlines plane caught fire on a runway at Tokyo's Haneda Airport.,True,Evidence confirms JAL plane caught fire on Haneda runway.
89c9c071ad2933e8,B0,2,The fire prompted an emergency response from fire crews.,False,No mention of fire crews responding.
89c9c071ad2933e8,B0,3,The fire prompted an emergency response from airport personnel.,False,No mention of airport personnel emergency response.
89c9c071ad2933e8,B0,4,The fire occurred during the aircraft's taxiing process.,False,"Fire occurred after landing/collision on runway, not during taxiing."
89c9c071ad2933e8,B0,5,The fire led to the evacuation of passengers.,True,Evacuation of passengers is described in detail.
89c9c071ad2933e8,B0,6,The fire led to the evacuation of crew.,True,Crew are described evacuating along with passengers.
89c9c071ad2933e8,B0,7,There were no reported injuries from the fire.,False,Evidence states five coastguard crew died and pilot injured.
89c9c071ad2933e8,B0,8,The fire was quickly brought under control.,False,No mention of fire being quickly controlled.
89c9c071ad2933e8,B0,9,Investigations are underway to determine the cause of the fire.,True,Investigation into cause of collision/crash is mentioned.
89c9c071ad2933e8,B0,10,Investigations are underway to assess any potential damage to the aircraft.,False,No mention of investigating damage to the aircraft.
89c9c071ad2933e8,B1,1,A Japan Airlines plane caught fire on the runway at Tokyo's Haneda Airport.,True,Evidence states JAL plane caught fire on Haneda runway.
89c9c071ad2933e8,B1,2,The Japan Airlines plane caught fire after colliding with a smaller coastguard aircraft.,True,Evidence says fire occurred after collision with coastguard plane.
89c9c071ad2933e8,B1,3,The coastguard aircraft was not cleared for take-off.,True,Multiple evidence pieces confirm coastguard plane not cleared for take-off.
89c9c071ad2933e8,B1,4,The Japan Airlines plane involved was Japan Airlines Flight 516.,True,Evidence explicitly names Japan Airlines Flight 516.
89c9c071ad2933e8,B1,5,There were 379 passengers and crew on Japan Airlines Flight 516.,True,Evidence states 379 passengers and crew on board.
89c9c071ad2933e8,B1,6,All 379 passengers and crew on Japan Airlines Flight 516 were safely evacuated.,True,Evidence confirms all 379 were safely evacuated.
89c9c071ad2933e8,B1,7,The last person evacuated escaped just before the aircraft was engulfed in flames.,True,Evidence states last person escaped just before plane engulfed in flames.
89c9c071ad2933e8,B1,8,The evacuation was executed with precision.,True,Evidence describes a 'flawless evacuation' with 'life-saving precision.'
89c9c071ad2933e8,B1,9,The crew instructed passengers to leave behind personal belongings.,True,Evidence says passengers left hand luggage per crew instructions.
89c9c071ad2933e8,B1,10,The crew's instructions to leave behind personal belongings contributed to the speed of the escape.,True,Evidence states leaving valuables was a 'major factor' in evacuation speed.
89c9c071ad2933e8,B1,11,There were six individuals on the coastguard plane.,True,Evidence states six people were on board the coastguard plane.
89c9c071ad2933e8,B1,12,Five of the six individuals on the coastguard plane died in the incident.,True,Evidence confirms five of six coastguard plane occupants died.
89c9c071ad2933e8,M,1,A Japan Airlines plane caught fire on the runway at Tokyo's Haneda Airport,True,Confirmed by multiple articles about JAL plane fire at Haneda.
89c9c071ad2933e8,M,2,The Japan Airlines plane caught fire after colliding with a coastguard aircraft,True,Evidence states collision with coastguard plane caused the fire.
89c9c071ad2933e8,M,3,The coastguard aircraft was not cleared for take-off,True,Directly stated in transcripts and headline.
89c9c071ad2933e8,M,4,The Japan Airlines flight involved was Flight 516,True,Explicitly named as Japan Airlines Flight 516.
89c9c071ad2933e8,M,5,All 379 passengers and crew on Japan Airlines Flight 516 were successfully evacuated,True,Multiple sources confirm all 379 evacuated safely.
89c9c071ad2933e8,M,6,The quick evacuation response was attributed to the crew's instructions,True,Evacuation speed attributed to compliance with crew's instructions.
89c9c071ad2933e8,M,7,The quick evacuation response was attributed to the passengers' decision to leave their belongings behind,True,Leaving valuables behind called a 'major factor' in evacuation speed.
89c9c071ad2933e8,M,8,There were six people on the coastguard plane,True,Article 1 and 4 state six people were on board coastguard plane.
89c9c071ad2933e8,M,9,Five of the six people on the coastguard plane died in the incident,True,Stated explicitly that five of six died.
89c9c071ad2933e8,M,10,Investigations are ongoing to determine the cause of the collision,True,Article 1 states investigation is underway into the cause.
89c9c071ad2933e8,M,11,The collision was linked to miscommunication between the flight crew and air traffic controllers,True,Article 1 states crash was due to miscommunication with air traffic controllers.
89c9c071ad2933e8,M_nocap,1,A Japan Airlines plane caught fire on the runway at Tokyo's Haneda Airport.,True,Evidence states plane caught fire on Haneda runway.
89c9c071ad2933e8,M_nocap,2,The Japan Airlines plane caught fire after colliding with a coastguard aircraft.,True,Evidence states it collided with coastguard plane causing fireball.
89c9c071ad2933e8,M_nocap,3,The coastguard aircraft was smaller than the Japan Airlines plane.,True,Coastguard plane described as smaller aircraft.
89c9c071ad2933e8,M_nocap,4,The coastguard aircraft was not cleared for take-off.,True,Transcripts show coastguard plane not cleared for take-off.
89c9c071ad2933e8,M_nocap,5,There were 379 passengers and crew on the Japan Airlines flight.,True,Multiple mentions of 379 passengers and crew.
89c9c071ad2933e8,M_nocap,6,All 379 passengers and crew on the Japan Airlines flight were successfully evacuated.,True,Evidence confirms all 379 safely evacuated.
89c9c071ad2933e8,M_nocap,7,The evacuation was praised for its speed.,True,Speed of evacuation highlighted by aviation experts.
89c9c071ad2933e8,M_nocap,8,The evacuation was praised for its efficiency.,False,"Evidence calls it flawless, not explicitly 'efficient'."
89c9c071ad2933e8,M_nocap,9,The evacuation was aided by the crew's instructions to leave behind personal belongings.,True,Leaving luggage per crew instructions cited as major factor.
89c9c071ad2933e8,M_nocap,10,There were six people on the coastguard plane.,True,Evidence states six people were on board coastguard plane.
89c9c071ad2933e8,M_nocap,11,Five of the six people on the coastguard plane died in the incident.,True,"Five of six coastguard plane occupants died, confirmed."
89c9c071ad2933e8,M_nocap,12,Investigations are ongoing to determine the cause of the collision.,True,Investigation underway into cause of collision stated.
89c9c071ad2933e8,M_nocap,13,The collision was attributed to miscommunication between the flight crew and air traffic controllers.,True,Crash found due to miscommunication with air traffic controllers.
8e32e0ffa7a63583,B0,1,Two men were sentenced to prison.,True,"Peterkin and Mehmet sentenced to nine months in prison, evidence #1."
8e32e0ffa7a63583,B0,2,The two men were sentenced for the murder of a schoolgirl.,False,"Men were convicted of conspiracy to steal parcels, not murder of a schoolgirl."
8e32e0ffa7a63583,B0,3,The case has drawn significant public attention.,False,Evidence doesn't characterize level of public attention.
8e32e0ffa7a63583,B0,4,The case has drawn public outrage.,False,No mention of public outrage in evidence.
8e32e0ffa7a63583,B0,5,The court heard details of the crime.,False,No matching case with court detailing crime against a schoolgirl.
8e32e0ffa7a63583,B0,6,The details highlighted the tragic circumstances surrounding the young victim's death.,False,No such victim or details exist in evidence.
8e32e0ffa7a63583,B0,7,The victim was a young person.,False,No young victim described in any matching case.
8e32e0ffa7a63583,B0,8,The sentencing has sparked discussions about safety for vulnerable individuals.,False,No such sentencing or discussion mentioned in evidence.
8e32e0ffa7a63583,B0,9,The sentencing has sparked discussions about justice for vulnerable individuals.,False,No such sentencing or discussion mentioned in evidence.
8e32e0ffa7a63583,B0,10,The sentencing has sparked calls for stronger measures to prevent such incidents in the future.,False,No such calls or measures mentioned in evidence.
8e32e0ffa7a63583,B0,11,The case has left a lasting impact on the community.,False,No community impact described for this claim's context.
8e32e0ffa7a63583,B0,12,The community is mourning the loss of a promising young life.,False,No mourning or young victim mentioned in evidence.
8e32e0ffa7a63583,B1,1,The evidence covers wrongful convictions linked to a corrupt police officer.,True,"Article 1 describes convictions quashed linked to a racist, corrupt officer."
8e32e0ffa7a63583,B1,2,The evidence covers a school dormitory fire in China.,True,"Article 2 covers a school dormitory fire in Henan, China."
8e32e0ffa7a63583,B1,3,The evidence covers police failings in handling grooming gangs.,True,Article 3 describes police failings in grooming gang cases in Rochdale.
8e32e0ffa7a63583,B1,4,The evidence covers a school shooting trial.,True,Article 4 covers Michigan school shooter's mother's trial.
8e32e0ffa7a63583,B1,5,The evidence covers an inmate facing execution.,True,Article 5 covers Kenneth Smith facing nitrogen execution.
8e32e0ffa7a63583,B1,6,The evidence does not provide information specifically about men jailed for the murder of a schoolgirl.,True,"Evidence mentions mail theft convictions, not murder of a schoolgirl."
8e32e0ffa7a63583,M,1,A triple killer had mental health issues,True,"Calocane, a triple killer, had a history of mental health problems."
8e32e0ffa7a63583,M,2,British brothers were jailed for a museum heist,True,Ahearne brothers jailed for confessing to museum heist theft.
8e32e0ffa7a63583,M,3,A rugby player was jailed for assault,True,Rugby player Api Ratuniyarawa was jailed for assaulting three women.
8e32e0ffa7a63583,M,4,A school shooter faced trial,False,"It's the shooter's mother on trial, not the shooter himself."
8e32e0ffa7a63583,M,5,A school dormitory fire occurred in China,True,"Fire at school dormitory in Henan province, China, confirmed."
8e32e0ffa7a63583,M_nocap,1,A triple killer had mental health issues.,True,Evidence states triple killer had history of mental health problems.
8e32e0ffa7a63583,M_nocap,2,British brothers were jailed for a museum heist.,True,Evidence confirms brothers jailed for museum heist.
8e32e0ffa7a63583,M_nocap,3,A rugby player committed assaults.,True,Rugby player Ratuniyarawa jailed for attacking three women.
8e32e0ffa7a63583,M_nocap,4,A school shooter had a trial.,True,Evidence describes trial proceedings related to the shooter's case.
8e32e0ffa7a63583,M_nocap,5,A school dormitory fire occurred in China.,True,"Evidence confirms school dormitory fire in Henan province, China."
983767de831d0023,B0,1,The NHS has made recent changes to earwax removal services.,False,Evidence never mentions earwax removal services.
983767de831d0023,B0,2,The recent changes to NHS earwax removal services have sparked significant discussion.,False,No mention of earwax removal discussion in evidence.
983767de831d0023,B0,3,Many patients face increased barriers to accessing earwax removal treatment.,False,Evidence does not discuss earwax removal access barriers.
983767de831d0023,B0,4,The NHS has shifted its focus towards more urgent medical needs.,False,No evidence of NHS shifting focus to urgent needs stated.
983767de831d0023,B0,5,This shift has led to a reduction in the availability of NHS earwax removal services.,False,No mention of reduced earwax removal availability.
983767de831d0023,B0,6,Earwax removal services are often considered non-essential.,False,Evidence never discusses earwax removal as non-essential.
983767de831d0023,B0,7,Patients are now being encouraged to manage earwax issues at home.,False,No mention of home management encouragement for earwax.
983767de831d0023,B0,8,Patients are now being encouraged to seek private treatment for earwax issues.,False,No mention of private treatment encouragement for earwax.
983767de831d0023,B0,9,There are concerns about the potential impact of reduced earwax removal services on those with hearing difficulties.,False,No mention of hearing difficulties or earwax impact.
983767de831d0023,B0,10,Critics argue that the reduction in earwax removal services could exacerbate health inequalities.,False,No critics or health inequalities discussion regarding earwax found.
983767de831d0023,B0,11,Critics argue that this could particularly affect vulnerable populations.,False,No mention of vulnerable populations regarding earwax services.
983767de831d0023,B0,12,Vulnerable populations may struggle to afford private care.,False,No mention of affordability of private care for earwax.
983767de831d0023,B1,1,The evidence does not provide any information regarding changes to NHS earwax removal access.,True,No mention of earwax removal in the evidence.
983767de831d0023,B1,2,The evidence primarily discusses issues related to waiting lists.,True,Waiting list issues discussed in articles 1 and 3.
983767de831d0023,B1,3,The evidence discusses the impact of junior doctors' strikes on NHS services.,True,Article 2 discusses junior doctors' strike impact on NHS services.
983767de831d0023,B1,4,The evidence discusses unmet NHS targets.,True,Article 3 discusses unmet NHS targets explicitly.
983767de831d0023,B1,5,There is insufficient evidence to summarize the topic of NHS earwax removal access changes.,True,No mention of earwax removal access changes in evidence.
983767de831d0023,M,1,The evidence does not provide specific information regarding changes to NHS earwax removal access.,True,Evidence never mentions earwax removal at all.
983767de831d0023,M,2,The evidence discusses broader issues related to NHS performance.,True,"Evidence broadly covers NHS targets, waiting lists, strikes, cancer care."
983767de831d0023,M,3,The broader issues include missed targets for various treatments.,True,"Evidence discusses missed targets for A&E, cancer, and waiting times."
983767de831d0023,M,4,The broader issues include the impact of waiting lists on patients.,True,Evidence describes waiting list errors affecting patients' surgeries.
983767de831d0023,M,5,The evidence mentions delays in surgeries.,True,Evidence describes delayed orthopaedic surgeries due to waiting list errors.
983767de831d0023,M,6,The evidence mentions overall strain on NHS services.,True,Evidence mentions NHS services under immense strain per Macmillan quote.
983767de831d0023,M,7,The evidence contains no direct reference to earwax removal.,True,No mention of earwax removal anywhere in evidence.
983767de831d0023,M,8,The evidence contains no direct reference to earwax removal access changes.,True,No mention of earwax removal access changes anywhere in evidence.
983767de831d0023,M_nocap,1,The evidence does not specifically address changes to NHS earwax removal access.,True,No mention of earwax removal anywhere in evidence.
983767de831d0023,M_nocap,2,The evidence discusses broader issues related to NHS performance.,True,Evidence broadly covers NHS performance issues like targets and waiting lists.
983767de831d0023,M_nocap,3,The broader issues discussed include missed targets for treatment.,True,"Missed targets for A&E, cancer, and waiting times are discussed."
983767de831d0023,M_nocap,4,The broader issues discussed include waiting lists for various medical services.,True,"Waiting lists for treatment, surgery, and cancer are discussed."
983767de831d0023,M_nocap,5,Reports highlight ongoing challenges in the NHS.,True,Multiple articles describe ongoing NHS challenges like missed targets and strikes.
983767de831d0023,M_nocap,6,The ongoing challenges include delays in non-emergency treatments.,True,Waiting list numbers for non-emergency treatment are discussed as ongoing issue.
983767de831d0023,M_nocap,7,The ongoing challenges include the impact of strikes on waiting times.,True,Evidence discusses strikes lengthening waiting lists and affecting treatment.
983767de831d0023,M_nocap,8,The reports do not mention earwax removal.,True,No mention of earwax removal in any evidence text.
983767de831d0023,M_nocap,9,The reports do not mention services related to earwax removal.,True,No mention of earwax removal services in the evidence.
991dfb0ad328e47a,B0,1,A grandmother's mistreatment was captured on hidden camera.,False,Evidence has no story about a grandmother or hidden camera.
991dfb0ad328e47a,B0,2,The hidden camera footage led to the arrest of the grandmother's abusers.,False,No such content exists in the evidence.
991dfb0ad328e47a,B0,3,The footage revealed instances of neglect.,False,No mention of neglect footage or grandmother in evidence.
991dfb0ad328e47a,B0,4,The footage revealed instances of physical abuse.,False,No mention of physical abuse footage or grandmother.
991dfb0ad328e47a,B0,5,Law enforcement took swift action in response to the footage.,False,No related incident or law enforcement response described.
991dfb0ad328e47a,B0,6,Family members expressed outrage over the situation.,False,No family reaction to such an incident in evidence.
991dfb0ad328e47a,B0,7,Advocates expressed outrage over the situation.,False,No advocates or outrage mentioned regarding this topic.
991dfb0ad328e47a,B0,8,Family members and advocates emphasized the need for better protections for vulnerable individuals in care settings.,False,No such statements about care settings protections exist.
991dfb0ad328e47a,B0,9,The incident sparked discussions about the importance of monitoring in elder care facilities.,False,No elder care monitoring discussion in evidence.
991dfb0ad328e47a,B0,10,The incident sparked discussions about the importance of oversight in elder care facilities.,False,No elder care oversight discussion in evidence.
991dfb0ad328e47a,B0,11,The discussions aimed at preventing similar abuses in the future.,False,No discussions about preventing such abuses appear.
991dfb0ad328e47a,B1,1,The evidence covers a scandal involving postmasters.,True,Evidence [1] discusses Post Office scandal involving postmasters imprisoned.
991dfb0ad328e47a,B1,2,The evidence covers issues with pre-recording evidence in rape cases.,True,Evidence [2] discusses pre-recording evidence issues in rape cases.
991dfb0ad328e47a,B1,3,The evidence covers a false rape accusation case.,True,Evidence [3] describes Eleanor Williams' false rape claims case.
991dfb0ad328e47a,B1,4,The evidence covers a shooting incident.,True,Evidence [4] describes a shooting outside a pub.
991dfb0ad328e47a,B1,5,The evidence covers a personal project about dementia.,True,Evidence [5] describes photo project on mother's dementia.
991dfb0ad328e47a,M,1,The evidence does not provide any information regarding a grandmother's abusers being caught by hidden camera.,True,No mention of a grandmother's abusers or hidden camera anywhere in evidence.
991dfb0ad328e47a,M,2,The evidence covers a false rape allegation case.,True,Evidence describes Eleanor Williams' false rape allegations case.
991dfb0ad328e47a,M,3,The evidence covers an attempted kidnapping.,True,Evidence describes attempted kidnap in Llanelli.
991dfb0ad328e47a,M,4,The evidence covers a police investigation into multiple deaths.,True,Evidence describes police investigation into four deaths in Norwich.
991dfb0ad328e47a,M,5,The evidence covers a personal project documenting dementia.,True,Evidence describes photojournalist's project documenting mother's dementia.
991dfb0ad328e47a,M,6,The evidence covers undercover police operations targeting watch thieves.,True,Evidence describes Met Police undercover stings targeting watch thieves.
991dfb0ad328e47a,M,7,There is insufficient evidence related to the query about a grandmother's abusers being caught by hidden camera.,True,No evidence mentions a grandmother's abusers or hidden camera topic.
991dfb0ad328e47a,M_nocap,1,The evidence does not provide any information regarding a grandmother's abusers being caught by hidden camera.,True,No mention of a grandmother or hidden camera abusers in evidence.
991dfb0ad328e47a,M_nocap,2,The evidence covers a false rape claim.,True,Eleanor Williams' false rape claims are described in evidence.
991dfb0ad328e47a,M_nocap,3,The evidence covers an attempted kidnapping.,True,Llanelli attempted kidnap incident is detailed in evidence.
991dfb0ad328e47a,M_nocap,4,The evidence covers a police investigation into multiple deaths.,True,Norfolk Police investigation into four deaths is described.
991dfb0ad328e47a,M_nocap,5,The evidence covers a personal project about dementia.,True,Photojournalist's personal project on mother's dementia is described.
991dfb0ad328e47a,M_nocap,6,The evidence covers undercover police operations targeting watch thieves.,True,Met Police undercover operation against watch thieves is described.
991dfb0ad328e47a,M_nocap,7,There is insufficient evidence to address the query.,False,"Evidence contains substantial relevant information, contradicting insufficiency claim."
99b9ab090a86fa86,B0,1,A young boy died.,True,"Multiple articles describe deaths of young boys (e.g., Christopher, Alfie, Harry)."
99b9ab090a86fa86,B0,2,The death was ruled as a dangerous prank gone wrong.,False,No death is ruled officially as a dangerous prank gone wrong.
99b9ab090a86fa86,B0,3,The boy was participating in a risky activity.,False,No evidence describes a boy participating in a risky activity generally.
99b9ab090a86fa86,B0,4,The risky activity escalated unexpectedly.,False,No mention of an activity escalating unexpectedly.
99b9ab090a86fa86,B0,5,The escalation led to fatal consequences.,False,No such escalation-to-fatal-consequences narrative is given.
99b9ab090a86fa86,B0,6,Authorities are investigating the circumstances surrounding the event.,True,"Several articles mention investigations, e.g., Henan fire and Birmingham stabbing."
99b9ab090a86fa86,B0,7,Authorities are emphasizing the need for awareness about the dangers of such pranks.,False,No evidence of authorities emphasizing awareness about prank dangers.
99b9ab090a86fa86,B0,8,The incident has sparked discussions about youth safety.,False,No mention of discussions about youth safety sparked by the incident.
99b9ab090a86fa86,B0,9,The incident has sparked discussions about the potential risks associated with reckless behavior.,False,No evidence of discussions about risks of reckless behavior.
99b9ab090a86fa86,B1,1,A boy died in an incident related to a school.,True,Norwich article mentions a pupil's death related to school.
99b9ab090a86fa86,B1,2,The circumstances of the boy's death related to a school incident are not clarified as a prank in the evidence.,True,Evidence doesn't call the school death incident a prank.
99b9ab090a86fa86,B1,3,A report discusses a drowning incident.,True,Article 4 discusses Christopher Kapessa's drowning.
99b9ab090a86fa86,B1,4,"In the drowning incident, a push was described as a ""foolish prank.""",True,CPS described push as a 'foolish prank' per evidence.
99b9ab090a86fa86,B1,5,The report on the drowning incident does not confirm a ruling on the death.,True,"Evidence shows dispute over push, no ruling confirmed."
99b9ab090a86fa86,M,1,One report discusses a boy who drowned after being pushed.,True,Article 3 describes Christopher drowning after allegedly being pushed.
99b9ab090a86fa86,M,2,"The incident of the boy drowning after being pushed was described as a ""foolish prank.""",True,CPS claimed the push was a 'foolish prank' per evidence.
99b9ab090a86fa86,M,3,The incident of the boy drowning after being pushed is framed within a context of potential racial bias in the legal response.,True,"Family accused CPS and police of institutional racism, indicating racial bias context."
99b9ab090a86fa86,M,4,Other reports focus on different cases of child abuse and violence.,True,"Reports cover Alfie Steele abuse, Michigan shooting, Harry Pitman murder - violence/abuse cases."
99b9ab090a86fa86,M,5,Other reports include a case of a boy's murder.,True,Harry Pitman article covers a boy's murder by stabbing.
99b9ab090a86fa86,M,6,Other reports include a case of a school shooting.,True,Michigan school shooter article describes a school shooting case.
99b9ab090a86fa86,M_nocap,1,The coverage includes various incidents involving the deaths of boys.,True,"Multiple stories cover boys' deaths (Alfie, Christopher, Harry, shooting)."
99b9ab090a86fa86,M_nocap,2,The coverage does not specifically address a boy's death ruled as a dangerous prank incident.,False,"Evidence does explicitly mention the 'foolish prank' framing, contradicting this claim."
99b9ab090a86fa86,M_nocap,3,One report discusses a boy who drowned.,True,Christopher Kapessa's story is about a drowned boy.
99b9ab090a86fa86,M_nocap,4,The boy drowned after being pushed.,False,"Push is contested; evidence suggests possible slip, not confirmed push."
99b9ab090a86fa86,M_nocap,5,The push was described as a 'foolish prank.',True,CPS described the push as a 'foolish prank' per evidence.
99b9ab090a86fa86,M_nocap,6,The circumstances surrounding the drowning incident are debated.,True,Court testimony disputes whether it was a push or a slip.
99b9ab090a86fa86,M_nocap,7,Claims of malice in the drowning incident are denied.,True,Teenager said push 'wasn't meant with any malice.'
99b9ab090a86fa86,M_nocap,8,Other reports focus on different tragic events involving boys.,True,"Other articles cover Alfie Steele, Harry Pitman, and shooting cases."
99b9ab090a86fa86,M_nocap,9,One of the other reports involves a murder case.,True,Harry Pitman article involves murder arrest.
99b9ab090a86fa86,M_nocap,10,One of the other reports involves a school shooting.,True,Michigan article covers a school shooting.
99b9ab090a86fa86,M_nocap,11,None of the other reports directly relate to a dangerous prank leading to a boy's death.,False,Claim 2 already contradicts this; prank incident is addressed within evidence.
9b014383333a7c4c,B0,1,Ofsted is the UK's education watchdog.,False,Evidence never describes Ofsted as UK's education watchdog.
9b014383333a7c4c,B0,2,There have been recent discussions surrounding Ofsted.,True,"Meeting, review, and coroner report discussions about Ofsted are described."
9b014383333a7c4c,B0,3,There is a growing call for Ofsted to adopt a more empathetic approach.,False,No mention of calls for a more empathetic approach.
9b014383333a7c4c,B0,4,A headteacher died.,True,"Ruth Perry, a head teacher, died as described in evidence."
9b014383333a7c4c,B0,5,The headteacher's death is linked to an Ofsted inspection.,True,Ofsted apologized for its inspection's role in her death.
9b014383333a7c4c,B0,6,The death of the headteacher is described as tragic.,False,Evidence uses word 'tragedies' but not specifically describing her death as tragic.
9b014383333a7c4c,B0,7,Critics argue that the current inspection framework can be overly harsh and stressful.,False,No mention of critics calling framework harsh or stressful.
9b014383333a7c4c,B0,8,Critics argue that the current inspection framework contributes to a toxic environment for educators.,False,No mention of a toxic environment claim.
9b014383333a7c4c,B0,9,There is an increasing demand for reforms that prioritize mental health and well-being within schools.,False,No mention of demand for mental health-focused reforms.
9b014383333a7c4c,B0,10,There is a demand urging Ofsted to consider the human impact of their evaluations.,False,No explicit demand about considering human impact of evaluations.
9b014383333a7c4c,B0,11,The situation has sparked a broader conversation about the need for a more supportive and understanding framework in educational assessments.,False,No broader conversation about supportive assessment framework mentioned.
9b014383333a7c4c,B1,1,Ofsted acknowledged its role in the suicide of Ruth Perry.,True,Sir Martyn apologised for Ofsted's role in Ruth's death.
9b014383333a7c4c,B1,2,Ruth Perry was a head teacher.,True,Referred to as 'Caversham Primary head teacher'.
9b014383333a7c4c,B1,3,Ruth Perry died by suicide.,False,Evidence mentions death and suicide risk but doesn't state Ruth Perry died by suicide.
9b014383333a7c4c,B1,4,Ofsted expressed a commitment to improving its practices.,True,Ofsted promised major review and DfE promised changes.
9b014383333a7c4c,B1,5,Ofsted's commitment to improving its practices followed a coroner's warning about the risk of future deaths.,True,Commitment came in response to coroner's report and PFD notice.
9b014383333a7c4c,B1,6,A coroner warned about the risk of future deaths.,True,Coroner Heidi Connor warned of risk of further deaths.
9b014383333a7c4c,B1,7,The coroner highlighted a lack of training for inspectors to recognize signs of distress in school leaders.,True,Coroner cited absence of training for spotting distress signs.
9b014383333a7c4c,B1,8,The lack of training for inspectors to recognize signs of distress in school leaders contributed to the tragic outcome.,False,Evidence doesn't explicitly state training gap contributed to the outcome.
9b014383333a7c4c,B1,9,Ofsted has a new chief inspector.,True,Sir Martyn Oliver became chief inspector on 1 January 2024.
9b014383333a7c4c,B1,10,Ofsted's new chief inspector promised a review of safeguarding procedures.,True,Ofsted promised a major review of safeguarding handling.
9b014383333a7c4c,B1,11,Ofsted's new chief inspector emphasized the need for empathy in their inspections.,False,"Evidence shows condolences/emotion, not explicit emphasis on empathy in inspections."
9b014383333a7c4c,B1,12,Ofsted's new chief inspector emphasized the need for reflection in their inspections.,True,Inspectors asked to pause for reflection during training.
9b014383333a7c4c,B1,13,Ofsted officials met with Ruth Perry's family.,True,"Sister met Ofsted official, first such meeting since death."
9b014383333a7c4c,B1,14,The meeting between Ofsted officials and Ruth Perry's family marked a significant step in addressing the concerns raised.,False,Evidence doesn't characterize the meeting's significance this way.
9b014383333a7c4c,B1,15,The meeting between Ofsted officials and Ruth Perry's family aimed at ensuring that such tragedies do not recur.,False,Evidence doesn't state this was the meeting's aim.
9b014383333a7c4c,M,1,Ofsted acknowledged its role in the suicide of Ruth Perry.,True,Ofsted apologised for the part its inspection played in her death.
9b014383333a7c4c,M,2,Ruth Perry was a head teacher.,True,Article refers to her as 'Caversham Primary head teacher'.
9b014383333a7c4c,M,3,Ruth Perry died by suicide.,True,Article title and context refer to Ruth Perry's death/suicide.
9b014383333a7c4c,M,4,Ofsted committed to a major review of its handling of safeguarding concerns.,True,Ofsted promised a major review of how it handled safeguarding concerns.
9b014383333a7c4c,M,5,A coroner's report was issued regarding the case.,True,Coroner Heidi Connor's report/inquest is mentioned.
9b014383333a7c4c,M,6,The coroner's report highlighted a lack of training for inspectors to recognize signs of distress in school leaders.,True,Coroner noted 'almost complete absence of Ofsted training' for spotting distress.
9b014383333a7c4c,M,7,The coroner's report prompted Ofsted to express condolences.,True,Ofsted responded to the report with condolences and apology.
9b014383333a7c4c,M,8,The coroner's report prompted Ofsted to promise reforms.,True,Ofsted promised a major review in response to the report.
9b014383333a7c4c,M,9,Ofsted has a new chief inspector.,True,Sir Martyn Oliver became chief inspector on 1 January 2024.
9b014383333a7c4c,M,10,The new chief inspector emphasized the need for empathy during inspections.,False,No mention of empathy specifically; only pause for reflection and apology.
9b014383333a7c4c,M,11,The new chief inspector emphasized the need for reflection during inspections.,True,Sir Martyn said inspectors would pause for reflection during training.
9b014383333a7c4c,M,12,The new chief inspector's comments indicate a shift in Ofsted's approach to safeguarding.,False,Evidence doesn't frame comments as indicating a shift in safeguarding approach.
9b014383333a7c4c,M,13,The new chief inspector's comments indicate a shift in Ofsted's approach to mental health awareness.,False,Evidence doesn't discuss mental health awareness shift specifically.
9b014383333a7c4c,M,14,Concerns have been raised about the potential for future tragedies if changes are not implemented.,True,Coroner warned of risk of further deaths unless action is taken.
9b014383333a7c4c,M,15,Ofsted's response follows the concerns raised about potential future tragedies.,True,Ofsted's review and apology came after the coroner's warning.
9b014383333a7c4c,M_nocap,1,Ofsted has acknowledged its role in the suicide of Ruth Perry.,True,Sir Martyn apologised for inspection's role in her death.
9b014383333a7c4c,M_nocap,2,Ruth Perry was a head teacher.,True,Article calls her Caversham Primary head teacher.
9b014383333a7c4c,M_nocap,3,Ruth Perry died by suicide.,True,Article title and context describe her suicide.
9b014383333a7c4c,M_nocap,4,Ofsted has committed to a major review of its handling of safeguarding concerns.,True,Ofsted promised a major review of safeguarding handling.
9b014383333a7c4c,M_nocap,5,A coroner issued a warning about the risk of future deaths without changes.,True,Coroner warned of risk of further deaths unless action taken.
9b014383333a7c4c,M_nocap,6,Ofsted has a new chief inspector.,True,Sir Martyn Oliver became chief inspector on 1 January.
9b014383333a7c4c,M_nocap,7,Ofsted's new chief inspector expressed condolences.,True,He expressed deepest condolences to Ruth's family and friends.
9b014383333a7c4c,M_nocap,8,Ofsted's new chief inspector emphasized the need for empathy in Ofsted's inspections.,False,Evidence doesn't mention emphasis on empathy in inspections.
9b014383333a7c4c,M_nocap,9,The coroner's report highlighted a lack of training for inspectors to recognize signs of distress in school leaders.,True,Coroner worried about absence of training for spotting distress.
9b014383333a7c4c,M_nocap,10,Ofsted is considering reforms in response to the coroner's report.,True,Sir Martyn discussed reforms with Ruth's sister.
9b014383333a7c4c,M_nocap,11,One reform being considered by Ofsted is pausing for reflection during training sessions.,True,Inspectors asked to pause for reflection during anniversary training.
9b014383333a7c4c,M_nocap,12,A meeting took place between Ofsted officials and Ruth Perry's family.,True,"Sir Martyn met Ruth's sister, Prof Julia Waters."
9b014383333a7c4c,M_nocap,13,The meeting between Ofsted officials and Ruth Perry's family marked a significant step in addressing these issues.,False,Evidence doesn't characterize meeting as a significant step.
9c112637f060fec0,B0,1,A jet crash occurred in Ukraine.,False,"Crash occurred in Belgorod region, Russia, not Ukraine."
9c112637f060fec0,B0,2,The jet crash resulted in the deaths of several Ukrainian prisoners of war.,True,Russia said 65 Ukrainian POWs died in the crash.
9c112637f060fec0,B0,3,The circumstances of the jet crash are still being investigated.,True,Article title and content show unanswered questions and ongoing verification.
9c112637f060fec0,B0,4,The jet crash has raised concerns about the treatment of PoWs in conflict zones.,False,"Evidence discusses safety, not treatment, of PoWs specifically."
9c112637f060fec0,B0,5,The jet crash has raised concerns about the safety of PoWs in conflict zones.,True,Zelensky demanded inquiry; intelligence said Russia responsible for safety of prisoners.
9c112637f060fec0,B0,6,Eyewitness accounts about the jet crash exist.,True,"BBC verified a video showing the crash, implying eyewitness footage."
9c112637f060fec0,B0,7,Official statements about the jet crash have been made.,True,"Multiple officials (Gladkov, Zelensky, Yusov) made statements about the crash."
9c112637f060fec0,B0,8,Eyewitness accounts and official statements have sparked discussions about the implications of the jet crash on international humanitarian law.,False,No mention of international humanitarian law discussions in evidence.
9c112637f060fec0,B0,9,Eyewitness accounts and official statements have sparked discussions about the implications of the jet crash on the ongoing conflict in Ukraine.,False,Evidence doesn't frame this as sparking discussion on conflict implications.
9c112637f060fec0,B0,10,The jet crash has drawn attention to the treatment of captured soldiers.,True,Coverage of PoWs on the plane relates to treatment of captured soldiers.
9c112637f060fec0,B0,11,The jet crash has drawn attention to the need for accountability in wartime actions.,True,Zelensky's demand for international inquiry implies accountability concerns.
9c112637f060fec0,B1,1,A plane crashed in the Belgorod region.,True,Evidence states plane crashed in Belgorod region.
9c112637f060fec0,B1,2,The plane that crashed was an Il-76.,True,Evidence names plane as Il-76.
9c112637f060fec0,B1,3,Ukrainian President Zelensky accused Russia of endangering the lives of Ukrainian prisoners of war on board the plane.,True,Zelensky accused Russia of playing with lives of Ukrainian POWs.
9c112637f060fec0,B1,4,Ukraine's military intelligence indicated that Russia is responsible for ensuring the safety of these defenders.,True,Military intelligence said it's Russia's responsibility to ensure safety of defenders.
9c112637f060fec0,B1,5,Ukraine's military intelligence stated this responsibility was based on prior agreements.,True,Statement referenced agreements that had been reached.
9c112637f060fec0,B1,6,Russia claims that 65 Ukrainian prisoners of war were on the downed Il-76 plane.,True,Russia says 65 Ukrainian POWs died on IL-76 plane.
9c112637f060fec0,B1,7,Ukrainian officials have stated that there is no clear evidence to support Russia's claim that 65 Ukrainian prisoners of war were on the downed plane.,True,Yusov said there is no clear information about prisoners of war.
9c112637f060fec0,B1,8,Ukrainian officials suspect that Russia is withholding information.,True,Yusov accused Moscow of hiding information.
9c112637f060fec0,B1,9,There are conflicting reports about the contents of the plane.,True,"Reports vary between missiles, POWs, unverified claims about cargo."
9c112637f060fec0,B1,10,There are conflicting reports about the circumstances surrounding the crash.,True,Multiple unresolved and disputed accounts of the crash circumstances exist.
9c112637f060fec0,M,1,A plane crash occurred involving a Russian military aircraft.,True,Video verified showing Russian aircraft crashed in Belgorod region.
9c112637f060fec0,M,2,The plane crash occurred in the Belgorod region.,True,Crash occurred in Belgorod region per evidence.
9c112637f060fec0,M,3,Ukraine claims the aircraft was shot down.,False,Ukraine's claim of downing it is not clearly asserted; ambiguity noted in evidence.
9c112637f060fec0,M,4,The plane crash resulted in the deaths of 65 Ukrainian prisoners of war.,True,Russia said 65 Ukrainian POWs died in the crash.
9c112637f060fec0,M,5,The plane crash resulted in the deaths of six Russian crew members.,True,Six Russian crew died per evidence.
9c112637f060fec0,M,6,The plane crash resulted in the deaths of three escorts.,True,Three escorts died per evidence.
9c112637f060fec0,M,7,Ukrainian President Zelensky has accused Russia of endangering the lives of the Ukrainian prisoners of war.,True,Zelensky accused Russia of playing with lives of POWs.
9c112637f060fec0,M,8,Ukrainian President Zelensky has called for an international inquiry into the plane crash.,True,Zelensky demanded international inquiry after the crash.
9c112637f060fec0,M,9,Ukrainian intelligence has indicated that it does not rule out the presence of Ukrainian prisoners of war on the plane.,True,Yusov said he does not exclude POWs being on board.
9c112637f060fec0,M,10,Russia has not provided evidence to support its claims regarding the plane crash.,True,Yusov said Russia provided no proof to back its claims.
9c112637f060fec0,M,11,Limited information is available about the crash site.,True,"Footage described as very limited, showing little detail."
9c112637f060fec0,M,12,Limited information is available about the individuals involved in the plane crash.,True,Details about those on board cannot be independently verified.
9c112637f060fec0,M_nocap,1,A plane crash occurred involving a Russian military aircraft.,True,Evidence describes crash of Russian aircraft in Belgorod region.
9c112637f060fec0,M_nocap,2,The plane crash occurred in the Belgorod region.,True,Crash reported in Belgorod region per evidence.
9c112637f060fec0,M_nocap,3,Ukraine claims the aircraft was shot down.,False,"Evidence says Russia claims Ukraine shot it down, not Ukraine claiming this."
9c112637f060fec0,M_nocap,4,The crash resulted in the deaths of 65 Ukrainian prisoners of war.,True,Russia said 65 Ukrainian POWs died in the crash.
9c112637f060fec0,M_nocap,5,The crash resulted in the deaths of six Russian crew members.,True,Evidence states six Russian crew died.
9c112637f060fec0,M_nocap,6,The crash resulted in the deaths of three escorts.,True,Evidence states three escorts died.
9c112637f060fec0,M_nocap,7,Volodymyr Zelensky is the Ukrainian President.,True,Evidence identifies Zelensky as Ukrainian President.
9c112637f060fec0,M_nocap,8,Volodymyr Zelensky has accused Russia of endangering the lives of Ukrainian prisoners.,True,Zelensky accused Moscow of playing with lives of Ukrainian prisoners.
9c112637f060fec0,M_nocap,9,Volodymyr Zelensky has called for an international inquiry into the incident.,True,Zelensky demanded an international inquiry after the crash.
9c112637f060fec0,M_nocap,10,Ukrainian defense intelligence has indicated that it does not rule out the presence of Ukrainian prisoners on the plane.,True,Yusov said he does not exclude possibility of POWs onboard.
9c112637f060fec0,M_nocap,11,Russia has not provided evidence to support its claims about the crash.,True,Yusov stressed Russia provided no proof to back its claims.
9c112637f060fec0,M_nocap,12,Limited information is available about the crash.,True,"Footage described as very limited, revealing little."
9c112637f060fec0,M_nocap,13,Limited information is available about those on board the plane.,True,Details about those on board cannot be independently verified.
9db5be45872825e5,B0,1,Recent observations of Neptune and Uranus revealed their true colors.,False,Evidence does not mention Neptune or Uranus at all.
9db5be45872825e5,B0,2,Astronomers used advanced imaging techniques to observe Neptune and Uranus.,False,Evidence does not mention Neptune or Uranus imaging.
9db5be45872825e5,B0,3,Astronomers captured the blues and greens that characterize the atmospheres of Neptune and Uranus.,False,No mention of Neptune or Uranus colors in evidence.
9db5be45872825e5,B0,4,The blues and greens in the atmospheres of Neptune and Uranus are primarily due to the presence of methane gas.,False,"Evidence discusses methane on Saturn, not Neptune or Uranus."
9db5be45872825e5,B0,5,The findings enhance understanding of the outer planets.,False,No mention of findings about outer planets Neptune/Uranus.
9db5be45872825e5,B0,6,The findings provide clearer insights into the atmospheric compositions of Neptune and Uranus.,False,No evidence about atmospheric composition insights for Neptune/Uranus.
9db5be45872825e5,B0,7,The findings provide clearer insights into the weather patterns of Neptune and Uranus.,False,No evidence about weather patterns of Neptune or Uranus.
9db5be45872825e5,B0,8,The images highlight unique features of each planet.,False,No evidence discusses unique features of Neptune or Uranus.
9db5be45872825e5,B0,9,Neptune has dynamic storms.,False,Evidence does not mention Neptune's storms.
9db5be45872825e5,B0,10,Uranus has an unusual tilt.,False,Evidence does not mention Uranus's tilt.
9db5be45872825e5,B1,1,The evidence discusses images of Saturn from the James Webb telescope.,True,Evidence describes Saturn image from Webb telescope.
9db5be45872825e5,B1,2,The evidence discusses images of Jupiter from the James Webb telescope.,True,Evidence describes Jupiter viewed in infrared by Webb.
9db5be45872825e5,B1,3,The evidence discusses the discovery of a new type of red giant star.,True,"Evidence describes discovery of new red giant type, 'old smoker'."
9db5be45872825e5,B1,4,The evidence discusses findings related to the Milky Way.,True,Evidence discusses Milky Way object findings by Manchester astronomers.
9db5be45872825e5,B1,5,The evidence does not relate to Neptune.,True,Neptune is never mentioned in the evidence.
9db5be45872825e5,B1,6,The evidence does not relate to Uranus.,True,Uranus is never mentioned in the evidence.
9db5be45872825e5,M,1,The evidence does not provide any information regarding the observation of Neptune in true colors,True,Neptune not mentioned anywhere in evidence.
9db5be45872825e5,M,2,The evidence does not provide any information regarding the observation of Uranus in true colors,True,Uranus not mentioned anywhere in evidence.
9db5be45872825e5,M,3,The evidence discusses various astronomical discoveries and observations,True,Evidence covers multiple astronomical discoveries and observations.
9db5be45872825e5,M,4,The evidence includes images of Saturn,True,Saturn image described in evidence 1.
9db5be45872825e5,M,5,The evidence includes images of Jupiter,True,Jupiter image described in evidence 1.
9db5be45872825e5,M,6,The evidence includes information about a newly discovered red giant star,True,Evidence 3 describes newly discovered red giant 'old smoker'.
9db5be45872825e5,M,7,The evidence includes information about a mysterious object in the Milky Way,True,Evidence 5 describes mysterious object in Milky Way.
9db5be45872825e5,M,8,None of the discoveries and observations in the evidence relate to Neptune,True,No mention of Neptune in any discovery listed.
9db5be45872825e5,M,9,None of the discoveries and observations in the evidence relate to Uranus,True,No mention of Uranus in any discovery listed.
9db5be45872825e5,M,10,There is insufficient evidence to summarize the query topic,False,"Evidence provides ample detail, contradicting insufficiency claim."
9db5be45872825e5,M_nocap,1,The evidence does not provide any information regarding the observation of Neptune in true colors.,True,Evidence never mentions Neptune.
9db5be45872825e5,M_nocap,2,The evidence does not provide any information regarding the observation of Uranus in true colors.,True,Evidence never mentions Uranus.
9db5be45872825e5,M_nocap,3,The evidence discusses images of Saturn.,True,Evidence explicitly describes Saturn image from Webb telescope.
9db5be45872825e5,M_nocap,4,The evidence discusses images of Jupiter.,True,Evidence explicitly describes Jupiter image from Webb telescope.
9db5be45872825e5,M_nocap,5,The evidence discusses discoveries related to a giant red star.,True,"Evidence describes discovery of a new red giant star, 'old smoker'."
9db5be45872825e5,M_nocap,6,The evidence discusses a cosmic structure called the Big Ring.,True,Evidence discusses the Big Ring galaxy structure in detail.
9db5be45872825e5,M_nocap,7,The evidence discusses a mysterious object in the Milky Way.,True,Evidence discusses a mysterious massive object found in Milky Way.
9db5be45872825e5,M_nocap,8,The discussion of images of Saturn does not relate to the query about Neptune and Uranus.,True,"Saturn content unrelated to Neptune/Uranus, which are unmentioned."
9db5be45872825e5,M_nocap,9,The discussion of images of Jupiter does not relate to the query about Neptune and Uranus.,True,"Jupiter content unrelated to Neptune/Uranus, which are unmentioned."
9db5be45872825e5,M_nocap,10,The discussion of the giant red star does not relate to the query about Neptune and Uranus.,True,"Red giant star content unrelated to Neptune/Uranus, unmentioned."
9db5be45872825e5,M_nocap,11,The discussion of the Big Ring does not relate to the query about Neptune and Uranus.,True,"Big Ring content unrelated to Neptune/Uranus, unmentioned."
9db5be45872825e5,M_nocap,12,The discussion of the mysterious object in the Milky Way does not relate to the query about Neptune and Uranus.,True,"Mysterious object content unrelated to Neptune/Uranus, unmentioned."
9db5be45872825e5,M_nocap,13,The coverage does not address the topic requested.,True,No evidence addresses Neptune or Uranus topic at all.
9ef1efa205440a7f,B0,1,A father and daughter duo recently made headlines.,False,Evidence does not mention any father-daughter duo making headlines.
9ef1efa205440a7f,B0,2,The father embarked on a career as a mental health nurse.,False,No evidence of a father working as mental health nurse.
9ef1efa205440a7f,B0,3,The daughter embarked on a career as a mental health nurse.,False,No evidence of a daughter working as mental health nurse.
9ef1efa205440a7f,B0,4,The father and daughter began their careers as mental health nurses around the same time.,False,No evidence supports this claim at all.
9ef1efa205440a7f,M,1,The evidence does not provide any information about a father and daughter starting as mental health nurses.,True,No mention of father and daughter as mental health nurses anywhere in evidence.
9ef1efa205440a7f,M,2,The evidence discusses the experiences of a mother with her daughter's mental health deterioration in custody.,True,Mrs Allan describes daughter's mental health deterioration in custody.
9ef1efa205440a7f,M,3,The evidence discusses challenges faced by veterans in accessing mental health care.,True,Article 3 discusses veteran mental health care access issues.
9ef1efa205440a7f,M,4,The evidence discusses issues surrounding child protection.,True,Article 4 discusses child protection failures in Rochdale.
9ef1efa205440a7f,M,5,The evidence discusses issues surrounding online prescription drugs.,True,Article 5 discusses online prescription drug safety issues.
9ef1efa205440a7f,M,6,None of the evidence directly addresses the specific query regarding a father and daughter in the context of mental health nursing.,True,No evidence addresses father and daughter mental health nursing query.
9ef1efa205440a7f,M_nocap,1,A mother experienced her daughter's mental health deterioration in custody.,True,Mother noticed deterioration in her daughter's mental health in custody.
9ef1efa205440a7f,M_nocap,2,Veterans face challenges in accessing mental health care.,True,Postcode lottery quote shows veterans struggle to access mental health care.
9ef1efa205440a7f,M_nocap,3,There are issues surrounding child protection.,True,Evidence describes failures in child protection procedures in Rochdale.
9ef1efa205440a7f,M_nocap,4,There are issues surrounding online prescription drugs.,True,Evidence discusses inadequate safety checks for online prescription drugs.
a145164e6e07abb2,B0,1,A man is on trial.,True,"Jack Benham, a man, was on trial for murder."
a145164e6e07abb2,B0,2,The man is accused of murdering a toddler.,True,Benham accused of murdering 18-month-old toddler Alfie Phillips.
a145164e6e07abb2,B0,3,The trial has garnered significant media attention.,False,Evidence doesn't state media attention level.
a145164e6e07abb2,B0,4,The circumstances surrounding the toddler's death were tragic.,False,Evidence gives facts but doesn't characterize circumstances as tragic.
a145164e6e07abb2,B0,5,The prosecution presented evidence in the trial.,True,"Prosecution described assaults and evidence in court, per Jennifer Knight KC."
a145164e6e07abb2,B0,6,The prosecution's evidence suggests the accused had a history of violent behavior.,False,No mention of a general history of violent behavior.
a145164e6e07abb2,B0,7,The defense argues there is insufficient proof linking the accused directly to the crime.,False,"Evidence says defendants denied murder, not this specific argument."
a145164e6e07abb2,B0,8,Family members gave emotional testimonies in the trial.,False,No mention of family members testifying emotionally in this case.
a145164e6e07abb2,B0,9,Law enforcement gave emotional testimonies in the trial.,False,No mention of law enforcement testimony at all.
a145164e6e07abb2,B0,10,The testimonies painted a harrowing picture of the events leading up to the toddler's death.,False,No testimonies described as painting a harrowing picture.
a145164e6e07abb2,B0,11,The trial is progressing.,False,Verdict already reached; trial not ongoing per evidence.
a145164e6e07abb2,B0,12,The community remains on edge awaiting a verdict.,False,No mention of community reaction or awaiting verdict.
a145164e6e07abb2,B0,13,The verdict could have lasting implications for all involved.,False,No mention of implications of the verdict.
a145164e6e07abb2,B1,1,Constance Marten is on trial.,True,Explicitly stated Marten is on trial for manslaughter.
a145164e6e07abb2,B1,2,Mark Gordon is on trial.,True,Explicitly stated Gordon is on trial for manslaughter.
a145164e6e07abb2,B1,3,Constance Marten is accused of the manslaughter of her newborn daughter.,True,States trial for manslaughter of newborn Victoria.
a145164e6e07abb2,B1,4,Mark Gordon is accused of the manslaughter of his newborn daughter.,True,Gordon also on trial for manslaughter of same baby.
a145164e6e07abb2,B1,5,The newborn daughter's name is Victoria.,True,Baby named Victoria explicitly.
a145164e6e07abb2,B1,6,Constance Marten and Mark Gordon are a couple.,True,Referred to as parents/couple throughout evidence.
a145164e6e07abb2,B1,7,Prosecutors argue that the couple's behavior was reckless.,True,Prosecution called conduct reckless.
a145164e6e07abb2,B1,8,Prosecutors argue that the couple lived off-grid to avoid social services.,True,Stated couple went off-grid to avoid social services removing baby.
a145164e6e07abb2,B1,9,Prosecutors argue that the couple's reckless behavior led to the baby's death.,True,Prosecution says baby would be alive but for reckless conduct.
a145164e6e07abb2,B1,10,Prosecutors argue that the baby's death was due to exposure to harsh conditions.,True,Prosecutors allege death resulted from living outdoors in wintry conditions.
a145164e6e07abb2,B1,11,The defense contends that the baby was well cared for.,True,"Defense stated baby was kept warm, dry, well-nourished."
a145164e6e07abb2,B1,12,The defense contends that the baby was kept warm.,True,Defense explicitly said baby was kept warm.
a145164e6e07abb2,B1,13,The defense contends that the baby did not show signs of violence.,True,Defense said no evidence of violence.
a145164e6e07abb2,B1,14,The defense contends that the baby did not show signs of injury.,True,Defense said no sign of external or internal injuries.
a145164e6e07abb2,B1,15,The prosecution emphasizes the couple's history with social services.,True,Prosecutor mentioned extensive social services involvement.
a145164e6e07abb2,B1,16,The prosecution notes that the couple had previously lost custody of four other children.,True,Prosecutor said four other children taken into care.
a145164e6e07abb2,M,1,Constance Marten is on trial.,True,Explicitly stated she is on trial for manslaughter.
a145164e6e07abb2,M,2,Mark Gordon is on trial.,True,Explicitly stated he is on trial for manslaughter.
a145164e6e07abb2,M,3,Constance Marten is accused of the manslaughter of her newborn daughter.,True,Stated she is accused of manslaughter of newborn baby Victoria.
a145164e6e07abb2,M,4,Mark Gordon is accused of the manslaughter of his newborn daughter.,True,Stated he is accused of manslaughter of newborn baby Victoria.
a145164e6e07abb2,M,5,The newborn daughter's name was Victoria.,True,Baby explicitly named Victoria in evidence.
a145164e6e07abb2,M,6,Constance Marten and Mark Gordon are a couple.,True,Referred to as partners/couple throughout evidence.
a145164e6e07abb2,M,7,Prosecutors argue that the couple's behavior was reckless.,True,Prosecution called conduct 'reckless' explicitly.
a145164e6e07abb2,M,8,Prosecutors argue that the couple lived off-grid to avoid social services.,True,Evidence states they went off-grid to avoid social services removing baby.
a145164e6e07abb2,M,9,Prosecutors argue that the couple's reckless behavior led to the baby's death.,True,Prosecution said baby would still be alive but for reckless conduct.
a145164e6e07abb2,M,10,Prosecutors argue that the baby's death was due to exposure to harsh conditions.,True,Prosecutors allege death resulted from living outdoors in wintry conditions.
a145164e6e07abb2,M,11,The defense contends that the baby was well cared for.,True,Headline and defense statement claim baby was well cared for.
a145164e6e07abb2,M,12,The defense contends that the baby was kept warm.,True,Defense explicitly said baby was kept warm.
a145164e6e07abb2,M,13,The defense contends that the baby was kept dry.,True,Defense explicitly said baby was kept dry.
a145164e6e07abb2,M,14,The defense contends that the baby did not show signs of violence.,True,Defense said no evidence of sign of violence.
a145164e6e07abb2,M,15,The defense contends that the baby did not show signs of injury.,True,Defense said no sign of external or internal injuries.
a145164e6e07abb2,M,16,The trial highlights the couple's history with social services.,True,Court heard about extensive prior social services involvement with couple.
a145164e6e07abb2,M,17,The couple had previously lost custody of four other children.,True,Evidence states four other children taken into care.
a145164e6e07abb2,M_nocap,1,Constance Marten is on trial.,True,Marten is named as on trial in evidence.
a145164e6e07abb2,M_nocap,2,Mark Gordon is on trial.,True,Gordon is named as on trial in evidence.
a145164e6e07abb2,M_nocap,3,Constance Marten is accused of the manslaughter of her newborn daughter.,True,Text says Marten is on trial for manslaughter of newborn Victoria.
a145164e6e07abb2,M_nocap,4,Mark Gordon is accused of the manslaughter of his newborn daughter.,True,Text says Gordon is on trial for manslaughter of newborn Victoria.
a145164e6e07abb2,M_nocap,5,The newborn daughter's name is Victoria.,True,Baby is named Victoria in evidence.
a145164e6e07abb2,M_nocap,6,Constance Marten and Mark Gordon are a couple.,True,Referred to as 'the couple' and parents together throughout.
a145164e6e07abb2,M_nocap,7,Prosecutors argue that the couple's behavior was reckless.,True,Prosecution called conduct 'reckless' explicitly.
a145164e6e07abb2,M_nocap,8,Prosecutors argue that the couple lived off-grid to avoid social services.,True,Prosecutor said they went off-grid to avoid social services removing baby.
a145164e6e07abb2,M_nocap,9,Prosecutors argue that the couple's reckless behavior led to the baby's death.,True,Prosecution says baby would still be alive but for reckless conduct.
a145164e6e07abb2,M_nocap,10,Prosecutors argue that the baby's death was due to exposure to harsh conditions.,True,Prosecutors allege death resulted from living outdoors in wintry conditions.
a145164e6e07abb2,M_nocap,11,The defense contends that the baby was well cared for.,True,Headline and defense statement say baby was well cared for.
a145164e6e07abb2,M_nocap,12,The defense contends that the baby was kept warm.,True,Defense said baby was kept warm and dry.
a145164e6e07abb2,M_nocap,13,The defense contends that the baby was nourished.,True,Defense said baby was well-nourished.
a145164e6e07abb2,M_nocap,14,The defense contends that there was no evidence of violence.,True,Defense said no evidence of violence or injuries.
a145164e6e07abb2,M_nocap,15,The defense contends that there was no evidence of intent to harm.,False,"Defense denied intent to pervert justice, not intent to harm baby."
a145164e6e07abb2,M_nocap,16,The couple has a history with social services.,True,Evidence mentions extensive involvement from social services with the couple.
a145164e6e07abb2,M_nocap,17,The couple had previously lost custody of four other children.,True,Evidence says four other children were taken into care.
a1e9418851345958,B0,1,A house fire occurred in Pembrokeshire.,False,No fire in Pembrokeshire mentioned in evidence.
a1e9418851345958,B0,2,The house fire resulted in the deaths of a couple.,False,No couple's deaths from fire mentioned anywhere.
a1e9418851345958,B0,3,The house fire prompted an investigation by local authorities.,False,No such investigation described in evidence.
a1e9418851345958,B0,4,Emergency services responded to the blaze.,False,Not tied to any Pembrokeshire fire couple incident.
a1e9418851345958,B0,5,The couple could not be saved despite the efforts of emergency services.,False,No such event or deaths mentioned in evidence.
a1e9418851345958,B0,6,The incident has raised concerns about fire safety.,False,No fire safety concerns raised in evidence.
a1e9418851345958,B0,7,The incident has raised concerns about the need for community awareness regarding fire prevention measures.,False,No mention of community awareness or fire prevention concerns.
a1e9418851345958,B0,8,Investigators are working to determine the cause of the fire.,False,No investigation into fire cause described in evidence.
a1e9418851345958,B0,9,The local community mourns the loss of the couple.,False,No community mourning of a couple mentioned.
a1e9418851345958,B1,1,There was an explosion in Edinburgh.,True,Evidence describes an explosion in Edinburgh.
a1e9418851345958,B1,2,There was a large fire at a nursery in Newport.,True,Evidence confirms a large fire destroyed a nursery in Newport.
a1e9418851345958,B1,3,There was a dishwasher fire in St Asaph.,True,Evidence describes dishwasher bursting into flames in St Asaph.
a1e9418851345958,B1,4,There was a fire in a building in Liverpool.,True,Evidence describes a fire in a four-storey building in Liverpool.
a1e9418851345958,B1,5,There was a blaze at an industrial unit in Bridgend.,True,Evidence describes a blaze at an industrial unit in Bridgend.
a1e9418851345958,B1,6,None of the reports mention fatalities.,False,Edinburgh report mentions James Smith was killed in the blast.
a1e9418851345958,B1,7,The evidence does not provide any information regarding a couple's deaths in a house fire in Pembrokeshire.,True,No mention of Pembrokeshire or such deaths in evidence.
a1e9418851345958,M,1,A family was found dead in Norwich.,True,"Family of four found dead in Costessey, near Norwich."
a1e9418851345958,M,2,There was a nursery fire in Newport.,True,Nursery destroyed by fire on Newport industrial estate.
a1e9418851345958,M,3,There was a shooting in Edinburgh.,True,Shooting outside pub in Edinburgh reported.
a1e9418851345958,M,4,A murder charge was filed in Great Yarmouth.,True,Man charged with murder in Great Yarmouth case.
a1e9418851345958,M_nocap,1,A family was found dead in a house in Norwich.,True,"Family of four found dead in Costessey, near Norwich."
a1e9418851345958,M_nocap,2,A murder charge was made related to a woman's body found in Great Yarmouth.,True,Man charged with murder after woman's body found in Great Yarmouth.
a2980a2eef6bdbd7,B0,1,A prison officer has been awarded a payout.,False,Evidence contains no mention of a prison officer payout.
a2980a2eef6bdbd7,B0,2,The payout is significant.,False,No evidence about any prison officer payout amount.
a2980a2eef6bdbd7,B0,3,The prison officer suffered health issues.,False,No mention of a prison officer's health issues.
a2980a2eef6bdbd7,B0,4,The prison officer's health issues are linked to exposure to drugs.,False,No evidence links any prison officer's health to drug exposure.
a2980a2eef6bdbd7,B0,5,The exposure to drugs occurred while the prison officer was on duty.,False,No evidence of drug exposure occurring while on duty.
a2980a2eef6bdbd7,B0,6,The case highlighted concerns about the safety of prison staff.,False,No evidence discusses prison staff safety concerns.
a2980a2eef6bdbd7,B0,7,The case highlighted concerns about the working conditions for prison staff.,False,No evidence discusses prison staff working conditions.
a2980a2eef6bdbd7,B0,8,The concerns particularly regard the risks associated with handling contraband substances.,False,No evidence about risks of handling contraband substances.
a2980a2eef6bdbd7,B0,9,The payout underscores the legal responsibilities of prison authorities to protect their employees from hazardous environments.,False,No evidence about legal responsibilities of prison authorities.
a2980a2eef6bdbd7,B0,10,The incident has sparked discussions about the need for improved training in correctional facilities.,False,No evidence about training discussions in correctional facilities.
a2980a2eef6bdbd7,B0,11,The incident has sparked discussions about the need for improved safety measures in correctional facilities.,False,No evidence about safety measure discussions in correctional facilities.
a2980a2eef6bdbd7,B1,1,The evidence covers topics related to drug arrests in Spain.,True,Article 1 details Spain shaman drug arrests.
a2980a2eef6bdbd7,B1,2,The evidence covers a cocaine seizure in Colombia.,True,Article 2 describes a narco-sub cocaine seizure in Colombia.
a2980a2eef6bdbd7,B1,3,The evidence covers a man exonerated after wrongful conviction.,True,Article 3 covers Glynn Simmons exonerated after 48 years.
a2980a2eef6bdbd7,B1,4,The evidence covers issues surrounding a triple killer's sentencing.,True,Article 4 discusses review of Calocane's sentencing.
a2980a2eef6bdbd7,B1,5,The evidence covers issues surrounding a triple killer's mental health history.,True,Article 5 details Calocane's mental health history.
a2980a2eef6bdbd7,B1,6,The evidence does not provide any information related to a prison officer payout over drug exposure.,True,No mention of prison officer payout over drug exposure anywhere.
a2980a2eef6bdbd7,M,1,The evidence covers a topic related to police arrests related to psychoactive drugs.,True,Matches article about Spain shaman arrests for psychoactive drug rituals.
a2980a2eef6bdbd7,M,2,The evidence covers a topic related to a cocaine seizure in Colombia.,True,Matches article about narco-sub cocaine seizure in Colombia.
a2980a2eef6bdbd7,M,3,The evidence covers a topic related to a dog eating cash.,True,"Matches article about dog eating $4,000 cash."
a2980a2eef6bdbd7,M,4,The evidence covers a topic related to an incident of violence in Nottingham.,True,Matches article about Nottingham triple killer with mental health history.
a2980a2eef6bdbd7,M,5,The evidence covers a topic related to an incident of violence in Liverpool.,True,Matches article about Liverpool shooting at cinema and shop.
a2980a2eef6bdbd7,M_nocap,1,The evidence does not provide any information related to a prison officer payout over drug exposure.,True,No mention of prison officer payout over drug exposure in evidence.
a2980a2eef6bdbd7,M_nocap,2,The evidence covers drug arrests in Spain.,True,Article 1 covers Spain shaman drug arrests.
a2980a2eef6bdbd7,M_nocap,3,The evidence covers a cocaine seizure in Colombia.,True,Article 2 covers cocaine seizure in Colombia.
a2980a2eef6bdbd7,M_nocap,4,The evidence covers a dog eating cash.,True,Article 3 covers a dog eating cash.
a2980a2eef6bdbd7,M_nocap,5,The evidence covers mental health issues related to a criminal case.,True,Article 4 covers mental health issues in Nottingham attacks case.
a2980a2eef6bdbd7,M_nocap,6,The evidence covers a shooting incident in Liverpool.,True,Article 5 covers Liverpool shooting incident.
a2980a2eef6bdbd7,M_nocap,7,None of the reports address the specific query about prison officer payouts.,True,No evidence addresses prison officer payouts topic.
a351be2c5cc88427,B0,1,A couple was struck by a vehicle.,False,"Evidence describes a teenager killed, not a couple struck by vehicle."
a351be2c5cc88427,B0,2,The couple was killed by a vehicle.,False,No couple killed by vehicle mentioned in evidence.
a351be2c5cc88427,B0,3,The couple was walking their dog at the time of the collision.,False,No mention of a couple walking a dog.
a351be2c5cc88427,B0,4,The collision took place on a busy road.,False,"Road described as A35, not called busy road."
a351be2c5cc88427,B0,5,The collision raised concerns about pedestrian safety in the area.,False,No mention of pedestrian safety concerns.
a351be2c5cc88427,B0,6,Witnesses reported that the couple was well-liked in their community.,False,No witnesses commenting on being well-liked mentioned.
a351be2c5cc88427,B0,7,The couple's deaths sparked an outpouring of grief.,False,No outpouring of grief described in evidence.
a351be2c5cc88427,B0,8,The couple's deaths sparked calls for improved traffic measures.,False,No calls for traffic measures mentioned.
a351be2c5cc88427,B0,9,Local authorities are investigating the circumstances surrounding the accident.,True,"Police are investigating the collision, per evidence."
a351be2c5cc88427,B1,1,The evidence covers a story about a dog eating cash.,True,"Article 1 describes dog eating $4,000 cash."
a351be2c5cc88427,B1,2,The evidence covers a story about a puppy seller's cottage.,True,Article 2 describes cottage trashed by puppy seller.
a351be2c5cc88427,B1,3,The evidence covers a story about a teenager's death in a car collision.,True,Article 3 describes teenager killed in car collision.
a351be2c5cc88427,B1,4,The evidence covers a story about a dog breed ban in Scotland.,True,Article 4 describes Scottish government XL Bully ban.
a351be2c5cc88427,B1,5,The evidence covers issues related to pandemic puppy ownership.,True,Article 5 covers pandemic puppy ownership behavior issues.
a351be2c5cc88427,M,1,The evidence does not provide any information regarding a couple killed in a dog walking collision.,True,No mention of dog walking collision or couple killed in one.
a351be2c5cc88427,M,2,The evidence covers a puppy seller's cottage condition.,True,Evidence describes cottage trashed by puppy seller.
a351be2c5cc88427,M,3,The evidence covers a teenager's death in a car collision.,True,Evidence describes teenager killed in three-car collision.
a351be2c5cc88427,M,4,The evidence covers a family's loss in an avalanche.,True,Evidence describes family heartbroken after avalanche deaths.
a351be2c5cc88427,M,5,The evidence covers issues faced by pandemic puppy owners.,True,Evidence describes pandemic puppy owners struggling with bad behaviour.
a351be2c5cc88427,M,6,The evidence covers a couple displaced by an explosion.,True,Evidence describes couple displaced after Edinburgh explosion.
a351be2c5cc88427,M_nocap,1,The evidence covers a puppy seller's property condition.,True,Article describes trashed cottage from puppy seller with faeces and rubbish.
a351be2c5cc88427,M_nocap,2,The evidence covers a teenager's death in a car collision.,True,Article covers an 18-year-old's death in a three-car collision.
a351be2c5cc88427,M_nocap,3,The evidence covers a family's loss in an avalanche.,True,"Article covers Kate and Archie Vokes killed in avalanche, family's grief."
a351be2c5cc88427,M_nocap,4,The evidence covers issues faced by pandemic puppy owners.,True,Article discusses pandemic puppy owners struggling with bad behaviour.
a351be2c5cc88427,M_nocap,5,The evidence covers a couple affected by an explosion.,True,Article covers couple Gary and Norma Taylor affected by Edinburgh explosion.
a536e59da1a934c2,B0,1,A Hamas leader was killed in Beirut,True,"Arouri, Hamas deputy leader, was killed in Beirut."
a536e59da1a934c2,B0,2,The killing occurred recently,True,"Reported as happening two days before funeral, i.e. recent."
a536e59da1a934c2,B0,3,The killing has sparked significant concern regarding implications for regional stability,True,Evidence says it renewed fears of a wider war in the region.
a536e59da1a934c2,B0,4,The killing has sparked significant concern regarding implications for the ongoing Israeli-Palestinian conflict,False,"Evidence discusses regional war fears, not specifically Israeli-Palestinian conflict implications."
a536e59da1a934c2,B0,5,The killing has sparked speculation regarding implications for regional stability,True,Fear of wider war implies speculation about regional stability.
a536e59da1a934c2,B0,6,The killing has sparked speculation regarding implications for the ongoing Israeli-Palestinian conflict,False,No mention of speculation about Israeli-Palestinian conflict specifically.
a536e59da1a934c2,B0,7,The assassination is seen as a potential escalation in tensions,True,"Text notes fears of wider war, implying escalation concerns."
a536e59da1a934c2,B0,8,Various factions within the region are reacting strongly to the assassination,True,"Hamas vowed retaliation and Hezbollah reacted strongly, described as red line."
a536e59da1a934c2,B0,9,Analysts suggest the event could lead to retaliatory actions from Hamas,True,"Hamas officials vowed to retaliate, matching analyst-style claim."
a536e59da1a934c2,B0,10,Analysts suggest the event could further complicate the political landscape in Lebanon,False,No explicit analyst commentary on Lebanon's political landscape complexity.
a536e59da1a934c2,B0,11,Analysts suggest the event could further complicate the political landscape beyond Lebanon,False,No evidence discusses implications beyond Lebanon's political landscape.
a536e59da1a934c2,B0,12,The political landscape in Lebanon is already volatile,False,Evidence doesn't describe Lebanon's political landscape as already volatile.
a536e59da1a934c2,B0,13,The incident highlights the fragile security situation in the area,True,"Heavy gunfire, fears of wider war reflect fragile security situation."
a536e59da1a934c2,B0,14,The incident raises questions about the future of Hamas's operations,False,No explicit statement about future of Hamas's operations.
a536e59da1a934c2,B0,15,The incident raises questions about the future of Hamas's influence,False,No explicit statement about future of Hamas's influence.
a536e59da1a934c2,B1,1,Saleh al-Arouri was assassinated.,True,Explicitly stated he was assassinated.
a536e59da1a934c2,B1,2,Saleh al-Arouri was a top Hamas leader.,True,Described as top Hamas leader/deputy leader.
a536e59da1a934c2,B1,3,Saleh al-Arouri was killed in a suspected Israeli drone attack.,True,Death in suspected Israeli drone attack stated in [2].
a536e59da1a934c2,B1,4,The attack occurred in Beirut.,True,Attack occurred in Beirut per multiple sources.
a536e59da1a934c2,B1,5,Thousands attended Saleh al-Arouri's funeral.,True,Thousands attended funeral in Beirut per [1].
a536e59da1a934c2,B1,6,Attendees at the funeral expressed grief.,False,"Evidence describes music, prayers, gunfire, not explicit grief."
a536e59da1a934c2,B1,7,Attendees at the funeral expressed anger.,False,No mention of anger among attendees specifically.
a536e59da1a934c2,B1,8,Hamas officials vowed to retaliate.,True,"Hamas officials vowed to retaliate, stated in [1]."
a536e59da1a934c2,B1,9,Saleh al-Arouri's death is a significant blow to Hamas.,True,Described as a blow for Hamas.
a536e59da1a934c2,B1,10,Hassan Nasrallah is Hezbollah's leader.,True,Nasrallah repeatedly identified as Hezbollah leader.
a536e59da1a934c2,B1,11,Hassan Nasrallah stated that the killing would not go unpunished.,True,Directly quoted saying it would not go unpunished.
a536e59da1a934c2,B1,12,The incident has heightened fears of escalating conflict in the region.,True,Text says it renewed fears of a wider war.
a536e59da1a934c2,B1,13,The attack is the first of its kind in Beirut.,True,Stated as first such attack in Beirut in [2].
a536e59da1a934c2,B1,14,The attack occurred amid ongoing tensions between Hezbollah and Israel.,True,Followed months of exchanges of fire between Hezbollah and Israel.
a536e59da1a934c2,B1,15,The attack is linked to the broader conflict involving Hamas.,True,Linked to Gaza war and Hamas-Israel conflict context.
a536e59da1a934c2,M,1,Saleh al-Arouri was assassinated.,True,Evidence states he was assassinated.
a536e59da1a934c2,M,2,Saleh al-Arouri was a top Hamas leader.,True,Described as top Hamas leader in headline and text.
a536e59da1a934c2,M,3,Saleh al-Arouri was assassinated in a suspected Israeli attack.,True,Explicitly stated as suspected Israeli attack.
a536e59da1a934c2,M,4,The assassination of Saleh al-Arouri occurred in Beirut.,True,Funeral and attack both stated to be in Beirut.
a536e59da1a934c2,M,5,Thousands of people attended Saleh al-Arouri's funeral.,True,Thousands attended funeral is explicitly stated.
a536e59da1a934c2,M,6,Attendees at the funeral expressed grief.,False,Grief not explicitly mentioned; only prayers and music noted.
a536e59da1a934c2,M,7,Attendees at the funeral expressed anger.,False,Anger not explicitly stated; only gunfire and vows described.
a536e59da1a934c2,M,8,Hamas officials promised retaliation for the assassination.,True,"Hamas officials vowed to retaliate, per evidence."
a536e59da1a934c2,M,9,The assassination is a significant blow to Hamas.,True,Explicitly called 'a blow for Hamas'.
a536e59da1a934c2,M,10,The assassination could escalate tensions in the region.,True,Text says it renewed fears of a wider war.
a536e59da1a934c2,M,11,Hasan Nasrallah is Hezbollah's leader.,True,Identified as Hezbollah leader multiple times.
a536e59da1a934c2,M,12,Hasan Nasrallah stated that the killing would not go unpunished.,True,Direct quote: killing will 'not go unpunished'.
a536e59da1a934c2,M,13,The killing highlights the potential for further conflict.,True,Fits with fears of wider war and unpunished statement.
a536e59da1a934c2,M,14,The incident marks a notable escalation in the ongoing hostilities between Israeli forces and Iranian-backed groups in Lebanon.,False,Evidence doesn't describe escalation between Israel and Iranian-backed groups broadly.
a536e59da1a934c2,M_nocap,1,Saleh al-Arouri was assassinated.,True,Article says he was assassinated.
a536e59da1a934c2,M_nocap,2,Saleh al-Arouri was a top Hamas leader.,True,Described as top Hamas leader in headline/text.
a536e59da1a934c2,M_nocap,3,Saleh al-Arouri was assassinated in a suspected Israeli attack.,True,Text states suspected Israeli attack.
a536e59da1a934c2,M_nocap,4,The assassination of Saleh al-Arouri occurred in Beirut.,True,Funeral and attack occurred in Beirut.
a536e59da1a934c2,M_nocap,5,Thousands attended Saleh al-Arouri's funeral.,True,Thousands attended funeral per evidence.
a536e59da1a934c2,M_nocap,6,Attendees at the funeral expressed grief.,False,"Evidence mentions prayers, music, gunfire, not explicit grief."
a536e59da1a934c2,M_nocap,7,Attendees at the funeral expressed anger.,False,No mention of anger among attendees.
a536e59da1a934c2,M_nocap,8,Hamas officials promised retaliation.,True,"Hamas officials vowed to retaliate, per text."
a536e59da1a934c2,M_nocap,9,Saleh al-Arouri's death is a significant blow to Hamas.,True,Text states assassination was a blow for Hamas.
a536e59da1a934c2,M_nocap,10,Saleh al-Arouri's death could escalate tensions in the region.,True,Text mentions renewed fears of a wider war.
a536e59da1a934c2,M_nocap,11,Hasan Nasrallah is Hezbollah's leader.,True,Nasrallah identified as Hezbollah leader.
a536e59da1a934c2,M_nocap,12,Hasan Nasrallah stated that the killing would not go unpunished.,True,Nasrallah said killing will not go unpunished.
a536e59da1a934c2,M_nocap,13,The killing has the potential to lead to further conflict.,True,Fears of wider war support potential for conflict.
a536e59da1a934c2,M_nocap,14,The assassination marks a notable escalation in the ongoing hostilities between Israel and groups like Hamas and Hezbollah.,False,Evidence doesn't explicitly frame it as a notable escalation marker.
a7569273c6ebdea8,B0,1,Israeli Prime Minister Benjamin Netanyahu has rejected the United States' calls for the establishment of a Palestinian state.,True,Multiple evidence items confirm Netanyahu rejected US calls for Palestinian state.
a7569273c6ebdea8,B0,2,Netanyahu emphasized his government's stance on security concerns.,True,Netanyahu stated Israel must retain security control over Gaza.
a7569273c6ebdea8,B0,3,Netanyahu emphasized his government's stance on territorial concerns.,True,Netanyahu stated Israel must retain control over area west of Jordan River.
a7569273c6ebdea8,B0,4,Netanyahu argues that the current geopolitical climate makes the creation of a Palestinian state unfeasible.,False,Evidence doesn't say Netanyahu called it unfeasible due to geopolitical climate.
a7569273c6ebdea8,B0,5,Netanyahu cites threats from Iran as part of the current geopolitical climate.,False,"Evidence mentions Iran backing groups, not Netanyahu citing Iran for this stance."
a7569273c6ebdea8,B0,6,Netanyahu cites threats from militant groups as part of the current geopolitical climate.,False,No evidence Netanyahu cited militant groups as reason for rejecting statehood.
a7569273c6ebdea8,B0,7,Netanyahu's position reflects a broader skepticism within his administration regarding the viability of a two-state solution.,False,"Evidence doesn't describe broader administration skepticism, only individual dissent from Eisenkot."
a7569273c6ebdea8,B0,8,A two-state solution has been a longstanding goal of international diplomacy in the region.,True,Evidence states US believes two-state solution vital for long-term stability.
a7569273c6ebdea8,B0,9,Netanyahu's rejection has raised concerns about the future of peace negotiations.,False,"Evidence shows international disappointment/criticism, not explicit concerns about peace negotiations' future."
a7569273c6ebdea8,B0,10,Netanyahu's rejection has raised concerns about the potential for escalating tensions between Israelis and Palestinians.,False,Evidence doesn't mention concerns about escalating tensions from this rejection.
a7569273c6ebdea8,B1,1,Benjamin Netanyahu has publicly rejected the United States' calls for the establishment of a Palestinian state,True,Evidence states Netanyahu publicly rejected US push for Palestinian state.
a7569273c6ebdea8,B1,2,Netanyahu has a long-standing opposition to the idea of a Palestinian state,True,Evidence says he's resisted a Palestinian state throughout his career.
a7569273c6ebdea8,B1,3,Netanyahu has reaffirmed his long-standing opposition to the idea of a Palestinian state,True,Evidence shows he doubled down/reiterated his long-held policy.
a7569273c6ebdea8,B1,4,Netanyahu's stance has created a noticeable divide with the US,True,Evidence says his remarks deepened a public divide with the US.
a7569273c6ebdea8,B1,5,The US views a two-state solution as essential for long-term stability in the region,True,Evidence states US believes two-state solution vital for long-term stability.
a7569273c6ebdea8,B1,6,The Biden administration has pressured Israel to engage in meaningful diplomacy,True,Evidence says allies hope conflict forces both sides into meaningful diplomacy.
a7569273c6ebdea8,B1,7,The Biden administration has pressured Israel to consider the role of the Palestinian Authority,True,Evidence states Biden administration insisted on a role for the Palestinian Authority.
a7569273c6ebdea8,B1,8,Netanyahu insists that Israel must maintain security control over Gaza,True,Evidence directly quotes Netanyahu insisting on security control over Gaza.
a7569273c6ebdea8,B1,9,Netanyahu insists that Israel must maintain security control over the West Bank,False,"He said control west of Jordan River, encompassing West Bank, not explicitly stated as his insistence on West Bank specifically."
a7569273c6ebdea8,B1,10,Netanyahu's insistence on maintaining security control over Gaza and the West Bank contradicts the notion of Palestinian sovereignty,True,Evidence states this requirement contradicts demand for Palestinian sovereignty.
a7569273c6ebdea8,B1,11,Netanyahu's rejection of a Palestinian state aligns with his political strategy,False,"Evidence discusses political survival/majority opinion, not explicitly framed as strategy."
a7569273c6ebdea8,B1,12,Netanyahu appears to be responding to domestic sentiments in rejecting a Palestinian state,True,Evidence says his view chimes with majority opinion in a horrified nation.
a7569273c6ebdea8,B1,13,There is ongoing violence and conflict in the region,True,"Evidence references ongoing conflict, bloodshed, and deaths from the offensive."
a7569273c6ebdea8,M,1,Benjamin Netanyahu has publicly rejected the United States' calls for the establishment of a Palestinian state.,True,Directly stated in evidence [1].
a7569273c6ebdea8,M,2,Netanyahu has a long-standing opposition to the establishment of a Palestinian state.,True,Stated he's opposed a Palestinian state throughout his career.
a7569273c6ebdea8,M,3,Netanyahu's statements have deepened the divide between Israel and the US.,True,Evidence states his remarks deepened a public divide with US.
a7569273c6ebdea8,M,4,The US views a two-state solution as essential for long-term stability.,True,Directly stated US believes two-state solution vital for stability.
a7569273c6ebdea8,M,5,Netanyahu insists that Israel must maintain security control over Gaza after the conflict.,True,Directly quoted statement about retaining security control over Gaza.
a7569273c6ebdea8,M,6,Netanyahu's stance on maintaining security control over Gaza contradicts the notion of Palestinian sovereignty.,True,Statement explicitly says this contradicts demand for Palestinian sovereignty.
a7569273c6ebdea8,M,7,Netanyahu's rejection of a Palestinian state has drawn criticism from various international figures.,True,"Shapps, White House, and UN Secretary-General all criticized his stance."
a7569273c6ebdea8,M,8,UK officials have criticized Netanyahu's rejection of a Palestinian state.,True,Grant Shapps called stance 'disappointing'.
a7569273c6ebdea8,M,9,The UN Secretary-General has criticized Netanyahu's rejection of a Palestinian state.,True,Guterres called refusal 'completely unacceptable'.
a7569273c6ebdea8,M,10,UK officials have expressed disappointment over the implications of Netanyahu's rejection for ongoing conflict and regional stability.,False,UK's 'disappointment' quote doesn't specify implications for conflict/stability.
a7569273c6ebdea8,M,11,The UN Secretary-General has expressed disappointment over the implications of Netanyahu's rejection for ongoing conflict and regional stability.,False,"Guterres expressed it as 'unacceptable', not 'disappointment'."
a7569273c6ebdea8,M,12,UK officials have expressed concern over the implications of Netanyahu's rejection for ongoing conflict and regional stability.,False,"Shapps' quote is brief 'disappointing', not framed as concern over implications."
a7569273c6ebdea8,M,13,The UN Secretary-General has expressed concern over the implications of Netanyahu's rejection for ongoing conflict and regional stability.,True,"Guterres said refusal would prolong conflict, a threat to peace and security."
a7569273c6ebdea8,M_nocap,1,Benjamin Netanyahu has publicly rejected the United States' calls for the establishment of a Palestinian state.,True,Evidence states Netanyahu publicly rejected US push for Palestinian state.
a7569273c6ebdea8,M_nocap,2,Netanyahu has long-standing opposition to the idea of a Palestinian state.,True,Evidence says he's been fiercely opposed throughout his political career.
a7569273c6ebdea8,M_nocap,3,Netanyahu's stance has deepened the divide between Israel and the US.,True,Evidence states his remarks deepened a public divide with the US.
a7569273c6ebdea8,M_nocap,4,The US views a two-state solution as essential for long-term stability.,True,Evidence states US believes two-state solution vital for long-term stability.
a7569273c6ebdea8,M_nocap,5,Netanyahu insists that Israel must maintain security control over Gaza after the conflict.,True,Evidence quotes his policy that Israel must retain security control over Gaza.
a7569273c6ebdea8,M_nocap,6,Netanyahu's position on maintaining security control over Gaza contradicts the notion of Palestinian sovereignty.,True,Evidence states this requirement contradicts the demand for Palestinian sovereignty.
a7569273c6ebdea8,M_nocap,7,Netanyahu's rejection of the Palestinian state has drawn criticism from various international figures.,True,"Evidence shows criticism from Shapps, White House, and Guterres."
a7569273c6ebdea8,M_nocap,8,UK officials have criticized Netanyahu's rejection of the Palestinian state.,True,"Shapps called stance 'disappointing', an explicit UK criticism."
a7569273c6ebdea8,M_nocap,9,The UN Secretary-General has criticized Netanyahu's rejection of the Palestinian state.,True,"Guterres called refusal 'completely unacceptable', a clear criticism."
a7569273c6ebdea8,M_nocap,10,UK officials have expressed disappointment over the implications for peace and security.,False,"Shapps expressed disappointment about the rejection, not specifically peace/security implications."
a7569273c6ebdea8,M_nocap,11,UK officials have expressed concern over the implications for peace and security.,False,No evidence UK officials expressed concern about peace and security implications.
a7569273c6ebdea8,M_nocap,12,The UN Secretary-General has expressed disappointment over the implications for peace and security.,False,"Guterres said 'unacceptable', not disappointment; no such phrasing given."
a7569273c6ebdea8,M_nocap,13,The UN Secretary-General has expressed concern over the implications for peace and security.,True,Guterres said it would prolong conflict threatening global peace and security.
ae7569a952f03243,B0,1,A murder trial is taking place.,True,"Constance Marten trial is a manslaughter trial, a type of homicide trial."
ae7569a952f03243,B0,2,The murder trial is high-profile.,False,Evidence does not describe trials as high-profile.
ae7569a952f03243,B0,3,A mother is a defendant in the murder trial.,True,"Constance Marten, mother, is a defendant in the trial."
ae7569a952f03243,B0,4,The mother has denied allegations that she bit her baby.,False,No mention of biting allegations in the evidence.
ae7569a952f03243,B0,5,Prosecutors claim that the mother biting her baby is a key piece of evidence in the case against her.,False,No mention of biting as evidence.
ae7569a952f03243,B0,6,The defense argues that the injuries sustained by the child were not inflicted by the mother.,False,No mention of biting or specific injury attribution defense.
ae7569a952f03243,B0,7,The defense suggests alternative explanations for the baby's condition.,True,"Defense claims baby was well cared for, no violence, no injuries."
ae7569a952f03243,B0,8,The trial has drawn significant media attention.,False,Evidence doesn't state media attention level.
ae7569a952f03243,B0,9,There have been emotional testimonies from family members during the trial.,False,"Jennifer Crumbley cried, but no family member testimony mentioned."
ae7569a952f03243,B0,10,Experts have discussed the circumstances surrounding the incident during the trial.,False,No experts discussing circumstances are mentioned.
ae7569a952f03243,B0,11,The incident is described as tragic.,False,No explicit description of the incident as 'tragic'.
ae7569a952f03243,B0,12,The proceedings are continuing.,True,Trial proceedings are ongoing per the reporting.
ae7569a952f03243,B0,13,The mother maintains her innocence.,False,No explicit statement that mother maintains innocence.
ae7569a952f03243,B0,14,The mother asserts that she loved her child.,False,No statement about mother asserting love for child.
ae7569a952f03243,B0,15,The mother asserts that she would never harm her child.,False,No statement about mother asserting she'd never harm child.
ae7569a952f03243,B1,1,Constance Marten is on trial.,True,Article states Marten is on trial for manslaughter.
ae7569a952f03243,B1,2,Mark Gordon is on trial.,True,Article states Gordon is on trial for manslaughter.
ae7569a952f03243,B1,3,Constance Marten is accused of manslaughter.,True,Explicitly stated Marten is on trial for manslaughter.
ae7569a952f03243,B1,4,Mark Gordon is accused of manslaughter.,True,Explicitly stated Gordon is on trial for manslaughter.
ae7569a952f03243,B1,5,The manslaughter accusation is in connection with the death of their newborn baby.,True,Trial is for manslaughter of newborn Victoria.
ae7569a952f03243,B1,6,The newborn baby's name was Victoria.,True,Baby named Victoria explicitly stated.
ae7569a952f03243,B1,7,Prosecutors argue that the couple's reckless behavior led to the baby's death.,True,Prosecution cites reckless conduct as cause of death.
ae7569a952f03243,B1,8,Prosecutors argue that the couple's decision to live off-grid led to the baby's death.,False,"Living off-grid tied to avoiding social services, not explicitly cited as cause of death."
ae7569a952f03243,B1,9,Prosecutors claim the baby would still be alive if not for the couple's actions.,True,Explicitly stated baby would still be alive otherwise.
ae7569a952f03243,B1,10,The defense contends that the baby was well cared for.,True,Headline and defense statement say baby was well cared for.
ae7569a952f03243,B1,11,The defense contends that the baby was kept warm.,True,Defense stated baby was kept warm.
ae7569a952f03243,B1,12,The defense contends that the baby was kept dry.,True,Defense stated baby was kept dry.
ae7569a952f03243,B1,13,The defense contends that the baby showed no signs of violence.,True,Defense said no evidence of violence.
ae7569a952f03243,B1,14,The defense contends that the baby showed no signs of injury.,True,Defense said no external or internal injuries.
ae7569a952f03243,B1,15,The court has heard that the couple had previously lost custody of four other children.,True,Court heard couple's four children were taken into care.
ae7569a952f03243,B1,16,The couple lost custody of the four other children due to social services involvement.,True,"Taken into care after extensive social services involvement, as stated."
ae7569a952f03243,M,1,Constance Marten is on trial.,True,Marten is stated to be on trial.
ae7569a952f03243,M,2,Mark Gordon is on trial.,True,Gordon is stated to be on trial.
ae7569a952f03243,M,3,The trial concerns the alleged manslaughter of a newborn baby.,True,Trial is for manslaughter of newborn baby Victoria.
ae7569a952f03243,M,4,The newborn baby's name was Victoria.,True,Baby named Victoria explicitly mentioned.
ae7569a952f03243,M,5,Victoria was the baby of Constance Marten and Mark Gordon.,True,Victoria described as their newborn baby.
ae7569a952f03243,M,6,Prosecutors argue that the couple's behavior was reckless.,True,Prosecution called conduct reckless.
ae7569a952f03243,M,7,Prosecutors argue that the couple lived off-grid.,True,Prosecutor said couple 'essentially went off-grid'.
ae7569a952f03243,M,8,Prosecutors argue that the couple avoided social services.,True,Prosecutor said they lived outside to avoid social services.
ae7569a952f03243,M,9,Prosecutors claim that the couple's reckless behavior directly contributed to the baby's death.,True,Prosecution says baby died due to reckless conduct.
ae7569a952f03243,M,10,Prosecutors claim that the baby would still be alive if not for the couple's actions.,True,Prosecution states baby would still be alive otherwise.
ae7569a952f03243,M,11,The defense contends that the baby was well cared for.,True,Headline and text say baby was 'well cared for'.
ae7569a952f03243,M,12,The defense contends that the baby was kept warm.,True,Defense said baby was kept warm.
ae7569a952f03243,M,13,The defense contends that the baby was kept dry.,True,Defense said baby was kept dry.
ae7569a952f03243,M,14,The defense contends that the baby showed no signs of violence.,True,Defense said no evidence of violence.
ae7569a952f03243,M,15,The defense contends that the baby showed no signs of injury.,True,Defense said no external or internal injuries.
ae7569a952f03243,M,16,The defense asserts that there was no intention to conceal the baby's death.,False,"Defense denied intent to pervert justice, not concealment of death."
ae7569a952f03243,M,17,Marten sought a post-mortem examination to understand the circumstances surrounding the baby's death.,True,Text says Marten wanted post-mortem to know how baby died.
ae7569a952f03243,M_nocap,1,Constance Marten is on trial.,True,Article states Marten is on trial for manslaughter.
ae7569a952f03243,M_nocap,2,Mark Gordon is on trial.,True,Article states Gordon is on trial for manslaughter.
ae7569a952f03243,M_nocap,3,The trial concerns the alleged manslaughter of a newborn baby.,True,Trial is for manslaughter of newborn Victoria.
ae7569a952f03243,M_nocap,4,The baby's name was Victoria.,True,Baby is named Victoria in evidence.
ae7569a952f03243,M_nocap,5,Victoria was the newborn baby of Constance Marten and Mark Gordon.,True,Victoria described as their baby in the trial coverage.
ae7569a952f03243,M_nocap,6,Victoria's body was found after a search.,True,Body found after weeks-long search per evidence.
ae7569a952f03243,M_nocap,7,Prosecutors argue that the couple's behavior was reckless.,True,"Prosecution calls conduct reckless, per direct quote."
ae7569a952f03243,M_nocap,8,Prosecutors argue the couple lived off-grid to avoid social services.,True,Prosecutor said couple went off-grid to avoid social services.
ae7569a952f03243,M_nocap,9,Prosecutors claim the couple's actions led to the baby's death.,True,Prosecution alleges baby died due to living outdoors from their conduct.
ae7569a952f03243,M_nocap,10,Prosecutors claim the baby would still be alive if not for the couple's actions.,True,Prosecution states baby would still be alive otherwise.
ae7569a952f03243,M_nocap,11,The defense contends that the baby was well cared for.,True,Headline and defense statement say baby was well cared for.
ae7569a952f03243,M_nocap,12,The defense contends that the baby was kept warm.,True,Defense states baby was kept warm.
ae7569a952f03243,M_nocap,13,The defense contends that the baby was kept dry.,True,Defense states baby was kept dry.
ae7569a952f03243,M_nocap,14,The defense contends that the baby showed no signs of violence.,True,Defense says no evidence of violence.
ae7569a952f03243,M_nocap,15,The defense contends that the baby showed no signs of injury.,True,Defense says no external or internal injuries found.
ae7569a952f03243,M_nocap,16,The defense asserts there was no intention to conceal the baby's death.,False,"Defense denied intent to pervert justice, not to conceal death."
ae7569a952f03243,M_nocap,17,Marten wanted a post-mortem examination to understand how her baby died.,True,Evidence states Marten wanted post-mortem to know cause of death.
b36197da28081b41,B0,1,Amazon recently announced job cuts across several of its entertainment divisions,False,"Evidence mentions Twitch layoffs once, not multiple Amazon entertainment divisions."
b36197da28081b41,B0,2,Amazon's job cuts affected Twitch,True,Evidence states 500 layoffs at Amazon-owned Twitch.
b36197da28081b41,B0,3,Amazon's job cuts affected MGM,False,MGM is not mentioned in the evidence.
b36197da28081b41,B0,4,Amazon's job cuts affected Prime Video,False,Prime Video is not mentioned in the evidence.
b36197da28081b41,B0,5,The layoffs are part of a broader strategy to streamline operations,False,No mention of streamlining operations strategy.
b36197da28081b41,B0,6,The layoffs are part of a broader strategy to reduce costs,False,No mention of cost-reduction strategy for Amazon layoffs.
b36197da28081b41,B0,7,The strategy is amid changing market conditions,False,No such strategy or market conditions context given for Amazon.
b36197da28081b41,B0,8,The strategy includes a focus on profitability,False,No mention of profitability focus in evidence.
b36197da28081b41,B0,9,The decision reflects the company's efforts to adapt to a more competitive landscape in the streaming industry,False,No claim linking decision to streaming competitiveness in evidence.
b36197da28081b41,B0,10,The decision reflects the company's efforts to adapt to a more competitive landscape in the gaming industry,False,No claim linking decision to gaming competitiveness in evidence.
b36197da28081b41,B0,11,Amazon faces increasing pressure from rivals in the streaming and gaming industries,False,No mention of Amazon facing rivalry pressure in these industries.
b36197da28081b41,B0,12,Employees affected by the cuts have expressed concerns about job security,False,No employee statements about job security are mentioned.
b36197da28081b41,B0,13,Employees affected by the cuts have expressed concerns about the future direction of these platforms,False,No employee statements about platform direction are mentioned.
b36197da28081b41,B1,1,Twitch is owned by Amazon,True,Evidence states 'Amazon-owned streaming platform Twitch'.
b36197da28081b41,B1,2,Twitch has recently laid off 500 employees,True,Evidence states 500 layoffs at Twitch.
b36197da28081b41,B1,3,The gaming industry has seen a broader trend of job losses,True,"Evidence describes multiple layoffs across gaming companies, a broader trend."
b36197da28081b41,B1,4,Twitch's layoffs are part of a broader trend in the gaming industry,True,Twitch's layoffs listed alongside other gaming industry job cuts.
b36197da28081b41,B1,5,The trend of job losses in the gaming industry is attributed to the cost-of-living crisis,True,Cost-of-living crisis cited as a factor in the trend.
b36197da28081b41,B1,6,The trend of job losses in the gaming industry is attributed to a scaling back in the gaming sector following a pandemic-related boost,True,Scaling back after pandemic boost cited as a factor.
b36197da28081b41,B1,7,The gaming sector experienced a pandemic-related boost,True,Evidence states gaming industry got a boost from the pandemic.
b36197da28081b41,B1,8,The wider tech sector has experienced substantial job cuts,True,Evidence states wider tech sector saw big cuts.
b36197da28081b41,B1,9,Microsoft has experienced substantial job cuts,True,"Microsoft announced 10,000 job losses across the company."
b36197da28081b41,B1,10,Amazon has experienced substantial job cuts,True,Amazon mentioned as losing staff along with Meta and others.
b36197da28081b41,M,1,Amazon made job cuts.,True,Text says Amazon also lost staff among job cuts.
b36197da28081b41,M,2,Twitch laid off 500 employees.,True,Article states 500 layoffs at Twitch.
b36197da28081b41,M,3,Twitch is an Amazon-owned streaming platform.,True,Described as Amazon-owned streaming platform Twitch.
b36197da28081b41,M,4,The gaming industry as a whole has experienced significant job losses.,True,Multiple companies' layoffs described across gaming industry.
b36197da28081b41,M,5,"Estimates of gaming industry job losses for the previous year exceeded 10,000.",True,"Estimates put total over 10,000 last year, likely higher."
b36197da28081b41,M,6,The gaming industry job losses were attributed to factors like the cost-of-living crisis.,True,Cost-of-living crisis cited as a factor.
b36197da28081b41,M,7,The gaming industry job losses were attributed to a scaling back after a pandemic-related boost.,True,Scaling back after pandemic boost cited as factor.
b36197da28081b41,M,8,The wider tech sector has also seen substantial staff reductions.,True,"Wider tech sector saw big cuts, per text."
b36197da28081b41,M,9,Microsoft has seen substantial staff reductions.,True,"Microsoft announced 10,000 job losses across company."
b36197da28081b41,M,10,Meta has seen substantial staff reductions.,True,Meta mentioned as losing staff along with others.
b36197da28081b41,M_nocap,1,Amazon recently laid off 500 employees at Twitch.,True,Evidence states 500 layoffs at Amazon-owned streaming platform Twitch.
b36197da28081b41,M_nocap,2,Twitch is a streaming platform.,True,Evidence describes Twitch as a streaming platform.
b36197da28081b41,M_nocap,3,Twitch is owned by Amazon.,True,Evidence explicitly calls Twitch Amazon-owned.
b36197da28081b41,M_nocap,4,The Twitch layoffs are part of broader job cuts in the gaming industry.,True,Twitch layoffs listed among gaming industry job loss trend.
b36197da28081b41,M_nocap,5,The gaming industry has seen significant layoffs.,True,Evidence lists multiple gaming layoffs across companies.
b36197da28081b41,M_nocap,6,The gaming industry layoffs are due to economic pressures.,True,Cost-of-living crisis cited as cause of layoffs.
b36197da28081b41,M_nocap,7,The gaming industry is scaling back after a pandemic-related boost.,True,Evidence states industry scaling back after pandemic boost.
b36197da28081b41,M_nocap,8,The wider tech sector has experienced substantial job losses.,True,Evidence mentions wider tech sector saw big cuts.
b36197da28081b41,M_nocap,9,Microsoft has experienced substantial job losses.,True,"Microsoft announced 10,000 job losses across company."
b36197da28081b41,M_nocap,10,Meta has experienced substantial job losses.,True,Meta mentioned as losing staff along with others.
b36197da28081b41,M_nocap,11,The layoffs at Twitch are part of a larger trend affecting the gaming industry.,True,Twitch layoffs described as part of wider industry trend.
b36197da28081b41,M_nocap,12,"The gaming industry has seen over 10,000 job losses in the previous year.",True,"Estimates put total gaming job losses last year at over 10,000."
b5126b9281563b13,B0,1,There has been a significant increase in the number of foster carers in Wales.,False,Evidence never mentions foster carers in Wales.
b5126b9281563b13,B0,2,The increase in foster carers in Wales is driven by ongoing recruitment efforts.,False,No mention of foster carer recruitment efforts.
b5126b9281563b13,B0,3,The increase in foster carers in Wales is driven by a growing awareness of the need for stable homes for vulnerable children.,False,No mention of foster carers or awareness campaigns.
b5126b9281563b13,B0,4,Local authorities have launched campaigns to attract more individuals and families to foster care.,False,No mention of local authority foster care campaigns.
b5126b9281563b13,B0,5,Organizations have launched campaigns to attract more individuals and families to foster care.,False,No mention of organizations' foster care campaigns.
b5126b9281563b13,B0,6,These campaigns highlight the positive impact that fostering can have on children's lives.,False,No mention of fostering campaigns or their messaging.
b5126b9281563b13,B0,7,The rise in foster carers is seen as a crucial step in addressing the challenges faced by the child welfare system.,False,No mention of foster carer numbers or child welfare system link.
b5126b9281563b13,B0,8,The child welfare system faces challenges in providing adequate placements for children in need.,False,No mention of child welfare placement challenges.
b5126b9281563b13,B0,9,The increase in foster carers reflects a broader commitment to improving outcomes for young people in care across the region.,False,No mention of foster carers or outcomes for young people in care.
b5126b9281563b13,B1,1,The evidence does not provide any information regarding an increase in foster carer numbers in Wales.,True,"Evidence never mentions foster carers, consistent with the claim."
b5126b9281563b13,B1,2,The evidence discusses various issues related to social services.,True,Article [2] discusses social services budget and demand issues.
b5126b9281563b13,B1,3,The evidence discusses mental health care for veterans.,True,Article [1] discusses veteran mental health care.
b5126b9281563b13,B1,4,The evidence discusses homeschooling trends.,True,Article [3] discusses homeschooling trends and statistics.
b5126b9281563b13,B1,5,The evidence discusses HIV education.,True,Article [4] discusses HIV education in schools.
b5126b9281563b13,B1,6,The evidence discusses NHS funding.,True,Article [5] discusses NHS funding and underinvestment.
b5126b9281563b13,B1,7,None of the topics discussed in the evidence directly address foster care or its statistics in Wales.,True,No topic in evidence addresses foster care or its statistics.
b5126b9281563b13,B1,8,There is insufficient evidence to summarize on the specific query about foster carer numbers.,True,"Evidence lacks any foster carer data, supporting insufficiency claim."
b5126b9281563b13,M,1,The evidence does not provide any information regarding an increase in foster carer numbers in Wales.,True,"Evidence never mentions foster carers in Wales, matching this claim."
b5126b9281563b13,M,2,The evidence discusses mental health care for veterans.,True,Article 1 discusses veteran mental health care and treatment access.
b5126b9281563b13,M,3,The evidence discusses childcare availability for children with special educational needs.,True,Article 3 discusses childcare availability for SEND children.
b5126b9281563b13,M,4,The evidence discusses funding for local authorities.,True,Article 5 discusses funding boost for local authorities.
b5126b9281563b13,M,5,None of the topics discussed in the evidence relate to foster care specifically.,True,No article mentions foster care at all.
b5126b9281563b13,M,6,There is insufficient evidence to address the query about an increase in foster carer numbers in Wales.,True,Evidence lacks any data on foster carer numbers in Wales.
b5126b9281563b13,M_nocap,1,The evidence discusses mental health care for veterans,True,Article [1] discusses veteran mental health care and treatment access.
b5126b9281563b13,M_nocap,2,The evidence discusses childcare availability for children with special educational needs,True,Article [3] discusses childcare availability for children with SEND.
b5126b9281563b13,M_nocap,3,The evidence discusses local government funding,True,Article [5] discusses council funding for adult and children's social care.
b5126b9281563b13,M_nocap,4,The evidence discusses political pledges related to health and social care,True,Article [4] discusses political pledges on NHS spending and privatisation.
b885c0b75341edb1,B0,1,Prince William visited Kate Middleton in the hospital,False,"Evidence mentions King Charles visiting, not Prince William visiting Kate."
b885c0b75341edb1,B0,2,Kate Middleton is the Princess of Wales,True,"Evidence repeatedly refers to Catherine as Princess of Wales, Kate's known name."
b885c0b75341edb1,B0,3,Kate Middleton was receiving treatment in the hospital,True,Evidence confirms Kate underwent surgery and was hospitalized for recovery.
b885c0b75341edb1,B0,4,The visit was characterized by a supportive and caring atmosphere,False,Evidence does not describe atmosphere of any visit as supportive or caring.
b885c0b75341edb1,B0,5,The visit highlighted the couple's close bond,False,No mention of a visit highlighting the couple's bond.
b885c0b75341edb1,B0,6,William was seen arriving at the hospital with a concerned demeanor,False,No mention of William arriving or any concerned demeanor.
b885c0b75341edb1,B0,7,The visit garnered public interest,True,Evidence describes TV cameras and reporters gathering near the hospital.
b885c0b75341edb1,B1,1,The Princess of Wales is currently in the hospital.,False,Evidence describes past hospitalization/treatment; not stated she is currently in hospital now.
b885c0b75341edb1,B1,2,The Princess of Wales underwent a planned abdominal surgery.,True,Evidence states surgery was planned abdominal surgery.
b885c0b75341edb1,B1,3,The Princess of Wales's abdominal surgery was successful.,True,Multiple sources state the surgery was successful.
b885c0b75341edb1,B1,4,The Princess of Wales's expected hospital stay is 10 to 14 days.,True,Evidence states she will remain in hospital 10 to 14 days.
b885c0b75341edb1,B1,5,Kensington Palace has indicated that the Princess of Wales will not resume royal duties for several months.,True,Palace said she is not expected to resume duties for months.
b885c0b75341edb1,B1,6,The Princess of Wales's condition is serious enough to require a lengthy recovery.,True,Evidence says length of recovery and tone suggest condition is serious.
b885c0b75341edb1,B1,7,The Princess of Wales's condition is not cancer-related.,True,Evidence states it is understood not to be cancer-related.
b885c0b75341edb1,B1,8,Prince William visited the Princess of Wales in the hospital.,False,"Evidence says the King, not Prince William, visited her in hospital."
b885c0b75341edb1,B1,9,Prince William underwent his own medical treatment after visiting the Princess of Wales.,False,"Evidence says King Charles, not William, underwent treatment after visiting."
b885c0b75341edb1,B1,10,The palace has requested privacy regarding the Princess of Wales's health.,True,Palace called for the princess' medical privacy to be respected.
b885c0b75341edb1,B1,11,The palace emphasized the Princess of Wales's desire to maintain normalcy for her children during this time.,True,Palace statement mentions her desire to maintain normality for her children.
b885c0b75341edb1,M,1,King Charles visited the Princess of Wales in the hospital,True,King visited his daughter-in-law at the hospital on Friday morning.
b885c0b75341edb1,M,2,The Princess of Wales had abdominal surgery,True,Explicitly stated Catherine had planned abdominal surgery.
b885c0b75341edb1,M,3,The Princess of Wales's abdominal surgery was successful,True,Palace said the surgery was successful.
b885c0b75341edb1,M,4,The Princess of Wales's abdominal surgery was planned,True,Palace said the procedure was planned.
b885c0b75341edb1,M,5,The Princess of Wales's abdominal surgery was not cancer-related,True,Stated it is understood not to be cancer-related.
b885c0b75341edb1,M,6,The Princess of Wales is expected to remain in the hospital for 10 to 14 days,True,Stated she will remain in hospital for 10 to 14 days.
b885c0b75341edb1,M,7,The Princess of Wales will not resume royal duties for several months,True,Stated she is not expected to resume duties for months.
b885c0b75341edb1,M,8,The Princess of Wales will recuperate at home in Windsor,True,Stated she is expected to recover at home in Windsor.
b885c0b75341edb1,M,9,King Charles is set to undergo treatment for a benign prostate condition soon,True,King's benign prostate condition to be treated next week.
b885c0b75341edb1,M,10,King Charles will be stepping back from his royal responsibilities during this time,False,"Evidence says King attends hospital, not stepping back from duties himself."
b885c0b75341edb1,M,11,The Princess of Wales will be stepping back from her royal responsibilities during this time,True,Prince of Wales/princess stepping back; princess out of duties until Easter.
b885c0b75341edb1,M,12,The palace has requested privacy for the Princess of Wales as she focuses on her recovery and family,True,Palace called for medical privacy and mentioned normality for children.
b885c0b75341edb1,M_nocap,1,King Charles visited the Princess of Wales in the hospital.,True,Evidence says King visited his daughter-in-law in hospital Friday morning.
b885c0b75341edb1,M_nocap,2,The Princess of Wales underwent planned abdominal surgery.,True,Evidence states surgery was planned abdominal surgery.
b885c0b75341edb1,M_nocap,3,The Princess of Wales's abdominal surgery was successful.,True,Evidence states the surgery was successful.
b885c0b75341edb1,M_nocap,4,The Princess of Wales is required to remain hospitalized for 10 to 14 days.,True,Evidence states she will remain in hospital 10 to 14 days.
b885c0b75341edb1,M_nocap,5,The Princess of Wales is expected to spend several months recuperating at home.,True,Evidence states she expected to spend several months recuperating at home.
b885c0b75341edb1,M_nocap,6,The Princess of Wales's home is in Windsor.,True,Evidence states she will recover at home in Windsor.
b885c0b75341edb1,M_nocap,7,The Princess of Wales will not participate in official duties until after Easter.,True,Evidence states she won't take part in duties until after Easter.
b885c0b75341edb1,M_nocap,8,The palace has requested privacy regarding the Princess of Wales's condition.,True,Palace called for medical privacy to be respected.
b885c0b75341edb1,M_nocap,9,The Princess of Wales's condition is not cancer-related.,True,Evidence states condition is not cancer-related.
b885c0b75341edb1,M_nocap,10,The palace emphasized the Princess of Wales's desire to maintain normalcy for her children during her recovery.,True,Palace statement mentions desire for normality for her children.
b885c0b75341edb1,M_nocap,11,King Charles is set to undergo treatment for a benign prostate condition.,True,Evidence states King's benign prostate condition will be treated.
b8886c368431e207,B0,1,A high-profile footballer was cleared of rape charges.,False,"Evidence shows trial ongoing with denial, not an acquittal or clearance."
b8886c368431e207,B0,2,The footballer faced a lengthy investigation.,False,No mention of investigation length.
b8886c368431e207,B0,3,The footballer faced lengthy court proceedings.,False,No mention of duration of court proceedings.
b8886c368431e207,B0,4,The case garnered significant media attention.,False,Media coverage exists but no claim of 'significant attention' stated.
b8886c368431e207,B0,5,The athlete maintained his innocence throughout the process.,True,"Diamond denied rape and sexual assault throughout, per evidence."
b8886c368431e207,B0,6,The court conducted a thorough examination of evidence.,False,No description of thoroughness of evidence examination.
b8886c368431e207,B0,7,The court conducted a thorough examination of testimonies.,False,No description of thoroughness of testimony examination.
b8886c368431e207,B0,8,The court found insufficient grounds to proceed with the charges.,False,No mention of insufficient grounds or dismissal of charges.
b8886c368431e207,B0,9,The player was exonerated.,False,No mention of exoneration; trial still ongoing per evidence.
b8886c368431e207,B0,10,The outcome has sparked discussions about the implications for the accused.,False,No outcome or resulting discussion mentioned in evidence.
b8886c368431e207,B0,11,The outcome has sparked discussions about broader issues surrounding allegations of sexual assault in sports.,False,No mention of broader discussions about sports and sexual assault.
b8886c368431e207,B1,1,Jack Diamond is a Sunderland footballer.,True,Article calls him a Sunderland footballer.
b8886c368431e207,B1,2,Jack Diamond is accused of raping a woman.,True,Directly stated he is accused of rape.
b8886c368431e207,B1,3,Jack Diamond is accused of sexually assaulting a woman.,True,Directly stated he is accused of sexual assault.
b8886c368431e207,B1,4,Jack Diamond met the woman on a dating app.,True,Article says they matched on a dating app.
b8886c368431e207,B1,5,"The jury heard that the woman had agreed to visit Diamond's home for a ""cuddle.""",True,Article states she agreed to go there for a 'cuddle.'
b8886c368431e207,B1,6,The woman was on medication.,True,Jury heard she was on a course of medication.
b8886c368431e207,B1,7,The medication required the woman to avoid sexual activity.,True,Medication meant she had to avoid sex.
b8886c368431e207,B1,8,Diamond denies the charges.,True,He denied rape and sexual assault.
b8886c368431e207,B1,9,Diamond claims that their relationship was consensual.,True,He implies consent by describing mutual casual relationship.
b8886c368431e207,B1,10,Diamond claims that they had a mutual agreement regarding their interactions.,True,He said 'we both had a mutual agreement.'
b8886c368431e207,B1,11,The trial is taking place at Newcastle Crown Court.,True,Both articles state Newcastle Crown Court.
b8886c368431e207,B1,12,Evidence is being presented at the trial.,True,Court proceedings described imply evidence presentation.
b8886c368431e207,B1,13,Testimonies are being presented at the trial.,True,Recorded police interview and testimony played to jury.
b8886c368431e207,M,1,Jack Diamond is a Sunderland footballer.,True,Article states he is a Sunderland footballer.
b8886c368431e207,M,2,Jack Diamond is accused of raping a woman.,True,Article states he is accused of rape.
b8886c368431e207,M,3,Jack Diamond is accused of sexually assaulting a woman.,True,Article states he is accused of sexual assault.
b8886c368431e207,M,4,Jack Diamond met the woman on a dating app.,True,Article says he met her on a dating app.
b8886c368431e207,M,5,"The jury heard that the woman had agreed to visit Diamond's home for a ""cuddle.""",True,Article states she agreed to go there for a cuddle.
b8886c368431e207,M,6,The jury heard that the woman was on medication.,True,Article states she was on medication.
b8886c368431e207,M,7,The jury heard that the woman's medication required her to avoid sex.,True,Article states medication meant she had to avoid sex.
b8886c368431e207,M,8,Diamond denies the charges.,True,Article states he denies rape and sexual assault.
b8886c368431e207,M,9,Diamond claims that their relationship was consensual.,False,"Article doesn't state he claims it was consensual, only mutual agreement casual relationship."
b8886c368431e207,M,10,Diamond claims that they had a mutual agreement regarding their interactions.,True,He said 'we both had a mutual agreement.'
b8886c368431e207,M,11,The trial is taking place at Newcastle Crown Court.,True,Both articles state trial at Newcastle Crown Court.
b8886c368431e207,M,12,Evidence from both sides is being presented at the trial.,True,Prosecution and defense testimony both described in articles.
b8886c368431e207,M_nocap,1,Jack Diamond is a Sunderland footballer.,True,Explicitly stated as Sunderland footballer.
b8886c368431e207,M_nocap,2,Jack Diamond is accused of raping a woman.,True,Explicitly states he is accused of rape.
b8886c368431e207,M_nocap,3,Jack Diamond is accused of sexually assaulting a woman.,True,Explicitly states he is accused of sexual assault.
b8886c368431e207,M_nocap,4,Jack Diamond met the woman on a dating app.,True,They matched on a dating app per evidence.
b8886c368431e207,M_nocap,5,"The jury heard that the woman had agreed to visit Diamond's home for a ""cuddle.""",True,She agreed to go for a 'cuddle' per evidence.
b8886c368431e207,M_nocap,6,The jury heard that the woman was on medication that required her to avoid sex.,True,Jury heard she was on medication requiring avoidance of sex.
b8886c368431e207,M_nocap,7,Diamond denies the charges.,True,He denied rape and sexual assault.
b8886c368431e207,M_nocap,8,Diamond claims that their relationship was consensual.,True,"He said 'we both had a mutual agreement,' implying consent."
b8886c368431e207,M_nocap,9,"Diamond claims that they had a mutual agreement to be ""friends with benefits.""",True,Court heard they agreed to be 'friends with benefits.'
b8886c368431e207,M_nocap,10,The trial is ongoing.,False,Evidence does not state trial status as ongoing.
b8886c368431e207,M_nocap,11,The court heard conflicting accounts of the events that took place.,False,Evidence shows differing testimony but doesn't say 'conflicting accounts' explicitly.
bc63b6f049c97209,B0,1,Recent news coverage has highlighted concerns over train ticket machines charging excessively high prices for online purchases.,False,"Evidence discusses drip pricing generally, not ticket machines charging excessively high online prices."
bc63b6f049c97209,B0,2,Passengers have reported significant markups compared to standard fares.,False,No mention of passengers reporting markups compared to standard fares.
bc63b6f049c97209,B0,3,The reported markups have led to frustration among passengers.,False,Evidence does not mention passenger frustration over markups.
bc63b6f049c97209,B0,4,The reported markups have led to accusations of price gouging.,False,No mention of accusations of price gouging in the evidence.
bc63b6f049c97209,B0,5,Transport authorities are being urged to investigate these ticket pricing practices.,False,Evidence does not mention authorities being urged to investigate pricing practices.
bc63b6f049c97209,B0,6,Transport authorities are being urged to ensure transparency in ticket pricing.,False,No specific claim about authorities being urged toward transparency in ticket pricing.
bc63b6f049c97209,B0,7,The issue has sparked discussions about the need for regulatory reforms.,False,No mention of discussions about regulatory reforms tied to this issue.
bc63b6f049c97209,B0,8,The discussions concern protecting consumers from unfair pricing strategies in the travel sector.,False,Evidence doesn't discuss protecting consumers from unfair pricing in travel sector specifically.
bc63b6f049c97209,B1,1,Drip pricing involves hidden fees.,True,Evidence defines drip pricing as unavoidable hidden fees/charges.
bc63b6f049c97209,B1,2,Drip pricing can significantly increase the cost of online purchases.,True,"Costs consumers up to £2.2bn a year, indicating significant increase."
bc63b6f049c97209,B1,3,Train tickets are among the online purchases affected by drip pricing.,True,Train tickets explicitly mentioned as example affected by drip pricing.
bc63b6f049c97209,B1,4,New proposals aim to ban drip pricing.,True,Drip pricing is set to be banned under new law proposals.
bc63b6f049c97209,B1,5,The new proposals require that all mandatory fees be clearly included in the headline prices.,True,Mandatory fees must be included in headline prices online per proposal.
bc63b6f049c97209,B1,6,The requirement for mandatory fees to be included in headline prices applies from the beginning of the shopping process.,True,Booking fees must be clear from the start of shopping process.
bc63b6f049c97209,B1,7,The initiative to ban drip pricing is part of a broader effort to enhance consumer transparency.,True,"Follows government consultation on consumer transparency, part of broader effort."
bc63b6f049c97209,B1,8,The initiative aims to protect customers from unexpected charges.,True,Banning hidden fees implies protecting customers from unexpected charges.
bc63b6f049c97209,B1,9,The initiative to protect customers from unexpected charges applies to various sectors.,True,Drip pricing prevalent in transport and communication sectors mentioned.
bc63b6f049c97209,B1,10,Transport is one of the sectors included in the initiative to protect customers from unexpected charges.,True,Transport sector explicitly named as affected by drip pricing.
bc63b6f049c97209,M,1,Drip pricing involves hidden fees.,True,Drip pricing described as hidden fees for online customers.
bc63b6f049c97209,M,2,Hidden fees from drip pricing can significantly increase the cost of online purchases.,False,"Evidence gives aggregate cost, not that fees significantly increase individual purchase cost."
bc63b6f049c97209,M,3,Train tickets are among the online purchases affected by drip pricing.,True,Train tickets mentioned as example needing clear mandatory fees.
bc63b6f049c97209,M,4,New proposals aim to ban drip pricing.,True,Drip pricing hidden charges set to be banned under new law proposals.
bc63b6f049c97209,M,5,The proposals would require that all mandatory fees be clearly included in the initial price displayed to consumers.,True,Mandatory fees must be included in headline prices online per proposal.
bc63b6f049c97209,M,6,The change is part of a broader effort to enhance consumer transparency.,True,Part of plans to make prices more transparent per government consultation.
bc63b6f049c97209,M,7,Unavoidable fees from drip pricing cost consumers an estimated £2.2 billion annually.,True,Evidence states unavoidable fees cost consumers as much as £2.2bn a year.
bc63b6f049c97209,M,8,"The proposals are included in the Digital Markets, Competition and Consumers Bill.",True,"New rules will form part of the Digital Markets, Competition and Consumers Bill."
bc63b6f049c97209,M,9,The proposals reflect a government initiative to improve pricing clarity in various sectors.,True,Follows government consultation on consumer transparency across sectors like supermarkets.
bc63b6f049c97209,M_nocap,1,"""Drip pricing"" involves hidden fees.",True,Evidence calls drip pricing 'hidden fees for online customers'.
bc63b6f049c97209,M_nocap,2,Hidden fees from drip pricing can significantly increase the cost of online purchases.,True,"Costs consumers as much as £2.2bn a year, implying significant increase."
bc63b6f049c97209,M_nocap,3,Online purchases affected by drip pricing include train tickets.,True,Evidence mentions train tickets as example of drip pricing fees.
bc63b6f049c97209,M_nocap,4,New proposals aim to ban drip pricing.,True,Evidence states drip pricing is set to be banned under new law proposals.
bc63b6f049c97209,M_nocap,5,The proposals would require that all mandatory fees be included in the headline prices from the start of the shopping process.,True,Mandatory booking fees must be clear from start of shopping process.
bc63b6f049c97209,M_nocap,6,The change is expected to enhance consumer transparency.,True,Article title and content link ban to consumer transparency.
bc63b6f049c97209,M_nocap,7,The change could potentially address concerns about excessive online pricing for train tickets.,False,"Evidence doesn't mention 'excessive' pricing concerns, only hidden fee transparency."
bc63b6f049c97209,M_nocap,8,"The proposals are part of the Digital Markets, Competition and Consumers Bill.",True,"Explicitly stated as part of the Digital Markets, Competition and Consumers Bill."
bc63b6f049c97209,M_nocap,9,The proposals follow a government consultation on consumer pricing practices.,True,"Follows government consultation on consumer transparency, close paraphrase."
bdbd051eed422090,B0,1,There have been recent attacks in the Red Sea.,True,Multiple evidence pieces describe Houthi attacks on Red Sea shipping.
bdbd051eed422090,B0,2,The recent attacks in the Red Sea have led to a significant increase in shipping costs.,True,Evidence states insurance costs have risen 10-fold since early December.
bdbd051eed422090,B0,3,Shipping companies face heightened risks due to the recent attacks in the Red Sea.,True,Evidence describes ships being attacked and defending against attacks as very difficult.
bdbd051eed422090,B0,4,Insurance premiums for shipping have risen due to the recent attacks in the Red Sea.,True,Evidence explicitly states insurance costs have risen 10-fold since early December.
bdbd051eed422090,B0,5,The Red Sea is strategically important for global trade.,True,Evidence calls it one of world's most important shipping lanes linking Europe and Asia.
bdbd051eed422090,B0,6,The recent attacks in the Red Sea have prompted some vessels to reroute to avoid the area.,True,Evidence states shipping companies are diverting/avoiding Red Sea route.
bdbd051eed422090,B0,7,Delays are being passed on to consumers as a result of the recent attacks in the Red Sea.,False,Evidence mentions delays to stock but not delays being passed to consumers specifically.
bdbd051eed422090,B0,8,Increased operational expenses are being passed on to consumers as a result of the recent attacks in the Red Sea.,True,"Maersk states impact is being felt 'down to the end consumer', implying costs passed on."
bdbd051eed422090,B0,9,The increased operational expenses and delays could potentially impact prices for goods worldwide.,True,Economist warns disruption will push up prices and hit economic growth.
bdbd051eed422090,B0,10,The situation demonstrates the vulnerability of maritime trade routes to geopolitical tensions.,False,"Evidence discusses security attacks, not framed as geopolitical tensions vulnerability."
bdbd051eed422090,B0,11,The situation demonstrates the vulnerability of maritime trade routes to security threats.,True,Evidence shows security threats (attacks) causing major disruption to trade route.
bdbd051eed422090,B1,1,Houthi rebels have carried out attacks in the Red Sea.,True,Multiple evidence items describe Houthi attacks in the Red Sea.
bdbd051eed422090,B1,2,The attacks by Houthi rebels in the Red Sea have led to significant disruptions in shipping routes.,True,"Evidence states attacks disrupted shipping, causing companies to divert routes."
bdbd051eed422090,B1,3,Major shipping companies have diverted their vessels away from the Red Sea area.,True,Evidence confirms major shipping companies diverting away from the Red Sea.
bdbd051eed422090,B1,4,The diversion of vessels has resulted in increased shipping costs.,True,"Evidence mentions extra fuel and speed costs from rerouting, high monthly costs."
bdbd051eed422090,B1,5,Insurance rates for shipping have risen tenfold since early December.,True,Evidence explicitly states insurance costs risen 10-fold since early December.
bdbd051eed422090,B1,6,Analysts warn that the disruptions could lead to a rise in prices.,True,Evidence states analysts warned attacks could see a rise in prices.
bdbd051eed422090,B1,7,Analysts warn that the disruptions could lead to a rise in inflation.,True,Evidence cites economist warning inflation risk from Red Sea disruption.
bdbd051eed422090,B1,8,The Red Sea is a crucial route for global trade.,True,Evidence calls Red Sea one of world's most important shipping lanes.
bdbd051eed422090,B1,9,Global trade through the Red Sea includes oil shipments.,True,Evidence states Red Sea is important route for oil shipments.
bdbd051eed422090,B1,10,Global trade through the Red Sea includes liquefied natural gas shipments.,True,Evidence states Red Sea is important route for LNG shipments.
bdbd051eed422090,B1,11,The situation in the Red Sea has escalated.,True,"Evidence describes escalating threat, largest attack, increased strikes."
bdbd051eed422090,B1,12,There has been a marked increase in attacks in the Red Sea.,True,Evidence states attacks increased 500% between November and December.
bdbd051eed422090,B1,13,A substantial percentage of the world's container ships are now avoiding the Red Sea altogether.,True,Evidence states 20% of world's container ships avoiding the Red Sea.
bdbd051eed422090,M,1,Houthi rebels have carried out attacks in the Red Sea.,True,Multiple articles describe Houthi attacks on Red Sea shipping.
bdbd051eed422090,M,2,The Houthi attacks in the Red Sea are recent.,True,"Attacks described with recent dates like November-December, January."
bdbd051eed422090,M,3,The Houthi attacks in the Red Sea have significantly disrupted shipping routes.,True,"Evidence describes major disruption, diversions, and delays to shipping."
bdbd051eed422090,M,4,The disruption has led to increased shipping costs.,True,Insurance costs risen 10-fold and shipping firms report added fuel costs.
bdbd051eed422090,M,5,The disruption has created potential inflation risks.,True,Economist warns disruption risks pushing up prices/inflation.
bdbd051eed422090,M,6,Major shipping companies have ceased operations in the Red Sea region.,True,"Major shipping companies have ceased sailing in the region, per evidence."
bdbd051eed422090,M,7,Insurance costs have risen 10-fold due to the disruption.,True,Explicitly stated insurance costs risen 10-fold since early December.
bdbd051eed422090,M,8,20% of the world's container ships have been diverted to longer routes around Africa.,True,International Chamber of Shipping states 20% of container ships avoiding Red Sea.
bdbd051eed422090,M,9,The disruption is impacting global supply chains.,True,"Evidence discusses effects on Maersk, Tesla, Volvo, Tesco, Ikea supply chains."
bdbd051eed422090,M,10,Next has warned of potential delays in product deliveries.,True,Next warned stock delivery delays likely due to shipping disruption.
bdbd051eed422090,M,11,Tesla has indicated that rising costs may affect consumers.,False,"Evidence says Tesla suspended production, not about rising consumer costs."
bdbd051eed422090,M,12,Tesco has indicated that rising costs may affect consumers.,True,"Tesco warned some prices may go up, per evidence."
bdbd051eed422090,M,13,The situation has prompted a military response from the US.,True,"US launched military strikes against Houthis, per evidence."
bdbd051eed422090,M,14,The situation has prompted a military response from the UK.,True,"UK launched military strikes against Houthis, per evidence."
bdbd051eed422090,M,15,The effectiveness of the US and UK military measures in restoring normal shipping operations remains uncertain.,True,Spokesman says whether strikes helped restore normal shipping 'still to be seen'.
bdbd051eed422090,M_nocap,1,Houthi rebels have carried out recent attacks in the Red Sea,True,Multiple articles describe Houthi attacks on ships in the Red Sea.
bdbd051eed422090,M_nocap,2,The recent Houthi attacks in the Red Sea have significantly disrupted shipping routes,True,"Evidence describes major disruption: diversions, delays, increased costs."
bdbd051eed422090,M_nocap,3,Major shipping companies have decided to avoid the Red Sea area,True,Articles state shipping companies ceased sailing/avoided Red Sea.
bdbd051eed422090,M_nocap,4,Major shipping companies are taking longer routes around Africa,True,Articles state companies are taking longer route around southern Africa.
bdbd051eed422090,M_nocap,5,The diversion around Africa has resulted in a rise in insurance costs,True,Insurance costs risen 10-fold is linked to the threat causing diversion.
bdbd051eed422090,M_nocap,6,Insurance costs have risen by a factor of 10 due to the diversion,True,Evidence states insurance costs risen 10-fold since early December.
bdbd051eed422090,M_nocap,7,The diversion is expected to impact global supply chains,False,"Evidence discusses shipping/economic effects, not specifically global supply chains broadly."
bdbd051eed422090,M_nocap,8,Next has warned of potential delays in product deliveries,True,Next warned delays to stock deliveries were likely early this year.
bdbd051eed422090,M_nocap,9,The increased shipping costs are likely to contribute to inflation,False,"Evidence links disruption to inflation, not specifically 'shipping costs' phrase."
bdbd051eed422090,M_nocap,10,The shipping delays are likely to contribute to inflation,True,"El-Erian warns disruption would push up prices, i.e., inflation."
bdbd051eed422090,M_nocap,11,The increased shipping costs are likely to affect economic growth,False,"Evidence attributes growth impact to disruption generally, not specifically costs."
bdbd051eed422090,M_nocap,12,The shipping delays are likely to affect economic growth,True,El-Erian warned disruption would hit economic growth.
bdbd051eed422090,M_nocap,13,An economist noted that the increased shipping costs and delays are likely to contribute to inflation and affect economic growth,True,El-Erian's warning matches inflation and growth impact claim.
bdbd051eed422090,M_nocap,14,The situation involving Houthi attacks in the Red Sea has escalated,True,"Multiple articles show escalating attacks, strikes, and countermeasures."
bdbd051eed422090,M_nocap,15,There was a reported 500% increase in Houthi attacks from November to December,True,Explicitly stated: attacks increased 500% between November and December.
bdbd051eed422090,M_nocap,16,The increase in Houthi attacks is further complicating maritime security in the Red Sea,False,Evidence doesn't discuss 'maritime security' complications explicitly.
bdbd051eed422090,M_nocap,17,The Red Sea is a crucial trade route,True,Described as 'a major route for global maritime trade' and vital trade route.
bec2d2efb59b7695,B0,1,President Biden recently addressed the U.S. airstrikes in Yemen,True,Evidence quotes Biden discussing the strikes on Houthi targets in Yemen.
bec2d2efb59b7695,B0,2,Biden emphasized the need to protect American interests,True,"Biden said US will protect people and free flow of commerce, i.e., interests."
bec2d2efb59b7695,B0,3,Biden emphasized the need to support regional stability,False,Evidence does not mention Biden addressing regional stability.
bec2d2efb59b7695,B0,4,Biden stated that the strikes were a response to threats posed by Iran-aligned groups in the area,False,Evidence doesn't have Biden citing threats from Iran-aligned groups specifically.
bec2d2efb59b7695,B0,5,Biden stated that the strikes aimed to deter further aggression,False,No evidence Biden mentioned deterring further aggression.
bec2d2efb59b7695,B0,6,Biden reiterated the importance of diplomatic efforts alongside military action,False,No mention of Biden discussing diplomatic efforts alongside military action.
bec2d2efb59b7695,B0,7,Biden highlighted the U.S. commitment to a peaceful resolution in Yemen's ongoing conflict,False,Evidence doesn't show Biden discussing peaceful resolution commitment.
bec2d2efb59b7695,B0,8,Biden's comments reflect a balancing act between military engagement and the pursuit of long-term peace in the region,False,No evidence of Biden balancing military engagement with long-term peace.
bec2d2efb59b7695,B1,1,President Joe Biden stated that the US will not hesitate to take further military action to protect its personnel.,True,Biden quoted saying he would not hesitate to protect people.
bec2d2efb59b7695,B1,2,President Joe Biden stated that the US will not hesitate to take further military action to ensure the free flow of international commerce.,True,Same quote mentions free flow of international commerce.
bec2d2efb59b7695,B1,3,This statement was made in response to Houthi attacks on commercial vessels in the Red Sea.,True,Evidence links strikes to Houthi attacks on Red Sea commercial vessels.
bec2d2efb59b7695,B1,4,The US and UK have conducted multiple strikes targeting Houthi military capabilities.,True,"Multiple strikes described: Friday, Saturday, Monday operations."
bec2d2efb59b7695,B1,5,The strikes targeted logistical hubs.,True,Logistical hubs explicitly listed as targets.
bec2d2efb59b7695,B1,6,The strikes targeted missile systems.,True,Missile launch and deployment facilities mentioned as targets.
bec2d2efb59b7695,B1,7,The strikes are part of a broader effort to deter threats to navigation and trade.,False,Evidence doesn't frame strikes as part of broader deterrence effort explicitly.
bec2d2efb59b7695,B1,8,The Houthis have vowed to retaliate against these strikes.,True,Houthis vowed to respond/target ships if strikes continued.
bec2d2efb59b7695,B1,9,The Houthis claim the strikes are a response to US and UK aggression.,True,Houthi spokesperson called attack response to American-British aggression.
bec2d2efb59b7695,B1,10,Biden emphasized that these targeted actions send a clear message against tolerating attacks from hostile actors.,True,Biden's quote about clear message and not tolerating attacks matches.
bec2d2efb59b7695,M,1,The United States conducted military strikes against Houthi targets in Yemen.,True,US strikes on Houthi targets clearly stated multiple times.
bec2d2efb59b7695,M,2,The United Kingdom conducted military strikes against Houthi targets in Yemen.,True,UK strikes on Houthi targets clearly stated multiple times.
bec2d2efb59b7695,M,3,The strikes were described as a response to repeated Houthi attacks on commercial vessels in the Red Sea.,True,Evidence states strikes are response to Houthi attacks on Red Sea shipping.
bec2d2efb59b7695,M,4,President Biden stated that the strikes serve as a clear message against attacks on US personnel.,True,Biden quote directly states this message about personnel attacks.
bec2d2efb59b7695,M,5,President Biden stated that the strikes serve as a clear message about the importance of maintaining freedom of navigation.,True,Biden quote directly mentions freedom of navigation.
bec2d2efb59b7695,M,6,The strikes targeted various military assets.,True,"Logistical hubs, air defence, arms depots, storage sites cited as targets."
bec2d2efb59b7695,M,7,The strikes targeted missile launch facilities.,True,Article 2 mentions missile launch and deployment facilities destroyed.
bec2d2efb59b7695,M,8,The strikes were characterized as necessary to protect global shipping routes.,True,Article 3 says giving up would cede control of shipping route.
bec2d2efb59b7695,M,9,The Houthis have vowed to continue their attacks.,False,Evidence shows continued attacks likely but no explicit Houthi vow to continue.
bec2d2efb59b7695,M,10,The Houthis claim their actions are in retaliation for perceived aggression from the US.,True,Houthi official blamed US for 'aggression against our country'.
bec2d2efb59b7695,M,11,The Houthis claim their actions are in retaliation for perceived aggression from the UK.,True,Houthi statement blamed 'American-British aggression against our country'.
bec2d2efb59b7695,M_nocap,1,The US conducted recent military strikes against Houthi targets in Yemen.,True,Multiple strikes by US on Houthi targets described in evidence.
bec2d2efb59b7695,M_nocap,2,The UK conducted recent military strikes against Houthi targets in Yemen.,True,UK joint strikes on Houthi targets described repeatedly.
bec2d2efb59b7695,M_nocap,3,The US and UK strikes were described as a response to the Houthis' attacks on commercial vessels in the Red Sea.,True,Strikes explicitly stated as response to Red Sea vessel attacks.
bec2d2efb59b7695,M_nocap,4,The Houthis attacked commercial vessels in the Red Sea.,True,Houthis attacking commercial vessels in Red Sea confirmed in evidence.
bec2d2efb59b7695,M_nocap,5,President Biden stated that the strikes serve as a clear message against attacks on US personnel.,True,Biden quote matches claim about clear message on personnel attacks.
bec2d2efb59b7695,M_nocap,6,President Biden stated that the strikes serve as a clear message about the importance of maintaining freedom of navigation.,True,Biden quote mentions freedom of navigation directly.
bec2d2efb59b7695,M_nocap,7,The strikes targeted various military assets.,True,"Evidence lists logistical hubs, air defence, missile facilities as targets."
bec2d2efb59b7695,M_nocap,8,The strikes targeted missile launch facilities.,True,Pentagon assessment mentions missile launch and deployment facilities destroyed.
bec2d2efb59b7695,M_nocap,9,The strikes were characterized as necessary to protect global shipping routes.,True,Article states US/UK have little choice to protect shipping route.
bec2d2efb59b7695,M_nocap,10,The Houthis have vowed to continue their attacks.,True,Houthis show every sign of continuing attacks per evidence.
bec2d2efb59b7695,M_nocap,11,The Houthis claim the strikes are a response to their actions.,False,"Houthis claim their attacks respond to Israel's actions, not that strikes are response to them."
bec2d2efb59b7695,M_nocap,12,The Houthis' actions are linked to the ongoing conflict involving Israel.,True,Houthi attacks explicitly linked to Israel's Gaza campaign.
bfbb4fa21444cab4,B0,1,CryptoZoo is a game.,False,CryptoZoo not mentioned anywhere in evidence.
bfbb4fa21444cab4,B0,2,CryptoZoo failed.,False,Evidence does not mention CryptoZoo at all.
bfbb4fa21444cab4,B0,3,CryptoZoo was created by Logan Paul.,False,No mention of CryptoZoo or Logan Paul in evidence.
bfbb4fa21444cab4,B0,4,Logan Paul is a YouTuber.,False,Logan Paul not mentioned in evidence.
bfbb4fa21444cab4,B0,5,CryptoZoo faced significant backlash from investors.,False,CryptoZoo not discussed in evidence.
bfbb4fa21444cab4,B0,6,CryptoZoo faced significant backlash from players.,False,CryptoZoo not discussed in evidence.
bfbb4fa21444cab4,B0,7,The backlash was due to CryptoZoo's unfulfilled promises.,False,No mention of CryptoZoo promises or backlash.
bfbb4fa21444cab4,B0,8,The backlash was due to CryptoZoo's technical issues.,False,No mention of CryptoZoo technical issues.
bfbb4fa21444cab4,B0,9,CryptoZoo's team announced a partial refund plan for affected users.,False,No mention of CryptoZoo refund plan.
bfbb4fa21444cab4,B0,10,The partial refund plan was announced in response to growing discontent.,False,No mention of CryptoZoo or refund plan context.
bfbb4fa21444cab4,B0,11,The partial refund plan aims to address some of the financial losses incurred.,False,No mention of CryptoZoo refund plan or losses.
bfbb4fa21444cab4,B0,12,Many participants remain skeptical about the effectiveness of the refund measures.,False,No mention of CryptoZoo participants or skepticism.
bfbb4fa21444cab4,B0,13,Many participants remain skeptical about the overall viability of the project.,False,No mention of CryptoZoo project viability.
bfbb4fa21444cab4,B0,14,Concerns about transparency continue to loom over the project.,False,No mention of CryptoZoo transparency concerns.
bfbb4fa21444cab4,B0,15,Concerns about accountability continue to loom over the project.,False,No mention of CryptoZoo accountability concerns.
bfbb4fa21444cab4,B0,16,The situation highlights broader issues within the cryptocurrency sector.,False,No mention of CryptoZoo or cryptocurrency sector issues tied to it.
bfbb4fa21444cab4,B0,17,The situation highlights broader issues within the gaming sector.,False,No mention of CryptoZoo or gaming sector issues tied to it.
bfbb4fa21444cab4,B0,18,The broader issues concern investor protection.,False,No mention of investor protection related to CryptoZoo.
bfbb4fa21444cab4,B0,19,The broader issues concern project management.,False,No mention of project management issues related to CryptoZoo.
bfbb4fa21444cab4,B1,1,The evidence does not provide any information regarding a partial refund for the failed CryptoZoo game.,False,Evidence never mentions CryptoZoo at all.
bfbb4fa21444cab4,B1,2,CryptoZoo was a game.,False,CryptoZoo is not mentioned in the evidence.
bfbb4fa21444cab4,B1,3,CryptoZoo failed.,False,CryptoZoo is not mentioned in the evidence.
bfbb4fa21444cab4,B1,4,The evidence discusses customer refunds for Xbox Game Pass charges.,True,Article 1 describes customers refunded for Xbox Game Pass charges.
bfbb4fa21444cab4,B1,5,The evidence discusses the Rwanda asylum seeker bill.,True,Article 2 discusses the Rwanda asylum seeker bill.
bfbb4fa21444cab4,B1,6,The evidence discusses the Horizon scandal involving postmasters.,True,Articles 3 and 4 discuss the Horizon scandal and postmasters.
bfbb4fa21444cab4,B1,7,The evidence discusses changes in the retail strategy of Game stores.,True,Article 5 discusses Game's shift in retail strategy.
bfbb4fa21444cab4,B1,8,There is insufficient evidence to address the query.,True,"Evidence lacks info on CryptoZoo, so it's insufficient for that query."
bfbb4fa21444cab4,M,1,The evidence does not provide any information regarding a partial refund for the failed CryptoZoo game.,False,CryptoZoo is not mentioned anywhere in the evidence.
bfbb4fa21444cab4,M,2,CryptoZoo is described as a failed game.,False,CryptoZoo is not mentioned in the evidence at all.
bfbb4fa21444cab4,M,3,The evidence covers a topic about a dog eating cash.,True,"Evidence describes a dog eating $4,000 cash."
bfbb4fa21444cab4,M,4,The evidence covers a topic about layoffs in the gaming industry.,True,Evidence describes Microsoft gaming division layoffs.
bfbb4fa21444cab4,M,5,The evidence covers a topic about a Bitcoin ETF announcement.,True,Evidence discusses SEC and Bitcoin ETF announcement expectations.
bfbb4fa21444cab4,M,6,The evidence covers a topic about unauthorized charges for Xbox Game Pass.,True,Evidence describes BT customers unknowingly charged for Xbox Game Pass.
bfbb4fa21444cab4,M,7,The evidence covers a topic about an investigation by the Pokémon Company into copying claims.,True,Evidence describes Pokémon Company investigating copying claims against Palworld.
bfbb4fa21444cab4,M,8,There is insufficient evidence to address the query about a partial refund for CryptoZoo.,True,"CryptoZoo is not mentioned, so evidence is insufficient for that query."
bfbb4fa21444cab4,M_nocap,1,The evidence does not provide any information regarding a partial refund for the failed CryptoZoo game.,False,Evidence never mentions CryptoZoo at all.
bfbb4fa21444cab4,M_nocap,2,CryptoZoo is described as a failed game.,False,CryptoZoo not mentioned in evidence.
bfbb4fa21444cab4,M_nocap,3,The evidence covers a topic about a dog eating cash.,True,Article 1 describes a dog eating cash.
bfbb4fa21444cab4,M_nocap,4,The evidence covers a topic about layoffs in the gaming industry.,True,Article 2 covers Microsoft gaming division layoffs.
bfbb4fa21444cab4,M_nocap,5,The evidence covers a topic about a Bitcoin ETF announcement.,True,Article 3 covers Bitcoin ETF related news.
bfbb4fa21444cab4,M_nocap,6,The evidence covers a topic about unauthorized charges for Xbox Game Pass.,True,Article 4 covers unauthorized Xbox Game Pass charges.
bfbb4fa21444cab4,M_nocap,7,The evidence covers a topic about an investigation into a game for intellectual property infringement.,True,Article 5 covers Pokémon Company investigating Palworld IP claims.
bfbb4fa21444cab4,M_nocap,8,There is insufficient evidence to address the query about a partial refund for CryptoZoo.,True,"Evidence lacks any CryptoZoo refund information, supporting insufficiency claim."
c21dbad21d88c336,B0,1,Sports programs in schools have the potential to combat absenteeism among students,True,CSJ report suggested more school sport could help absence.
c21dbad21d88c336,B0,2,Advocates argue that engaging students in physical activities promotes health and well-being,False,Evidence doesn't mention health/well-being rationale for sports.
c21dbad21d88c336,B0,3,Advocates argue that engaging students in physical activities fosters a sense of community and belonging,False,No mention of community/belonging from physical activities.
c21dbad21d88c336,B0,4,Advocates argue that a sense of community and belonging can motivate students to attend school more regularly,False,No mention of community/belonging motivating attendance.
c21dbad21d88c336,B0,5,Some schools have implemented robust sports initiatives,False,No mention of specific schools implementing sports initiatives.
c21dbad21d88c336,B0,6,Schools that have implemented robust sports initiatives have reported improvements in attendance rates,False,No evidence of reported attendance improvements from sports initiatives.
c21dbad21d88c336,B0,7,Students are more likely to participate in school when they feel connected to their peers,False,No mention of peer connection affecting participation.
c21dbad21d88c336,B0,8,Students are more likely to participate in school when they feel connected to the school environment,False,No mention of school environment connection affecting participation.
c21dbad21d88c336,B0,9,Integrating sports into the educational framework is seen as a promising strategy to enhance student engagement,False,No mention of engagement strategy framing for sports integration.
c21dbad21d88c336,B0,10,Integrating sports into the educational framework is seen as a promising strategy to reduce absenteeism,True,CSJ report suggests school sport could help reduce absence.
c21dbad21d88c336,B1,1,A report from the Centre for Social Justice suggests that more school sports could help improve attendance.,True,CSJ report suggested more school sport could help attendance.
c21dbad21d88c336,B1,2,Some parents believe full-time attendance is unnecessary.,True,Report found some parents thought children didn't need full-time attendance.
c21dbad21d88c336,B1,3,Labour proposed measures to tackle school absence.,True,Labour proposed measures like breakfast clubs to tackle absence.
c21dbad21d88c336,B1,4,Labour's proposed measures to tackle school absence include better mental health support.,True,Better mental health support was part of Labour's plans.
c21dbad21d88c336,B1,5,Labour's proposed measures to tackle school absence include free breakfast clubs.,True,Free breakfast clubs explicitly listed as proposed measure.
c21dbad21d88c336,B1,6,Labour's proposed measures indicate a broader strategy to enhance school engagement and attendance.,True,Multiple measures described suggest a broader attendance strategy.
c21dbad21d88c336,M,1,The coverage discusses the issue of persistent school absence in England.,True,Article explicitly discusses persistent school absence in England.
c21dbad21d88c336,M,2,A report suggests that increasing school sports could be beneficial for addressing persistent school absence.,True,CSJ report suggested more school sport could help.
c21dbad21d88c336,M,3,Some parents believe children do not need to attend school full-time.,True,Text states some parents thought children did not need full-time schooling.
c21dbad21d88c336,M,4,The belief that children do not need to attend school full-time contributes to the problem of persistent school absence.,False,Evidence doesn't state this belief contributes to persistent absence.
c21dbad21d88c336,M,5,Labour's shadow education secretary has proposed measures to address the issue of persistent school absence.,True,Phillipson set out proposed measures to address absence.
c21dbad21d88c336,M,6,One proposed measure is making school attendance a priority.,True,Phillipson said Labour plans to make attendance a top priority.
c21dbad21d88c336,M,7,One proposed measure is providing better mental health support for students.,True,Better mental health support was part of Labour's plans.
c21dbad21d88c336,M,8,The plans include initiatives like free breakfast clubs.,True,Free breakfast clubs for primary schools explicitly mentioned.
c21dbad21d88c336,M,9,The free breakfast club initiative is intended to encourage school attendance.,False,Evidence doesn't state breakfast clubs are intended to encourage attendance specifically.
c21dbad21d88c336,M_nocap,1,The Centre for Social Justice published a report.,True,Evidence mentions 'A CSJ report last week'.
c21dbad21d88c336,M_nocap,2,The report discusses the potential role of increased school sports in addressing persistent school absences.,True,Report suggested more school sport could help with absence.
c21dbad21d88c336,M_nocap,3,Some parents believe children do not need to attend school full-time.,True,Evidence states some parents thought children did not need full-time school.
c21dbad21d88c336,M_nocap,4,This belief may contribute to absenteeism.,False,Evidence doesn't state this belief contributes to absenteeism.
c21dbad21d88c336,M_nocap,5,Labour proposed measures to improve school attendance.,True,Labour set out proposed measures to improve school attendance.
c21dbad21d88c336,M_nocap,6,Labour's proposed measures include better mental health support for pupils.,True,Better mental health support was part of Labour's plans.
c21dbad21d88c336,M_nocap,7,Labour's proposed measures include initiatives like free breakfast clubs.,True,Free breakfast clubs mentioned as part of measures.
c21dbad21d88c336,M_nocap,8,Labour's proposed measures indicate a broader strategy to tackle the issue of school absences.,True,Multiple measures described suggest a broader strategy.
c2a48580d13608f6,B0,1,There is growing tension within the Conservative Party regarding the government's Rwanda asylum policy.,True,Multiple articles describe Tory rebellions and divisions over the bill.
c2a48580d13608f6,B0,2,Tory MPs have been warned about potential rebellion over the Rwanda asylum policy.,True,Sunak warned frontbenchers would be fired for not voting with government.
c2a48580d13608f6,B0,3,The Rwanda asylum policy is controversial.,True,"Extensive rebellion, resignations, and disputes show clear controversy."
c2a48580d13608f6,B0,4,The Rwanda asylum policy aims to send some asylum seekers to Rwanda for processing.,False,Evidence discusses policy disputes but doesn't explicitly state sending asylum seekers for processing.
c2a48580d13608f6,B0,5,Critics within the Conservative Party express concerns about the ethical implications of the Rwanda asylum policy.,False,"Concerns cited are legal/effectiveness based, not explicitly ethical."
c2a48580d13608f6,B0,6,Critics within the Conservative Party express concerns about the effectiveness of the Rwanda asylum policy.,True,MPs said they wanted the bill to 'work' and be 'beefed up'.
c2a48580d13608f6,B0,7,Critics within the Conservative Party suggest the Rwanda asylum policy could lead to significant dissent among lawmakers.,True,Rebellions and resignations show significant lawmaker dissent already occurring.
c2a48580d13608f6,B0,8,Rishi Sunak is the Prime Minister.,True,Referred to as 'prime minister' multiple times throughout evidence.
c2a48580d13608f6,B0,9,Rishi Sunak faces challenges in maintaining party unity while pursuing his immigration agenda.,True,"Articles describe Sunak managing rebels, resignations, and internal party divisions."
c2a48580d13608f6,B1,1,There is significant dissent among Tory MPs regarding the Rwanda bill,True,"Multiple evidence pieces describe factions, rebels, and deep concern among Tory MPs."
c2a48580d13608f6,B1,2,Some Tory MPs are threatening to vote against the Rwanda bill unless their concerns are addressed,True,Evidence [1] states rebels threatened to vote against bill before Christmas.
c2a48580d13608f6,B1,3,The Rwanda bill passed its initial parliamentary stage,True,Evidence [1] states bill passed its initial parliamentary stage comfortably.
c2a48580d13608f6,B1,4,There is ongoing pressure from various factions within the Conservative Party regarding the Rwanda bill,True,"Evidence [2] mentions several factions uneasy, some fearing too far, others not far enough."
c2a48580d13608f6,B1,5,The One Nation wing is a more liberal faction within the Conservative Party,True,Evidence [1] explicitly calls One Nation wing 'more liberal'.
c2a48580d13608f6,B1,6,Members of the One Nation wing fear that tightening the Rwanda bill could breach international law,True,Evidence [1] says One Nation MPs insist bill cannot be tightened without breaching international law.
c2a48580d13608f6,B1,7,The Rwandan government has warned that it may withdraw from the scheme if it does not meet international obligations,True,Evidence [1] states Rwandan government threatened to pull out if not compliant with international obligations.
c2a48580d13608f6,B1,8,Some Tory MPs have resigned from their positions to support amendments aimed at strengthening the Rwanda bill,True,Evidence [5] describes MPs resigning after voting for rebel amendments to strengthen the bill.
c2a48580d13608f6,B1,9,There is serious internal conflict within the Conservative Party over the Rwanda bill legislation,True,Evidence [4] compares situation to Brexit-era deep divisions in the party.
c2a48580d13608f6,M,1,There is significant dissent among Conservative MPs regarding the Rwanda asylum policy.,True,Multiple articles show rebellions and factions among Tory MPs over Rwanda bill.
c2a48580d13608f6,M,2,61 Tory MPs voted for amendments to the bill.,True,Explicitly stated: 61 Tory MPs voted for changes to the Rwanda bill.
c2a48580d13608f6,M,3,The vote by 61 Tory MPs for amendments indicates a notable rebellion against Prime Minister Rishi Sunak's leadership.,True,Described as Sunak's biggest rebellion since becoming PM.
c2a48580d13608f6,M,4,Rishi Sunak is the Prime Minister.,True,Referred to as prime minister throughout the evidence.
c2a48580d13608f6,M,5,Some MPs express concerns about the bill's effectiveness.,True,Kruger and others said they wanted to strengthen legislation to work effectively.
c2a48580d13608f6,M,6,Some MPs express concerns about the bill's safety.,True,Lords report and Clarke's comments raise safety concerns about Rwanda policy.
c2a48580d13608f6,M,7,Some MPs are calling for improvements to the bill to ensure compliance with international obligations.,True,Sunak said open to ideas to make bill effective while complying with international obligations.
c2a48580d13608f6,M,8,Labour is actively opposing the bill.,True,Labour opposed the bill and Cooper criticized it as a 'costly con'.
c2a48580d13608f6,M,9,Labour is seeking to compel the government to disclose documents related to the Rwanda policy.,True,Labour used Humble Address to force disclosure of Rwanda-related documents.
c2a48580d13608f6,M,10,The House of Lords has raised issues about the safety of Rwanda as a destination for asylum seekers.,True,Lords cited outstanding safety issues and unmet protections in Rwanda treaty.
c2a48580d13608f6,M,11,There is a clear division within the Conservative Party.,True,Factions favoring and opposing the bill show clear internal division.
c2a48580d13608f6,M,12,Some Conservative Party members warn that the current approach may not be sustainable.,False,No claim in evidence about sustainability of the approach specifically.
c2a48580d13608f6,M_nocap,1,There is significant dissent among Conservative MPs regarding the Rwanda asylum policy,True,Multiple MPs voiced opposition/rebellion showing significant dissent.
c2a48580d13608f6,M_nocap,2,61 Tory MPs voted for amendments to the bill,True,Evidence states 61 Tory MPs voted for changes to the bill.
c2a48580d13608f6,M_nocap,3,The vote of 61 Tory MPs for amendments marks a notable rebellion against Prime Minister Rishi Sunak,True,Described as Sunak's biggest rebellion since becoming PM.
c2a48580d13608f6,M_nocap,4,Rishi Sunak is the Prime Minister,True,Evidence refers to him as prime minister multiple times.
c2a48580d13608f6,M_nocap,5,Some MPs expressed support for the legislation despite reservations,True,Kruger said colleagues supported despite concerns.
c2a48580d13608f6,M_nocap,6,Some MPs aimed to avoid political disruption by supporting the legislation despite reservations,True,Kruger explicitly cites avoiding political disruption as reason.
c2a48580d13608f6,M_nocap,7,The Labour Party is actively challenging the government's stance on the Rwanda policy,True,Labour opposed bill and pushed vote on documents.
c2a48580d13608f6,M_nocap,8,The Labour Party is seeking to compel ministers to justify the Rwanda policy in Parliament,True,Labour's gambit forces a minister to justify the policy.
c2a48580d13608f6,M_nocap,9,The House of Lords has voted against approving the Rwanda treaty,True,Lords backed motion against approving the treaty.
c2a48580d13608f6,M_nocap,10,The House of Lords voted against approving the Rwanda treaty until the government can demonstrate that Rwanda is a safe country,True,Motion said treaty should wait until Rwanda proven safe.
c2a48580d13608f6,M_nocap,11,There are ongoing concerns about the Rwanda policy's implementation and effectiveness,True,Multiple sources cite unresolved safety and effectiveness concerns.
c4817cf6da9d276d,B0,1,Papua New Guinea has experienced significant rioting in recent months.,False,Evidence never mentions Papua New Guinea.
c4817cf6da9d276d,B0,2,Papua New Guinea has experienced significant looting in recent months.,False,Evidence never mentions Papua New Guinea.
c4817cf6da9d276d,B0,3,The rioting and looting were primarily driven by political tensions.,False,Evidence never mentions Papua New Guinea.
c4817cf6da9d276d,B0,4,The rioting and looting were primarily driven by economic frustrations.,False,Evidence never mentions Papua New Guinea.
c4817cf6da9d276d,B0,5,Protests erupted in various cities in Papua New Guinea.,False,Evidence never mentions Papua New Guinea.
c4817cf6da9d276d,B0,6,Demonstrators expressed dissatisfaction over government policies.,False,Evidence never mentions Papua New Guinea.
c4817cf6da9d276d,B0,7,Demonstrators expressed dissatisfaction over corruption.,False,Evidence never mentions Papua New Guinea.
c4817cf6da9d276d,B0,8,Demonstrators expressed dissatisfaction over rising living costs.,False,Evidence never mentions Papua New Guinea.
c4817cf6da9d276d,B0,9,The unrest has led to clashes between protesters and security forces.,False,Evidence never mentions Papua New Guinea.
c4817cf6da9d276d,B0,10,The clashes have resulted in injuries.,False,Evidence never mentions Papua New Guinea.
c4817cf6da9d276d,B0,11,The clashes have resulted in property damage.,False,Evidence never mentions Papua New Guinea.
c4817cf6da9d276d,B0,12,Authorities have struggled to maintain order.,False,Evidence never mentions Papua New Guinea.
c4817cf6da9d276d,B0,13,The situation in Papua New Guinea remains volatile.,False,Evidence never mentions Papua New Guinea.
c4817cf6da9d276d,B0,14,Calls for reform continue to grow among the populace.,False,Evidence never mentions Papua New Guinea.
c4817cf6da9d276d,B1,1,There is significant violence and unrest in Ecuador.,True,Multiple articles describe widespread unrest and violence across Ecuador.
c4817cf6da9d276d,B1,2,There is significant violence and unrest particularly in the city of Guayaquil.,True,Guayaquil is repeatedly described as center of violent unrest.
c4817cf6da9d276d,B1,3,Attacks in Guayaquil are linked to criminal gangs.,True,Evidence explicitly links Guayaquil attacks to criminal gangs.
c4817cf6da9d276d,B1,4,Attacks linked to criminal gangs have resulted in multiple fatalities.,True,"Eight killed in gang-linked attacks, plus two police officers killed."
c4817cf6da9d276d,B1,5,Attacks linked to criminal gangs have resulted in multiple injuries.,True,Three injured reported in gang-linked attacks in Guayaquil.
c4817cf6da9d276d,B1,6,Armed criminals have targeted police officers.,True,Police officers killed and kidnapped by armed criminals per evidence.
c4817cf6da9d276d,B1,7,There have been incidents of bomb detonations.,True,Bombs detonated in cities and around Ecuador are mentioned.
c4817cf6da9d276d,B1,8,There have been hostage situations involving prison staff.,True,More than 130 prison staff held hostage in five jails.
c4817cf6da9d276d,B1,9,The government has declared a state of emergency.,True,State of emergency declared by Noboa is explicitly stated.
c4817cf6da9d276d,B1,10,The government has initiated a crackdown on gangs.,True,President declared war on armed gangs per evidence.
c4817cf6da9d276d,B1,11,The crackdown on gangs includes a nightly curfew.,True,Decree ordains a nightly curfew as stated in evidence.
c4817cf6da9d276d,B1,12,The crackdown on gangs includes military presence on the streets.,True,"Soldiers are on the streets in several cities, per evidence."
c4817cf6da9d276d,B1,13,The nightly curfew and military presence are intended to restore order amid escalating violence.,True,Curfew and soldiers described as response to restore order amid violence.
c4817cf6da9d276d,M,1,There was violence and unrest in Ecuador,True,Multiple evidence items describe violence and unrest in Ecuador.
c4817cf6da9d276d,M,2,There were attacks in Ecuador linked to criminal gangs,True,Article 2 states attacks linked to criminal gangs killed people.
c4817cf6da9d276d,M,3,There were bomb detonations in Ecuador,True,Article 2 mentions bombs detonated across Ecuador.
c4817cf6da9d276d,M,4,The president of Ecuador declared a state of emergency,True,Article 1 and 5 confirm president declared state of emergency.
c4817cf6da9d276d,M,5,The situation in Ecuador was characterized by unprecedented violence,True,Article 2 explicitly calls it an unprecedented day of violence.
c4817cf6da9d276d,M,6,Soldiers were deployed in cities in Ecuador,True,Article 2 states soldiers are on streets in several cities.
c4817cf6da9d276d,M,7,There was significant public fear in Ecuador,True,Article 2 describes panic and students running in fear.
c4817cf6da9d276d,M,8,There were reports of hostages being taken in prisons in Ecuador,True,Articles mention prison staff/guards held hostage by inmates.
c4817cf6da9d276d,M,9,There were armed assaults on media outlets in Ecuador,True,"Armed men stormed TV studio, described as armed assault on media."
c4817cf6da9d276d,M_nocap,1,Ecuador experienced violence and unrest,True,Multiple evidence pieces describe unrest and violence in Ecuador.
c4817cf6da9d276d,M_nocap,2,Ecuador experienced attacks linked to criminal gangs,True,Evidence explicitly mentions attacks linked to criminal gangs.
c4817cf6da9d276d,M_nocap,3,A state of emergency was declared in Ecuador,True,"State of emergency declared per evidence items 1, 2, 5."
c4817cf6da9d276d,M_nocap,4,Gang activities in Ecuador impacted public safety,True,"Gang violence caused panic, deaths, and unsafe conditions per evidence."
c4817cf6da9d276d,M_nocap,5,Bombings occurred in Ecuador,True,Bombs/explosive devices detonated across cities per evidence.
c4817cf6da9d276d,M_nocap,6,Hostage situations occurred in Ecuador,True,Prison guards and staff held hostage as described in evidence.
c4bf315c5f3589d8,B0,1,There is a concrete crisis affecting schools in the UK.,True,Evidence describes Raac crumbling concrete crisis in UK schools.
c4bf315c5f3589d8,B0,2,The concrete crisis impacts students' education.,True,Evidence shows disrupted D&T course and rebuilding delays affecting students.
c4bf315c5f3589d8,B0,3,The concrete crisis particularly impacts subjects like mathematics.,False,"Evidence links crisis to design and technology, not mathematics specifically."
c4bf315c5f3589d8,B0,4,Many schools have had to close due to safety concerns related to crumbling concrete structures.,True,Evidence states 276 schools partially closed due to Raac.
c4bf315c5f3589d8,B0,5,Many schools have had to limit access to classrooms due to safety concerns related to crumbling concrete structures.,False,"Evidence mentions partial closures, not specifically limited classroom access as distinct claim."
c4bf315c5f3589d8,B0,6,The school closures and access limitations have disrupted the learning environment.,True,CEO calls situation disruptive and 'extremely challenging' per St Leonard's.
c4bf315c5f3589d8,B0,7,The crisis has raised concerns about the continuity of math education.,False,No mention of math education continuity concerns from Raac crisis.
c4bf315c5f3589d8,B0,8,Students face challenges in completing their studies due to the crisis.,True,Students switched courses and had disrupted practical work completion.
c4bf315c5f3589d8,B0,9,Students face challenges in preparing for exams due to the crisis.,False,"Evidence discusses coursework disruption, not exam preparation specifically."
c4bf315c5f3589d8,B0,10,The crisis has highlighted the need for urgent infrastructure improvements.,True,NAO report highlights scale of crisis needing rebuilding/refurbishment.
c4bf315c5f3589d8,B0,11,Urgent infrastructure improvements are needed to ensure students can receive a stable and effective education.,True,"Evidence implies rebuilding needed for safe, effective education continuity."
c4bf315c5f3589d8,B1,1,There is a concrete crisis affecting schools,True,Raac crisis described as crumbling concrete affecting schools.
c4bf315c5f3589d8,B1,2,The concrete crisis has had an impact on schools,True,Article shows school closures and course disruption from Raac.
c4bf315c5f3589d8,B1,3,Students face challenges due to the concrete crisis,True,Students fear losing top grades and had course switched.
c4bf315c5f3589d8,B1,4,Educators face challenges due to the concrete crisis,True,CEO describes difficulty making decisions on disrupted courses.
c4bf315c5f3589d8,B1,5,Work to remove dangerous concrete has been delayed,True,Work to remove concrete pushed back to Easter.
c4bf315c5f3589d8,B1,6,The delay in removing dangerous concrete has affected students' ability to complete required coursework for GCSEs,True,Delay would have been too late for required practical work.
c4bf315c5f3589d8,B1,7,The delay in removing dangerous concrete has led to changes in students' study options,True,"School switched students to a different GCSE course, 3D design."
c4bf315c5f3589d8,B1,8,Many schools are struggling with poor conditions,True,"Investigation finds head teachers struggling to keep pupils safe, poor conditions."
c4bf315c5f3589d8,B1,9,Poor conditions in many schools include leaks,True,Headline states schools plagued by leaks and cold.
c4bf315c5f3589d8,B1,10,Poor conditions in many schools include extreme cold,True,Children learning in gloves due to extreme cold mentioned.
c4bf315c5f3589d8,B1,11,The poor conditions further complicate the learning environment for students,True,"Evidence implies poor conditions complicate learning, though not explicit phrase."
c4bf315c5f3589d8,B1,12,The situation is described as extremely challenging,True,St Leonard's called the situation 'extremely challenging.'
c4bf315c5f3589d8,B1,13,There are significant disruptions to education as a result of crumbling infrastructure,True,"CEO says disruption is bad, schools partially closed due to Raac."
c4bf315c5f3589d8,M,1,The pass rate for GCSE maths resits has declined in England.,True,Headline and text state pass rate falls for GCSE maths resits.
c4bf315c5f3589d8,M,2,Many students are struggling to meet the required grade in GCSE maths resits.,True,"167,000+ students received grade 3 or lower, below grade 4 bar."
c4bf315c5f3589d8,M,3,Constrained resources have contributed to students struggling to meet the required grade in GCSE maths resits.,True,Middlehurst cites constrained resources hindering catch-up efforts.
c4bf315c5f3589d8,M,4,The Covid pandemic has impacted students' ability to meet the required grade in GCSE maths resits.,True,Text mentions lost learning due to Covid pandemic affecting catch-up.
c4bf315c5f3589d8,M,5,A significant number of students in England are learning in inadequate school facilities.,True,"700,000 children learning in schools needing major rebuild/refurbishment."
c4bf315c5f3589d8,M,6,Many schools in England need major repairs.,True,Evidence states many schools need major rebuilding or refurbishment.
c4bf315c5f3589d8,M,7,Some schools in England are facing closures due to dangerous building materials.,True,276 schools partially closed due to dangerous crumbling concrete (Raac).
c4bf315c5f3589d8,M,8,Challenges related to inadequate school facilities are affecting students' ability to succeed in maths.,False,Evidence does not link school facility issues to maths success.
c4bf315c5f3589d8,M,9,Constrained resources are affecting students' ability to succeed in maths.,True,Constrained resources linked to struggles with maths resits directly.
c4bf315c5f3589d8,M,10,Success in maths is critical for students' future opportunities.,True,DfE spokeswoman says good maths grasp aids jobs and study.
c4bf315c5f3589d8,M_nocap,1,The pass rate for GCSE maths resits in England has declined.,True,Headline and text confirm pass rate fell for GCSE maths resits.
c4bf315c5f3589d8,M_nocap,2,Many students are struggling to meet the required grade in GCSE maths resits.,True,"167,000+ students received grade 3 or lower, showing many struggling."
c4bf315c5f3589d8,M_nocap,3,The difficulty meeting the required grade in GCSE maths resits is due to constrained resources.,False,"Constrained resources mentioned as school challenge, not stated cause of grade struggles."
c4bf315c5f3589d8,M_nocap,4,The difficulty meeting the required grade in GCSE maths resits is due to the impact of the Covid pandemic.,False,"Covid pandemic linked to 'lost learning' catch-up efforts, not directly cited as cause of grade failure."
c4bf315c5f3589d8,M_nocap,5,A significant number of students in England are learning in inadequate school conditions.,True,"700,000 children learning in schools needing major rebuilding/refurbishment supports this."
c4bf315c5f3589d8,M_nocap,6,Many schools in England need major repairs.,True,Evidence states many schools need major rebuilding or refurbishment.
c4bf315c5f3589d8,M_nocap,7,Some schools in England face closures due to safety concerns related to crumbling concrete.,True,276 schools partially closed due to dangerous crumbling concrete (Raac).
c572709b70bc5077,B0,1,The Chancellor has suggested that additional tax cuts may be on the horizon.,True,Hunt hinted at tax cuts and Sunak raised prospect of further tax cuts.
c572709b70bc5077,B0,2,The suggestion of additional tax cuts signals a potential shift in fiscal policy.,False,Evidence does not characterize this as a shift in fiscal policy.
c572709b70bc5077,B0,3,The potential shift in fiscal policy is aimed at stimulating economic growth.,False,No mention of stimulating economic growth as the aim.
c572709b70bc5077,B0,4,The announcement comes amid ongoing discussions about the need to support households facing rising costs.,False,No mention of household cost-of-living discussions tied to the announcement.
c572709b70bc5077,B0,5,The announcement comes amid ongoing discussions about the need to support businesses facing rising costs.,False,No mention of businesses facing rising costs.
c572709b70bc5077,B0,6,Details about the potential tax cuts remain sparse.,False,"Evidence doesn't state details are sparse, only hints and trade-off warnings."
c572709b70bc5077,B0,7,The Chancellor's comments have sparked speculation about how the cuts could impact public services.,False,No mention of speculation about impact on public services from comments.
c572709b70bc5077,B0,8,The Chancellor's comments have sparked speculation about how the cuts could impact overall government revenue.,False,No mention of speculation about government revenue impact specifically.
c572709b70bc5077,B0,9,The move is likely to be closely watched by political analysts.,False,No mention of political analysts watching the move.
c572709b70bc5077,B0,10,The move is likely to be closely watched by the public.,False,No mention of public watching the move.
c572709b70bc5077,B0,11,The government is navigating economic challenges.,True,"IFS notes UK economy faces worst problems since 1950s, implying challenges."
c572709b70bc5077,B1,1,The Chancellor has hinted at the possibility of further tax cuts.,True,Sunak and Hunt both hinted at further tax cuts per evidence.
c572709b70bc5077,B1,2,The hinted tax cuts could occur in the upcoming spring Budget.,True,Article states Hunt hinted at cuts in upcoming spring Budget.
c572709b70bc5077,B1,3,Government borrowing has decreased.,True,"Borrowing fell to £7.8bn in December, lower than expected."
c572709b70bc5077,B1,4,Government interest payments have decreased.,True,Interest payments dropped sharply due to falling inflation.
c572709b70bc5077,B1,5,Analysts suggest that the lower borrowing figures provide the Chancellor with more flexibility to implement tax cuts.,True,Analysts said figures gave chancellor more 'wiggle room' for tax cuts.
c572709b70bc5077,B1,6,Think tanks have expressed concerns about the potential long-term implications of the tax cuts.,True,IFS report discusses trade-offs and risks of tax cuts.
c572709b70bc5077,B1,7,Think tanks warn that the tax cuts could lead to future tax increases.,True,IFS explicitly says tax cuts add to risk of tax rises tomorrow.
c572709b70bc5077,B1,8,Think tanks warn that the tax cuts could lead to future spending cuts.,True,IFS explicitly says tax cuts add to risk of spending cuts tomorrow.
c572709b70bc5077,B1,9,The Chancellor's comments have raised expectations for tax reductions.,True,Hunt's Davos comments raised expectations he'd cut taxes in Budget.
c572709b70bc5077,B1,10,A general election will take place later in the year.,True,Evidence states general election expected later in the year.
c572709b70bc5077,M,1,Jeremy Hunt is the Chancellor.,True,Referred to as 'Chancellor Jeremy Hunt' multiple times.
c572709b70bc5077,M,2,Jeremy Hunt has indicated the possibility of tax cuts in the upcoming spring Budget.,True,Image caption states he hinted at tax cuts in spring Budget.
c572709b70bc5077,M,3,Government borrowing was lower than expected.,True,Explicitly stated borrowing was lower than expected.
c572709b70bc5077,M,4,There was a significant drop in interest payments.,True,Stated interest payments dropped sharply.
c572709b70bc5077,M,5,The drop in interest payments was due to falling inflation.,True,Stated drop due to fall in inflation rate.
c572709b70bc5077,M,6,Analysts suggest that the financial improvements provide the Chancellor with more flexibility to implement tax reductions.,True,Analysts said this gave chancellor more 'wiggle room' to cut taxes.
c572709b70bc5077,M,7,The Institute for Fiscal Studies has cautioned that any tax cuts could lead to future tax increases.,True,IFS quote: 'Tax cuts today add to the risk of tax rises...tomorrow'.
c572709b70bc5077,M,8,The Institute for Fiscal Studies has cautioned that any tax cuts could lead to future spending cuts.,True,Same IFS quote mentions risk of spending cuts too.
c572709b70bc5077,M,9,The Institute for Fiscal Studies emphasized the need for politicians to be transparent about the economic trade-offs involved.,True,Article states IFS said politicians need to be honest about trade-offs.
c572709b70bc5077,M_nocap,1,Jeremy Hunt is Chancellor.,True,Text refers to Jeremy Hunt as Chancellor multiple times.
c572709b70bc5077,M_nocap,2,Jeremy Hunt has indicated the possibility of tax cuts in the upcoming spring Budget.,True,Evidence says Hunt hinted at tax cuts in spring Budget.
c572709b70bc5077,M_nocap,3,Government borrowing has been lower than expected.,True,Evidence states borrowing was lower than expected.
c572709b70bc5077,M_nocap,4,There has been a significant drop in interest payments.,True,Evidence says interest payments dropped sharply.
c572709b70bc5077,M_nocap,5,The drop in interest payments is due to falling inflation.,True,Evidence attributes drop to fall in inflation rate.
c572709b70bc5077,M_nocap,6,Inflation has been falling.,True,Evidence mentions rapid decline/fall in inflation.
c572709b70bc5077,M_nocap,7,Analysts suggest that these financial improvements provide the Chancellor with more flexibility to implement tax reductions.,True,Analysts said this gave chancellor more wiggle room for tax cuts.
c572709b70bc5077,M_nocap,8,The Institute for Fiscal Studies has cautioned that any immediate tax cuts could lead to future tax increases.,True,IFS quote: tax cuts today add to risk of tax rises tomorrow.
c572709b70bc5077,M_nocap,9,The Institute for Fiscal Studies has cautioned that any immediate tax cuts could lead to future spending cuts.,True,IFS quote also mentions risk of spending cuts tomorrow.
c572709b70bc5077,M_nocap,10,The Institute for Fiscal Studies emphasized the need for politicians to be transparent about the economic trade-offs involved.,True,Evidence states IFS said politicians need to be honest about trade-offs.
c8181a314508e810,B0,1,Missiles have been fired at a Russian city,True,Ukraine drone strikes hit St Petersburg and Bryansk in Russia.
c8181a314508e810,B0,2,Missiles have been fired at areas in occupied territories,False,"Pokrovsk is Ukrainian-held territory, not occupied territory, per evidence."
c8181a314508e810,B0,3,The missile attacks have escalated tensions in the region,False,Evidence doesn't characterize attacks as escalating regional tensions.
c8181a314508e810,B0,4,The attacks reportedly targeted military installations,False,"Evidence shows attacks targeted civilians/residential areas, not military installations."
c8181a314508e810,B0,5,The attacks reportedly targeted infrastructure,True,Evidence describes drone attacks on oil terminals and energy infrastructure.
c8181a314508e810,B0,6,The attacks led to significant damage,False,No explicit statement of 'significant damage' beyond specific building/house hits.
c8181a314508e810,B0,7,The attacks led to casualties,True,Multiple reports state deaths and injuries from missile strikes.
c8181a314508e810,B0,8,Russian officials have condemned the strikes,False,Evidence shows Russia blaming Ukraine but not explicit 'condemnation' language.
c8181a314508e810,B0,9,Russian officials have vowed to retaliate,False,No mention of Russian officials vowing retaliation.
c8181a314508e810,B0,10,Russian officials have vowed to enhance security measures in affected areas,False,No mention of Russia vowing enhanced security measures.
c8181a314508e810,B0,11,The conflict in the region is ongoing,True,Multiple ongoing strikes and events described across dates indicate ongoing conflict.
c8181a314508e810,B0,12,There is instability in the region,True,"Widespread strikes, casualties, and cross-border incidents indicate regional instability."
c8181a314508e810,B0,13,Both sides continue to engage in military actions,True,Both Russian missile strikes and Ukrainian drone strikes are described.
c8181a314508e810,B1,1,Russian missile strikes have resulted in significant civilian casualties in Ukraine.,True,Multiple strikes described causing civilian deaths across evidence.
c8181a314508e810,B1,2,The civilian casualties from Russian missile strikes have been particularly significant in the Donetsk region.,False,Evidence doesn't specifically emphasize Donetsk over Kharkiv casualties.
c8181a314508e810,B1,3,A missile attack occurred on the town of Pokrovsk.,True,Directly stated S-300 missiles hit Pokrovsk.
c8181a314508e810,B1,4,The missile attack on Pokrovsk killed 11 people.,True,Directly stated 11 people killed in Pokrovsk strike.
c8181a314508e810,B1,5,Five of the 11 people killed in the Pokrovsk missile attack were children.,True,Directly stated five children among the 11 killed.
c8181a314508e810,B1,6,Local officials condemned the strikes as deliberate attacks on civilians.,True,Governor called it cynically hitting civilians deliberately.
c8181a314508e810,B1,7,Missile attacks on other Ukrainian cities have intensified.,True,Evidence states Russian air attacks have intensified in recent weeks.
c8181a314508e810,B1,8,Kharkiv is among the Ukrainian cities that have experienced intensified missile attacks.,True,Kharkiv specifically named as targeted with intensified missile attacks.
c8181a314508e810,B1,9,The intensified missile attacks have led to further deaths among the civilian population.,True,Evidence cites deaths from Tuesday and Kharkiv strikes.
c8181a314508e810,B1,10,The intensified missile attacks have led to further injuries among the civilian population.,True,Evidence cites injuries from Tuesday attacks and Kharkiv strikes.
c8181a314508e810,B1,11,Both sides in the ongoing conflict have been targeting each other's infrastructure.,True,Evidence states both sides targeting each other's energy infrastructure.
c8181a314508e810,B1,12,Ukraine has reportedly conducted drone strikes on Russian energy facilities.,True,Evidence describes Ukraine drones hitting St Petersburg gas terminal.
c8181a314508e810,M,1,There is an ongoing conflict between Ukraine and Russia,True,Multiple articles describe ongoing Ukraine-Russia war and attacks.
c8181a314508e810,M,2,A Russian missile strike occurred in the town of Pokrovsk,True,Evidence states S-300 missiles hit Pokrovsk.
c8181a314508e810,M,3,Pokrovsk is located in Ukrainian-held territory,True,Evidence explicitly states Pokrovsk lies in Ukrainian-held territory.
c8181a314508e810,M,4,The missile strike in Pokrovsk resulted in the deaths of 11 people,True,Evidence states missile strike killed 11 people.
c8181a314508e810,M,5,Five of the 11 people killed in the Pokrovsk missile strike were children,True,Evidence states five children among those killed.
c8181a314508e810,M,6,Russian forces have targeted civilian areas,True,Zelensky said Russian forces had targeted residential areas.
c8181a314508e810,M,7,There are reports of Russian missile attacks causing damage in various locations in Ukraine,True,Evidence describes multiple missile attacks causing damage across locations.
c8181a314508e810,M,8,Russian missile attacks caused damage to high-rise apartments in Ukraine,True,Evidence states debris hit high-rise flats.
c8181a314508e810,M,9,Russian missile attacks caused damage to warehouses in Ukraine,True,Evidence states debris hit warehouses.
c8181a314508e810,M,10,Casualties were reported from the Russian missile attacks on high-rise apartments and warehouses in Ukraine,True,Evidence mentions two people killed by missile in that attack wave.
c8181a314508e810,M,11,Missile attacks in the conflict have been escalating,True,"Article headline says Putin vowed intensified strikes, implying escalation."
c8181a314508e810,M,12,The escalating missile attacks have had a devastating impact on civilian populations,True,"Evidence shows deaths and injuries from missile attacks, indicating civilian impact."
c8181a314508e810,M_nocap,1,There is an ongoing conflict between Ukraine and Russia.,True,"Multiple articles describe Ukraine-Russia war events, confirming ongoing conflict."
c8181a314508e810,M_nocap,2,A Russian missile strike occurred in the town of Pokrovsk.,True,Evidence states S-300 missiles hit Pokrovsk town.
c8181a314508e810,M_nocap,3,Pokrovsk is located in Ukrainian-held territory.,True,Evidence explicitly states Pokrovsk lies in Ukrainian-held territory.
c8181a314508e810,M_nocap,4,The missile strike in Pokrovsk resulted in the deaths of 11 people.,True,Evidence states missile strike killed 11 people.
c8181a314508e810,M_nocap,5,Among the 11 people killed in the Pokrovsk strike were five children.,True,Evidence states five children were among those killed.
c8181a314508e810,M_nocap,6,Russian forces have targeted civilian areas.,True,Zelensky said Russian forces had targeted residential areas.
c8181a314508e810,M_nocap,7,Russian missile attacks caused damage in various locations.,True,"Evidence describes missile attacks hitting flats, warehouses, supermarkets, villages."
c8181a314508e810,M_nocap,8,Russian missile attacks caused damage to high-rise flats in Kyiv.,True,Evidence states debris hit high-rise flats in Kyiv officials' report.
c8181a314508e810,M_nocap,9,Russian missile attacks caused damage to warehouses in Kyiv.,True,Evidence states debris hit warehouses per Kyiv officials.
c8181a314508e810,M_nocap,10,Russia's defense ministry accidentally dropped explosives in a southern Russian village.,True,Evidence states Russia's defence ministry accidentally dropped explosives on Voronezh village.
c8f33c5ba41e199b,B0,1,A deadly blast occurred in a city in Ukraine.,False,"Blast occurred at St Petersburg terminal in Russia, not Ukraine."
c8f33c5ba41e199b,B0,2,The city where the blast occurred is under Russian control.,False,St Petersburg is not described as Ukrainian-controlled city.
c8f33c5ba41e199b,B0,3,The blast resulted in multiple casualties.,False,Evidence says no injuries and no mention of casualties.
c8f33c5ba41e199b,B0,4,The blast resulted in injuries.,False,Evidence explicitly states no injuries from the blast.
c8f33c5ba41e199b,B0,5,The explosion has heightened tensions in the region.,True,"High alert regime declared, indicating heightened tension."
c8f33c5ba41e199b,B0,6,The region has been experiencing ongoing conflict since Russia's invasion of Ukraine.,True,Evidence notes ongoing conflict since Russia's invasion nearly two years ago.
c8f33c5ba41e199b,B0,7,Authorities are investigating the cause of the blast.,False,No mention of authorities investigating the cause.
c8f33c5ba41e199b,B0,8,There is speculation about whether the blast was a targeted attack.,True,"SBU claimed a targeted 'special operation' attack, implying targeted speculation."
c8f33c5ba41e199b,B0,9,There is speculation about whether the blast was an accident.,False,No mention of accident speculation for this blast.
c8f33c5ba41e199b,B0,10,The incident underscores the volatile security situation in areas affected by the war.,True,Overall evidence reflects volatile security situation amid war.
c8f33c5ba41e199b,B0,11,Both military and civilian targets remain at risk in areas affected by the war.,True,Evidence shows both military sites and civilians hit in attacks.
c8f33c5ba41e199b,B1,1,There have been recent escalations in the conflict between Ukraine and Russia.,True,Evidence states fighting has escalated in recent days.
c8f33c5ba41e199b,B1,2,There has been a series of deadly attacks in the conflict between Ukraine and Russia.,True,Multiple deadly attacks described across evidence.
c8f33c5ba41e199b,B1,3,Donetsk is under Russian control.,True,Donetsk described as occupied by Russia/Russia-held.
c8f33c5ba41e199b,B1,4,At least four people were killed in Donetsk due to Ukrainian shelling.,True,Four people killed in Donetsk per evidence.
c8f33c5ba41e199b,B1,5,At least 13 people were wounded in Donetsk due to Ukrainian shelling.,True,13 wounded in Donetsk per evidence.
c8f33c5ba41e199b,B1,6,A Ukrainian strike on Belgorod resulted in 25 deaths.,False,"25 deaths followed strike over days, not solely from the strike itself; ambiguous but evidence attributes toll rising after strike, plausible support."
c8f33c5ba41e199b,B1,7,Among the 25 deaths in the Ukrainian strike on Belgorod was a child.,True,"A 4-year-old girl died among the toll, per evidence."
c8f33c5ba41e199b,B1,8,The Ukrainian strike on Belgorod followed a series of airstrikes.,False,"Evidence says Putin termed the Belgorod strike a 'terrorist attack', not that it followed airstrikes generally."
c8f33c5ba41e199b,B1,9,"Russia described the series of airstrikes as a ""terrorist attack.""",True,Putin termed the Belgorod strike a 'terrorist attack'.
c8f33c5ba41e199b,B1,10,Both Ukraine and Russia have been exchanging attacks.,True,Evidence explicitly states Russia and Ukraine have exchanged deadly attacks.
c8f33c5ba41e199b,B1,11,Significant casualties have been reported in various locations.,True,"Casualties reported in Kyiv, Kharkiv, Belgorod, Donetsk, Odesa."
c8f33c5ba41e199b,B1,12,Significant casualties have been reported in Kyiv.,True,"Two killed, 49 wounded in Kyiv per evidence."
c8f33c5ba41e199b,B1,13,Significant casualties have been reported in Odesa.,False,"Only one killed and three wounded in Odesa, not clearly 'significant'."
c8f33c5ba41e199b,M,1,A Russian missile strike occurred in the town of Pokrovsk,True,Evidence states S-300 missiles hit Pokrovsk.
c8f33c5ba41e199b,M,2,The Russian missile strike in Pokrovsk resulted in the deaths of 11 people,True,Evidence states missile strike killed 11 people.
c8f33c5ba41e199b,M,3,"Among the 11 people killed in the Pokrovsk strike, five were children",True,Evidence states five children were among those killed.
c8f33c5ba41e199b,M,4,There were significant casualties in other areas of Ukraine,True,"Evidence reports deaths/injuries in Kyiv, Kharkiv, and other areas."
c8f33c5ba41e199b,M,5,At least five people died in major cities including Kyiv and Kharkiv due to ongoing Russian attacks,True,Evidence states at least five dead in Kyiv and Kharkiv attacks.
c8f33c5ba41e199b,M,6,Dozens of people were injured in major cities including Kyiv and Kharkiv due to ongoing Russian attacks,True,Evidence states dozens hurt/44 and 49 wounded in these cities.
c8f33c5ba41e199b,M,7,The casualties in Kyiv and Kharkiv were due to ongoing Russian attacks,True,Evidence attributes these casualties to Russian missile strikes.
c8f33c5ba41e199b,M,8,Russia has intensified its strikes on Ukraine,True,Evidence states Putin vowed intensified attacks and strikes continued.
c8f33c5ba41e199b,M,9,The intensified Russian strikes have led to widespread fear among residents in affected regions,True,Evidence quotes residents saying they are scared and want to flee.
c8f33c5ba41e199b,M,10,The intensified Russian strikes have led to evacuations among residents in affected regions,True,Evidence mentions evacuations in Belgorod following attacks.
c8f33c5ba41e199b,M_nocap,1,A Russian missile strike occurred in the town of Pokrovsk,True,Evidence states S-300 missiles hit Pokrovsk.
c8f33c5ba41e199b,M_nocap,2,The Russian missile strike in Pokrovsk resulted in the deaths of 11 people,True,Evidence states missile strike killed 11 people.
c8f33c5ba41e199b,M_nocap,3,Five children were among those killed in the Pokrovsk missile strike,True,Evidence states five children were among the killed.
c8f33c5ba41e199b,M_nocap,4,There were recent Russian attacks on Kyiv,True,Evidence describes Russian missile attacks on Kyiv.
c8f33c5ba41e199b,M_nocap,5,There were recent Russian attacks on Kharkiv,True,Evidence describes Russian attacks on Kharkiv.
c8f33c5ba41e199b,M_nocap,6,The recent Russian attacks on Kyiv and Kharkiv left multiple casualties,True,Evidence details deaths and injuries in Kyiv and Kharkiv attacks.
c8f33c5ba41e199b,M_nocap,7,At least five people died in the recent attacks on Kyiv and Kharkiv,True,Evidence states at least five dead from strikes on Ukraine's cities.
c8f33c5ba41e199b,M_nocap,8,Dozens of people were injured in the recent attacks on Kyiv and Kharkiv,True,Evidence states dozens hurt in the attacks.
c8f33c5ba41e199b,M_nocap,9,The ongoing conflict has led to significant civilian suffering,True,Multiple entries describe civilian deaths and injuries throughout evidence.
c8f33c5ba41e199b,M_nocap,10,Both sides accuse each other of escalating violence in the conflict,True,Evidence shows Russia accuses Ukraine and US accuses Russia of escalation.
ca45477f2fe4fb14,B0,1,Several supermarkets have announced significant price cuts on baby formula.,False,Evidence never mentions baby formula price cuts.
ca45477f2fe4fb14,B0,2,The price cuts on baby formula are in response to rising consumer demand.,False,No mention of baby formula demand or price cuts.
ca45477f2fe4fb14,B0,3,The price cuts on baby formula are in response to ongoing inflation concerns.,False,No mention of baby formula price cuts tied to inflation.
ca45477f2fe4fb14,B0,4,The price cuts aim to alleviate financial pressure on families.,False,No mention of baby formula price cuts or family relief.
ca45477f2fe4fb14,B0,5,The cost of essential baby products has surged in recent months.,False,"Evidence discusses shrinkflation and mince pies, not baby products."
ca45477f2fe4fb14,B0,6,Retailers are competing to attract customers by offering discounts.,True,Evidence describes supermarkets competing with price cuts and promotions.
ca45477f2fe4fb14,B0,7,Retailers are competing to attract customers by offering promotions.,True,Kantar article notes retailers used promotions to attract shoppers.
ca45477f2fe4fb14,B0,8,The price reductions are seen as a positive step towards ensuring that families can access necessary nutrition for their infants without excessive financial strain.,False,No mention of baby formula or infant nutrition price reductions.
ca45477f2fe4fb14,B1,1,Supermarkets have been actively cutting prices on various products.,False,"Only Tesco is mentioned cutting prices, not supermarkets generally."
ca45477f2fe4fb14,B1,2,Tesco has been actively cutting prices on various products.,True,"Tesco cut prices on nearly 2,700 products, per evidence."
ca45477f2fe4fb14,B1,3,Sainsbury's has been actively cutting prices on various products.,False,No mention of Sainsbury's cutting prices.
ca45477f2fe4fb14,B1,4,Supermarkets are cutting prices to compete with discount rivals.,True,Tesco cut prices to head off competition from discount rivals.
ca45477f2fe4fb14,B1,5,Aldi is a discount rival to supermarkets.,True,Aldi named as a discount rival in evidence.
ca45477f2fe4fb14,B1,6,Lidl is a discount rival to supermarkets.,True,Lidl named as a discount rival in evidence.
ca45477f2fe4fb14,B1,7,"Tesco reported a reduction in prices on nearly 2,700 products.",True,"Tesco cut prices on nearly 2,700 products, directly stated."
ca45477f2fe4fb14,B1,8,Tesco's price reduction was significant.,False,No characterization of the price reduction as significant.
ca45477f2fe4fb14,B1,9,Tesco's price reduction was part of its strategy to attract customers during the Christmas season.,False,"Evidence ties cuts to competition with discounters, not Christmas strategy specifically."
ca45477f2fe4fb14,B1,10,The Christmas season is a busy season for supermarkets.,True,Article describes busy Christmas boosted by promotions for supermarkets.
ca45477f2fe4fb14,B1,11,Promotions played a crucial role in boosting sales.,True,Promotions enticed shoppers per Kantar analyst comment.
ca45477f2fe4fb14,B1,12,A substantial portion of consumer spending was directed towards items on offer.,True,Nearly a third of spending was on items with an offer.
ca45477f2fe4fb14,B1,13,Supermarkets are adjusting prices to maintain market share.,False,"Evidence discusses growing market share, not price adjustment for that purpose."
ca45477f2fe4fb14,B1,14,There is a competitive retail environment among supermarkets.,True,Article describes battle for customers and market share growth among retailers.
ca45477f2fe4fb14,B1,15,Production costs are rising.,True,"Bakers face pressure from higher production costs, per evidence."
ca45477f2fe4fb14,B1,16,There are inflation pressures.,True,Food inflation tracker and inflation rises are mentioned.
ca45477f2fe4fb14,M,1,"Tesco has cut prices on nearly 2,700 products.",True,"Directly stated Tesco cut prices on nearly 2,700 products."
ca45477f2fe4fb14,M,2,"Tesco cut prices on nearly 2,700 products to compete with discount rivals.",True,Evidence says cuts aimed to head off competition from discount rivals.
ca45477f2fe4fb14,M,3,Supermarkets used promotions during the festive season.,True,Evidence states retailers used promotions to entice shoppers over the festive period.
ca45477f2fe4fb14,M,4,Supermarkets used price cuts during the festive season.,False,"Price cuts mentioned only for Tesco specifically, not supermarkets generally."
ca45477f2fe4fb14,M,5,Supermarkets used promotions and price cuts to attract customers during the festive season.,False,"Evidence discusses promotions broadly and Tesco's price cuts separately, not combined for supermarkets."
ca45477f2fe4fb14,M_nocap,1,Supermarkets have been cutting prices on a wide range of products,False,"Only Tesco's price cuts are mentioned, not supermarkets broadly."
ca45477f2fe4fb14,M_nocap,2,Tesco is a supermarket,True,Tesco described as a supermarket in evidence.
ca45477f2fe4fb14,M_nocap,3,Sainsbury's is a supermarket,True,Sainsbury's referred to among supermarkets/retailers.
ca45477f2fe4fb14,M_nocap,4,"Tesco has cut prices on nearly 2,700 items",True,"Evidence states Tesco cut prices on nearly 2,700 products."
ca45477f2fe4fb14,M_nocap,5,Tesco cut prices to compete with discount rivals,True,Evidence says Tesco cut prices to head off discount rivals Aldi and Lidl.
ca45477f2fe4fb14,M_nocap,6,The price-cutting strategy is part of a broader effort to attract customers during the busy Christmas shopping period,False,"Evidence ties price cuts to competition, not explicitly to Christmas shopping period."
ca45477f2fe4fb14,M_nocap,7,Retailers have seen increased sales volumes,False,"Only Tesco's sales volumes are mentioned, not retailers broadly."
ca45477f2fe4fb14,M_nocap,8,Retailers have seen market share growth,True,"Tesco, Sainsbury's, Aldi, Lidl all grew market share per evidence."
ca45477f2fe4fb14,M_nocap,9,The British Retail Consortium notes that retailers are attempting to manage rising production costs,True,British Retail Consortium quote matches this claim directly.
ca45477f2fe4fb14,M_nocap,10,Retailers are limiting price increases,True,Evidence states retailers are trying to limit rising prices.
ca45477f2fe4fb14,M_nocap,11,Retailers are focusing on maintaining affordability for consumers amid food inflation,False,"Evidence discusses shrinkflation and inflation, not affordability focus explicitly."
ca45477f2fe4fb14,M_nocap,12,There is no specific mention of baby formula prices being cut in the provided evidence,True,Evidence never mentions baby formula prices being cut.
cc8171e45271345c,B0,1,Recent court documents have brought renewed attention to allegations against Prince Andrew.,True,Evidence describes court documents unsealed causing renewed attention to Andrew allegations.
cc8171e45271345c,B0,2,The allegations against Prince Andrew concern his association with Jeffrey Epstein.,True,Evidence repeatedly links Andrew's allegations to his association with Epstein.
cc8171e45271345c,B0,3,The allegations against Prince Andrew include accusations of sexual misconduct.,True,Evidence mentions groping and sexual abuse claims against Andrew.
cc8171e45271345c,B0,4,The court documents include claims from Virginia Giuffre.,True,Evidence states documents are part of Giuffre's defamation lawsuit and depositions.
cc8171e45271345c,B0,5,Virginia Giuffre alleges that she was trafficked by Epstein.,False,Evidence does not explicitly state Giuffre alleges she was trafficked by Epstein.
cc8171e45271345c,B0,6,Virginia Giuffre alleges that she was forced to have sexual encounters with Andrew when she was a minor.,True,"Evidence states she claims sexual abuse by Andrew when she was 17, a minor."
cc8171e45271345c,B0,7,Prince Andrew has consistently denied the allegations.,True,Evidence repeatedly states Andrew denies the allegations.
cc8171e45271345c,B0,8,The resurfacing of the claims has intensified scrutiny on Prince Andrew's past.,True,Evidence implies renewed claims increase scrutiny on Andrew's past via headline and content.
cc8171e45271345c,B0,9,The resurfacing of the claims has intensified scrutiny on Prince Andrew's connections to Epstein.,True,Evidence links scrutiny to his connections with Epstein throughout.
cc8171e45271345c,B0,10,The legal and public fallout continues to impact Prince Andrew's reputation.,True,"Headline states 'return less likely than ever', implying reputational impact."
cc8171e45271345c,B0,11,The legal and public fallout continues to impact Prince Andrew's royal duties.,False,Evidence does not mention impact on his royal duties specifically.
cc8171e45271345c,B1,1,Allegations were made against Prince Andrew related to his connections with Jeffrey Epstein,True,Evidence describes allegations connecting Andrew to Epstein throughout.
cc8171e45271345c,B1,2,Claims against Prince Andrew were made in court documents,True,Court filings/depositions named Andrew with claims against him.
cc8171e45271345c,B1,3,Prince Andrew has denied any wrongdoing,True,Multiple passages state Andrew denies wrongdoing/allegations.
cc8171e45271345c,B1,4,Prince Andrew has rejected allegations of sexual abuse made by Virginia Giuffre,True,"Andrew denied Giuffre's allegations, said he never met her."
cc8171e45271345c,B1,5,Prince Andrew has rejected allegations of sexual abuse made by others besides Virginia Giuffre,True,"Palace called Sjoberg's groping allegation 'categorically untrue', another accuser."
cc8171e45271345c,B1,6,Documents were released that include references to various individuals,True,Court documents naming many individuals were released/unsealed.
cc8171e45271345c,B1,7,The documents released include a reference to Prince Andrew,True,Multiple articles state documents reference Prince Andrew.
cc8171e45271345c,B1,8,The documents emphasize that mere mention does not imply wrongdoing,True,Evidence explicitly states inclusion does not suggest wrongdoing.
cc8171e45271345c,B1,9,Some claims against Prince Andrew involve accusations of inappropriate behavior,True,Groping and sexual abuse claims describe inappropriate behavior.
cc8171e45271345c,B1,10,Prince Andrew has categorically denied the accusations of inappropriate behavior,True,"Palace called groping allegation 'categorically untrue', a categorical denial."
cc8171e45271345c,M,1,Recent court documents have revealed allegations involving Prince Andrew and his connections to Jeffrey Epstein.,True,Evidence describes court documents naming Prince Andrew linked to Epstein.
cc8171e45271345c,M,2,Prince Andrew has consistently denied any wrongdoing.,True,Multiple mentions state Prince Andrew has denied wrongdoing/allegations.
cc8171e45271345c,M,3,The documents include testimonies associated with Epstein.,True,Evidence mentions testimonies gathered in the legal filings.
cc8171e45271345c,M,4,The documents include names associated with Epstein.,True,Evidence lists names appearing in the documents connected to Epstein.
cc8171e45271345c,M,5,Being mentioned in the documents does not imply guilt or wrongdoing.,True,Evidence explicitly states inclusion does not suggest wrongdoing.
cc8171e45271345c,M,6,A witness stated that Prince Andrew spent significant time at Epstein's residence.,True,Witness said Prince Andrew 'spent weeks' at the Palm Beach mansion.
cc8171e45271345c,M,7,A witness stated that Prince Andrew received massages.,True,Witness confirmed Prince Andrew received daily massages.
cc8171e45271345c,M,8,Prince Andrew denies any misconduct.,True,Evidence states Prince Andrew denies misconduct/wrongdoing repeatedly.
cc8171e45271345c,M,9,The unsealed evidence primarily stems from a defamation case.,True,Evidence says documents stem from a 2015 defamation lawsuit.
cc8171e45271345c,M,10,The unsealed evidence does not introduce new allegations against Prince Andrew.,True,Evidence says documents contain no major new allegations about Epstein or associates.
cc8171e45271345c,M,11,The unsealed evidence does not introduce new allegations against others named.,True,Evidence states no major new revelations about associates either.
cc8171e45271345c,M_nocap,1,There are allegations against Prince Andrew.,True,Evidence refers to allegations Prince Andrew denies.
cc8171e45271345c,M_nocap,2,The allegations against Prince Andrew are made in the context of court documents related to Jeffrey Epstein.,True,Court documents relate to Epstein defamation case naming Prince Andrew.
cc8171e45271345c,M_nocap,3,Prince Andrew has always denied any wrongdoing.,True,Evidence states Prince Andrew has always strongly denied wrongdoing.
cc8171e45271345c,M_nocap,4,The allegations against Prince Andrew remain untested in court.,True,"Case settled without allegations tested in court, per evidence."
cc8171e45271345c,M_nocap,5,A case related to the allegations against Prince Andrew was settled in 2017.,True,Evidence states the case was settled in 2017.
cc8171e45271345c,M_nocap,6,The documents released include names of various individuals connected to Epstein.,True,"Names include business associates, victims, friends, employees, celebrities."
cc8171e45271345c,M_nocap,7,The inclusion of individuals' names in the documents does not imply wrongdoing.,True,Evidence explicitly states inclusion doesn't imply wrongdoing.
cc8171e45271345c,M_nocap,8,Many individuals named in the documents are mentioned in passing.,True,Evidence states many names mentioned in passing.
cc8171e45271345c,M_nocap,9,Many individuals named in the documents have no new allegations presented against them.,True,Evidence says no major new allegations about associates.
cc8171e45271345c,M_nocap,10,Witness testimonies suggest that Prince Andrew had a close relationship with Epstein.,True,"Witness said Andrew 'spent weeks' with them, friends with Epstein."
cc8171e45271345c,M_nocap,11,Witness testimonies include claims that Prince Andrew received massages during visits to Epstein's home.,True,Witness stated Prince Andrew had massages during visits.
cc8171e45271345c,M_nocap,12,Prince Andrew continues to deny any misconduct.,True,Evidence states Prince Andrew has denied misconduct.
cd1b3698bac190fe,B0,1,Wales' tidy mouse is a small rodent.,True,"Mouse is described as a rodent, implying small rodent."
cd1b3698bac190fe,B0,2,Wales' tidy mouse is native to Wales.,False,Evidence doesn't state the mouse is native to Wales.
cd1b3698bac190fe,B0,3,"Wales' tidy mouse exhibits a behavior known as ""mousekeeping.""",False,Term 'mousekeeping' never mentioned in evidence.
cd1b3698bac190fe,B0,4,Mousekeeping involves the mouse actively maintaining its habitat.,False,No mention of 'mousekeeping' or habitat maintenance concept.
cd1b3698bac190fe,B0,5,Mousekeeping involves cleaning its nesting area.,False,"Evidence only mentions tidying objects, not nest cleaning."
cd1b3698bac190fe,B0,6,Mousekeeping involves organizing its nesting area.,False,No mention of organizing nesting area specifically.
cd1b3698bac190fe,B0,7,Mousekeeping helps reduce the risk of predators.,False,No claim about predator risk reduction in evidence.
cd1b3698bac190fe,B0,8,Mousekeeping helps reduce the risk of disease.,False,No mention of disease risk reduction.
cd1b3698bac190fe,B0,9,Researchers have observed that these mice exhibit a level of environmental awareness.,False,No researchers or environmental awareness study mentioned.
cd1b3698bac190fe,B0,10,Researchers have observed that these mice exhibit social behavior.,False,No mention of social behavior or researchers.
cd1b3698bac190fe,B0,11,The environmental awareness and social behavior exhibited by these mice is sophisticated for their size.,False,No such sophistication claim or awareness study in evidence.
cd1b3698bac190fe,B0,12,The study of the mice's habits highlights the ecological importance of these creatures.,False,No study or ecological importance discussion in evidence.
cd1b3698bac190fe,B0,13,The study of the mice's habits sheds light on the broader implications of animal behavior in maintaining biodiversity.,False,No mention of biodiversity or broader animal behavior implications.
cd1b3698bac190fe,B1,1,The mouse is Welsh,True,"Called 'Welsh Tidy Mouse', implying Welsh identity."
cd1b3698bac190fe,B1,2,"The mouse is referred to as the ""Welsh Tidy Mouse""",True,Directly stated nickname 'Welsh Tidy Mouse'.
cd1b3698bac190fe,B1,3,The mouse has been observed tidying up a man's shed nightly,True,Article states mouse tidies shed nearly every night.
cd1b3698bac190fe,B1,4,The mouse has been tidying up the shed for two months,True,Explicitly states tidying ritual has lasted two months.
cd1b3698bac190fe,B1,5,The mouse appears to enjoy organizing items,True,Owner suggests mouse may enjoy the activity.
cd1b3698bac190fe,B1,6,The mouse often puts food back into a box,False,"Evidence says items put back 'in the box', not food specifically."
cd1b3698bac190fe,B1,7,The owner believes the mouse's behavior may be related to its instinct to hide nuts,True,Owner believes mouse uses objects to hide nuts.
cd1b3698bac190fe,B1,8,The owner has noted this behavior,True,Owner noticed and described the behavior himself.
cd1b3698bac190fe,B1,9,The owner finds the behavior remarkable,True,Owner says it's 'incredible really'.
cd1b3698bac190fe,B1,10,The owner finds the behavior beneficial,True,Owner says arrangement has been working in his favour.
cd1b3698bac190fe,B1,11,The mouse has been moving food intended for birds into storage areas,True,Bird food ended up in shoes stored in shed.
cd1b3698bac190fe,M,1,The mouse is Welsh.,True,"Referred to as 'Welsh Tidy Mouse', implying Welsh."
cd1b3698bac190fe,M,2,"The mouse is referred to as the ""Welsh Tidy Mouse.""",True,Directly called Welsh Tidy Mouse in evidence.
cd1b3698bac190fe,M,3,The mouse has been observed tidying up a man's shed nightly.,True,Evidence states mouse tidies up shed 99/100 nights.
cd1b3698bac190fe,M,4,The mouse has been tidying the shed for two months.,True,Evidence states tidying ritual went on for two months.
cd1b3698bac190fe,M,5,The mouse appears to enjoy organizing items.,True,Holbrook says it's possible they enjoy it.
cd1b3698bac190fe,M,6,The mouse often puts food into old shoes stored in the shed.,False,"Evidence says food ended up in shoes once, not 'often'."
cd1b3698bac190fe,M,7,The old shoes are stored in the shed.,True,Evidence states old shoes were stored in the shed.
cd1b3698bac190fe,M,8,The owner finds the mouse's behavior remarkable.,True,Holbrook couldn't believe he captured it; calls it incredible.
cd1b3698bac190fe,M,9,The mouse may be using the tidied objects to hide away nuts.,True,Holbrook believes mouse uses objects to hide nuts.
cd1b3698bac190fe,M,10,The behavior indicates a unique habit.,False,Evidence doesn't characterize behavior as 'unique habit'.
cd1b3698bac190fe,M,11,The habit has captured the owner's attention.,True,Owner's amazement shows behavior captured his attention.
cd1b3698bac190fe,M_nocap,1,The mouse discussed is Welsh.,True,Called 'Welsh Tidy Mouse' and man is from Wales.
cd1b3698bac190fe,M_nocap,2,The mouse is referred to as the 'Welsh Tidy Mouse.',True,Directly stated nickname 'Welsh Tidy Mouse'.
cd1b3698bac190fe,M_nocap,3,The mouse has been observed tidying up a man's shed nightly.,True,States mouse tidies up throughout the night 99/100 times.
cd1b3698bac190fe,M_nocap,4,The mouse has been tidying the shed for two months.,True,Tidying ritual has been going on for two months.
cd1b3698bac190fe,M_nocap,5,The mouse appears to enjoy organizing items.,True,Holbrook thinks it's possible mouse enjoys tidying.
cd1b3698bac190fe,M_nocap,6,The mouse often puts food back into a box.,False,"Evidence says objects put back in box, not specifically food into a box."
cd1b3698bac190fe,M_nocap,7,The mouse hides nuts among stored objects.,True,Believed to use objects to hide away nuts.
cd1b3698bac190fe,M_nocap,8,The shed's owner has been documenting the mouse's behavior.,True,He filmed/captured the mouse's behavior.
cd1b3698bac190fe,M_nocap,9,The owner finds the mouse's behavior remarkable.,True,He says it is incredible really.
cd1b3698bac190fe,M_nocap,10,The owner believes the mouse's tidying habits are beneficial.,True,Arrangement has been working in his favour.
cd74713d27a4daf9,B0,1,Tenants in Rochdale have raised concerns about the prevalence of mould in their homes.,True,Amy described mould in her Rochdale flat causing hospitalisations.
cd74713d27a4daf9,B0,2,Tenants in Rochdale have highlighted health risks associated with mould in their homes.,True,Son's chronic breathing problems linked to mould exposure mentioned.
cd74713d27a4daf9,B0,3,Tenants in Rochdale have highlighted poor living conditions in their homes.,True,"Mould on skirting boards, walls, clothes, mattress described as poor conditions."
cd74713d27a4daf9,B0,4,Many residents in Rochdale report persistent dampness in their homes.,False,"Evidence describes one family's mould, not 'many residents' or 'dampness'."
cd74713d27a4daf9,B0,5,Many residents in Rochdale report inadequate responses from landlords.,False,"Evidence mentions one family's concerns not acted upon, not many residents generally."
cd74713d27a4daf9,B0,6,The inadequate responses from landlords have led to frustration among residents.,False,No mention of frustration among residents in evidence.
cd74713d27a4daf9,B0,7,The inadequate responses from landlords have led to calls for action.,True,Government plan to force landlords to act suggests calls for action.
cd74713d27a4daf9,B0,8,Local authorities in Rochdale are being urged to address the mould and housing issues more effectively.,False,"Evidence discusses government/landlord regulation, not local authorities specifically urged."
cd74713d27a4daf9,B0,9,Housing organizations in Rochdale are being urged to address the mould and housing issues more effectively.,False,No mention of housing organizations being urged to act.
cd74713d27a4daf9,B0,10,The situation has sparked wider discussions about tenant rights in the area.,False,No mention of tenant rights discussions in evidence.
cd74713d27a4daf9,B0,11,The situation has sparked wider discussions about housing standards in the area.,True,Social Housing Act and regulator powers reflect housing standards discussion.
cd74713d27a4daf9,B0,12,The complaints reflect a growing awareness of the impact of poor housing on well-being.,True,Coroner's remarks and hospitalisations reflect awareness of housing's impact on health.
cd74713d27a4daf9,B0,13,The complaints have prompted demands for better housing regulations.,True,Plan to force landlords and stronger regulator powers reflect regulatory demands.
cd74713d27a4daf9,B0,14,The complaints have prompted demands for better support for affected families.,False,No mention of demands for support for affected families specifically.
cd74713d27a4daf9,B1,1,The coverage highlights concerns regarding mouldy homes in Rochdale,True,Article discusses Amy's family mould issue in Rochdale.
cd74713d27a4daf9,B1,2,A family's child suffered chronic health issues due to mould exposure,True,Louis developed chronic breathing problems from mould exposure.
cd74713d27a4daf9,B1,3,A mother reported that mould had spread extensively in their flat,True,"Amy said mould spread to clothes, mattress, and pillows."
cd74713d27a4daf9,B1,4,The mould affected the living environment of the flat,True,"Mould was on skirting boards and walls, affecting the home."
cd74713d27a4daf9,B1,5,The mould affected the child's health,True,Louis developed chronic breathing problems due to mould.
cd74713d27a4daf9,B1,6,The child's health issues led to multiple hospitalizations,True,Son was hospitalised seven times due to mould exposure.
cd74713d27a4daf9,B1,7,The government made a recent announcement,True,Evidence mentions 'the government announcement' as recent context.
cd74713d27a4daf9,B1,8,The government's announcement aims to empower the social housing regulator to address issues with landlords,True,Social Housing Act gives regulator stronger powers over rogue landlords.
cd74713d27a4daf9,B1,9,A child died from a respiratory condition linked to mould exposure,True,Inquest found Awaab died from respiratory condition caused by mould.
cd74713d27a4daf9,B1,10,The child's death was a case that followed the mould-related health issues described,False,"Awaab's death is a separate case, not linked to Amy's family's ongoing issues."
cd74713d27a4daf9,M,1,There are serious concerns regarding mouldy homes in Rochdale.,True,Evidence describes serious mould in Rochdale family's flat.
cd74713d27a4daf9,M,2,A family in Rochdale had a child who suffered chronic breathing problems.,True,Louis developed chronic breathing problems while living in the property.
cd74713d27a4daf9,M,3,The child's chronic breathing problems were caused by mould exposure.,False,"Evidence attributes breathing problems to mould in general context, not explicitly stated as caused by it."
cd74713d27a4daf9,M,4,The mother reported that mould had infested their living space.,True,Amy said mould had spread through their home.
cd74713d27a4daf9,M,5,The mould affected the walls.,True,"Mould spread from skirting boards and walls, per evidence."
cd74713d27a4daf9,M,6,The mould affected the skirting boards.,True,Skirting boards explicitly mentioned as affected by mould.
cd74713d27a4daf9,M,7,The mould affected personal belongings like clothes.,True,"Mould spread to children's clothes, per evidence."
cd74713d27a4daf9,M,8,The mould affected personal belongings like bedding.,True,"Mould spread to her mattress and pillows, i.e., bedding."
cd74713d27a4daf9,M,9,This situation has prompted government action.,True,Government announcement of reforms followed these concerns.
cd74713d27a4daf9,M,10,The government action includes the introduction of the Social Housing Act.,True,Announcement follows passing of the Social Housing Act last year.
cd74713d27a4daf9,M,11,The Social Housing Act aims to empower regulators to address issues with landlords who neglect health hazards.,True,Act gives regulator stronger powers to tackle rogue landlords.
cd74713d27a4daf9,M,12,A child died due to mould exposure.,True,"Inquest found Awaab died from mould exposure, per evidence."
cd74713d27a4daf9,M,13,The death of the child has intensified scrutiny on housing associations.,True,Coroner's remarks and reforms indicate increased scrutiny on housing associations.
cd74713d27a4daf9,M,14,The scrutiny concerns housing associations' responsiveness to tenant complaints.,True,Coroner said housing association not proactive after concerns not acted upon.
cd74713d27a4daf9,M_nocap,1,Tenants in Rochdale have raised concerns about mould in their homes.,True,Amy from Rochdale reported mould issues to BBC.
cd74713d27a4daf9,M_nocap,2,One family experienced significant health issues as a result of mould in their home.,True,Louis developed chronic breathing problems from mould exposure.
cd74713d27a4daf9,M_nocap,3,A mother reported that her three-year-old son was hospitalized multiple times.,True,Mother said three-year-old son hospitalised seven times due to mould.
cd74713d27a4daf9,M_nocap,4,The son's hospitalizations were due to chronic breathing problems.,True,Louis developed chronic breathing problems while living in the property.
cd74713d27a4daf9,M_nocap,5,The son's chronic breathing problems were linked to mould in their flat.,True,Hospitalisations linked to mould per text 'hospitalised... because of serious mould'.
cd74713d27a4daf9,M_nocap,6,The mould affected the walls of their flat.,True,"Mould spread from skirting boards and walls, text confirms walls."
cd74713d27a4daf9,M_nocap,7,The mould affected the skirting boards of their flat.,True,Text explicitly mentions mould on skirting boards.
cd74713d27a4daf9,M_nocap,8,The mould affected their personal belongings.,True,"Mould spread to children's clothes, mattress and pillows."
cd74713d27a4daf9,M_nocap,9,This situation has prompted government action.,True,"Government announcement follows these events, per text."
cd74713d27a4daf9,M_nocap,10,The government action is aimed at empowering regulators.,True,"Social Housing Act gives regulator stronger powers, matches claim."
cd74713d27a4daf9,M_nocap,11,The government action aims to address issues with landlords who neglect health hazards such as mould.,True,Plan to force landlords to tackle mouldy homes supports this.
cd74713d27a4daf9,M_nocap,12,The government action follows a case where a child died.,True,"Inquest found Awaab died from mould exposure, a child death case."
cd74713d27a4daf9,M_nocap,13,The child died from respiratory complications.,True,Coroner said death was from a respiratory condition.
cd74713d27a4daf9,M_nocap,14,The child's respiratory complications were caused by mould exposure.,True,Respiratory condition was caused by exposure to mould.
d1848426f6168021,B0,1,The UK government is exploring the use of additional barges to accommodate migrants.,False,No mention of exploring additional barges beyond Bibby Stockholm.
d1848426f6168021,B0,2,The use of additional barges is part of the UK government's strategy to manage the ongoing influx of asylum seekers.,False,No statement links additional barges to strategy for managing influx.
d1848426f6168021,B0,3,The approach aims to alleviate pressure on existing facilities.,False,Evidence doesn't state barges aim to relieve pressure on facilities.
d1848426f6168021,B0,4,The approach aims to deter irregular crossings of the English Channel.,False,No claim that barges specifically deter Channel crossings.
d1848426f6168021,B0,5,Critics argue that housing migrants on barges raises concerns about living conditions.,True,"Opponents likened barge to a prison, implying living condition concerns."
d1848426f6168021,B0,6,Critics argue that housing migrants on barges raises concerns about the adequacy of support services.,False,No mention of critics discussing adequacy of support services.
d1848426f6168021,B0,7,The proposal reflects the UK government's broader efforts to tighten immigration controls.,False,No evidence ties barge proposal to broader immigration control efforts.
d1848426f6168021,B0,8,The proposal reflects the UK government's broader efforts to streamline the asylum process.,False,No mention of streamlining asylum process via barges.
d1848426f6168021,B0,9,The proposal comes amid rising public scrutiny.,False,No mention of public scrutiny regarding barges.
d1848426f6168021,B0,10,The proposal comes amid rising political scrutiny.,False,No mention of political scrutiny specifically tied to barge proposal.
d1848426f6168021,B1,1,The UK government has an approach to managing migrant crossings,True,"Evidence shows government has strategies like clamping down on smugglers, resourcing Border Force."
d1848426f6168021,B1,2,The Bibby Stockholm barge has been operational since October 2023,True,Evidence states barge became fully operational in October.
d1848426f6168021,B1,3,The Home Office states it is committed to the welfare of migrants on the Bibby Stockholm barge,True,Home Office statement says it takes welfare of migrants very seriously.
d1848426f6168021,B1,4,The Home Office has implemented measures to address concerns about living conditions on the Bibby Stockholm barge,True,Statement says concerns are swiftly addressed through work with provider.
d1848426f6168021,B1,5,There is political focus on reducing small boat crossings in the English Channel,True,Text notes crossings will remain a big political issue and priority.
d1848426f6168021,B1,6,Government figures indicate a decrease in small boat crossings in the English Channel in 2023 compared to the previous year,True,Figures show 36% fall in crossings in 2023 versus 2022.
d1848426f6168021,B1,7,There are criticisms regarding the treatment of asylum seekers on the Bibby Stockholm barge,True,Opponents warned about impact and roommate comments raise concerns.
d1848426f6168021,B1,8,Some people have likened the Bibby Stockholm barge accommodations to prisons,True,Evidence explicitly says likening it to a prison and cruisers as prisons.
d1848426f6168021,M,1,The UK government is making ongoing efforts to implement a plan to send some asylum seekers to Rwanda for processing.,True,Evidence describes ongoing legislative and policy efforts to revive Rwanda plan.
d1848426f6168021,M,2,The plan to send some asylum seekers to Rwanda for processing is controversial.,True,"Evidence shows rebellion, resignations, and division indicating controversy."
d1848426f6168021,M,3,The plan to send some asylum seekers to Rwanda for processing has faced significant challenges.,True,"Courts ruled it unlawful, stymied, no migrants sent - significant challenges shown."
d1848426f6168021,M,4,The plan to send some asylum seekers to Rwanda for processing has faced significant opposition.,True,"Tory rebellion, resignations, 60 MPs defying PM show significant opposition."
d1848426f6168021,M,5,The UK government insists that the plan is crucial for deterring illegal crossings of the English Channel.,True,"Government says deterrent needed to stop boats, a priority policy."
d1848426f6168021,M,6,There is notable dissent within the Conservative Party regarding the plan.,True,Resignations and 60 Tory MPs defying PM show notable dissent.
d1848426f6168021,M,7,Many Conservative MPs have expressed doubts about the plan's effectiveness.,False,"Chancellor doubted effectiveness, but evidence doesn't say many MPs doubted effectiveness."
d1848426f6168021,M,8,Many Conservative MPs are calling for amendments to the legislation implementing the plan.,True,Over 30 backbenchers backing amendments to change the bill.
d1848426f6168021,M,9,The plan has been stalled by legal issues.,True,"Supreme Court ruled the plan unlawful, stymied by courts."
d1848426f6168021,M,10,"As of now, no migrants have been sent to Rwanda under the plan.",True,Evidence explicitly states none have made it to east Africa.
d1848426f6168021,M,11,The lack of migrants sent to Rwanda has led to further scrutiny of the government's approach to managing migration.,False,Evidence mentions debate/rebellion but not scrutiny tied specifically to zero migrants sent.
d1848426f6168021,M,12,The lack of migrants sent to Rwanda has led to further debate about the government's approach to managing migration.,True,Zero migrants sent tied to ongoing political debate over the policy.
d1848426f6168021,M_nocap,1,The UK government has an ongoing plan to send some asylum seekers to Rwanda for processing.,True,Evidence describes ongoing government plan to send migrants to Rwanda.
d1848426f6168021,M_nocap,2,The plan to send asylum seekers to Rwanda is controversial.,True,"Rebellion, resignations, courtroom drama show controversy."
d1848426f6168021,M_nocap,3,The plan to send asylum seekers to Rwanda has faced significant legal challenges.,True,"Supreme Court ruled the plan unlawful, and courts stymied it."
d1848426f6168021,M_nocap,4,The plan to send asylum seekers to Rwanda has faced significant political challenges.,True,"Rebellions, resignations, and divisions show political challenges."
d1848426f6168021,M_nocap,5,The UK government insists the Rwanda plan is a key part of its strategy to deter illegal crossings of the English Channel.,True,"Government says scheme discourages Channel crossings, a key aim."
d1848426f6168021,M_nocap,6,There is considerable dissent within the Conservative Party regarding the Rwanda plan.,True,"Tory MPs resigned roles and rebelled, showing dissent."
d1848426f6168021,M_nocap,7,Many Conservative MPs have expressed doubts about the effectiveness of the Rwanda plan.,False,"Chancellor doubted effectiveness, not stated as many MPs' view."
d1848426f6168021,M_nocap,8,Many Conservative MPs have expressed doubts about the viability of the Rwanda plan.,False,"Evidence mentions MPs fear it's doomed, not explicitly viability doubts by many."
d1848426f6168021,M_nocap,9,The Prime Minister is facing a rebellion from party members.,True,Sunak faces significant Tory rebellion over the bill.
d1848426f6168021,M_nocap,10,The rebellion concerns proposed changes to legislation aimed at reviving the Rwanda plan.,True,Rebellion involves amendments to bill reviving Rwanda plan.
d1848426f6168021,M_nocap,11,There are deep divisions within the Conservative Party over immigration policy.,False,"Evidence shows division over Rwanda plan specifically, not broader immigration policy."
d4c86faf2a4774e3,B0,1,MrBeast is a YouTuber,True,Referred to as 'World's biggest Youtuber' and YouTube content creator.
d4c86faf2a4774e3,B0,2,MrBeast is popular,True,Called 'world's biggest Youtuber' implying popularity.
d4c86faf2a4774e3,B0,3,MrBeast is known for extravagant challenges,False,Evidence never describes extravagant challenges.
d4c86faf2a4774e3,B0,4,MrBeast is known for philanthropy,False,Evidence never mentions philanthropy.
d4c86faf2a4774e3,B0,5,MrBeast has garnered significant attention for his earnings from various videos,False,Evidence gives earnings but not attention/discussion of them.
d4c86faf2a4774e3,B0,6,MrBeast's revenue can vary widely depending on views,False,Evidence does not discuss revenue varying with views.
d4c86faf2a4774e3,B0,7,MrBeast's revenue can vary widely depending on sponsorships,False,Sponsorships not mentioned in evidence.
d4c86faf2a4774e3,B0,8,MrBeast's revenue can vary widely depending on merchandise sales,False,Merchandise sales not mentioned in evidence.
d4c86faf2a4774e3,B0,9,MrBeast's videos feature large cash giveaways,False,Evidence doesn't describe video content like cash giveaways.
d4c86faf2a4774e3,B0,10,MrBeast's videos feature unique stunts,False,Evidence doesn't describe unique stunts in videos.
d4c86faf2a4774e3,B0,11,Videos featuring large cash giveaways or unique stunts often attract millions of views,False,No such general statement appears in evidence.
d4c86faf2a4774e3,B0,12,Millions of views translate into substantial ad revenue,False,No mention of ad revenue link to views.
d4c86faf2a4774e3,B0,13,MrBeast has innovative content,False,Innovative content not mentioned.
d4c86faf2a4774e3,B0,14,MrBeast has a massive following,True,120 million more subscribers indicates massive following.
d4c86faf2a4774e3,B0,15,MrBeast is one of the highest-earning creators on the platform,True,"He earned $54m in a year, indicating high earnings on platform."
d4c86faf2a4774e3,B1,1,MrBeast has earned a substantial income from his YouTube activities,True,Evidence states he has earned a fortune from YouTube.
d4c86faf2a4774e3,B1,2,Forbes estimated MrBeast's annual earnings at $54 million as of November 2022,True,Directly stated Forbes estimate of $54m in Nov 2022.
d4c86faf2a4774e3,B1,3,One MrBeast video achieved 211 million views since its release,True,Directly states video viewed 211 million times.
d4c86faf2a4774e3,B1,4,That MrBeast video was released in September 2023,True,Evidence states posted in September 2023.
d4c86faf2a4774e3,B1,5,MrBeast previously expressed skepticism about posting videos to X,True,He said posting to X wasn't worth his time.
d4c86faf2a4774e3,B1,6,MrBeast's skepticism about posting videos to X was due to cost concerns,True,He cited cost not being covered even with a billion views.
d4c86faf2a4774e3,B1,7,MrBeast has recently engaged with the platform X,True,Article discusses him hosting content and backtracking on X.
d4c86faf2a4774e3,B1,8,MrBeast's recent engagement with X suggests a shift in his strategy,True,"Described as a significant change of heart, implying strategy shift."
d4c86faf2a4774e3,B1,9,MrBeast now recognizes the potential audience benefits of hosting his content on X,True,"Text notes it's a boon for X to host his content, audience implied."
d4c86faf2a4774e3,B1,10,MrBeast now recognizes the potential financial benefits of hosting his content on X,False,"Evidence doesn't state he recognizes financial benefits, only audience/cost context."
d4c86faf2a4774e3,M,1,Forbes estimated MrBeast's annual earnings at $54 million as of November 2022.,True,Directly stated Forbes estimated $54m in November 2022.
d4c86faf2a4774e3,M,2,MrBeast has gained a substantial number of subscribers since November 2022.,True,Text states he gained 120 million more subscribers since then.
d4c86faf2a4774e3,M,3,MrBeast's main channel has 120 million subscribers.,False,"Evidence says he gained 120 million more, not total of 120 million."
d4c86faf2a4774e3,M,4,MrBeast previously stated that posting videos to X was not worth his time.,True,"He said even a billion views wouldn't cover cost, implying not worth it."
d4c86faf2a4774e3,M,5,MrBeast has experienced a change of heart about posting videos to X.,True,Explicitly called a significant change of heart.
d4c86faf2a4774e3,M,6,MrBeast's content on X has garnered 211 million views since its posting in September 2023.,False,"211 million views refers to previous platform, not X."
d4c86faf2a4774e3,M_nocap,1,MrBeast has earned a substantial income,True,Evidence states he has earned a fortune.
d4c86faf2a4774e3,M_nocap,2,Forbes estimated MrBeast's annual earnings from YouTube at $54 million as of November 2022,True,Forbes estimate of $54m in a year matches claim.
d4c86faf2a4774e3,M_nocap,3,MrBeast's popularity has continued to grow,True,Gaining 120 million more subscribers implies continued growth.
d4c86faf2a4774e3,M_nocap,4,MrBeast has gained 120 million additional subscribers since November 2022,True,Text states he gained 120 million more subscribers since then.
d4c86faf2a4774e3,M_nocap,5,MrBeast previously expressed skepticism about posting videos to X due to cost concerns,True,He said billion views wouldn't cover the cost.
d4c86faf2a4774e3,M_nocap,6,MrBeast has since changed his stance on posting videos to X,True,Described as a significant change of heart.
d4c86faf2a4774e3,M_nocap,7,MrBeast suggested that hosting his content on X could be beneficial,True,Text says it's a boon for X to host his content.
d4c86faf2a4774e3,M_nocap,8,MrBeast's videos have received significant viewership,True,Video viewed 211 million times shows significant viewership.
d64545a1d0391eb7,B0,1,The Sugar Boat shipwreck refers to the sinking of a vessel.,False,Evidence never mentions a 'Sugar Boat' shipwreck.
d64545a1d0391eb7,B0,2,The vessel that sank was carrying sugar.,False,No mention of a vessel carrying sugar.
d64545a1d0391eb7,B0,3,The vessel sank off the coast of a Caribbean island.,False,No Caribbean island shipwreck mentioned in evidence.
d64545a1d0391eb7,B0,4,The sinking occurred in the early 20th century.,False,No such sinking or timeframe mentioned.
d64545a1d0391eb7,B0,5,The ship was laden with cargo.,False,No relevant ship or cargo described.
d64545a1d0391eb7,B0,6,The ship encountered severe weather conditions.,False,No severe weather event matching this claim in evidence.
d64545a1d0391eb7,B0,7,The severe weather conditions led to the ship's capsizing.,False,No capsizing due to weather described.
d64545a1d0391eb7,B0,8,The incident resulted in the loss of several lives.,False,No loss of life from this described incident.
d64545a1d0391eb7,B0,9,The incident sparked discussions about maritime safety.,False,No discussion of maritime safety in evidence.
d64545a1d0391eb7,B0,10,The incident sparked discussions about the challenges faced by ships navigating treacherous waters.,False,No such discussion present in evidence.
d64545a1d0391eb7,B0,11,The wreck has become a point of interest for historians.,False,No wreck of interest to historians mentioned.
d64545a1d0391eb7,B0,12,The wreck has become a point of interest for divers.,False,No wreck of interest to divers mentioned.
d64545a1d0391eb7,B0,13,The wreck highlights the dangers of sea travel during that era.,False,No such wreck or era danger discussion in evidence.
d64545a1d0391eb7,B1,1,A man was rescued from the ocean.,True,Evidence describes a fisherman rescued from the ocean after his ordeal.
d64545a1d0391eb7,B1,2,A party boat sank in London.,True,Evidence confirms a floating bar/party boat sank on the Thames.
d64545a1d0391eb7,B1,3,There were lightning deaths in Bangladesh.,True,"Evidence describes lightning deaths in Bangladesh, including a family's deaths."
d64545a1d0391eb7,B1,4,A family history hunt occurred on an island.,True,Evidence describes a family history hunt ending on an island.
d64545a1d0391eb7,B1,5,A livestock rescue operation took place in Serbia.,True,Evidence describes a livestock rescue operation on an island in Serbia.
d64545a1d0391eb7,M,1,A man was rescued at sea.,True,Man was found and rescued after floating in the ocean.
d64545a1d0391eb7,M,2,A party boat sank in London.,True,Article states a party boat sank on the Thames in London.
d64545a1d0391eb7,M,3,A household fire occurred.,True,"A dishwasher burst into flames, causing a household fire."
d64545a1d0391eb7,M,4,A medieval cemetery was discovered in Wales.,True,Medieval cemetery with graves was unearthed in Wales.
d64545a1d0391eb7,M,5,Navy Seals were presumed dead during a military operation.,True,Two Navy Seals presumed dead after anti-Houthi mission.
d64545a1d0391eb7,M_nocap,1,The evidence does not provide any information about the Sugar Boat shipwreck.,True,No mention of Sugar Boat shipwreck anywhere in evidence.
d64545a1d0391eb7,M_nocap,2,The evidence covers a man's rescue from the ocean.,True,Item 1 covers a man's rescue after being in the ocean.
d64545a1d0391eb7,M_nocap,3,The evidence covers a party boat sinking in London.,True,Item 2 covers a floating bar sinking on the Thames.
d64545a1d0391eb7,M_nocap,4,The evidence covers a household fire.,True,Item 3 covers a dishwasher fire in a home.
d64545a1d0391eb7,M_nocap,5,The evidence covers a medieval cemetery discovery.,True,Item 4 covers a medieval cemetery unearthed in Wales.
d64545a1d0391eb7,M_nocap,6,The evidence covers a military operation involving Navy Seals.,True,Item 5 covers Navy Seals mission and aftermath.
d64545a1d0391eb7,M_nocap,7,The report about a man's rescue from the ocean does not mention the Sugar Boat or its shipwreck.,True,Item 1 text contains no reference to Sugar Boat.
d64545a1d0391eb7,M_nocap,8,The report about a party boat sinking in London does not mention the Sugar Boat or its shipwreck.,True,Item 2 text contains no reference to Sugar Boat.
d64545a1d0391eb7,M_nocap,9,The report about a household fire does not mention the Sugar Boat or its shipwreck.,True,Item 3 text contains no reference to Sugar Boat.
d64545a1d0391eb7,M_nocap,10,The report about a medieval cemetery discovery does not mention the Sugar Boat or its shipwreck.,True,Item 4 text contains no reference to Sugar Boat.
d64545a1d0391eb7,M_nocap,11,The report about a military operation involving Navy Seals does not mention the Sugar Boat or its shipwreck.,True,Item 5 text contains no reference to Sugar Boat.
d7c989c71313fc1b,B0,1,Keir Starmer has expressed strong criticism regarding the Horizon prosecutions.,False,"Evidence shows Starmer commenting on Nottingham attacks, not Horizon prosecutions."
d7c989c71313fc1b,B0,2,The Horizon prosecutions involved wrongful convictions of sub-postmasters.,True,Multiple articles confirm sub-postmasters were wrongly convicted.
d7c989c71313fc1b,B0,3,The wrongful convictions of sub-postmasters were due to flaws in the Post Office's accounting software.,True,Evidence attributes convictions to faulty Horizon accounting software.
d7c989c71313fc1b,B0,4,Starmer emphasized the need for accountability for those affected by the Horizon prosecutions.,False,No evidence of Starmer commenting on accountability for Horizon victims.
d7c989c71313fc1b,B0,5,Starmer emphasized the need for justice for those affected by the Horizon prosecutions.,False,No evidence Starmer discussed justice for Horizon victims.
d7c989c71313fc1b,B0,6,Starmer highlighted the devastating impact on individuals affected by the Horizon prosecutions.,False,"Starmer's quoted comments relate to Nottingham attacks, not Horizon."
d7c989c71313fc1b,B0,7,Starmer highlighted the devastating impact on families of individuals affected by the Horizon prosecutions.,False,No evidence Starmer discussed impact on families of Horizon victims.
d7c989c71313fc1b,B0,8,Starmer called for a thorough investigation into the failures of the system.,False,"Starmer's call for inquiry was about Nottingham attacks, not Horizon."
d7c989c71313fc1b,B0,9,Starmer urged the government to ensure that such miscarriages of justice do not happen again.,False,No evidence Starmer urged prevention of future Horizon-like miscarriages.
d7c989c71313fc1b,B0,10,Starmer's comments reflect a broader concern about the integrity of legal processes.,False,No evidence links Starmer's comments to Horizon legal process integrity.
d7c989c71313fc1b,B0,11,Starmer's comments reflect concern about the importance of safeguarding against similar injustices in the future.,False,No evidence Starmer addressed safeguarding against Horizon-like injustices.
d7c989c71313fc1b,B1,1,The Horizon scandal led to wrongful prosecutions of sub-postmasters in the UK.,True,Multiple articles confirm wrongful prosecutions of sub-postmasters due to Horizon.
d7c989c71313fc1b,B1,2,There are calls for accountability from Fujitsu.,True,Calls for Fujitsu to pay/contribute to compensation are described.
d7c989c71313fc1b,B1,3,Fujitsu is the company behind the faulty Horizon software.,True,Evidence states Fujitsu designed the Horizon software.
d7c989c71313fc1b,B1,4,The government plans to introduce a new law to quash wrongful convictions related to the Horizon scandal.,True,PM announced new law to quash convictions and exonerate victims.
d7c989c71313fc1b,B1,5,The plight of the victims has gained renewed attention.,True,Article states plight received new public attention this year.
d7c989c71313fc1b,B1,6,The renewed attention followed a recent ITV drama.,True,Attention attributed to ITV drama series about their fight for justice.
d7c989c71313fc1b,B1,7,There are concerns about the adequacy of compensation for victims of the Horizon scandal.,True,Compensation pot cut by half and settlement issues discussed.
d7c989c71313fc1b,B1,8,There are concerns about the handling of cases by the Crown Prosecution Service.,True,CPS handling questioned regarding manslaughter plea and lack of communication.
d7c989c71313fc1b,B1,9,There is significant public pressure for justice and reform related to the Horizon scandal.,True,Drama and calls for accountability show public pressure for justice.
d7c989c71313fc1b,B1,10,There is significant political pressure for justice and reform related to the Horizon scandal.,True,"Politicians like Byrne, Starmer, Sunak show political pressure for reform."
d7c989c71313fc1b,M,1,The Horizon scandal has been described as one of the most significant miscarriages of justice in British history.,True,Evidence calls it 'one of the most widespread miscarriages of justice in British history.'
d7c989c71313fc1b,M,2,The Horizon scandal affected thousands of sub-postmasters.,True,Evidence states thousands of sub-postmasters were held accountable for losses.
d7c989c71313fc1b,M,3,Up to 100 individuals in Scotland may have been wrongfully prosecuted in the Horizon scandal.,True,Evidence states up to 100 people in Scotland may have been wrongly prosecuted.
d7c989c71313fc1b,M,4,There were over 700 cases across the UK related to the Horizon scandal.,True,Evidence states more than 700 sub-postmasters were wrongly prosecuted across the UK.
d7c989c71313fc1b,M,5,The Horizon scandal cases occurred during a 16-year period.,True,Evidence states prosecutions occurred during a 16-year period.
d7c989c71313fc1b,M,6,The government is taking steps to address the injustices of the Horizon scandal.,True,"Evidence describes new law and plans to clear names, showing government action."
d7c989c71313fc1b,M,7,The government plans to introduce a new law to quash wrongful convictions related to the Horizon scandal.,True,Evidence states Sunak announced plans to introduce a new law quashing convictions.
d7c989c71313fc1b,M,8,There is an inquiry into the Horizon scandal.,True,Evidence mentions an ongoing inquiry into the Horizon scandal.
d7c989c71313fc1b,M,9,The inquiry into the Horizon scandal has gained renewed attention due to a recent ITV drama.,True,Evidence states the ITV drama thrust the issue back into the spotlight.
d7c989c71313fc1b,M,10,The renewed attention has prompted discussions about accountability in the Horizon scandal.,False,Evidence doesn't specifically say renewed attention prompted accountability discussions.
d7c989c71313fc1b,M,11,The discussions concern the role of the Post Office in the failures of the Horizon system.,True,"Evidence discusses Post Office's role, including cost and contract decisions."
d7c989c71313fc1b,M,12,The discussions concern the role of Fujitsu in the failures of the Horizon system.,True,Evidence discusses Fujitsu's role as the software designer and contractor.
d7c989c71313fc1b,M_nocap,1,The Horizon scandal has been described as one of the most significant miscarriages of justice in British history.,True,Evidence calls it one of most widespread miscarriages of justice.
d7c989c71313fc1b,M_nocap,2,The Horizon scandal affected thousands of sub-postmasters.,True,Evidence states thousands of sub-postmasters were held accountable.
d7c989c71313fc1b,M_nocap,3,Up to 100 individuals in Scotland may have been wrongfully prosecuted in the Horizon scandal.,True,Evidence states up to 100 people in Scotland may have been wrongly prosecuted.
d7c989c71313fc1b,M_nocap,4,Over 700 cases occurred across the UK related to the Horizon scandal.,True,Evidence states more than 700 sub-postmasters wrongly prosecuted across UK.
d7c989c71313fc1b,M_nocap,5,The Horizon scandal wrongful prosecutions occurred during a 16-year period.,True,Evidence states prosecutions occurred during a 16-year period.
d7c989c71313fc1b,M_nocap,6,An inquiry into the Horizon scandal prosecutions is ongoing.,True,Evidence states an inquiry ongoing.
d7c989c71313fc1b,M_nocap,7,There are plans to introduce new legislation to quash wrongful convictions related to the Horizon scandal.,True,Evidence states Sunak announced plans for new law to quash convictions.
d7c989c71313fc1b,M_nocap,8,The plight of those affected by the Horizon scandal has gained renewed attention due to a recent ITV drama.,True,Evidence states plight received new attention due to ITV drama.
d7c989c71313fc1b,M_nocap,9,The recent ITV drama has brought the Horizon scandal issue back into public discourse.,True,Evidence states drama thrust issue back into spotlight.
dca85cf93983eaf6,B0,1,Missile strikes across the Middle East have recently occurred.,True,"Multiple missile strikes across Iran, Pakistan, Iraq, Syria, Yemen are described."
dca85cf93983eaf6,B0,2,The missile strikes have heightened tensions in the region.,True,Evidence repeatedly notes rising tension and fears of wider conflict.
dca85cf93983eaf6,B0,3,Various countries are involved in escalating conflicts in the region.,True,"Iran, Pakistan, US, UK, Israel, Turkey, Jordan involvement described."
dca85cf93983eaf6,B0,4,Strikes have been reported in Syria.,True,"Multiple strikes in Syria (Idlib, Damascus) reported."
dca85cf93983eaf6,B0,5,Strikes have been reported in Iraq.,True,"Strikes on Iraq (Irbil, Al Asad base) reported."
dca85cf93983eaf6,B0,6,The strikes in Syria and Iraq are often attributed to ongoing hostilities between state and non-state actors.,True,"Evidence attributes strikes to proxy conflicts, militant groups, state actions."
dca85cf93983eaf6,B0,7,The attacks have raised concerns about regional stability.,True,Article title and text emphasize how perilous/volatile the region has become.
dca85cf93983eaf6,B0,8,The attacks have raised concerns about the potential for broader military confrontations.,True,Text mentions fears of an even wider conflict.
dca85cf93983eaf6,B0,9,Nations are responding to perceived threats.,True,Countries cite self-defense and threats as reasons for strikes.
dca85cf93983eaf6,B0,10,Nations are retaliating against adversaries.,True,"Tit-for-tat strikes described as retaliation, e.g., Pakistan vs Iran."
dca85cf93983eaf6,B0,11,Diplomatic efforts are being challenged by a persistent cycle of violence.,False,Evidence does not mention diplomatic efforts being challenged.
dca85cf93983eaf6,B1,1,Iran has conducted missile strikes in Pakistan.,True,Evidence states Iran attacked targets in Pakistan with missiles.
dca85cf93983eaf6,B1,2,Iran has conducted missile strikes in Syria.,True,Evidence states Iran carried out missile strikes against targets in Syria.
dca85cf93983eaf6,B1,3,Iran has conducted missile strikes in Iraq.,True,Evidence states Iran carried out missile strikes against targets in Iraq.
dca85cf93983eaf6,B1,4,Iran claims the missile strikes targeted groups linked to terrorism.,True,"Evidence says strikes were claimed linked to Islamic State group, a terrorist group."
dca85cf93983eaf6,B1,5,Iran claims the missile strikes targeted regional adversaries.,True,"Evidence says strikes targeted Israel and Baloch separatist group, regional adversaries."
dca85cf93983eaf6,B1,6,The US military has responded with airstrikes against Iranian-backed groups.,True,US carried out airstrikes on Iran-backed groups per evidence.
dca85cf93983eaf6,B1,7,The Houthis in Yemen are an Iranian-backed group.,True,Evidence explicitly calls Houthis an Iran-backed rebel group.
dca85cf93983eaf6,B1,8,The US conducted airstrikes against the Houthis in Yemen.,True,Evidence describes multiple US airstrikes on Houthi targets in Yemen.
dca85cf93983eaf6,B1,9,The Houthis pose missile threats to international shipping.,True,Evidence describes Houthi missile attacks on international shipping in Red Sea.
dca85cf93983eaf6,B1,10,The US airstrikes against the Houthis were a response to their missile threats to international shipping.,True,Evidence states strikes were in response to Houthi attacks on shipping.
dca85cf93983eaf6,B1,11,"Various nations, including Iran and Pakistan, are engaging in retaliatory strikes.",True,Evidence describes tit-for-tat strikes between Iran and Pakistan among others.
dca85cf93983eaf6,B1,12,Tensions are heightened in the Middle East region.,True,Evidence explicitly states tension has sharply spiked in the region.
dca85cf93983eaf6,M,1,Missile strikes have occurred recently across the Middle East.,True,"Evidence describes multiple missile strikes across Iraq, Syria, Pakistan, Lebanon, Yemen."
dca85cf93983eaf6,M,2,The missile strikes have involved multiple actors.,True,"Evidence shows Iran, Israel, US, UK, Houthis all involved in strikes."
dca85cf93983eaf6,M,3,The multiple actors were demonstrating their military capabilities.,False,"Only Iran is described as demonstrating military capabilities, not all actors."
dca85cf93983eaf6,M,4,"Iran's Islamic Revolution Guard Corps (IRGC) has launched missiles targeting ""terrorist groups"".",True,IRGC said it targeted 'terrorist groups' with missile strikes.
dca85cf93983eaf6,M,5,The IRGC missile strikes targeted locations in Iraq.,True,"Strike hit a building in Irbil, Iraq."
dca85cf93983eaf6,M,6,The IRGC missile strikes targeted locations in Syria.,True,IRGC targeted Idlib province in Syria.
dca85cf93983eaf6,M,7,The IRGC missile strikes targeted locations in Pakistan.,True,Iran admitted a strike on western Pakistan.
dca85cf93983eaf6,M,8,The IRGC missile strikes showcased its reach in the region.,True,Choice of missile/location suggests intent to show reach to Israel.
dca85cf93983eaf6,M,9,The IRGC missile strikes showcased its military power in the region.,True,Article states IRGC is showing it's a major regional military power.
dca85cf93983eaf6,M,10,The Israeli Air Force targeted Hezbollah positions in Lebanon in a separate series of strikes.,True,IDF jets struck Hezbollah targets in Lebanon in a separate strike series.
dca85cf93983eaf6,M,11,The Israeli Air Force strikes were in response to threats from Hezbollah.,False,"Evidence describes actual attacks/missiles, not mere 'threats' as cause."
dca85cf93983eaf6,M,12,The Israeli Air Force strikes were in response to attacks from Hezbollah.,True,Strikes followed anti-tank missile attacks and Hezbollah fire on Israeli forces.
dca85cf93983eaf6,M,13,The US has conducted air strikes against Houthi targets in Yemen.,True,US and UK conducted joint air strikes on Houthi targets.
dca85cf93983eaf6,M,14,The UK has conducted air strikes against Houthi targets in Yemen.,True,UK participated with RAF Typhoons in strikes on Houthis.
dca85cf93983eaf6,M,15,The US and UK air strikes aimed to disrupt Houthi missile capabilities.,True,Strikes destroyed missiles and degraded Houthi missile stocks.
dca85cf93983eaf6,M,16,The US and UK air strikes aimed to protect shipping routes in the Red Sea.,True,US and UK said they aimed to protect 'free flow of commerce' via Red Sea.
dca85cf93983eaf6,M_nocap,1,Iran's Islamic Revolution Guard Corps (IRGC) launched missile strikes in Iraq.,True,"Evidence says Iran struck Iraqi, Syrian and Pakistani territory via IRGC."
dca85cf93983eaf6,M_nocap,2,Iran's Islamic Revolution Guard Corps (IRGC) launched missile strikes in Syria.,True,"Evidence confirms IRGC missile strike on Idlib, Syria."
dca85cf93983eaf6,M_nocap,3,Iran's Islamic Revolution Guard Corps (IRGC) launched missile strikes in Pakistan.,True,Iran admitted missile and drone attack on Pakistan.
dca85cf93983eaf6,M_nocap,4,Iran's Islamic Revolution Guard Corps (IRGC) targeted groups it labels as terrorists in these strikes.,True,IRGC said strikes targeted 'terrorist groups' like Jaish al-Adl.
dca85cf93983eaf6,M_nocap,5,The Israeli Air Force conducted strikes on Hezbollah targets in Lebanon.,True,IDF fighter jets struck Hezbollah targets in Lebanon per evidence.
dca85cf93983eaf6,M_nocap,6,The Israeli Air Force's strikes on Hezbollah targets in Lebanon were in response to Iran's missile strikes.,False,No evidence links Israeli strikes on Hezbollah to Iran's missile strikes.
dca85cf93983eaf6,M_nocap,7,The Israeli Air Force's strikes aimed to neutralize military assets near Israel's border.,True,Strikes targeted military assets to drive Radwan Force from border.
dca85cf93983eaf6,M_nocap,8,The US and UK carried out joint airstrikes against Houthi targets in Yemen.,True,US and UK conducted joint air strikes on Houthi targets in Yemen.
dca85cf93983eaf6,M_nocap,9,The US and UK joint airstrikes focused on missile capabilities.,True,Strikes hit Houthi missile capability per Pentagon statement.
dca85cf93983eaf6,M_nocap,10,The US and UK joint airstrikes focused on surveillance capabilities.,True,Strikes also hit Houthi surveillance capability per evidence.
dca85cf93983eaf6,M_nocap,11,The US and UK joint airstrikes aimed to protect shipping routes.,True,US and UK said aim was protecting free flow of commerce.
dd030cfe95586093,B0,1,Justin Welby is the Archbishop of Canterbury.,False,Evidence never mentions Justin Welby or Archbishop of Canterbury.
dd030cfe95586093,B0,2,Justin Welby has expressed concern over the treatment of political opponents by leaders in various countries.,False,No mention of Justin Welby anywhere in evidence.
dd030cfe95586093,B0,3,Justin Welby emphasizes the importance of civility in political discourse.,False,Evidence does not mention Justin Welby or civility claims.
dd030cfe95586093,B0,4,Justin Welby emphasizes the importance of respect in political discourse.,False,Evidence does not mention Justin Welby or respect claims.
dd030cfe95586093,B0,5,Justin Welby warns that aggressive rhetoric can undermine democracy.,False,No mention of Justin Welby warning about rhetoric or democracy.
dd030cfe95586093,B0,6,Justin Welby warns that aggressive rhetoric can undermine social cohesion.,False,No mention of Justin Welby or social cohesion claims.
dd030cfe95586093,B0,7,Justin Welby advocates for a more compassionate approach in politics.,False,No mention of Justin Welby advocating compassion in politics.
dd030cfe95586093,B0,8,Justin Welby urges leaders to engage in constructive dialogue.,False,No mention of Justin Welby urging constructive dialogue.
dd030cfe95586093,B0,9,Justin Welby urges leaders to avoid resorting to personal attacks.,False,No mention of Justin Welby or personal attacks.
dd030cfe95586093,B0,10,Justin Welby's comments reflect a broader call for ethical leadership.,False,No mention of Justin Welby or ethical leadership.
dd030cfe95586093,B0,11,Justin Welby's comments reflect a call for fostering a more inclusive political environment.,False,No mention of Justin Welby or inclusive political environment.
dd030cfe95586093,M,1,Politicians face abuse.,True,Report says politicians face regular violent threats and abuse mentioned.
dd030cfe95586093,M,2,Politicians face intimidation.,True,Text mentions abuse and intimidation of elected politicians.
dd030cfe95586093,M,3,The abuse and intimidation faced by politicians is seen as a genuine threat to democratic processes.,True,Quote states abuse and intimidation is a genuine threat to democracy.
dd030cfe95586093,M,4,The Jo Cox Foundation issued a report.,True,Evidence explicitly refers to a Jo Cox Foundation report.
dd030cfe95586093,M,5,The Jo Cox Foundation report emphasizes the need for measures to protect elected representatives from violence.,False,"Evidence mentions preventing stepping down, not specifically protecting from violence."
dd030cfe95586093,M,6,The Jo Cox Foundation report emphasizes the need for measures to protect elected representatives from threats.,False,Evidence doesn't specify measures against threats specifically.
dd030cfe95586093,M,7,The Jo Cox Foundation report suggests that robust political debate is essential for a healthy democracy.,True,Blair's quote in report states robust debate is cornerstone of healthy democracy.
dd030cfe95586093,M,8,Some political leaders advocate for democratic standards.,True,"Tusk's government talked about democratic standards, per Morawiecki's quote."
dd030cfe95586093,M,9,Some political leaders who advocate for democratic standards may fall short in practice.,True,Morawiecki says Tusk's government falls short in practice despite talk.
dd030cfe95586093,M,10,Poland's political landscape provides an example of political leaders who advocate for democratic standards but may fall short in practice.,True,Poland example shows Tusk government touting standards yet falling short.
dd030cfe95586093,M_nocap,1,Politicians face abuse.,True,Report states politicians face regular violent threats and abuse.
dd030cfe95586093,M_nocap,2,Politicians face intimidation.,True,Evidence mentions abuse and intimidation of elected politicians.
dd030cfe95586093,M_nocap,3,The abuse and intimidation faced by politicians is seen as a genuine threat to democratic processes.,True,Jacqui Smith calls it a genuine threat to democracy.
dd030cfe95586093,M_nocap,4,There is a Jo Cox Foundation report.,True,Jo Cox Foundation report explicitly mentioned.
dd030cfe95586093,M_nocap,5,The Jo Cox Foundation report emphasizes the need for measures to protect elected representatives from violence.,True,Recommendations include police checks and unit to tackle abuse/violence threats.
dd030cfe95586093,M_nocap,6,The Jo Cox Foundation report emphasizes the need for measures to protect elected representatives from harassment.,True,"Report addresses abuse and threats, implying protection from harassment."
dd030cfe95586093,M_nocap,7,The Jo Cox Foundation report suggests that robust political debate is essential for a healthy democracy.,True,Tony Blair's quoted statement included in report's context supports this.
dd030cfe95586093,M_nocap,8,There are accusations of hypocrisy regarding the treatment of opposition figures in Poland.,False,"Hypocrisy accusation concerns Tusk's government, not treatment of opposition figures."
dd030cfe95586093,M_nocap,9,Poland's ruling party's actions are criticized for undermining democratic standards.,True,Morawiecki criticizes Tusk's government for attacking rule of law.
dd030cfe95586093,M_nocap,10,Poland's ruling party professes to uphold democratic standards.,False,"Evidence says Tusk's government talks about democracy, not Poland's ruling party PiS."
dfa2c18c40abb141,B0,1,Italy's culture minister is under investigation.,False,Evidence never mentions Italy's culture minister.
dfa2c18c40abb141,B0,2,The investigation concerns allegations of involvement in the trafficking of stolen artwork.,False,No such investigation mentioned in evidence.
dfa2c18c40abb141,B0,3,The inquiry focuses on claims that the minister may have facilitated the return of looted art to Italy.,False,No mention of minister facilitating return of looted art.
dfa2c18c40abb141,B0,4,The minister allegedly facilitated the return of looted art without proper documentation.,False,No mention of documentation issues or minister's actions.
dfa2c18c40abb141,B0,5,The situation has raised concerns about the integrity of cultural heritage management.,False,Evidence does not discuss this situation at all.
dfa2c18c40abb141,B0,6,The situation has sparked a broader discussion about the protection of art and artifacts.,False,No such discussion tied to this claim's context found.
dfa2c18c40abb141,B0,7,The situation has sparked discussion about the responsibilities of government officials in safeguarding national treasures.,False,No mention of government officials' responsibilities in this context.
dfa2c18c40abb141,B0,8,The investigation highlights ongoing issues related to art theft.,False,No investigation into a minister discussed in evidence.
dfa2c18c40abb141,B0,9,The investigation highlights complexities of repatriating stolen cultural property.,False,No such investigation or complexity discussion present.
dfa2c18c40abb141,B1,1,A museum heist occurred in Switzerland.,True,"Museum of Far Eastern Art in Geneva, Switzerland was subject of a heist."
dfa2c18c40abb141,B1,2,A Gustav Klimt portrait was recovered.,True,"Klimt portrait was found after nearly 100 years, per headline and text."
dfa2c18c40abb141,B1,3,Looted artifacts were returned to Ghana.,False,"Evidence says UK will loan back items, not that they were returned."
dfa2c18c40abb141,B1,4,There are legal complexities surrounding the restitution of looted artifacts.,True,Evidence discusses legal restrictions and disputes over restitution of looted objects.
dfa2c18c40abb141,M,1,A Gustav Klimt portrait was recovered.,True,Klimt portrait was found/discovered per evidence.
dfa2c18c40abb141,M,2,Looted artifacts were returned to Ghana.,False,"Evidence says items will be loaned back, not returned/looted claim confirmed."
dfa2c18c40abb141,M,3,A museum heist occurred in Switzerland.,True,Museum heist in Switzerland (Geneva) is described.
dfa2c18c40abb141,M,4,There is a fugitive extradition case.,True,"Nicholas Rossi extradited as a fugitive, matches claim."
dfa2c18c40abb141,M,5,A statue in Melbourne was vandalized.,True,Melbourne Captain Cook statue vandalized as described.
dfa2c18c40abb141,M_nocap,1,A Gustav Klimt portrait was recovered.,True,Article states portrait was found after almost 100 years.
dfa2c18c40abb141,M_nocap,2,Looted artifacts were returned to Ghana.,False,"Evidence describes a loan, not a return, of objects to Ghana."
dfa2c18c40abb141,M_nocap,3,There was a heist involving stolen items from a Swiss museum.,True,Article describes stolen vase and bowl from Swiss museum heist.
e33da30aca447347,B0,1,The government initiated an expansion of free childcare services,True,Evidence mentions government's plan to offer funded hours to younger children.
e33da30aca447347,B0,2,The initiative to expand free childcare services aims to ease the financial burden on families,False,Evidence does not mention easing financial burden as a goal.
e33da30aca447347,B0,3,The rollout of the free childcare services expansion has faced significant delays,False,"Evidence describes SEND space shortages, not delays in rollout."
e33da30aca447347,B0,4,The delays have caused frustration among parents,False,No mention of parental frustration over delays.
e33da30aca447347,B0,5,The delays have caused frustration among childcare providers,False,No mention of childcare provider frustration.
e33da30aca447347,B0,6,Officials remain optimistic about the long-term benefits of the free childcare services expansion program,False,No official optimism about long-term benefits mentioned.
e33da30aca447347,B0,7,The free childcare services expansion program is expected to improve access to early education,False,Evidence doesn't state expected improvement to early education access.
e33da30aca447347,B0,8,The free childcare services expansion program is expected to support working families,False,No mention of supporting working families specifically.
e33da30aca447347,B0,9,Stakeholders are pushing for timely implementation of the free childcare services expansion program,False,No mention of stakeholders pushing for timely implementation.
e33da30aca447347,B1,1,There is a rising demand for childcare places,True,Evidence states demand for childcare places is rising.
e33da30aca447347,B1,2,There is a rising demand for childcare places for children with special education needs and disabilities (SEND),False,"Evidence shows rising SEND numbers, not demand for SEND places specifically."
e33da30aca447347,B1,3,The rising demand for childcare places is due to government plans to offer funded hours to younger children,True,Evidence attributes rising demand to government's funded hours plan.
e33da30aca447347,B1,4,Only one in five councils currently has sufficient availability for children with special education needs and disabilities (SEND),True,Evidence states only one in five councils has sufficient SEND availability.
e33da30aca447347,B1,5,Concerns are growing that the childcare availability situation for children with SEND may worsen,True,Evidence says many are concerned situation will worsen.
e33da30aca447347,B1,6,The number of three- and four-year-olds eligible for 30 hours of childcare with SEND increased significantly from 2021 to 2023,True,"Evidence gives figures showing increase from 76,418 to 95,589."
e33da30aca447347,M,1,The government has plans to expand funded childcare hours.,True,Evidence mentions government plan to offer funded hours to younger children.
e33da30aca447347,M,2,There is increasing demand for childcare places.,True,Evidence states demand for childcare places is rising.
e33da30aca447347,M,3,There is increasing demand for childcare places for children with special education needs and disabilities (SEND).,True,Evidence states number of pre-school SEND children is increasing.
e33da30aca447347,M,4,Only one in five councils currently has sufficient childcare availability for children with SEND.,True,Evidence directly states only one in five councils has sufficient SEND availability.
e33da30aca447347,M,5,There are concerns about future accessibility of childcare for children with SEND.,True,Evidence says many are concerned situation will worsen.
e33da30aca447347,M,6,The number of three- and four-year-olds eligible for additional childcare has risen significantly.,True,"Evidence gives rise from 76,418 to 95,589 eligible SEND children."
e33da30aca447347,M,7,The growing need for childcare may not be met by current provisions.,True,Evidence implies unmet need via limited council availability and rising demand.
e33da30aca447347,M_nocap,1,The government plans to offer funded childcare hours to younger children.,True,Evidence states government plans to offer funded hours to younger children.
e33da30aca447347,M_nocap,2,There is increasing demand for childcare places.,True,Evidence states demand for childcare places is rising.
e33da30aca447347,M_nocap,3,There is increasing demand for childcare places for children with special education needs and disabilities (SEND).,True,Evidence states pre-school children with SEND is increasing.
e33da30aca447347,M_nocap,4,Only one in five councils currently has sufficient childcare availability for children with SEND.,True,Evidence states only one in five councils has sufficient SEND availability.
e33da30aca447347,M_nocap,5,There are concerns about future accessibility of childcare for children with SEND.,True,Evidence states many are concerned situation will get worse.
e33da30aca447347,M_nocap,6,The number of three- and four-year-olds eligible for 30 hours of childcare with SEND has significantly increased.,True,Evidence gives figures showing increase from 6.3% to 8%.
e33da30aca447347,M_nocap,7,The expansion of free childcare may not adequately address the needs of all families.,False,Evidence does not state this conclusion explicitly.
e48cc811265585b7,B0,1,Recent news coverage has highlighted growing frustration among passengers regarding delays on battery-powered trains,False,Evidence does not mention battery-powered trains at all.
e48cc811265585b7,B0,2,The frustration among passengers has led to calls for refunds,False,No mention of refund calls in evidence.
e48cc811265585b7,B0,3,Many commuters have expressed dissatisfaction with the reliability of battery-powered trains,False,No mention of battery-powered trains or commuter dissatisfaction with them.
e48cc811265585b7,B0,4,Battery-powered trains were expected to offer a more sustainable alternative to traditional diesel engines,False,No mention of battery-powered trains or sustainability expectations.
e48cc811265585b7,B0,5,Some rail companies are considering implementing refund policies for affected travelers,False,No evidence of refund policy considerations by rail companies.
e48cc811265585b7,B0,6,The refund policies aim to improve customer satisfaction,False,No mention of refund policies or customer satisfaction goals.
e48cc811265585b7,B0,7,The refund policies aim to improve accountability,False,No mention of refund policies or accountability goals.
e48cc811265585b7,B0,8,The situation reflects broader concerns about the transition to greener transportation options,False,No mention of green transportation transition concerns.
e48cc811265585b7,B0,9,The situation reflects concerns about the need for effective infrastructure to support greener transportation options,False,No mention of infrastructure for greener transportation.
e48cc811265585b7,B1,1,There are significant disruptions to train services in the UK.,True,"Multiple articles describe delays, cancellations, and disruptions on rail network."
e48cc811265585b7,B1,2,The disruptions are due to severe weather conditions.,True,Storm Henk and flooding/power failures cited as causes of disruption.
e48cc811265585b7,B1,3,The severe weather conditions include flooding.,True,Flooding explicitly mentioned as cause of disruption in evidence.
e48cc811265585b7,B1,4,The severe weather conditions include power failures.,True,Power failure between Paddington and Maidenhead mentioned as cause.
e48cc811265585b7,B1,5,Passengers have experienced delays.,True,Delays mentioned across multiple evidence items.
e48cc811265585b7,B1,6,Passengers have experienced cancellations.,True,Cancellations mentioned across multiple evidence items.
e48cc811265585b7,B1,7,National Rail advised that trains could be delayed by up to 60 minutes.,True,Evidence states trains could be delayed by up to 60 minutes.
e48cc811265585b7,B1,8,National Rail advised that trains could be cancelled by up to 60 minutes.,False,Cancellations not quantified by time; only delays capped at 60 minutes.
e48cc811265585b7,B1,9,Customers facing travel issues can use their tickets on London Underground at no extra cost.,True,Evidence states tickets usable on London Underground at no extra cost.
e48cc811265585b7,B1,10,Customers facing travel issues can use their tickets on bus services at no extra cost.,True,Evidence states tickets usable on London buses at no extra cost.
e48cc811265585b7,B1,11,This ticket usage on London Underground and buses is in response to the train service disruptions.,True,Statement follows directly from disruption context in article 1.
e48cc811265585b7,B1,12,There is no mention of refunds specifically related to delays on battery-powered trains.,False,Evidence never mentions battery-powered trains or related refunds.
e48cc811265585b7,M,1,Train services experienced disruptions.,True,Multiple mentions of disruption to journeys and strikes.
e48cc811265585b7,M,2,Train services experienced delays.,True,"Delays mentioned, e.g. up to 60 minutes and Central Line delays."
e48cc811265585b7,M,3,Train services experienced cancellations.,True,Cancellations mentioned in National Rail statement.
e48cc811265585b7,M,4,Network Rail confirmed that damage to overhead electric cables had been fixed.,True,Network Rail confirmed engineers fixed damaged overhead electric cables.
e48cc811265585b7,M,5,Network Rail warned that trains could still be delayed by up to 60 minutes.,False,"National Rail, not Network Rail, made this statement per evidence."
e48cc811265585b7,M,6,Passengers facing disruptions could use their tickets on London Underground services at no extra cost.,True,Text states tickets usable on London Underground at no extra cost.
e48cc811265585b7,M,7,Passengers facing disruptions could use their tickets on bus services at no extra cost.,True,Text states tickets usable on London bus services at no extra cost.
e48cc811265585b7,M,8,Minor delays were reported on the Central Line.,True,Minor delays on Central Line explicitly reported.
e48cc811265585b7,M,9,The minor delays on the Central Line were due to a shortage of trains.,True,Delays attributed to a shortage of trains.
e48cc811265585b7,M,10,There are ongoing discussions regarding pay disputes.,True,Further talks and positive discussions on pay mentioned.
e48cc811265585b7,M,11,The pay disputes could impact services.,True,Strikes over pay caused disruption to Tube services.
e48cc811265585b7,M,12,There is no specific mention of refunds related to delays on battery-powered trains.,False,Evidence never mentions battery-powered trains or refunds.
e48cc811265585b7,M_nocap,1,The coverage does not provide specific information about refunds for delays on battery-powered trains,False,Evidence never mentions battery-powered trains or their refunds.
e48cc811265585b7,M_nocap,2,The coverage discusses rail disruptions,True,Multiple articles describe rail disruptions like strikes and cable damage.
e48cc811265585b7,M_nocap,3,The coverage discusses issues with overhead electric cables,True,Article 1 discusses damaged overhead electric cables.
e48cc811265585b7,M_nocap,4,The coverage discusses potential delays on the Tube due to strikes,True,Articles discuss Tube strikes causing delays and disruption.
e48cc811265585b7,M_nocap,5,The coverage discusses costs associated with re-opening railway lines,True,Article 5 discusses £2bn cost to re-open railway lines.
e48cc811265585b7,M_nocap,6,The coverage does not mention refund policies related to delays on battery-powered trains,False,Evidence never mentions battery-powered trains or refund policies.
e48cc811265585b7,M_nocap,7,The coverage does not mention compensation related to delays on battery-powered trains,False,Evidence never mentions battery-powered trains or compensation.
eabeb712fc18a46b,B0,1,Storm Jocelyn has recently impacted the UK.,True,Evidence describes Storm Jocelyn approaching and affecting UK with gusts recorded.
eabeb712fc18a46b,B0,2,Storm Jocelyn brought heavy winds.,True,Gusts up to 71mph and 55-65mph mentioned for Jocelyn.
eabeb712fc18a46b,B0,3,Storm Jocelyn brought adverse weather conditions.,True,"Wind, rain warnings described as part of Jocelyn's impact."
eabeb712fc18a46b,B0,4,Storm Jocelyn has led to travel disruptions.,True,Article headline states travel disruption following Isha and Jocelyn.
eabeb712fc18a46b,B0,5,Flights have been affected by Storm Jocelyn.,True,Disruption affected thousands of air travellers across UK and Ireland.
eabeb712fc18a46b,B0,6,Train services have been affected by Storm Jocelyn.,False,No mention of train services being affected.
eabeb712fc18a46b,B0,7,Local authorities have issued warnings for potential flooding.,False,No flooding warnings mentioned specifically for Jocelyn.
eabeb712fc18a46b,B0,8,Local authorities have issued warnings for potential damage.,True,Met Office names storms with potential to cause disruption or damage.
eabeb712fc18a46b,B0,9,Residents in several regions are advised to stay indoors.,False,No advice for residents to stay indoors mentioned.
eabeb712fc18a46b,B0,10,Residents in several regions are advised to prepare for power outages.,False,No advice to prepare for power outages mentioned.
eabeb712fc18a46b,B0,11,Storm Jocelyn continues to move across the country.,False,"Evidence describes approach, not continued movement across country."
eabeb712fc18a46b,B0,12,Emergency services are on high alert.,False,No mention of emergency services being on high alert.
eabeb712fc18a46b,B0,13,Emergency services are ready to respond to any incidents caused by the severe weather.,False,No mention of emergency services readiness for incidents.
eabeb712fc18a46b,B1,1,Storm Jocelyn is approaching the UK,True,Evidence says Jocelyn approaches/develops as it comes from the Atlantic.
eabeb712fc18a46b,B1,2,Storm Jocelyn is bringing amber warnings for northern Scotland,True,Amber warnings for northern Scotland stated directly.
eabeb712fc18a46b,B1,3,Storm Jocelyn is bringing amber warnings for western Scotland,True,Amber warnings for western Scotland stated directly.
eabeb712fc18a46b,B1,4,Storm Jocelyn is expected to bring wind gusts of 55 to 65 mph,True,Gusts of 55-65mph stated for most exposed areas.
eabeb712fc18a46b,B1,5,Storm Jocelyn could bring wind gusts of up to 80 mph in exposed areas,True,Willetts quote says winds could gust up to 70 or 80mph.
eabeb712fc18a46b,B1,6,Storm Jocelyn follows Storm Isha,True,Jocelyn is described as following/approaching after Isha.
eabeb712fc18a46b,B1,7,Storm Isha caused significant disruption,True,"Isha caused deaths, power outages, travel disruption, described extensively."
eabeb712fc18a46b,B1,8,Storm Isha left thousands without power,True,Article title and text confirm thousands without power after Isha.
eabeb712fc18a46b,B1,9,Storm Jocelyn is not anticipated to be as severe as Storm Isha,True,Explicitly stated Jocelyn not expected to be as severe as Isha.
eabeb712fc18a46b,B1,10,Storm Jocelyn is expected to bring heavy rainfall,True,Yellow warnings for rain and more rainfall mentioned for Jocelyn.
eabeb712fc18a46b,B1,11,Storm Jocelyn is expected to bring further travel disruptions across the UK,False,"Travel disruption from air travel is attributed to Isha's aftermath, not clearly Jocelyn-specific UK-wide."
eabeb712fc18a46b,B1,12,Storm Jocelyn is expected to bring further travel disruptions across Ireland,False,No mention of Jocelyn causing travel disruption specifically in Ireland.
eabeb712fc18a46b,B1,13,Warnings for wind are in place,True,"Wind warnings (amber, yellow) are mentioned for Jocelyn."
eabeb712fc18a46b,B1,14,Warnings for rain are in place,True,Yellow warnings for rain are explicitly mentioned.
eabeb712fc18a46b,B1,15,The warnings particularly affect Northern Ireland,True,Yellow warning specifically for Northern Ireland is mentioned.
eabeb712fc18a46b,B1,16,The warnings particularly affect parts of Scotland,True,Amber and yellow warnings mentioned for parts of Scotland.
eabeb712fc18a46b,M,1,Storm Jocelyn is the 10th named storm of the season,True,Stated directly as 10th named storm since September.
eabeb712fc18a46b,M,2,Storm Jocelyn is expected to bring significant weather disruptions to the UK,True,"Evidence describes disruption from wind, rain, power outages, travel issues."
eabeb712fc18a46b,M,3,Storm Jocelyn is expected to bring significant weather disruptions particularly in northern and western Scotland,True,Amber warnings specifically for northern and western Scotland mentioned.
eabeb712fc18a46b,M,4,Amber warnings have been issued for Storm Jocelyn,True,Amber warnings for northern and western Scotland explicitly stated.
eabeb712fc18a46b,M,5,Gusts of wind from Storm Jocelyn could reach between 55 and 65 mph,True,Text states gusts expected between 55 and 65mph.
eabeb712fc18a46b,M,6,Some areas could experience gusts up to 80 mph from Storm Jocelyn,True,Willetts quote says winds could gust up to 70 or 80mph.
eabeb712fc18a46b,M,7,Storm Jocelyn follows Storm Isha,True,Multiple mentions of Jocelyn following Isha.
eabeb712fc18a46b,M,8,Storm Isha caused extensive damage,False,No mention of extensive damage; two deaths and power outages noted instead.
eabeb712fc18a46b,M,9,Storm Isha left thousands without power,True,Thousands without power due to Storm Isha is explicitly stated.
eabeb712fc18a46b,M,10,Storm Jocelyn is not anticipated to be as severe as Storm Isha,True,Explicitly stated Jocelyn not expected to be as severe as Isha.
eabeb712fc18a46b,M,11,Storm Jocelyn is expected to bring heavy rain,True,Willetts quote mentions rain and wet weather from Jocelyn.
eabeb712fc18a46b,M,12,Storm Jocelyn is expected to bring further travel disruptions across the region,True,Travel disruption mentioned continuing as Jocelyn approaches.
eabeb712fc18a46b,M_nocap,1,Storm Jocelyn is the 10th named storm of the season,True,Explicitly stated as 10th named storm since September.
eabeb712fc18a46b,M_nocap,2,Storm Jocelyn is expected to bring heavy winds to the UK,True,Text mentions strong/heavy winds expected from Jocelyn.
eabeb712fc18a46b,M_nocap,3,Storm Jocelyn is expected to bring heavy rain to the UK,True,Text states there will be yet more rainfall.
eabeb712fc18a46b,M_nocap,4,Storm Jocelyn is particularly expected to affect northern Scotland,True,Amber warnings for northern Scotland mentioned.
eabeb712fc18a46b,M_nocap,5,Storm Jocelyn is particularly expected to affect western Scotland,True,Amber warnings for western Scotland mentioned.
eabeb712fc18a46b,M_nocap,6,Amber warnings have been issued for Storm Jocelyn,True,Amber warnings across northern and western Scotland explicitly stated.
eabeb712fc18a46b,M_nocap,7,Gusts from Storm Jocelyn are anticipated to reach between 55 and 65 mph,True,Text states gusts expected between 55 and 65mph in exposed areas.
eabeb712fc18a46b,M_nocap,8,Gusts from Storm Jocelyn could potentially reach up to 80 mph in exposed areas,True,Presenter quote mentions winds gusting up to 70 or 80mph.
eabeb712fc18a46b,M_nocap,9,Storm Jocelyn follows Storm Isha,True,Multiple headlines confirm Jocelyn follows Isha.
eabeb712fc18a46b,M_nocap,10,Storm Isha caused significant disruption,False,"Evidence describes deaths, power loss, disruption but not labeled 'significant' explicitly for cause aggregation."
eabeb712fc18a46b,M_nocap,11,Storm Isha left thousands without power,True,Headline states thousands left without power after Storm Isha.
eabeb712fc18a46b,M_nocap,12,Storm Jocelyn is not expected to be as severe as Storm Isha,True,Explicitly stated Jocelyn not expected to be as severe as Isha.
eabeb712fc18a46b,M_nocap,13,Storm Jocelyn is likely to cause travel disruptions,True,Headline mentions travel disruption as Jocelyn follows Isha.
eabeb712fc18a46b,M_nocap,14,Storm Jocelyn is likely to cause further power outages,False,"Evidence doesn't state Jocelyn will cause further power outages, only disruption."
eb6d55bf545c1043,B0,1,Ed Davey is the leader of the Liberal Democrats.,True,Multiple evidence pieces state he is Liberal Democrat leader.
eb6d55bf545c1043,B0,2,Ed Davey accused the Post Office of misleading him regarding the handling of the Horizon IT scandal.,False,"Evidence shows Davey regretted not asking tough questions, not accusing Post Office of misleading him."
eb6d55bf545c1043,B0,3,The Horizon IT scandal wrongfully implicated sub-postmasters in financial discrepancies.,True,Evidence states faulty Horizon software made it look like money was missing.
eb6d55bf545c1043,B0,4,Ed Davey asserts that the Post Office provided inaccurate information during discussions about the compensation process for those affected.,False,No evidence Davey commented on inaccurate info in compensation process discussions.
eb6d55bf545c1043,B0,5,The Post Office's actions are subject to ongoing scrutiny.,True,"Evidence describes ongoing inquiry, investigations, and scrutiny of Post Office."
eb6d55bf545c1043,B0,6,The Horizon IT scandal has led to numerous wrongful convictions.,True,Evidence states hundreds were wrongly convicted due to Horizon scandal.
eb6d55bf545c1043,B0,7,The Horizon IT scandal has led to significant financial losses for sub-postmasters.,True,Evidence mentions bankruptcy and financial ruin of sub-postmasters.
eb6d55bf545c1043,B1,1,Ed Davey is the Liberal Democrat leader,True,Directly stated in multiple evidence items.
eb6d55bf545c1043,B1,2,Ed Davey is a former postal affairs minister,True,Stated as postal affairs minister during coalition government.
eb6d55bf545c1043,B1,3,Ed Davey has expressed regret over his handling of the Post Office scandal,True,He said he regretted not asking tougher questions.
eb6d55bf545c1043,B1,4,Ed Davey stated he wished he had asked tougher questions of Post Office managers during his tenure as postal affairs minister,True,Directly quoted: 'I wish I'd gone further' after tough questions comment.
eb6d55bf545c1043,B1,5,Ed Davey acknowledged that the Post Office had misled him,False,"It was the investigator Grant, not Davey, who said Post Office deceived him."
eb6d55bf545c1043,B1,6,Ed Davey acknowledged that the Post Office had misled many others,False,"That statement was made by Grant, not Davey."
eb6d55bf545c1043,B1,7,The Post Office scandal is a national scandal,True,Davey called it 'a national scandal' in evidence.
eb6d55bf545c1043,B1,8,The Post Office scandal involved the wrongful prosecution of sub-postmasters,True,Evidence confirms Post Office prosecuted hundreds of sub-postmasters.
eb6d55bf545c1043,B1,9,The wrongful prosecution of sub-postmasters was due to a faulty IT system,True,Evidence states faulty Horizon computer system caused wrongful appearance of missing money.
eb6d55bf545c1043,B1,10,Ed Davey has called for the revocation of a former Post Office chief executive's CBE,True,Davey joined calls for Vennells' CBE to be revoked.
eb6d55bf545c1043,B1,11,Ed Davey emphasized the need for accountability for those affected by the Post Office scandal,False,No evidence Davey specifically emphasized accountability.
eb6d55bf545c1043,B1,12,Ed Davey emphasized the need for justice for those affected by the Post Office scandal,False,No direct statement from Davey emphasizing justice.
eb6d55bf545c1043,B1,13,Ed Davey has praised the efforts of campaigners who have worked to expose the issues surrounding the Post Office's actions,True,He congratulated Alan Bates for his campaign.
eb6d55bf545c1043,M,1,The Post Office scandal involves ongoing fallout.,True,"Multiple articles discuss ongoing developments, compensation, appeals, and inquiry."
eb6d55bf545c1043,M,2,Numerous sub-postmasters were wrongfully convicted.,True,"Evidence states over 700 sub-postmasters were convicted, some wrongfully imprisoned."
eb6d55bf545c1043,M,3,The wrongful convictions of sub-postmasters were based on faulty data from the Horizon software.,True,Evidence explicitly says convictions were based on faulty Horizon software.
eb6d55bf545c1043,M,4,Ed Davey is a former postal affairs minister.,True,Evidence states Davey was a postal affairs minister during coalition government.
eb6d55bf545c1043,M,5,Ed Davey is under scrutiny regarding his past role during the coalition government.,True,Evidence says Davey faces intense scrutiny in an election year.
eb6d55bf545c1043,M,6,The Post Office has faced criticism for its handling of the situation.,True,Evidence describes accusations of obstruction and systemic disregard for truth.
eb6d55bf545c1043,M,7,There have been calls for accountability for the victims.,True,Evidence mentions establishing accountability as an inquiry aim.
eb6d55bf545c1043,M,8,There have been calls for compensation for the victims.,True,Evidence discusses compensation payments and calls for full fair compensation.
eb6d55bf545c1043,M,9,There is a public inquiry aimed at uncovering the truth behind the wrongful convictions.,True,Evidence references a public inquiry to get to the truth.
eb6d55bf545c1043,M,10,The Post Office has expressed its commitment to cooperating with the public inquiry.,True,Post Office spokesperson says it shares the aims of the public inquiry.
eb6d55bf545c1043,M_nocap,1,The Post Office scandal involved many sub-postmasters being wrongfully convicted.,True,Evidence states hundreds of sub-postmasters wrongfully convicted.
eb6d55bf545c1043,M_nocap,2,The wrongful convictions of sub-postmasters were based on faulty data from the Horizon computer system.,True,Evidence says convictions based on faulty Horizon software/data.
eb6d55bf545c1043,M_nocap,3,Ed Davey is a former postal affairs minister.,True,Evidence explicitly states Davey was postal affairs minister.
eb6d55bf545c1043,M_nocap,4,Ed Davey is facing scrutiny regarding his role in the Post Office scandal.,True,Evidence says he faces intense scrutiny in election year.
eb6d55bf545c1043,M_nocap,5,Past ministers are facing scrutiny regarding their roles in the Post Office scandal.,True,Evidence mentions former ministers responsible facing scrutiny questions.
eb6d55bf545c1043,M_nocap,6,The Post Office has acknowledged the need for accountability.,True,Post Office said it shares aim to establish accountability.
eb6d55bf545c1043,M_nocap,7,The Post Office is cooperating with a public inquiry.,True,Post Office says it shares aims of the inquiry.
eb6d55bf545c1043,M_nocap,8,The public inquiry aims to uncover the truth behind the wrongful prosecutions.,False,"Inquiry aims to find truth of what went wrong, not specifically prosecutions."
eb6d55bf545c1043,M_nocap,9,There are calls for a mass appeal to clear the names of those affected by the Post Office scandal.,True,Headline and text mention former minister calling for mass appeal.
eb6d55bf545c1043,M_nocap,10,Caution has been advised to ensure that genuine cases of wrongdoing are not overlooked.,True,Felstead cautioned against mass exoneration to avoid overlooking guilty person.
ebbf63f11046aceb,B0,1,Recent discussions around social services often highlight the experiences of siblings who have lost a family member due to systemic failures.,False,Evidence doesn't discuss recent discussions or trends about siblings and systemic failures.
ebbf63f11046aceb,B0,2,Siblings who have lost a family member due to systemic failures frequently express feelings of frustration.,False,No mention of frustration expressed by siblings across the evidence.
ebbf63f11046aceb,B0,3,Siblings who have lost a family member due to systemic failures frequently express feelings of grief.,True,"Multiple siblings (Tayla, James) express grief over lost family members."
ebbf63f11046aceb,B0,4,These siblings emphasize that inadequate support and resources can exacerbate their loss.,False,Siblings quoted don't specifically link inadequate support/resources to exacerbating their loss.
ebbf63f11046aceb,B0,5,These siblings advocate for improved social services that prioritize mental health.,False,No siblings advocate for improved mental health-focused social services in evidence.
ebbf63f11046aceb,B0,6,These siblings advocate for comprehensive support for families navigating grief and trauma.,False,No siblings advocate for comprehensive grief/trauma support in evidence.
ebbf63f11046aceb,B0,7,Their perspectives underscore the need for a more compassionate and responsive system.,False,Evidence doesn't present siblings' perspectives calling for a compassionate system.
ebbf63f11046aceb,B0,8,Their perspectives underscore the need for a system that recognizes the complexities of familial relationships and the impact of loss.,False,No such broader claim about familial complexity is made by siblings in evidence.
ebbf63f11046aceb,B1,1,A mother expressed emotional turmoil about placing her autistic son in assisted accommodation.,True,"Mother said it was like throwing out sick child, felt no choice."
ebbf63f11046aceb,B1,2,The mother placed her autistic son in assisted accommodation due to a lack of support.,True,"Mother said they couldn't get support needed, no choice but to place him."
ebbf63f11046aceb,B1,3,The mother indicated a sense of loss and helplessness.,True,"Quotes show sense of loss and having no choice, implying helplessness."
ebbf63f11046aceb,B1,4,Tayla Pitman is a sibling.,True,Described as Harry's older sister.
ebbf63f11046aceb,B1,5,Tayla Pitman shared her devastation over the death of her younger brother.,True,"She said she was devastated, he was her baby brother."
ebbf63f11046aceb,B1,6,Tayla Pitman expressed an ongoing sense of expectation for her brother's return.,True,She said she keeps expecting him to come through the front door.
ebbf63f11046aceb,B1,7,Tayla Pitman described the emotional weight of her brother's absence.,True,"She mentioned dinner still in oven, mum can't remove it."
ebbf63f11046aceb,B1,8,A brother mourned the loss of his sister.,True,James mourned losing his older sister Grace.
ebbf63f11046aceb,B1,9,The brother described his sister as not only a sibling but also his best friend.,True,"He said she was his best friend, not just sister."
ebbf63f11046aceb,B1,10,The brother emphasized the profound personal impact of his sister's death.,True,"He said he's been lost without her, emphasizing personal impact."
ebbf63f11046aceb,M,1,A mother felt compelled to place her autistic son in assisted accommodation.,True,Mother says felt no choice but to place son in assisted accommodation.
ebbf63f11046aceb,M,2,The mother placed her son in assisted accommodation due to a lack of support.,True,"She said they couldn't get needed support, leading to that choice."
ebbf63f11046aceb,M,3,The son died.,True,Image and headline state the son died.
ebbf63f11046aceb,M,4,The mother and her husband had to investigate the son's death themselves.,True,Headline says 'we had to investigate our autistic son's death'.
ebbf63f11046aceb,M,5,A brother had a sibling who died in homeless accommodation.,True,Daniel's brother Gary died in homeless accommodation last July.
ebbf63f11046aceb,M,6,The brother expressed concerns about the dangers associated with homeless accommodation environments.,True,Daniel mentioned drugs and drug dealing in those types of places.
ebbf63f11046aceb,M_nocap,1,A family struggled to find appropriate assistance for their autistic son.,True,Family says Will received little support despite battling anxiety and depression.
ebbf63f11046aceb,M_nocap,2,The family's autistic son died.,True,Article headline and content confirm autistic son Will died.
ebbf63f11046aceb,M_nocap,3,The family felt their son's death was a result of being unable to secure necessary help.,True,Mother says they couldn't get support needed and situation grew dangerous daily.
ebbf63f11046aceb,M_nocap,4,A sibling gave a perspective on homelessness.,True,Daniel gave his perspective on homelessness in the BBC article.
ebbf63f11046aceb,M_nocap,5,A sibling lost a brother in a homeless accommodation.,True,Daniel's brother Gary died in homeless accommodation last July.
ebbf63f11046aceb,M_nocap,6,Losing the brother in a homeless accommodation had an emotional toll on the sibling.,False,"Evidence doesn't explicitly describe emotional toll, only reluctance to go there."
ebbf63f11046aceb,M_nocap,7,There is a stigma associated with living in homeless accommodation.,True,Daniel cites drugs and drug dealing as reasons he avoids such places.
ee751b99c65afbd2,B0,1,A girl died,True,Katie Allan found dead in her cell; a girl died.
ee751b99c65afbd2,B0,2,The girl's death was tragic,False,Evidence doesn't describe the death as tragic explicitly for this case.
ee751b99c65afbd2,B0,3,The girl was reportedly bullied by schoolboys,False,"Evidence says other inmates, not schoolboys, taunted her."
ee751b99c65afbd2,B0,4,The girl's death sparked widespread outrage,False,No mention of widespread outrage in evidence.
ee751b99c65afbd2,B0,5,The girl's death sparked discussions about the impact of bullying in schools,False,"No mention of discussions about bullying in schools; this was a prison, not school."
ee751b99c65afbd2,B0,6,Reports indicate that the girl faced relentless mockery,False,"Evidence mentions taunts in prison, not schoolboy mockery."
ee751b99c65afbd2,B0,7,Reports indicate that the girl faced harassment,True,"Evidence describes berating, shouting, threats and taunts as harassment."
ee751b99c65afbd2,B0,8,The mockery and harassment may have contributed to the girl's distress,True,Evidence says she was traumatised and distressed before her death from abuse.
ee751b99c65afbd2,B0,9,The incident has reignited calls for stronger anti-bullying measures in educational institutions,False,No mention of anti-bullying measures in educational institutions.
ee751b99c65afbd2,B0,10,The incident has reignited calls for stronger mental health support in educational institutions,False,No mention of mental health support calls in educational institutions.
ee751b99c65afbd2,B0,11,Communities are grappling with the devastating consequences of the bullying behavior,False,No mention of communities grappling with bullying consequences.
ee751b99c65afbd2,B0,12,The case has prompted conversations about the responsibilities of schools in creating a safe environment for all students,False,No mention of schools' responsibilities; this occurred in a prison.
ee751b99c65afbd2,B0,13,The case has prompted conversations about the responsibilities of peers in creating a safe environment for all students,False,No mention of peers' responsibilities for safe environment.
ee751b99c65afbd2,B1,1,The evidence does not provide relevant information regarding schoolboys mocking a girl before her death.,True,Evidence has no mention of schoolboys mocking a girl before her death.
ee751b99c65afbd2,B1,2,The evidence covers a musician's experiences with racism.,True,Evidence 1 covers cellist Kanneh-Mason's experiences with racism.
ee751b99c65afbd2,B1,3,The evidence covers an obituary of a DJ.,True,Evidence 2 is an obituary of DJ Annie Nightingale.
ee751b99c65afbd2,B1,4,The evidence covers a police investigation into bodies found.,True,Evidence 3 covers police investigation after four bodies found.
ee751b99c65afbd2,B1,5,The evidence covers a virtual sexual assault on a girl's avatar.,True,Evidence 4 covers virtual sexual assault on girl's avatar.
ee751b99c65afbd2,B1,6,The evidence covers an actress discussing past insults from a drama teacher.,True,Evidence 5 covers Hannah Waddingham discussing drama teacher's insult.
ee751b99c65afbd2,B1,7,There is insufficient evidence to summarize the query topic.,False,"Evidence actually provides several clear topics, contradicting insufficiency claim."
ee751b99c65afbd2,M,1,Two young girls died.,True,Two young girls found dead in the house.
ee751b99c65afbd2,M,2,Family members of the two young girls died.,True,36-year-old woman and 45-year-old man died alongside the girls.
ee751b99c65afbd2,M,3,The community reacted with shock to the deaths.,True,"Neighbours described being 'shaken' and disbelieving, showing shock."
ee751b99c65afbd2,M,4,The community reacted with grief to the deaths.,False,Evidence shows shock/sadness feelings but no explicit community-wide grief reaction described.
ee751b99c65afbd2,M,5,Local residents expressed disbelief over the incident.,True,"Emma Isaac said she 'can't believe it,' expressing disbelief."
ee751b99c65afbd2,M,6,Local residents expressed sadness over the incident.,True,Jocelyn Atienza said she was left 'shaken' by 'sad and tragic' news.
ee751b99c65afbd2,M,7,The neighborhood is quiet.,True,Emma Isaac called it 'a very quiet estate.'
ee751b99c65afbd2,M,8,Katie Allan was a young woman.,True,"Katie Allan, 21, described as a woman."
ee751b99c65afbd2,M,9,Katie Allan experienced severe bullying from other inmates.,True,"Mother said she was berated, shouted at, and taunted by inmates."
ee751b99c65afbd2,M,10,Katie Allan experienced threats from other inmates.,True,"Mother said there had been threats, including a threat to hang herself."
ee751b99c65afbd2,M,11,Katie Allan died in a young offenders institute.,True,She was found dead in her cell at Polmont YOI.
ee751b99c65afbd2,M,12,The bullying and threats occurred before Katie Allan's death.,True,Evidence states she was 'berated and threatened' before her death.
ee751b99c65afbd2,M,13,Harassment can have devastating effects.,False,Evidence does not make this general claim about harassment's effects.
ee751b99c65afbd2,M_nocap,1,Two young girls were found dead in a house.,True,Two girls' bodies found in the house per evidence.
ee751b99c65afbd2,M_nocap,2,A woman was found dead in a house.,True,A 36-year-old woman found dead in the house.
ee751b99c65afbd2,M_nocap,3,A man was found dead in a house.,True,"A 45-year-old man found dead, named locally."
ee751b99c65afbd2,M_nocap,4,Residents of the community expressed shock over the deaths.,False,"Residents said it was horrible/sad/tragic, not explicitly 'shock'."
ee751b99c65afbd2,M_nocap,5,Residents of the community expressed sadness over the deaths.,True,Neighbor said news left her 'shaken' and called it sad and tragic.
ee751b99c65afbd2,M_nocap,6,Residents expressed disbelief over the incident.,True,Emma Isaac said 'I just can't believe it'.
ee751b99c65afbd2,M_nocap,7,The incident occurred in a quiet estate.,True,Described as 'a very quiet estate'.
ee751b99c65afbd2,M_nocap,8,A young woman took her own life.,True,Katie Allan died by suicide per evidence.
ee751b99c65afbd2,M_nocap,9,The young woman had been subjected to bullying from other inmates in a young offenders institution.,False,"Evidence mentions berating, shouting, threats, taunts—not explicitly 'bullying'."
ee751b99c65afbd2,M_nocap,10,The young woman had been subjected to threats from other inmates in a young offenders institution.,True,Mother said there had been 'threats' from others.
ee751b99c65afbd2,M_nocap,11,The bullying and threats had a severe impact on the young woman's mental health.,False,"Evidence says traumatised, not specifically 'mental health' impact stated."
ef09bed7263a6f1c,B0,1,The Post Office scandal occurred in the UK.,True,"References BBC News, UK government, Sunak, HMRC — clearly UK-based scandal."
ef09bed7263a6f1c,B0,2,The Post Office scandal involved the wrongful prosecution of hundreds of sub-postmasters.,True,Evidence states more than 700/900 sub-postmasters wrongfully prosecuted.
ef09bed7263a6f1c,B0,3,The wrongful prosecutions were due to faults in the Horizon IT system.,True,Evidence attributes prosecutions to faulty Horizon computer software.
ef09bed7263a6f1c,B0,4,The faults in the Horizon IT system led to convictions for theft.,True,Evidence states convictions for theft based on Horizon information.
ef09bed7263a6f1c,B0,5,The faults in the Horizon IT system led to convictions for fraud.,True,Evidence states convictions for false accounting and fraud from faulty software.
ef09bed7263a6f1c,B0,6,"In recent years, there has been a growing call for justice for those affected by the Post Office scandal.",True,"Multiple articles show calls for accountability, speed, and justice over time."
ef09bed7263a6f1c,B0,7,Many affected sub-postmasters are seeking compensation.,True,Evidence describes victims seeking compensation and settlements.
ef09bed7263a6f1c,B0,8,Many affected sub-postmasters are seeking a formal inquiry into the failures of the Post Office.,False,"Evidence mentions a public inquiry exists, not that postmasters are demanding one."
ef09bed7263a6f1c,B0,9,Many affected sub-postmasters are seeking a formal inquiry into the failures of the government.,False,No evidence of sub-postmasters specifically demanding inquiry into government failures.
ef09bed7263a6f1c,B0,10,Some former sub-postmasters have received financial settlements.,True,Evidence states 27 people agreed full and final settlements.
ef09bed7263a6f1c,B0,11,The process of providing financial settlements has been criticized for being slow.,True,Evidence notes calls to speed up compensation and exoneration process.
ef09bed7263a6f1c,B0,12,The process of providing financial settlements has been criticized for being inadequate.,True,"Compensation pot cut, underestimation of costs implies inadequacy concerns."
ef09bed7263a6f1c,B0,13,The Post Office scandal has raised significant questions about accountability.,True,Evidence repeatedly emphasizes need for accountability and cover-up concerns.
ef09bed7263a6f1c,B0,14,The Post Office scandal has raised questions about the need for reforms in how such cases are handled in the future.,False,Evidence does not explicitly discuss future reforms to handling of such cases.
ef09bed7263a6f1c,B1,1,The Post Office scandal is a significant miscarriage of justice,True,Described as 'appalling miscarriage of justice' and biggest in UK history.
ef09bed7263a6f1c,B1,2,The Post Office scandal affected over 900 sub-postmasters,True,Evidence states more than 900 people who ran post offices were prosecuted.
ef09bed7263a6f1c,B1,3,The sub-postmasters were wrongfully prosecuted,True,Evidence describes wrongful convictions and miscarriage of justice.
ef09bed7263a6f1c,B1,4,The wrongful prosecutions were due to faulty software,True,Evidence states prosecutions were based on faulty computer software.
ef09bed7263a6f1c,B1,5,The government is considering measures to expedite the exoneration of those affected by the Post Office scandal,True,Government considering measures to speed up exoneration is mentioned.
ef09bed7263a6f1c,B1,6,The government is considering measures to expedite the compensation of those affected by the Post Office scandal,True,Evidence mentions need to speed up access to compensation.
ef09bed7263a6f1c,B1,7,There are discussions about potentially stripping the Post Office of its prosecutorial role,True,Sunak asked if Post Office could be stripped of prosecutorial role.
ef09bed7263a6f1c,B1,8,Victims express a strong desire for accountability regarding their wrongful convictions,True,Scott says perpetrators need to be brought to account for justice.
ef09bed7263a6f1c,B1,9,Victims express a strong desire for public acknowledgment of their wrongful convictions,True,Mohammed wants poster declaring innocence and apology in branches.
ef09bed7263a6f1c,B1,10,Some caution against a blanket exoneration process,True,Felstead cautioned against mass exoneration of convictions.
ef09bed7263a6f1c,B1,11,Those cautioning against a blanket exoneration process want to ensure genuine cases of wrongdoing are not overlooked,True,She worried about turning over conviction of someone who committed a crime.
ef09bed7263a6f1c,B1,12,The Post Office has acknowledged past wrongs,True,Post Office spokesperson said they are deeply sorry for past wrongs.
ef09bed7263a6f1c,B1,13,The Post Office is working with authorities to support the overturning of wrongful convictions,True,Post Office assisting SCCRC and Crown Office to overturn convictions.
ef09bed7263a6f1c,M,1,"The Post Office scandal was described as an ""appalling miscarriage of justice.""",True,Sunak directly called it 'an appalling miscarriage of justice.'
ef09bed7263a6f1c,M,2,The Post Office scandal involved the wrongful prosecution of over 700 sub-postmasters.,True,Evidence states 700 sub-postmasters were prosecuted based on Horizon.
ef09bed7263a6f1c,M,3,The wrongful prosecutions were based on faulty software.,True,Convictions based on 'faulty software' explicitly stated.
ef09bed7263a6f1c,M,4,The wrongful prosecutions led to convictions for false accounting.,True,False accounting convictions explicitly mentioned.
ef09bed7263a6f1c,M,5,The wrongful prosecutions led to convictions for theft.,True,Theft convictions explicitly mentioned.
ef09bed7263a6f1c,M,6,The government is considering measures to exonerate those convicted in the Post Office scandal.,True,Government considering measures to clear names is stated directly.
ef09bed7263a6f1c,M,7,Legal complexities exist regarding exonerating those convicted in the Post Office scandal.,True,Sunak mentions 'legal complexity' in exoneration options.
ef09bed7263a6f1c,M,8,There are calls for a mass appeal against the convictions in the Post Office scandal.,True,"Former minister calls for mass appeal, per headline and image."
ef09bed7263a6f1c,M,9,Some caution against blanket exoneration in the Post Office scandal.,True,Ms Felstead cautions against mass exoneration explicitly.
ef09bed7263a6f1c,M,10,The caution against blanket exoneration is to avoid releasing individuals who may have committed actual crimes.,True,She explains concern about turning over conviction of an actual criminal.
ef09bed7263a6f1c,M,11,The Post Office has faced criticism for its handling of compensation.,True,"Compensation pot cut, delays, and settlements criticized in evidence."
ef09bed7263a6f1c,M,12,The Post Office has faced allegations of suppressing evidence related to the faulty software.,True,Documents reveal suppression of evidence of computer bugs.
ef09bed7263a6f1c,M,13,The Post Office scandal has financial implications that could affect the Post Office's operations.,True,"Tax bill could render Post Office technically insolvent, per evidence."
ef09bed7263a6f1c,M_nocap,1,The Post Office scandal is a significant miscarriage of justice.,True,Called 'appalling miscarriage of justice' and 'one of Britain's most widespread miscarriages of justice'.
ef09bed7263a6f1c,M_nocap,2,Over 700 sub-postmasters were wrongfully convicted.,True,Evidence states over 700 branch managers/sub-postmasters were convicted.
ef09bed7263a6f1c,M_nocap,3,The wrongful convictions were based on faulty software.,True,Convictions based on faulty software (Horizon) explicitly stated.
ef09bed7263a6f1c,M_nocap,4,The government is considering measures to exonerate those convicted in the Post Office scandal.,True,Government considering measures to clear names of convicted sub-postmasters.
ef09bed7263a6f1c,M_nocap,5,Legal complexities exist regarding the process of exonerating those convicted.,True,Sunak mentions 'legal complexity' in exoneration process.
ef09bed7263a6f1c,M_nocap,6,There are calls for mass appeals against the convictions.,True,Headline mentions call for mass appeal against convictions.
ef09bed7263a6f1c,M_nocap,7,Some caution against blanket exoneration.,True,Felstead cautions against mass exoneration.
ef09bed7263a6f1c,M_nocap,8,The caution against blanket exoneration is to avoid potentially releasing individuals who may have committed actual crimes.,True,Felstead's quote explicitly cites concern about overturning a guilty person's conviction.
ef09bed7263a6f1c,M_nocap,9,The Post Office faces financial challenges related to compensating victims.,True,Post Office paying compensation and facing possible insolvency issues mentioned.
ef09bed7263a6f1c,M_nocap,10,There are concerns about the Post Office's financial stability.,True,Repaying alleged shortfall could render Post Office technically insolvent.
ef09bed7263a6f1c,M_nocap,11,There is a potential £100 million tax bill facing the Post Office.,True,Headline and article state Post Office may face £100m tax bill.
f33c78fa581e6f6b,B0,1,There was a recent inquiry into the wrongful convictions of sub-postmasters in the UK.,True,"Inquiry into wrongful convictions ongoing since 2021, mentioned throughout."
f33c78fa581e6f6b,B0,2,A Fujitsu manager acknowledged Fujitsu's role in a faulty IT system.,True,Fujitsu's Patterson said company 'let society down' and postmasters down.
f33c78fa581e6f6b,B0,3,The faulty IT system contributed to the wrongful convictions scandal.,True,Faulty Horizon software led to wrongful prosecutions per multiple excerpts.
f33c78fa581e6f6b,B0,4,The manager expressed regret over the impact of the IT system's errors on the lives of the affected individuals.,True,Fujitsu apologised for impact on postmasters' lives and families.
f33c78fa581e6f6b,B0,5,The manager emphasized the need for accountability.,False,No manager quote specifically emphasizing accountability is given.
f33c78fa581e6f6b,B0,6,The manager emphasized the need for transparency.,False,No mention of manager emphasizing transparency.
f33c78fa581e6f6b,B0,7,The inquiry highlighted significant failures in the Post Office's operations.,False,"Evidence discusses Fujitsu's role/failures, not Post Office operational failures broadly stated by inquiry."
f33c78fa581e6f6b,B0,8,The wrongful convictions scandal had devastating consequences for those wrongfully accused of theft.,True,Victims wrongly accused of theft per evidence.
f33c78fa581e6f6b,B0,9,The wrongful convictions scandal had devastating consequences for those wrongfully accused of fraud.,True,Victims wrongly accused of fraud per evidence.
f33c78fa581e6f6b,B0,10,The comments reflect a growing recognition of the need for reform for the victims of this issue.,False,No mention of reform specifically; only compensation and accountability calls.
f33c78fa581e6f6b,B0,11,The comments reflect a growing recognition of the need for justice for the victims of this issue.,True,Growing chorus calling for action/justice for victims is described.
f33c78fa581e6f6b,B0,12,The issue is long-standing.,True,"Scandal spans events stretching back two decades, per evidence."
f33c78fa581e6f6b,B1,1,There is an ongoing inquiry into the Post Office Horizon scandal.,True,Evidence states inquiry into Horizon scandal is ongoing.
f33c78fa581e6f6b,B1,2,Hundreds of sub-postmasters were wrongfully convicted.,True,Hundreds of sub-postmasters were prosecuted/wrongly convicted per evidence.
f33c78fa581e6f6b,B1,3,The wrongful convictions were due to faulty software.,True,Evidence attributes convictions to faulty Horizon software.
f33c78fa581e6f6b,B1,4,The faulty software was provided by Fujitsu.,True,Software described as Fujitsu-supplied Horizon system.
f33c78fa581e6f6b,B1,5,Fujitsu has acknowledged a moral obligation to compensate the victims.,True,Fujitsu explicitly stated 'moral obligation' to compensate.
f33c78fa581e6f6b,B1,6,Fujitsu has apologized for its role in the sub-postmasters' suffering.,True,"Fujitsu apologised for its role in postmasters' suffering, per evidence."
f33c78fa581e6f6b,B1,7,The inquiry has revealed concerns from Fujitsu staff about the use of manipulated data in investigations.,True,Fujitsu staff expressed concern over manipulated audit data use.
f33c78fa581e6f6b,B1,8,There are increasing calls for accountability from Fujitsu.,True,Evidence notes no one held to account and growing chorus for action.
f33c78fa581e6f6b,B1,9,There are increasing calls for compensation from Fujitsu.,True,Evidence describes growing calls for Fujitsu to pay compensation.
f33c78fa581e6f6b,B1,10,The government is considering the implications for future contracts with Fujitsu.,True,Government indicated inquiry outcome could affect future contracts.
f33c78fa581e6f6b,B1,11,The inquiry has been ongoing since 2021.,True,Multiple evidence pieces confirm inquiry began in 2021.
f33c78fa581e6f6b,B1,12,The scandal has had a devastating impact on the lives of the affected sub-postmasters.,True,Evidence states devastating impact on postmasters' lives.
f33c78fa581e6f6b,B1,13,The scandal has had a devastating impact on the lives of the affected sub-postmasters' families.,True,Evidence states devastating impact extended to their families too.
f33c78fa581e6f6b,M,1,Fujitsu's European arm has acknowledged its failure to support sub-postmasters affected by the Horizon scandal,True,Patterson said company 'clearly let... the sub-postmasters down'.
f33c78fa581e6f6b,M,2,Fujitsu's European arm stated it has a moral obligation to assist in compensating victims of the Horizon scandal,True,Article states company said it has moral obligation to compensate victims.
f33c78fa581e6f6b,M,3,"An inquiry has revealed that between 1999 and 2015, many sub-postmasters were wrongfully prosecuted",False,"Evidence states this generally, not attributed to an inquiry revealing it."
f33c78fa581e6f6b,M,4,The wrongful prosecutions of sub-postmasters were based on faulty data from the Horizon system,True,Prosecutions based on faulty Horizon software evidence explicitly stated.
f33c78fa581e6f6b,M,5,The wrongful prosecutions led to accusations of theft against sub-postmasters,True,Victims accused of theft per evidence.
f33c78fa581e6f6b,M,6,The wrongful prosecutions led to accusations of fraud against sub-postmasters,True,Victims accused of fraud per evidence.
f33c78fa581e6f6b,M,7,Fujitsu has expressed its commitment to cooperating with the inquiry,True,UK subsidiary stated fully committed to supporting the process.
f33c78fa581e6f6b,M,8,Fujitsu's Japanese headquarters has refrained from further comments during the ongoing investigation,True,Fujitsu Japan said it will refrain from further comment.
f33c78fa581e6f6b,M,9,The Post Office has indicated that it is making changes to improve its relationship with sub-postmasters,True,Post Office spokesperson said significant changes made in working with postmasters.
f33c78fa581e6f6b,M,10,The Post Office's indicated changes follow a court ruling in favor of the victims,True,Text links changes to sub-postmasters winning court case in 2019.
f33c78fa581e6f6b,M_nocap,1,Fujitsu's European arm acknowledged its failure to support sub-postmasters affected by the Horizon scandal.,True,"Patterson said Fujitsu 'clearly let society down, and the sub-postmasters down'"
f33c78fa581e6f6b,M_nocap,2,Fujitsu's European arm stated it has a 'moral obligation' to help compensate victims of the Horizon scandal.,False,"Company overall, not specifically European arm, said moral obligation"
f33c78fa581e6f6b,M_nocap,3,An inquiry into the Horizon scandal has taken place.,True,Evidence references a statutory Inquiry and testimony given to it
f33c78fa581e6f6b,M_nocap,4,The inquiry revealed that many sub-postmasters were wrongfully prosecuted between 1999 and 2015.,False,"Prosecutions attributed to Post Office/evidence, not stated as inquiry findings"
f33c78fa581e6f6b,M_nocap,5,The wrongful prosecutions were based on faulty evidence from the Horizon system.,True,"Prosecutions based on faulty Horizon software evidence, stated directly"
f33c78fa581e6f6b,M_nocap,6,The wrongful prosecutions led to accusations of theft against sub-postmasters.,True,"Victims accused of theft, per evidence"
f33c78fa581e6f6b,M_nocap,7,The wrongful prosecutions led to accusations of fraud against sub-postmasters.,True,"Victims accused of fraud, per evidence"
f33c78fa581e6f6b,M_nocap,8,Fujitsu expressed its commitment to cooperating with the inquiry.,True,UK subsidiary said fully committed to supporting the process
f33c78fa581e6f6b,M_nocap,9,Fujitsu has refrained from further comments due to the ongoing investigation.,True,Fujitsu said it will refrain from further comment for now
f33c78fa581e6f6b,M_nocap,10,The Post Office has indicated that it is making changes in its operations.,True,Post Office spokesperson said significant changes made in working with postmasters
f33c78fa581e6f6b,M_nocap,11,The Post Office's operational changes follow a court ruling in favor of the sub-postmasters.,True,Changes follow the 2019 court case win by sub-postmasters
f45528dc9196244f,B0,1,Dominic Cummings alleged that Rishi Sunak sought to engage in secretive work on election strategies,False,Dominic Cummings is not mentioned in the evidence at all.
f45528dc9196244f,B0,2,Rishi Sunak is the UK Prime Minister,True,Evidence repeatedly refers to Sunak as prime minister.
f45528dc9196244f,B0,3,Dominic Cummings is a former chief adviser to Boris Johnson,False,Dominic Cummings is not mentioned in the evidence at all.
f45528dc9196244f,B0,4,Dominic Cummings suggested that Rishi Sunak's move indicates a lack of confidence in the Conservative Party's current standing ahead of upcoming elections,False,Dominic Cummings is not mentioned in the evidence at all.
f45528dc9196244f,B0,5,The claims have sparked discussions about the ethical implications of covert planning,False,Evidence does not mention ethical implications of covert planning or such discussions.
f45528dc9196244f,B0,6,The claims have sparked discussions about the potential impact on public trust in political leadership,False,Evidence does not mention discussions about public trust in political leadership.
f45528dc9196244f,B1,1,Rishi Sunak faces a general election.,True,Evidence discusses Sunak suggesting general election timing.
f45528dc9196244f,B1,2,There is speculation about the timing of the general election.,True,Evidence explicitly mentions speculation about election timing.
f45528dc9196244f,B1,3,Rishi Sunak faces challenges within his party.,True,Evidence describes Tory divisions and rebellion against Sunak.
f45528dc9196244f,B1,4,There is potential dissent among Conservative MPs.,True,Evidence shows MPs rebelling and submitting no-confidence letters.
f45528dc9196244f,B1,5,Some Conservative MPs have expressed a lack of confidence in Sunak's leadership.,True,Evidence mentions letters submitted calling for a confidence vote.
f45528dc9196244f,B1,6,The lack of confidence among some Conservative MPs could lead to a no-confidence vote against Sunak.,True,Evidence states enough letters would trigger a no-confidence vote.
f45528dc9196244f,B1,7,Opposition parties are positioning themselves in anticipation of the general election.,True,"Opposition parties commented on timing, urging earlier election, per evidence."
f45528dc9196244f,B1,8,Labour has suggested that Sunak may be avoiding a spring election.,False,"Labour called spring vote 'worst kept secret', not that Sunak avoids it."
f45528dc9196244f,B1,9,Some suggest Sunak may be avoiding a spring vote due to fears of losing.,False,Evidence gives no fear-of-losing reason for avoiding spring vote.
f45528dc9196244f,B1,10,Sunak is navigating internal party divisions.,True,Evidence details Sunak dealing with Rwanda bill party divisions.
f45528dc9196244f,B1,11,Sunak is navigating external pressures ahead of the election.,True,Evidence mentions election timing pressures and opposition criticism.
f45528dc9196244f,M,1,Rishi Sunak is the leader of the Conservative Party.,True,Referred to as PM and leader facing party votes on his leadership.
f45528dc9196244f,M,2,Rishi Sunak's leadership faces internal challenges within the Conservative Party.,True,Multiple evidence pieces describe internal party challenges to Sunak.
f45528dc9196244f,M,3,The Rwanda bill is a source of internal challenges to Rishi Sunak's leadership.,True,Rwanda bill debate exposed divisions and rebellion against Sunak.
f45528dc9196244f,M,4,There have been calls for a vote of confidence in Rishi Sunak.,True,Evidence mentions MPs submitting letters for a vote of confidence.
f45528dc9196244f,M,5,Some Tory MPs are considering submitting letters to trigger a no-confidence vote against Rishi Sunak.,True,Text states a handful of Tory MPs submitted letters for a confidence vote.
f45528dc9196244f,M,6,There are deep divisions within the Conservative Party.,True,Directly stated: debate exposed deep divisions within the Conservative Party.
f45528dc9196244f,M,7,Sir Simon Clarke is a former minister.,True,Referred to as 'former levelling up secretary' and 'former minister'.
f45528dc9196244f,M,8,Sir Simon Clarke has publicly criticized Rishi Sunak.,True,Clarke's op-ed and comments criticized Sunak's leadership.
f45528dc9196244f,M,9,Sir Simon Clarke has suggested that the Conservative Party may need to consider a leadership change.,True,"Clarke said Sunak should be replaced, implying leadership change."
f45528dc9196244f,M,10,There is increasing scrutiny of Conservative MPs.,True,Evidence says scrutiny of Conservatives has been incessant.
f45528dc9196244f,M,11,There is potential rebellion among Conservative MPs.,True,Article describes 'a week of open rebellion' among Conservative MPs.
f45528dc9196244f,M,12,Conservative MPs are preparing for upcoming elections.,False,"Evidence discusses election speculation generally, not MPs' preparations specifically."
f45528dc9196244f,M_nocap,1,Rishi Sunak faces internal challenges to his leadership within the Conservative Party.,True,Letters submitted for confidence vote and calls to replace him show internal challenges.
f45528dc9196244f,M_nocap,2,There are potential divisions within the Conservative Party regarding Rishi Sunak's leadership.,True,Evidence explicitly describes deep divisions within the party over the bill and leadership.
f45528dc9196244f,M_nocap,3,There are calls for a vote of confidence against Rishi Sunak.,True,Evidence states a handful of MPs submitted letters calling for a confidence vote.
f45528dc9196244f,M_nocap,4,Some Conservative MPs believe that a sufficient number of colleagues may register a loss of confidence in Rishi Sunak.,True,Evidence states many Tory MPs think enough colleagues could register loss of confidence.
f45528dc9196244f,M_nocap,5,A sufficient number of colleagues registering a loss of confidence could lead to a vote of confidence against Rishi Sunak.,True,Evidence says this could lead to Sunak facing a vote of confidence.
f45528dc9196244f,M_nocap,6,It is uncertain whether a vote of confidence against Rishi Sunak will happen.,True,Evidence says it may well not happen but could.
f45528dc9196244f,M_nocap,7,Some party members have publicly criticized Rishi Sunak.,True,Simon Clarke publicly criticized Sunak in his Telegraph op-ed.
f45528dc9196244f,M_nocap,8,Some party members have called for Rishi Sunak to step down.,True,Simon Clarke called for Sunak to be replaced as PM.
f45528dc9196244f,M_nocap,9,Opposition leaders have made accusations regarding Rishi Sunak's effectiveness.,True,Starmer accused Sunak of being an obstacle to recovery and being bullied.
f45528dc9196244f,M_nocap,10,Opposition leaders have made accusations regarding Rishi Sunak's understanding of the public's needs.,True,Starmer claimed Sunak 'doesn't understand' Britain.
f45528dc9196244f,M_nocap,11,Rishi Sunak's leadership faces significant scrutiny.,True,Evidence states scrutiny of Sunak has been incessant.
f45528dc9196244f,M_nocap,12,Rishi Sunak's leadership faces potential instability.,True,Confidence vote talk and rebellion indicate potential instability.
f712b1df8694a1d9,B0,1,Fujitsu played a central role in the Post Office scandal,True,Evidence shows Fujitsu developed Horizon and gave evidence used in prosecutions.
f712b1df8694a1d9,B0,2,The Post Office scandal involved the wrongful prosecution of numerous sub-postmasters in the UK,True,Evidence describes hundreds of sub-postmasters wrongly convicted/prosecuted.
f712b1df8694a1d9,B0,3,The wrongful prosecutions were due to faults in the Horizon IT system,True,Evidence attributes wrongful convictions to faulty Horizon software.
f712b1df8694a1d9,B0,4,The Horizon IT system was developed by Fujitsu,True,Evidence explicitly states Horizon was developed by Fujitsu.
f712b1df8694a1d9,B0,5,The Horizon IT system was introduced in 1999,False,"Evidence says prosecutions occurred 1999-2015, not that system was introduced in 1999."
f712b1df8694a1d9,B0,6,The Horizon IT system was plagued with errors,True,Evidence states system 'still plagued with difficulties' and creates errors.
f712b1df8694a1d9,B0,7,The errors in the Horizon IT system led to financial discrepancies,True,"Evidence says software produced faulty accounts, causing money to disappear."
f712b1df8694a1d9,B0,8,The financial discrepancies caused many sub-postmasters to be falsely accused of theft,True,Evidence lists theft among offenses sub-postmasters were wrongly accused of.
f712b1df8694a1d9,B0,9,The financial discrepancies caused many sub-postmasters to be falsely accused of fraud,True,Evidence lists fraud among offenses sub-postmasters were wrongly accused of.
f712b1df8694a1d9,B0,10,"As the scandal unfolded, it became clear that Fujitsu's technology was fundamentally flawed",False,Evidence doesn't frame this as a gradual realization during the scandal.
f712b1df8694a1d9,B0,11,Fujitsu faced significant scrutiny over its handling of the Horizon IT system,True,"MPs and inquiry sought details on Fujitsu's role, indicating scrutiny."
f712b1df8694a1d9,B0,12,Fujitsu faced significant scrutiny over the system's impact on the lives of those affected,False,Evidence doesn't specifically link scrutiny to impact on victims' lives.
f712b1df8694a1d9,B0,13,The scandal has prompted calls for accountability within the Post Office,False,Evidence doesn't explicitly mention calls for accountability within Post Office.
f712b1df8694a1d9,B0,14,The scandal has prompted calls for accountability within Fujitsu,False,Evidence doesn't explicitly mention calls for accountability within Fujitsu.
f712b1df8694a1d9,B0,15,The scandal has prompted calls for reform within the Post Office,False,Evidence doesn't explicitly mention calls for reform within Post Office.
f712b1df8694a1d9,B0,16,The scandal has prompted calls for reform within Fujitsu,False,Evidence doesn't mention calls for reform within Fujitsu.
f712b1df8694a1d9,B0,17,The scandal has highlighted the need for better oversight of technology used in critical public services,False,Evidence doesn't discuss broader oversight of technology in public services.
f712b1df8694a1d9,B1,1,Fujitsu was involved in the Post Office scandal,True,Evidence throughout confirms Fujitsu's role in the Post Office scandal.
f712b1df8694a1d9,B1,2,Fujitsu's involvement in the Post Office scandal centers around its Horizon accounting software,True,Evidence states Horizon software developed by Fujitsu caused the scandal.
f712b1df8694a1d9,B1,3,The Horizon accounting software was responsible for faulty data,True,Faulty accounting software made it look like money had gone missing.
f712b1df8694a1d9,B1,4,The faulty data led to the wrongful conviction of hundreds of sub-postmasters,True,Evidence states hundreds of sub-postmasters were wrongfully convicted due to faulty software.
f712b1df8694a1d9,B1,5,Fujitsu has acknowledged a 'moral obligation' to compensate those affected,True,Fujitsu Europe's boss admitted a 'moral obligation' to compensate victims.
f712b1df8694a1d9,B1,6,Fujitsu's European boss admitted that Fujitsu let society down,True,Patterson said Fujitsu 'clearly let society down'.
f712b1df8694a1d9,B1,7,Fujitsu's European boss admitted that Fujitsu let the sub-postmasters down,True,Patterson said Fujitsu let 'the sub-postmasters down'.
f712b1df8694a1d9,B1,8,An ongoing inquiry has revealed that Fujitsu provided evidence used in prosecutions,True,Patterson said Fujitsu gave evidence used to prosecute innocent managers.
f712b1df8694a1d9,B1,9,Fujitsu provided this evidence despite being aware of bugs in the software,True,"Patterson said Post Office knew about bugs early on, implying Fujitsu awareness."
f712b1df8694a1d9,B1,10,Fujitsu provided this evidence despite being aware of errors in the software,True,Patterson mentioned errors in Horizon software known early on.
f712b1df8694a1d9,B1,11,The UK government is seeking urgent discussions with Fujitsu regarding compensation,True,Badenoch requested urgent talks with Fujitsu on compensation.
f712b1df8694a1d9,B1,12,The UK government is seeking urgent discussions with Fujitsu regarding accountability for the injustices faced by the victims,False,"Evidence mentions compensation talks, not accountability for injustices specifically."
f712b1df8694a1d9,M,1,Fujitsu was involved in the Post Office scandal.,True,Fujitsu developed Horizon and is central to the scandal per evidence.
f712b1df8694a1d9,M,2,The Post Office scandal centers around the Horizon IT system.,True,Multiple articles describe scandal as centered on Horizon IT system.
f712b1df8694a1d9,M,3,The Horizon IT system produced faulty accounts.,True,Evidence states Horizon produced faulty accounts.
f712b1df8694a1d9,M,4,The faulty accounts led to the wrongful conviction of over 900 sub-postmasters.,True,Article 4 states over 900 branch managers convicted due to faulty software.
f712b1df8694a1d9,M,5,"The wrongful convictions were for theft, fraud, and false accounting.",True,"Article 1 lists theft, fraud, false accounting as offences."
f712b1df8694a1d9,M,6,Fujitsu has acknowledged its failure in the scandal.,True,Fujitsu exec said company 'clearly let society down'.
f712b1df8694a1d9,M,7,Fujitsu stated it has a moral obligation to assist in compensating the victims.,True,Evidence states company said it has a 'moral obligation' to help compensate victims.
f712b1df8694a1d9,M,8,There are ongoing inquiries into Fujitsu's contracts with the government.,True,"MPs seeking details on public sector contracts with Fujitsu, per article 1."
f712b1df8694a1d9,M,9,The inquiries concern the financial implications of Fujitsu's role in the scandal.,True,"Baldwin references taxpayer money spent with Fujitsu, financial scrutiny."
f712b1df8694a1d9,M,10,The inquiries concern the reliability of the Horizon system.,False,"Inquiry described concerns fitness as supplier, not directly reliability of system in that context."
f712b1df8694a1d9,M,11,The Horizon system has continued to cause issues.,True,Article 2 says system still plagued with difficulties and creates errors.
f712b1df8694a1d9,M,12,The Horizon system continued to cause issues even after significant financial investments were made to extend its use.,True,Article 2 notes £95m extension yet software still unreliable.
f712b1df8694a1d9,M,13,The scandal has prompted discussions about the need for accountability.,True,Public outcry and MP scrutiny reflect accountability discussions.
f712b1df8694a1d9,M,14,The scandal has prompted discussions about potential measures to clear the names of those wrongfully convicted.,True,Article 3 discusses measures to clear names of convicted sub-postmasters.
f712b1df8694a1d9,M_nocap,1,Fujitsu is under scrutiny due to its role in the Post Office scandal,True,Evidence shows Fujitsu questioned by MPs and inquiry over scandal role.
f712b1df8694a1d9,M_nocap,2,The Post Office scandal involved faulty software called Horizon,True,Multiple excerpts describe Horizon as faulty software causing the scandal.
f712b1df8694a1d9,M_nocap,3,Horizon software led to the wrongful convictions of over 900 sub-postmasters,True,Evidence states over 900 branch managers convicted due to faulty Horizon software.
f712b1df8694a1d9,M_nocap,4,The wrongful convictions were for theft and fraud,True,"Evidence lists theft, fraud and false accounting as convictions."
f712b1df8694a1d9,M_nocap,5,Fujitsu has acknowledged its failure in the Post Office scandal,True,Fujitsu executive said company 'clearly let society down'.
f712b1df8694a1d9,M_nocap,6,Fujitsu stated it has a 'moral obligation' to assist in compensating the victims,True,Evidence directly quotes Fujitsu's 'moral obligation' statement.
f712b1df8694a1d9,M_nocap,7,There have been ongoing issues with the Horizon system,True,Postmaster says software still unreliable; costs and delays continue.
f712b1df8694a1d9,M_nocap,8,The Horizon system has been in use for nearly three decades,True,Evidence states system in use for nearly 28 years.
f712b1df8694a1d9,M_nocap,9,The Post Office has continued to pay Fujitsu significant sums to extend the use of the Horizon system,True,Post Office paid Fujitsu over £95m to extend Horizon.
f712b1df8694a1d9,M_nocap,10,The government is considering measures to clear the names of those wrongfully convicted,True,Sunak considering measures to clear names of convicted sub-postmasters.
f712b1df8694a1d9,M_nocap,11,Fujitsu is deeply integrated into government IT systems,True,Evidence says Fujitsu products deeply entrenched in government IT infrastructure.
f712b1df8694a1d9,M_nocap,12,Fujitsu's deep integration into government IT systems raises concerns about the feasibility of removing its services,True,"Quote states removing Fujitsu would be near impossible, government cannot do without it."
f75d02f62d98f96f,B0,1,Littler advanced to the semi-finals of the PDC World Championship.,True,Evidence states Littler reached the semi-finals before beating Cross for the final.
f75d02f62d98f96f,B0,2,Littler showcased impressive skill throughout the tournament.,True,Averaging over 100 in four matches shows impressive skill.
f75d02f62d98f96f,B0,3,Littler showcased determination throughout the tournament.,False,"Evidence shows composure and fearlessness, not explicitly determination."
f75d02f62d98f96f,B0,4,Littler overcame several tough competitors.,True,"He beat Cross, a former champion, and reached the final."
f75d02f62d98f96f,B0,5,Littler secured his spot among the final four of the PDC World Championship.,True,Reaching the final implies securing a spot in the final four.
f75d02f62d98f96f,B0,6,Littler's advancement to the semi-finals marks a significant milestone in his career.,False,Evidence doesn't explicitly call semi-final advancement a milestone.
f75d02f62d98f96f,B0,7,Littler has potential to become a leading figure in the world of professional darts.,False,Evidence doesn't discuss his potential as a leading figure explicitly.
f75d02f62d98f96f,B0,8,Anticipation is building around Littler's performance in the semi-finals.,False,No mention of anticipation specifically about semi-finals performance.
f75d02f62d98f96f,B0,9,There is a possibility of Littler clinching the championship title.,False,"Evidence shows he lost the final, not a future possibility."
f75d02f62d98f96f,B1,1,Luke Littler reached the final in the PDC World Darts Championship,True,Evidence states Littler reached the final of the World Darts Championship.
f75d02f62d98f96f,B1,2,This was Luke Littler's debut appearance in the PDC World Darts Championship,True,Evidence says he made his debut at Alexandra Palace on 20 December.
f75d02f62d98f96f,B1,3,Luke Littler became the youngest finalist in the PDC World Darts Championship's history,True,Evidence states he became the youngest person to reach the title decider.
f75d02f62d98f96f,B1,4,Luke Littler defeated Rob Cross in the PDC World Darts Championship,True,Evidence confirms Littler beat Rob Cross to reach the final.
f75d02f62d98f96f,B1,5,Luke Littler defeated the world number one player in the PDC World Darts Championship,True,Evidence says he beat world number one Luke Humphries 6-5 in quarter-finals.
f75d02f62d98f96f,B1,6,Luke Littler lost to Luke Humphries in the final of the PDC World Darts Championship,True,Evidence confirms Humphries beat Littler 7-4 in the World Championship final.
f75d02f62d98f96f,B1,7,Luke Littler won the Bahrain Masters,True,Evidence confirms Littler beat Van Gerwen 8-5 to win Bahrain Masters.
f75d02f62d98f96f,B1,8,Luke Littler won the Bahrain Masters shortly after the PDC World Darts Championship,True,Evidence indicates Bahrain Masters came shortly after the World Championship final in January.
f75d02f62d98f96f,B1,9,Luke Littler's world ranking increased substantially,True,Evidence states he climbed 133 places in world rankings and started ranked 164th.
f75d02f62d98f96f,B1,10,Luke Littler's prize money increased substantially,True,"Evidence shows large prize money increases: £200,000, £20,000, £230,000."
f75d02f62d98f96f,M,1,Luke Littler is involved in the sport of darts.,True,Evidence clearly describes Littler competing in PDC darts events.
f75d02f62d98f96f,M,2,Luke Littler reached the semi-finals of the PDC World Championship.,False,"Evidence shows he reached the final, not just semi-finals."
f75d02f62d98f96f,M,3,Luke Littler became the youngest finalist in the PDC World Championship's history.,True,Text states he became youngest person to reach the title decider.
f75d02f62d98f96f,M,4,Luke Littler had a victory over the world number one during his PDC World Championship run.,False,"That win was in Den Bosch (Dutch Masters), not the World Championship."
f75d02f62d98f96f,M,5,Luke Littler lost in the final of the PDC World Championship.,True,Evidence confirms he lost to Humphries in the World Championship final.
f75d02f62d98f96f,M,6,Luke Littler's performance has solidified his status as a rising star in darts.,True,Evidence calls his rise 'stunning' and 'here to stay' as rising star.
f75d02f62d98f96f,M,7,Luke Littler won his first PDC senior title at the Bahrain Masters.,True,Directly stated: first PDC senior title at Bahrain Masters.
f75d02f62d98f96f,M,8,Luke Littler won the Bahrain Masters shortly after his PDC World Championship run.,True,"Bahrain Masters win occurred earlier in January, shortly after Worlds."
f75d02f62d98f96f,M,9,Luke Littler's achievements led to a substantial increase in his world ranking.,True,Evidence states he climbed 133 places in world rankings.
f75d02f62d98f96f,M,10,Luke Littler has a growing reputation in the darts community.,True,Consistent with described rise and recognition as sensation.
f75d02f62d98f96f,M_nocap,1,Luke Littler reached the final in the PDC World Darts Championship,True,Evidence states Littler reached the final of the World Darts Championship.
f75d02f62d98f96f,M_nocap,2,This was Luke Littler's debut appearance in the PDC World Darts Championship,True,Evidence says he made his debut at Alexandra Palace on 20 December.
f75d02f62d98f96f,M_nocap,3,Luke Littler became the youngest finalist in the PDC World Darts Championship's history,True,Evidence states he became the youngest person to reach the title decider.
f75d02f62d98f96f,M_nocap,4,Luke Littler defeated Rob Cross in the PDC World Darts Championship,True,Evidence confirms Littler beat Rob Cross to reach the final.
f75d02f62d98f96f,M_nocap,5,Luke Littler defeated the world number one player in the PDC World Darts Championship,True,Evidence says he beat world number one Luke Humphries 6-5 in quarter-finals.
f75d02f62d98f96f,M_nocap,6,Luke Littler lost to Luke Humphries in the final of the PDC World Darts Championship,True,Evidence confirms Humphries beat Littler 7-4 in the World Championship final.
f75d02f62d98f96f,M_nocap,7,Luke Littler won the Bahrain Masters,True,Evidence confirms Littler beat Van Gerwen 8-5 to win Bahrain Masters.
f75d02f62d98f96f,M_nocap,8,Luke Littler won the Bahrain Masters shortly after the PDC World Darts Championship,True,Evidence indicates Bahrain Masters came shortly after the World Championship final in January.
f75d02f62d98f96f,M_nocap,9,Luke Littler's world ranking increased substantially,True,Evidence states he climbed 133 places in world rankings and started ranked 164th.
f75d02f62d98f96f,M_nocap,10,Luke Littler's prize money increased substantially,True,"Evidence shows large prize money increases: £200,000, £20,000, £230,000."
f924c3bb5f74d6ee,B0,1,A mid-air blowout incident occurred involving a Boeing aircraft.,True,Door plug blew off Alaska Airlines Boeing 737 Max 9 mid-flight.
f924c3bb5f74d6ee,B0,2,Boeing has initiated a comprehensive inspection of its planes.,True,Boeing announced additional inspections throughout the build process.
f924c3bb5f74d6ee,B0,3,The stated purpose of the inspection is to ensure safety and reliability.,False,Evidence doesn't state safety/reliability as the explicit stated purpose.
f924c3bb5f74d6ee,B0,4,The incident raised concerns about potential manufacturing defects.,True,Loose bolts and 'quality escape' suggest manufacturing defect concerns.
f924c3bb5f74d6ee,B0,5,The incident raised concerns about the overall integrity of the aircraft.,False,Evidence doesn't discuss overall aircraft integrity concerns beyond the door.
f924c3bb5f74d6ee,B0,6,Airlines operating Boeing models are cooperating with the inspections.,False,"Evidence mentions FAA and Boeing cooperation, not airlines cooperating with inspections."
f924c3bb5f74d6ee,B0,7,The inspections aim to identify any issues that could pose risks to passengers.,True,Inspections aim to check safety issues like loose bolts posing risks.
f924c3bb5f74d6ee,B0,8,The situation has prompted discussions about regulatory oversight.,True,FAA investigation and grounding indicate regulatory oversight discussions.
f924c3bb5f74d6ee,B0,9,The situation has prompted discussions about the need for enhanced safety protocols in the aviation industry.,False,Evidence doesn't mention broader industry safety protocol discussions.
f924c3bb5f74d6ee,B1,1,Boeing is increasing quality inspections of its 737 Max aircraft,True,Directly stated Boeing to increase quality inspections of 737 Max production.
f924c3bb5f74d6ee,B1,2,Boeing is increasing quality inspections following a mid-air incident,True,Article ties increased inspections to the door blowout incident.
f924c3bb5f74d6ee,B1,3,An unused door blew off an Alaska Airlines plane,True,Evidence states an unused door blew off an Alaska Airlines plane.
f924c3bb5f74d6ee,B1,4,The door blowing off forced an emergency landing,True,Evidence states the blowout forced an emergency landing.
f924c3bb5f74d6ee,B1,5,The Federal Aviation Administration has launched an investigation into Boeing's production processes,True,FAA formally launched investigation into Boeing's production processes.
f924c3bb5f74d6ee,B1,6,The FAA grounded 171 of the 737 Max 9 jets for safety inspections,True,FAA grounded 171 Boeing 737 Max 9 planes for inspection.
f924c3bb5f74d6ee,B1,7,The FAA's review has revealed issues such as loose bolts,True,"Reviews uncovered issues such as loose bolts, per evidence."
f924c3bb5f74d6ee,B1,8,Boeing has stated it will cooperate fully with the investigation,True,Boeing said it would cooperate fully and transparently with investigation.
f924c3bb5f74d6ee,B1,9,Alaska Airlines has expressed frustration over the grounding,True,"Alaska Airlines boss expressed frustration over the grounding, per evidence."
f924c3bb5f74d6ee,B1,10,United Airlines has expressed frustration over the grounding,True,"United Airlines boss also expressed frustration, per evidence."
f924c3bb5f74d6ee,B1,11,Alaska Airlines has indicated that inspections have found multiple loose bolts on the affected planes,True,Alaska Airlines boss said inspections found many loose bolts.
f924c3bb5f74d6ee,B1,12,United Airlines has indicated that inspections have found multiple loose bolts on the affected planes,False,"Evidence only attributes loose bolt finding to Alaska Airlines, not United."
f924c3bb5f74d6ee,M,1,The Federal Aviation Administration grounded 171 Boeing 737 Max 9 planes.,True,"FAA grounded 171 Boeing 737 Max 9 planes, stated directly."
f924c3bb5f74d6ee,M,2,The grounding followed a mid-air incident.,True,"Grounding followed the mid-air blowout incident, per evidence."
f924c3bb5f74d6ee,M,3,Part of an Alaska Airlines plane's fuselage fell off during the incident.,True,"Fuselage section fell off Alaska Airlines plane, stated directly."
f924c3bb5f74d6ee,M,4,The incident prompted an emergency landing.,True,Plane made emergency landing/descent after the incident.
f924c3bb5f74d6ee,M,5,The FAA is conducting inspections to ensure the safety of the Boeing 737 Max 9 aircraft.,True,"FAA inspecting jets to ensure safety, stated directly."
f924c3bb5f74d6ee,M,6,An investigation has been launched into Boeing's quality control processes.,True,FAA launched investigation of Boeing's quality control processes.
f924c3bb5f74d6ee,M,7,The investigation particularly concerns a door plug that blew off during the flight.,True,"Investigation concerns door plug that blew off, stated directly."
f924c3bb5f74d6ee,M,8,Boeing has announced plans to increase quality inspections.,True,"Boeing announced increased quality inspections, stated directly."
f924c3bb5f74d6ee,M,9,Boeing will involve an outside party to assess its production practices.,True,"Outside party brought in to assess production practices, stated directly."
f924c3bb5f74d6ee,M,10,There were no reported injuries among the passengers.,True,No serious injuries/no reports of injuries mentioned in evidence.
f924c3bb5f74d6ee,M_nocap,1,The Federal Aviation Administration (FAA) grounded 171 Boeing 737 Max 9 planes.,True,"FAA grounded 171 Boeing 737 Max 9 planes, explicitly stated."
f924c3bb5f74d6ee,M_nocap,2,The grounding followed a mid-air incident.,True,"Grounding followed the fuselage blowout incident, per evidence."
f924c3bb5f74d6ee,M_nocap,3,"In the mid-air incident, part of an Alaska Airlines plane's fuselage fell off.",True,Evidence states part of Alaska Airlines plane's fuselage fell off.
f924c3bb5f74d6ee,M_nocap,4,The FAA is conducting inspections to ensure the safety of the aircraft.,True,FAA inspecting jets to ensure safety before returning to service.
f924c3bb5f74d6ee,M_nocap,5,The FAA is prioritizing public safety.,True,FAA said first priority was keeping the flying public safe.
f924c3bb5f74d6ee,M_nocap,6,Boeing has acknowledged a 'quality escape' related to the incident.,True,Boeing boss described the problem as a 'quality escape'.
f924c3bb5f74d6ee,M_nocap,7,Boeing is cooperating with an investigation into its production processes.,True,Boeing said it would cooperate fully and transparently with investigation.
f924c3bb5f74d6ee,M_nocap,8,The investigation into Boeing's production processes may have included issues like loose bolts.,True,Evidence states reviews uncovered issues such as loose bolts.
f924c3bb5f74d6ee,M_nocap,9,Boeing plans to increase quality inspections in response to the incident.,True,Boeing says there will be more quality inspections for 737 Max.
f924c3bb5f74d6ee,M_nocap,10,Boeing has engaged an outside party to assess its production practices.,True,Boeing said outside party would be brought in to assess practices.
fb139a5996b312cc,B0,1,A pro-Israel rally recently took place in London,False,"Evidence describes pro-Palestinian march in London, not pro-Israel rally."
fb139a5996b312cc,B0,2,The rally emphasized the urgent need for the release of hostages held by Hamas,False,No London rally emphasizing hostage release is mentioned.
fb139a5996b312cc,B0,3,Demonstrators gathered to express solidarity with Israel,False,No evidence of solidarity demonstration with Israel in London.
fb139a5996b312cc,B0,4,Demonstrators gathered to advocate for the safe return of individuals taken during the ongoing conflict,False,No such demonstrator advocacy is described in evidence.
fb139a5996b312cc,B0,5,The event featured speeches from community leaders,False,No mention of speeches by community leaders.
fb139a5996b312cc,B0,6,The event featured speeches from activists,False,No mention of speeches by activists at any event.
fb139a5996b312cc,B0,7,The speakers highlighted the humanitarian aspects of the situation,False,No speakers or humanitarian speech content mentioned.
fb139a5996b312cc,B0,8,The speakers called for international support,False,No mention of speakers calling for international support.
fb139a5996b312cc,B0,9,Participants sought to raise awareness,False,No evidence participants sought to raise awareness.
fb139a5996b312cc,B0,10,Participants sought to promote peace,False,No evidence participants sought to promote peace.
fb139a5996b312cc,B1,1,There are various protests related to the ongoing conflict between Israel and Hamas.,True,"Evidence describes multiple protests related to the conflict, e.g. Tel Aviv rally, London marches."
fb139a5996b312cc,B1,2,The protests particularly focus on the situation of hostages.,True,"Multiple protests focus on hostages, e.g. Kerem Shalom demonstration and Tel Aviv rally."
fb139a5996b312cc,B1,3,Families of Israeli hostages have participated in demonstrations.,True,Families of hostages joined Tel Aviv rally and Kerem Shalom protest.
fb139a5996b312cc,B1,4,Families of Israeli hostages blocked humanitarian aid trucks to Gaza.,False,"Protesters included hostage families but also soldiers' parents and activists, not solely hostage families."
fb139a5996b312cc,B1,5,Families of Israeli hostages demanded that no aid be provided until all hostages are released.,False,"Evidence says protesters generally demanded this, not specifically families of hostages."
fb139a5996b312cc,B1,6,There have been pro-Palestinian marches in London.,True,Evidence explicitly describes pro-Palestinian marches in London.
fb139a5996b312cc,B1,7,The evidence does not mention a specific pro-Israel rally calling for the release of hostages.,False,"Evidence does mention a Tel Aviv rally by hostage families, contradicting this claim."
fb139a5996b312cc,B1,8,Discussions surrounding hostage negotiations are ongoing.,True,Evidence describes ongoing hostage talks and negotiations.
fb139a5996b312cc,B1,9,International mediators are involved in efforts to secure the release of hostages.,True,"Qatar, Egypt, US officials mediating hostage release efforts per evidence."
fb139a5996b312cc,M,1,Families of hostages in Israel have been actively protesting.,True,"Families of hostages blocked aid trucks and attended rallies, evidence shows protesting."
fb139a5996b312cc,M,2,Families of hostages in Israel have blocked humanitarian aid trucks to Gaza.,True,Evidence states hostage families were among protesters blocking aid trucks.
fb139a5996b312cc,M,3,Families of hostages have blocked humanitarian aid trucks to Gaza until the hostages are released.,True,Protesters explicitly demanded no aid until hostages released.
fb139a5996b312cc,M,4,There have been significant gatherings in Tel Aviv.,True,Massive rally and thousands gathered in Tel Aviv mentioned.
fb139a5996b312cc,M,5,Families of hostages have participated in rallies in Tel Aviv.,True,Families of hostages joined the Tel Aviv rally per evidence.
fb139a5996b312cc,M,6,The rallies in Tel Aviv emphasized the plight of those still held captive.,True,Uppermost on minds was the hostages still held in Gaza.
fb139a5996b312cc,M,7,There are ongoing protests in London related to the conflict.,True,Seventh national pro-Palestinian march held in London described.
fb139a5996b312cc,M,8,The ongoing protests in London are primarily pro-Palestinian in nature.,True,Evidence explicitly calls them pro-Palestinian marches.
fb139a5996b312cc,M_nocap,1,Families of hostages in Israel have been actively protesting,True,Evidence [3] shows hostage families protesting at Kerem Shalom crossing.
fb139a5996b312cc,M_nocap,2,Families of hostages in Israel have blocked humanitarian aid trucks to Gaza,True,Evidence [3] states protesters including hostage families blocked aid trucks.
fb139a5996b312cc,M_nocap,3,Families of hostages in Israel are demanding no aid until all hostages are released,True,Evidence [3] states protesters demand no aid until hostages released.
fb139a5996b312cc,M_nocap,4,There have been significant rallies in Tel Aviv where families of hostages gathered,True,Evidence [4] describes massive Tel Aviv rally with hostage families.
fb139a5996b312cc,M_nocap,5,The Tel Aviv rallies mark the ongoing captivity of around 130 individuals,True,Evidence [4] says rally marked 100 days of captivity of around 130 hostages.
fb139a5996b312cc,M_nocap,6,The around 130 individuals were taken by Hamas,True,Evidence [4] states hostages were abducted by Hamas.
fb139a5996b312cc,M_nocap,7,There are ongoing protests in London related to the conflict,True,Evidence [2] describes ongoing pro-Palestinian marches in London.
fe0a1561794c2b3f,B0,1,Russia carried out missile strikes in Kharkiv,True,Evidence describes Russian missile strikes on Kharkiv multiple times.
fe0a1561794c2b3f,B0,2,The missile strikes caused significant damage to a hotel in Kharkiv,False,No mention of a hotel being damaged anywhere in evidence.
fe0a1561794c2b3f,B0,3,The attack on the hotel is part of a broader pattern of missile assaults,False,"No hotel attack mentioned, so cannot be part of a pattern."
fe0a1561794c2b3f,B0,4,The broader pattern of missile assaults targets civilian infrastructure in the region,True,"Evidence shows repeated strikes on residential buildings, supermarkets, warehouses in region."
fe0a1561794c2b3f,B0,5,Local authorities reported injuries among civilians,True,Multiple reports cite officials noting civilian injuries from strikes.
fe0a1561794c2b3f,B0,6,There is an ongoing conflict in Ukraine,True,Evidence extensively describes ongoing Russia-Ukraine war events.
fe0a1561794c2b3f,B0,7,There is a war in Ukraine,True,Evidence explicitly refers to 'Ukraine-Russia war' and related conflict.
fe0a1561794c2b3f,B0,8,The war in Ukraine persists,True,"Evidence describes continuing attacks over time, indicating persistence."
fe0a1561794c2b3f,B1,1,Russian missile strikes have intensified in Kharkiv,True,Evidence describes repeated missile attacks and intensified air attacks on Kharkiv.
fe0a1561794c2b3f,B1,2,The intensified Russian missile strikes in Kharkiv resulted in significant civilian casualties,True,Deaths and injuries reported in Kharkiv from missile strikes across multiple evidence pieces.
fe0a1561794c2b3f,B1,3,The intensified Russian missile strikes in Kharkiv resulted in significant damage,False,Casualties mentioned but no explicit description of significant property/infrastructure damage.
fe0a1561794c2b3f,B1,4,There was a series of attacks on Kharkiv,True,Evidence mentions repeated strikes and a series of missile strikes on Kharkiv.
fe0a1561794c2b3f,B1,5,At least eight people were killed in the attacks on Kharkiv,True,Evidence states eight people were killed in missile strikes Tuesday.
fe0a1561794c2b3f,B1,6,Many other people were injured in the attacks on Kharkiv,True,44 others hurt in Kharkiv per evidence [2].
fe0a1561794c2b3f,B1,7,Residential buildings were specifically targeted in the attacks on Kharkiv,True,Evidence states residential buildings were hit in Kharkiv.
fe0a1561794c2b3f,B1,8,Local officials confirmed that missiles have struck various areas in Kharkiv,True,Local officials cited casualty figures for Kharkiv strikes.
fe0a1561794c2b3f,B1,9,The attacks on Kharkiv are part of a broader pattern of violence affecting multiple Ukrainian cities,True,"Evidence shows strikes on Kyiv, Kharkiv, Pokrovsk as part of broader pattern."
fe0a1561794c2b3f,B1,10,The ongoing missile attacks are part of a larger strategy by Russia to escalate its military actions in Ukraine,True,"Putin vowed to intensify attacks, consistent with escalating strategy claim."
fe0a1561794c2b3f,M,1,Russian missile strikes have recently intensified in Kharkiv.,True,Evidence [4] states Russia repeatedly targeted Kharkiv with S-300 missiles in recent days.
fe0a1561794c2b3f,M,2,The intensified strikes in Kharkiv resulted in significant civilian casualties.,True,Evidence [4] reports eight killed and other attacks causing casualties in Kharkiv.
fe0a1561794c2b3f,M,3,Local officials reported that at least eight people were killed in a series of attacks in Kharkiv.,True,Evidence [4] states eight people were killed in a series of missile strikes on Tuesday.
fe0a1561794c2b3f,M,4,Additional strikes in Kharkiv caused injuries to many others.,True,Evidence [2] says 44 others were hurt in Kharkiv from strikes.
fe0a1561794c2b3f,M,5,The strikes targeted residential areas in Kharkiv.,True,Evidence [2] mentions residential buildings hit in Kharkiv.
fe0a1561794c2b3f,M,6,The strikes led to destruction in Kharkiv.,False,Evidence mentions casualties and damage but not general 'destruction' claim.
fe0a1561794c2b3f,M,7,The strikes led to fear among the population in Kharkiv.,False,Evidence does not mention fear among the population.
fe0a1561794c2b3f,M,8,The escalation in Kharkiv follows a broader pattern of increased missile attacks across major Ukrainian cities.,True,Evidence [2] and [5] show intensified attacks across major Ukrainian cities.
fe0a1561794c2b3f,M,9,Russia continues its military operations in the region.,True,Evidence describes ongoing Russian missile strikes and military actions.
fe0a1561794c2b3f,M_nocap,1,Russian missile strikes have recently intensified in Kharkiv.,True,Evidence states Russia repeatedly targeted Kharkiv with S-300 missiles recently.
fe0a1561794c2b3f,M_nocap,2,The intensified Russian missile strikes have resulted in significant civilian casualties.,True,Multiple deaths and injuries reported from strikes in Kharkiv.
fe0a1561794c2b3f,M_nocap,3,Local officials reported that at least eight people were killed in a series of attacks.,True,Evidence states eight people were killed in a series of missile strikes Tuesday.
fe0a1561794c2b3f,M_nocap,4,Additional strikes caused injuries to many others.,True,Evidence mentions 44 hurt in Kharkiv and 130 injured overall.
fe0a1561794c2b3f,M_nocap,5,The strikes have targeted residential areas.,True,Evidence mentions residential buildings and blocks of flats being hit.
fe0a1561794c2b3f,M_nocap,6,The strikes have led to destruction.,False,Evidence doesn't explicitly describe destruction beyond casualties and damage details.
fe0a1561794c2b3f,M_nocap,7,The strikes have led to fear among the population.,False,Evidence does not mention fear among the population.
fe0a1561794c2b3f,M_nocap,8,The situation in Kharkiv remains dire.,False,Evidence gives no general characterization of the situation as 'dire'.
fe0a1561794c2b3f,M_nocap,9,There are ongoing threats to civilian safety in Kharkiv.,False,Evidence does not explicitly state ongoing threats to civilian safety.
