test_id,config,query,evidence,summary,abstained,retrieved_ids,top_s_text,top_s_img,n_hits
5566032ea6850f59,M_nocap,police failure to arrest a killer,"[1] Haverfordwest: Woman in murder arrest after boy, seven, dies - BBC News
""Officers were called to an address in Upper Market Street at just before 10:45 yesterday. ""Sadly, a seven-year-old was confirmed to have died shortly after. Our thoughts are with their loved ones at this tragic time. ""A woman has been arrested on suspicion of murder and remains in police custody.""
It said the woman remains in police custody while its investigations continue. Police officers and a police vehicle remained outside the property on Thursday. The force said in a statement: ""We are continuing to investigate the circumstances that led to the death of a child in Haverfordwest. ""Officers were called to an address in Upper Market Street at just before 10:45 yesterday.

[2] Police search for motive in Illinois mass killing - BBC News
Police are still searching for a motive after a man suspected of killing eight people in Joliet, Illinois, took his own life after a cross-country manhunt. Romeo Nance, 23, died after authorities tracked him down more than 1,000 miles (1,600km) away in Texas. Nance is suspected of killing eight people at multiple locations in Joliet. Seven of the victims were in two houses on the same street.
Video of the incident shows the victim exchanging words with the driver of a red Toyota Camry, which pulls away and returns before gunshots are heard. Police said they were able to trace the licence plate number on the Camry, which led them to Nance and the two houses with other victims. That discovery sparked a manhunt for the suspect, who authorities warned ""should be regarded as armed and dangerous"". But by that time, Nance had left the area and had fled south, police said.

[3] Llanelli attempted kidnap: Man tried to drag woman into car - report - BBC News
An investigation has been launched into an attempted kidnap Dyfed-Powys Police said the woman escaped to a nearby house. A spokesman said: ""She was not harmed but is understandably shaken by the incident."" The force added that its investigation had established the car drove along Hendre Road from Tan Y Graig Road.
The car the man was driving is being sought by police A man tried to drag a woman into a car in an attempted kidnap, according to reports to police. They launched an investigation into the matter after they were contacted at about 23:45 GMT on Saturday. The force said the man approached the woman in a dark red or burgundy car as she walked from the British Royal Legion pub on Tan Y Graig Road, Llanelli, in Carmarthenshire.

[4] Israel: Woman killed, 17 hurt in suspected Palestinian car-ramming attack - BBC News
The attackers lost control of the car then stole a second car and continued driving into people, according to the reports. Haaretz newspaper quoted an eyewitness as saying they ""saw someone stab three people near the mall. [The attacker] stole a car and ran over other people"". It is unclear how the attackers were stopped and arrested.
The suspects allegedly switched between three stolen vehicles and ran over pedestrians in different places. The attack came as the war between Israel and the Palestinian group Hamas in Gaza passed the 100-day mark. Israeli media reports say the woman who died was stabbed by one of the suspects before he and an accomplice took her car and used it to ram into people. The attackers lost control of the car then stole a second car and continued driving into people, according to the reports.

[5] Man dies in shooting outside Granton pub on Hogmanay - BBC News
The 38-year-old was pronounced dead a short time later, while a 39-year-old man is in hospital in a serious but stable condition. Police Scotland said it was treating the attack as murder. Det Supt Graham Grant said: ""Our thoughts and condolences are with the family and friends of both men involved. ""Inquiries are at a very early stage to establish the full circumstances surrounding what happened, and while officers have already gathered CCTV and spoken to various people who were in the area at the time, I'd urge anyone with information who hasn't yet spoken to us to come forward.
""Inquiries are at a very early stage to establish the full circumstances surrounding what happened, and while officers have already gathered CCTV and spoken to various people who were in the area at the time, I'd urge anyone with information who hasn't yet spoken to us to come forward. ""In particular if anyone has private CCTV, doorbell footage or dashcam of the Granton Crescent/Road area around the time of the incident, please bring it to our attention."" Supt Grant added: ""This incident will undoubtedly have caused concern in the local community and officers will be carrying out extra patrols of the area and I'd like to reassure the public that everything possible is being done to trace whoever is responsible.""","The coverage reports on various incidents involving police investigations and arrests. In Haverfordwest, a woman has been arrested on suspicion of murder following the death of a seven-year-old boy, with police continuing their investigation at the scene. In Illinois, a man suspected of killing eight people took his own life after a manhunt, raising questions about police efforts to apprehend him before he fled. Additionally, there is an ongoing investigation into an attempted kidnapping in Llanelli, where a woman escaped from a man trying to drag her into a car. The reports highlight police activity in response to violent incidents, but do not specifically address failures to arrest killers.",False,db80159527fce01b|57aed0c930427c8c|5968332585fc2388|926d6e89c92eae77|c653f2673939509c,0.5535,0.2632,5
6a088e83c5c41dbd,M_nocap,Trump challenges removal from Maine ballot,"[1] Supreme Court to rule if Trump can run for president - BBC News
Mr Trump has also appealed against a decision by electoral officials in Maine to remove him from the ballot. Following the Supreme Court's announcement on Friday, Colorado's Secretary of State Jena Griswold said she had certified the state's ballots for the upcoming presidential primary elections and that Mr Trump's name was on them. The primary ballots, held in each state, will help to determine which presidential candidates run in November's election. Colorado's is set for the beginning of March - soon after the Supreme Court decision on Mr Trump's case is expected.
In it, they argue that removing Mr Trump from the ballot would ""create widespread chaos"". ""Most obviously, it casts confusion into an election cycle that is just weeks away,"" reads the submission. ""Beyond that, it upsets the respective roles of the Congress, the States, and the courts."" Watch: Trump says indictments are ""badge of honour"" at campaign event following his removal from Colorado ballot

[2] Donald Trump says Colorado ballot ban could unleash 'chaos' - BBC News
Donald Trump has urged the US Supreme Court to put a ""swift and decisive end"" to his exclusion from Colorado's presidential primary ballot. In a court filing on Thursday, Mr Trump said ""chaos and bedlam"" would be unleashed if other states followed Colorado and banned him from primaries. Colorado's top court banned Mr Trump in December, accusing him of engaging in insurrection over the Capitol riot. An identical ruling in Maine was placed on hold by state judges on Wednesday.
An identical ruling in Maine was placed on hold by state judges on Wednesday. The 14th Amendment of the US constitution excludes anyone who has ""engaged in insurrection or rebellion"" from holding federal office. But in his filing on Thursday, Mr Trump's lawyers argued that the provision does not apply to the presidency, writing that the office is not among those listed in the amendment. ""The Court should reverse the Colorado decision because President Trump is not even subject to section 3, as the president is not an 'officer of the United States' under the Constitution,"" the submission read.

[3] Trump asks Supreme Court to overturn Colorado ban - BBC News
""This is an un-American, unconstitutional act of election interference which cannot stand,"" campaign spokesman Steven Cheung added. ""We urge a clear, summary rejection of the Colorado Supreme Court's wrongful ruling and the execution of a free and fair election in November."" Watch: Maine's top election official explains why she removed Trump from ballot The Colorado Supreme Court decision was narrow, with four judges in favour and three against.
Donald Trump has asked the US Supreme Court to reverse an unprecedented Colorado ruling that barred him from running for president in that state. Colorado's top court said last month Mr Trump was not an eligible primary candidate because he had engaged in insurrection over the US Capitol riot. His appeal comes a day after he challenged a similar decision in Maine. Dozens of lawsuits have been filed in multiple states seeking to disqualify Mr Trump from the November 2024 ballot.

[4] Fake Biden robocall tells voters to skip New Hampshire primary election - BBC News
The decision to remove his name came after Mr Biden approved a new voting calendar that stripped New Hampshire of its status as the first state to hold a primary. Mr Biden is all but certain to win the state and his party's nomination to seek a second term in the White House.
Biden campaign manager Julie Chavez Rodriguez criticised the call as an attempt to ""suppress voting and deliberately undermine free and fair elections"". In the New Hampshire primary, voters from both main parties are picking which candidate should be their standard-bearer in this year's general election. Though Mr Biden's name will not appear on the New Hampshire primary ballot, a campaign led by state and local Democrats has taken shape for voters to write in his name. The decision to remove his name came after Mr Biden approved a new voting calendar that stripped New Hampshire of its status as the first state to hold a primary.

[5] Donald Trump must pay E Jean Carroll $83.3m for defamation - BBC News
Mr Trump has repeatedly claimed the various legal cases he faces are being orchestrated by allies of US President Joe Biden, a Democrat. As the Republican party's White House frontrunner, Mr Trump looks set for a rematch against Mr Biden in the November 2024 general election. With reporting by Max Matza and Kayla Epstein
The compensatory damages are meant to account for the harm that the jury found his comments had done to her reputation and emotional wellbeing. The panel also had to come up with a punitive penalty intended to stop Mr Trump from continuing to speak out against her. It took the jury of seven men and two women less than three hours to reach a verdict on Friday afternoon. Mr Trump, who looks likely to be the Republican candidate in November's presidential election, also faces four criminal cases for a total of 91 felony counts.","Donald Trump is challenging a decision by electoral officials in Maine to remove him from the ballot, similar to a ruling in Colorado that deemed him ineligible due to accusations of insurrection related to the Capitol riot. His legal team argues that the 14th Amendment's exclusion of individuals who have engaged in insurrection does not apply to the presidency, claiming that the office is not listed among those affected by the amendment. Trump's appeal follows a similar challenge in Colorado, where he warned that such exclusions could lead to ""chaos"" in the election process. The Maine decision has been temporarily put on hold by state judges, allowing for further legal proceedings.",False,5bfd52b6f1c5d51e|a7d8f651b8d6b5e9|d4daf24782ca1fed|ca2137308a899889|dadaf865f34307f9,0.656,0.295,5
1cf0aaeeb65a416f,M_nocap,Met Police investigation into Prince Andrew,"[1] Prince Andrew's return less likely than ever after nightmare new year - BBC News
This week Prince Andrew faced a wall of hostile newspaper front pages calling for his removal from royal life. Anti-monarchist group Republic reported him to the police about allegations in the Epstein files, saying there was ""no clear justification for taking no action"". But the Metropolitan Police says it is not launching an investigation. And if anyone has forgotten the excruciating Newsnight interview, Netflix is soon turning it into a film, which once again will have people talking about not sweating and pizzas.
""I'm in charge of the deposition. I say when we move on and when we don't. You are here to answer my questions,"" snaps back the lawyer. The case was settled in 2017 without any of the allegations being tested in court, so these remain claims rather than findings, and Prince Andrew has always strongly denied any wrongdoing.

[2] Prince Andrew 'spent weeks' at Epstein home - witness - BBC News
In a 2009 deposition, Mr Alessi told investigators that Prince Andrew and his ex-wife Sarah Ferguson, Duchess of York, were ""friends"" of Epstein and Maxwell. The duchess is not accused of any wrongdoing and Prince Andrew has denied misconduct. Asked if they ever had ""massages"" during visits to the Palm Beach mansion, Mr Alessi answered: ""Prince Andrew did."" He added that the duchess once briefly visited the house, but ""Prince Andrew spent weeks with us"", receiving ""daily massages"".
Prince Andrew ""spent weeks"" at sex offender and financier Jeffrey Epstein's Florida mansion, according to a third batch of unsealed court files. Juan Alessi, who managed Epstein's residence in Palm Beach, testified that the Duke of York stayed in the guest bedroom and had daily massages. The testimony appears in around 1,300 pages of evidence released on Friday. The records also paint a disturbing picture of how Epstein procured victims for sexual exploitation.

[3] Jeffrey Epstein list: Who is named in court filings? - BBC News
Bill Clinton (left) and Michael Jackson (right) have not been accused of any wrongdoing, while Prince Andrew denies the accusations against him The names of dozens of people connected to the late sex offender Jeffrey Epstein were made public with the release of court documents. Who are they? Public figures including Prince Andrew and former US President Bill Clinton are among the associates, friends and alleged victims named in the 900 pages unsealed on the order of a judge in New York.
Who is now named in the documents? The court papers include the testimony of Johanna Sjoberg who describes meeting Prince Andrew at Epstein's home in New York in 2001 Her statement, which had previously been partly revealed, describes an encounter in which she claims Prince Andrew touched her breast. Ms Sjoberg, then aged 20, had been at college when she had been recruited by Maxwell, initially she believed as an assistant before finding that she was encouraged to deliver sexual massages for Epstein, which she resisted.

[4] Serving Met Police officer in court charged with rape - BBC News
The Met said the case relates to a report a man was raped at a home in Islington, north London, last Monday. PC Sagaidak, who has been suspended from duty, appeared before Westminster magistrates earlier, the Met said. He is due to appear at Snaresbrook Crown Court on 2 February, the force added. Det Ch Supt Trevor Lawry, who is responsible for policing in Bexley, Greenwich and Lewisham, said: ""This is a deeply concerning allegation and I know it will cause significant concern.
Det Ch Supt Trevor Lawry, who is responsible for policing in Bexley, Greenwich and Lewisham, said: ""This is a deeply concerning allegation and I know it will cause significant concern. ""We took immediate action when we received the report and the officer was suspended from duty following his arrest on Thursday."" The force said its investigation was ongoing and PC Sagaidak was off-duty at the time of the alleged offences. The Met has referred itself to the Independent Office for Police Conduct following the allegations.

[5] Prince Harry to pay legal costs to Mail on Sunday - BBC News
The headline said the duke had ""tried to keep his legal fight with the government over police bodyguards a secret"", but that his ""PR machine tried to put a positive spin on the dispute"" after the story broke. The prince's lawyers had sought to throw out Associated Newspapers' defence, arguing it had ""no real prospect of success"" - but in a ruling last week, the judge rejected this, saying that the case should go forward to a trial. Mr Justice Nicklin said the newspaper group's argument that this was ""honest opinion"" had a ""real prospect"" of successfully defending the case. He also said there was a real prospect of the newspaper proving its side of a dispute over the timing of when Prince Harry first offered to make a private payment towards the cost of his police protection.
The dispute relates to an article about Prince Harry's security arrangements. The Mail on Sunday article had discussed changes to the prince's publicly funded security that had happened after he had stopped being a working royal and had moved to the United States. In this long-running libel case, the prince has claimed the story falsely suggested he had ""lied"" and ""cynically"" tried to manipulate public opinion. The headline said the duke had ""tried to keep his legal fight with the government over police bodyguards a secret"", but that his ""PR machine tried to put a positive spin on the dispute"" after the story broke.","The Metropolitan Police has decided not to launch an investigation into Prince Andrew despite a report from the anti-monarchist group Republic regarding allegations linked to the Epstein files. The police stated there was no clear justification for taking action, and Prince Andrew has consistently denied any wrongdoing. Recent unsealed court documents include testimony suggesting that Prince Andrew spent significant time at Jeffrey Epstein's Florida mansion and received daily massages, but these remain allegations rather than confirmed findings. The ongoing discussions surrounding these allegations have reignited public interest, particularly with the upcoming dramatization of Prince Andrew's controversial Newsnight interview.",False,90b3b56edee11ea4|326c524eab68f8b5|e2bf59be1ee1ecce|27195705347f2a63|8befabcb4a0c3071,0.6683,0.3071,5
2e4b9c8d039eb7b0,M_nocap,Royal Mail Saturday post reform options,"[1] Royal Mail's Saturday post should stay, government says - BBC News
The government has said it would not support Royal Mail scrapping post deliveries on Saturdays. The company has said it would like deliveries from Monday to Friday only. But Downing Street said the government ""would not countenance"" such a move, as a review by regulator Ofcom is looking into the future of the postal service. ""The PM's strong view is that Saturday deliveries provide flexibility and convenience,"" said Rishi Sunak's spokesperson on Monday.
The regulator has not commented on what the options will be. Royal Mail posted a £319m loss for the first half of the current financial year and the business, which is owned by shareholders, has been calling for urgent reform since 2020. It has said previously that it would like to go from delivering six days a week to five, from Monday to Friday only. Ofcom has said that while it will publish options for how the postal service might need to change, it would ""ultimately be for the UK government and Parliament to determine whether any changes are needed to the minimum requirements of the universal service"".

[2] Post Office may face £100m tax bill over victim payouts - experts - BBC News
The Post Office said its financial information was ""appropriate and accurate"". It has been paying out to sub-postmasters who have had their theft convictions quashed. Repaying the alleged shortfall to HMRC could render the Post Office technically insolvent and would involve the government stepping in to financially support it. However as the Post Office is owned by the government, exacting financial penalties is tantamount to the government fining itself and no-one is suggesting the Post Office will cease to function.
It continues ""the Directors recognise that an adverse outcome could be material"". Mr Neidle estimates that deducting postmaster compensation from the Post Office's trading profit would mean that it underpaid more than £100m in corporation tax. The Post Office does not currently have enough money to pay that bill and would therefore, Mr Neidle argues, be technically insolvent. A spokesman said that HMRC could not comment on specific business or individuals but said: ""We collect the tax due under the law, creating a level playing field for everyone and funding public services.

[3] Post Office scandal: Rishi Sunak considers measures to clear all victims - BBC News
The ITV series focuses on the Post Office's former chief executive, Paula Vennells. But Lord Arbuthnot said: ""There are so many people who behaved so very badly that I think it is probably wrong to focus on one person. ""At the moment, scores of people have got away with things which they should not have got away with and I hope they will not as a result of the public inquiry run by Sir Wyn Williams."" Until 2012, the Post Office was part of Royal Mail before it was split off.
Until 2012, the Post Office was part of Royal Mail before it was split off. Between 2003 and 2010, Adam Crozier was chief executive of Royal Mail. He went on to lead ITV and is now chairman of BT. He was replaced by Dame Moya Greene who ran Royal Mail for eight years, during which time the company was privatised and listed on the London Stock Exchange in 2013.

[4] Royal Mail could deliver on three days, regulator says - BBC News
Royal Mail could reduce the number of days it delivers letters from six per week to five or even three, under proposals to reform the service. A report from the regulator said the postal service was ""getting out of date"" and action needed to be taken. Ofcom said another option would be extending the number of days it takes for most letters to be delivered. Royal Mail said its current delivery network was ""not sustainable"" and that reform was ""urgently needed"".
Royal Mail's performance has also deteriorated, with customers regularly not receiving letters about medical appointments and legal documents on time. Dame Melanie Dawes, Ofcom's chief executive, said the regulator was sharing options for reforming the service, putting them out for ""national discussion"", with an update scheduled for the summer. ""Something's got to give, or the service is going to be too costly, and either stamp prices will go up or it will become unsustainable,"" she told BBC Breakfast. The government has said it does not support the idea of scrapping postal deliveries on Saturdays.

[5] Post Office scandal: Former minister calls for mass appeal against convictions - BBC News
It has the power in England and Wales to do so, and its appointed lawyers presented the evidence in court. The situation is different in Scotland and in Northern Ireland. Prime Minister Rishi Sunak has said the government is reviewing options, including stripping the Post Office of its role in the appeal process, and is also looking at how to speed up the compensation process, amid concerns it has been far too slow. On Monday, a petition calling for the former Post Office chief executive, Paula Vennells, to lose her CBE over the scandal passed more than one million signatures.
""Now it is their turn to be investigated and find out who knew what, why and when this all happened."" The Metropolitan Police is now investigating the Post Office over potential fraud offences arising from the prosecutions. The advisory board overseeing compensation for victims also renewed a call on Monday for all Post Office staff wrongly accused of theft and false accounting to have their convictions overturned. Its chairman, Prof Chris Hodges, told the BBC: ""We've come to the conclusion that the obvious thing to do is the right thing to do, which is for parliament to pass a very simple act, overturning all of them.""","The coverage discusses the ongoing debate regarding Royal Mail's delivery schedule, particularly the proposal to eliminate Saturday deliveries. The government has expressed strong opposition to this idea, emphasizing the importance of Saturday deliveries for customer convenience. Meanwhile, the regulator Ofcom is exploring various reform options for the postal service, including potentially reducing delivery days from six to five or even three, citing the need for urgent reform due to the service becoming outdated. Royal Mail has reported significant financial losses and indicated that its current delivery model is unsustainable, prompting discussions about necessary changes.",False,d3edd1ab72b5c505|6e760ac156a6441b|a759ba1ff1e97a8c|070956fe9747473b|0a5fa0a6fc09ec39,0.6765,0.3494,5
fb139a5996b312cc,M_nocap,pro-Israel rally calling for hostages' release in London,"[1] Israel says South Africa distorting the truth in ICJ genocide case - BBC News
These show some of the more than 130 Israelis who are still being held hostage by Hamas, which is banned as a terrorist group in the US, UK, EU and elsewhere. South Africa asserts that Israel is in violation of the 1948 Genocide Convention, to which both states are signatories, and which commits parties to prevent genocide from happening. Israel has been waging a war against Hamas, Gaza's ruling group, since 7 October, when hundreds of Hamas gunmen invaded Israel, killing about 1,200 people and taking some 240 others back to Gaza as hostages. Members of the hostages' families were in the ICJ courtroom to hear Israel state its case.
Banners were unfurled showing images of Nelson Mandela, referencing parallels drawn by South Africa's legal team between the situation in Gaza and the former apartheid era in South Africa. A few hundred metres away, a symbolic Sabbath table had been laid. Photographs were attached to the back of empty chairs. These show some of the more than 130 Israelis who are still being held hostage by Hamas, which is banned as a terrorist group in the US, UK, EU and elsewhere.

[2] Thousands attend pro-Palestinian march in London - BBC News
This was the seventh national pro-Palestinian march held in London following the unprecedented Hamas attacks on southern Israel on 7 October which led to around 1,200 people being killed and more than 240 kidnapped. More than 23,000 people have been killed in Gaza since Israel began its retaliatory bombing campaign and launched a subsequent ground campaign, according to the Hamas-run health ministry. Protests have taken place most weekends in the British capital and have been attended by tens of thousands of largely peaceful people. But there have been dozens of arrests for a variety of public order offences, including people chanting or carrying placards with antisemitic slogans and for supporting Hamas - which is a proscribed terrorist organisation in the UK.
""Two for offensive placards, one for being in possession of stickers to be used for criminal damage and the three arrested under the Terrorism Act,"" the Met said on social media. Ahead of the march, Deputy Assistant Commissioner Laurence Taylor from the Met warned people who ""intentionally push the limit"" on placards or chanting slogans that they face arrest. Alongside the heavy police presence, including forces from outside of London, police handed out flyers to protesters which said ""keep on the right side of the law"". This was the seventh national pro-Palestinian march held in London following the unprecedented Hamas attacks on southern Israel on 7 October which led to around 1,200 people being killed and more than 240 kidnapped.

[3] Kerem Shalom crossing: Israeli protesters hold up aid trucks to Gaza - BBC News
Families of hostages and supporters walking toward the Israel-Egypt border in Kerem Shalom on Thursday. Hundreds of Israeli protesters have blocked some humanitarian aid trucks from entering Gaza for a third day. Demonstrators, including families of hostages still held in Gaza, waved Israeli flags at a key crossing and chanted against ""aiding the enemy"". The protesters say they are demanding no aid for Gaza until all of the hostages are released.
Israeli media report that although some of the protesters are related to hostages, others are the parents of IDF soldiers currently deployed in Gaza, with another group representing right-wing activists who promote a return of Jewish settlements to Gaza. The demonstration took place amid unconfirmed reports that Israeli and American officials will hold ""critical"" hostage talks with Qatari and Egyptian mediators in Europe in the coming days. The reports suggest that the director of the US Central Intelligence Agency, William Burns, and the Mossad chief, David Barnea, will meet Qatar's Prime Minister and Foreign Minister, Sheikh Mohammed bin Abdulrahman al-Thani, to discuss the release of more than 100 Israeli hostages and a pause in fighting in Gaza. The White House has described the talks as ""sober"" and ""serious"" efforts, involving players who were key to sealing a previous agreement in November.

[4] 100 days since Hamas attacked Israel, triggering war in Gaza - BBC News
Families of Israeli hostages held in Gaza joined a massive rally in Tel Aviv marking a hundred days of their captivity One hundred days ago, the previously unthinkable happened in Israel. A state, born out of adversity and war only 75 years ago, woke up to what some have since described as a threat to its very existence. On Saturday night, in Tel Aviv, the events of 7 October were commemorated by thousands of people.
On Saturday night, in Tel Aviv, the events of 7 October were commemorated by thousands of people. Uppermost on the minds of everyone were the around 130 hostages abducted by Hamas and still being held in Gaza, although some of them may not still be alive. Just after dawn 100 days ago, thousands of heavily armed Hamas fighters stormed through and over the Gaza border fence in several different places. They attacked kibbutzim, military bases and border towns, accustomed to rocket attacks from Gaza but overwhelmed by the scale of the Hamas incursion.

[5] South Africa's genocide case against Israel: Both sides play heavy on emotion in ICJ hearing - BBC News
There could hardly be a more weighty matter. Both sides have played heavily on the strong emotions swirling around the conflict that erupted on 7 October last year. Around 1,200 people - most of them civilians - were killed and about 240 others were taken hostage during the Hamas attack on southern Israel. More than 23,350 people have been killed - mostly children and women - during Israeli retaliatory attacks on Gaza, according to the Hamas-run health ministry.
But on Friday morning Israel hit back, with a mixture of its own emotion and a forensic assault on the South African case. Images of 132 missing Israelis - most of them still being held hostage in Gaza - were shown to the court. ""Is there a reason these people on your screen are unworthy of protection,"" Tal Becker, a hugely experienced legal adviser at Israel's Foreign Ministry, asked the court. Mr Becker and his colleagues were scathing about South Africa's submission, arguing that if anyone was guilty of genocide, it was Hamas.","The coverage does not report on a pro-Israel rally in London specifically calling for the release of hostages. However, it mentions that families of hostages in Israel have been actively protesting, including blocking humanitarian aid trucks to Gaza, demanding no aid until all hostages are released. Additionally, there are references to significant rallies in Tel Aviv where families of hostages gathered to mark the ongoing captivity of around 130 individuals taken by Hamas. The broader context includes ongoing protests in London related to the conflict, but none specifically focus on a pro-Israel rally for hostages.",False,f379a2f8fd66aec7|a695d708eeb42529|51a9aabdd6bf2096|6db4924d15b74dad|c903404bb5d1e574,0.6572,0.3191,5
295e76dcda916a46,M_nocap,man jailed for planning revenge mass shooting,"[1] Nottingham attacks: Triple killer had history of mental health problems - BBC News
Calocane was arrested shortly after the attacks A man who stabbed three people to death in Nottingham had been detained four times under mental health laws before the attacks, a court was told. Nottingham Crown Court heard Calocane, 32, believed MI6 was spying on him. He admitted three counts of manslaughter and three of attempted murder.
Mr Justice Turner, hearing the Crown's opening ahead of sentencing, was told Calocane was recorded as not being at home in August 2022 following a visit to his discharge address, with a resident saying no-one of that name lived there. It also emerged at the hearing that in early May 2023 - about five weeks before he killed three people - Calocane started working in a warehouse in Kegworth, Leicestershire, where he allegedly attacked two employees. Following that incident, efforts were made to contact Calocane to tell him that he was not allowed back on the premises, but he did not respond. For approximately six months before the multiple stabbing and van attacks, Calocane was living in a multi-occupancy house in Burford Road, Forest Fields, Nottingham, where a housemate found him to be ""somewhat distant, never speaking unless spoken to and only then giving short responses"".

[2] Liverpool shooting: Arrest after shots fired at Showcase cinema and shop - BBC News
A man has been arrested after shots were fired at a cinema, a newsagent and a house in Liverpool. The Showcase Cinema in Croxteth was put into lockdown on Wednesday night when a man threatened staff in the foyer before shooting outside, police said. One witness said he was ""terrified"" to see armed officers and was kept inside for over 45 minutes. No-one was hurt.
No-one was hurt. A 49-year-old man was arrested at about 04:46 GMT in Fazakerley after a Taser was used. He was detained on suspicion of possession of a Section 1 firearm with intent to endanger life and robbery. He was taken to a police station on Merseyside where he remains in custody.

[3] Gaza war creating a radicalisation moment, senior UK police officer says - BBC News
The counter-terrorism command is also dealing with an increased threat from hostile states, principally Russia, Iran and China. In a recent case, an Austrian man, Magomed-Husejn Dovtaev, was jailed for three years after being spotted by security guards carrying out ""hostile reconnaissance"" on an Iranian media company in Chiswick, London, which had been threatened due to its reporting on Iran. Police are also concerned states targeting the UK are paying criminals to carry out their activities, because an organised crime gang may find it easier to operate across borders and move weapons than a spy. A new investigations team has been set up to counter hostile states, closely linked to the security and secret intelligence services, MI5 and MI6.
The Israel-Gaza war has created a new ""radicalisation moment"" in the UK with the potential to push more people towards terrorism, the head of counter-terrorism policing has said. Matt Jukes said ""extraordinary amounts"" of online comment, amplified by misinformation and AI-generated false images, had fuelled the ""intense risk"". He compared the effect of the conflict to wars in Iraq, Afghanistan and Syria. There have now been 33 arrests under terrorism laws related to Israel-Gaza.

[4] Nottingham attacks suspect Valdo Calocane back in court - BBC News
The 31-year-old gave his name in court as Adam Mendes. Scheduling a trial date of 12 January, the judge said the victims' families had been ""profoundly and devastatingly affected by the case"". Wearing a grey prison jumper and tracksuit, Mr Calocane was remanded in custody after no application was made for bail at Nottingham Crown Court on Tuesday morning. University of Nottingham students Mr Webber and Ms O'Malley-Kumar were fatally stabbed on Ilkeston Road just after 04:00 BST on Tuesday, while Mr Coates was found dead with knife injuries on Magdala Road after his van was allegedly stolen.
Triple-murder accused Valdo Calocane appeared at Nottingham Crown Court, giving his name as Adam Mendes A man charged with the murders of three people who died in attacks in Nottingham has appeared in court. Valdo Calocane is accused of killing 19-year-old students Barnaby Webber and Grace O'Malley-Kumar, and school caretaker Ian Coates, 65, on 13 June. The 31-year-old gave his name in court as Adam Mendes.

[5] Stephen Bear made £22,000 from sex tape, court hears - BBC News
Stephen Bear was jailed for 21 months in March after being convicted of voyeurism and disclosing private, sexual photographs and films Former TV personality Stephen Bear made £22,305 after he uploaded a sex tape without the consent of his ex-partner, a court has heard. Bear, 34, was jailed for uploading footage of himself and Love Island star Georgia Harrison to OnlyFans. A Proceeds of Crime Act hearing was told he made considerable profits from subscribers after uploading the video.
This number increased by 822 after a month of the video being published which could be viewed for $9.99 (£7.95), she continued. Bear, from Loughton, was jailed for 21 months in March 2023 after a jury found him guilty of voyeurism and disclosing private, sexual photographs and films. He was released from HMP Brixton, in London, earlier this month. Ms Mackenzie said she calculated the £22,305.46 based on fees paid by viewers and based on the amount of subscribers he gained.","The evidence does not provide information specifically about a man jailed for planning a revenge mass shooting. It discusses various incidents, including a triple murder in Nottingham by a man with a history of mental health issues, a shooting incident in Liverpool, and concerns about radicalization related to the Israel-Gaza conflict. However, none of these reports directly relate to the query about a man jailed for planning a revenge mass shooting.",False,c7b08f42e174cbe0|11bc3fc1cb900287|c0bcec61827baf44|9b5415fef21db935|2b635938cf73327d,0.4297,0.3094,5
eb6d55bf545c1043,M_nocap,Ed Davey claims Post Office misled him,"[1] Post Office may face £100m tax bill over victim payouts - experts - BBC News
The Post Office said its financial information was ""appropriate and accurate"". It has been paying out to sub-postmasters who have had their theft convictions quashed. Repaying the alleged shortfall to HMRC could render the Post Office technically insolvent and would involve the government stepping in to financially support it. However as the Post Office is owned by the government, exacting financial penalties is tantamount to the government fining itself and no-one is suggesting the Post Office will cease to function.
It continues ""the Directors recognise that an adverse outcome could be material"". Mr Neidle estimates that deducting postmaster compensation from the Post Office's trading profit would mean that it underpaid more than £100m in corporation tax. The Post Office does not currently have enough money to pay that bill and would therefore, Mr Neidle argues, be technically insolvent. A spokesman said that HMRC could not comment on specific business or individuals but said: ""We collect the tax due under the law, creating a level playing field for everyone and funding public services.

[2] Post Office scandal: Rishi Sunak considers measures to clear all victims - BBC News
People made decisions on faulty data that they probably knew was faulty."" A Post Office spokesperson said: ""We share fully the aims of the public inquiry to get to the truth of what went wrong in the past and establish accountability. It's for the inquiry to reach its own independent conclusions after consideration of all the evidence on the issues that it is examining."" The Metropolitan Police is now investigating the Post Office over potential fraud offences arising from the prosecutions.
Rishi Sunak told the BBC's Sunday with Laura Kuenssberg that the scandal was ""an appalling miscarriage of justice"". The Post Office - which is wholly-owned by the government - acted as the prosecutor when it brought the cases against its sub-postmasters and retains a role when those individuals appeal. In some cases it has opposed attempts by sub-postmasters to clear their names. Asked by Laura Kuenssberg if the Justice Secretary Alex Chalk was looking at whether all those convicted could be exonerated or the Post Office could be stripped of its role, Mr Sunak said: ""Obviously, there's legal complexity in all of those things but he is looking at exactly those areas that you've described.

[3] Post Office victims' compensation pot cut by half - BBC News
Last week, Prof Hodges said the convictions were ""unsafe not only because they relied on the Horizon computer evidence, but also because of egregious systemic Post Office behaviour in interviews and pursuing prosecutions"". ""This led to guilty pleas and false confessions, driven by legal advice to victims to minimise sentences, and by the psychological pressure of dealing with an institution systematically disregarding the truth and fairness,"" he said. His board therefore decided the only viable approach was for all Post Office-driven convictions over the Horizon period to be overturned, so that the victims of the scandal could be receive compensation. Nick Read, the Post Office's chief executive, said in its annual accounts that ""any suggestion that today's Post Office is deliberately placing obstacles in the way of that outcome is wholly misplaced"".
Nick Read, the Post Office's chief executive, said in its annual accounts that ""any suggestion that today's Post Office is deliberately placing obstacles in the way of that outcome is wholly misplaced"". He said: ""Set against the processes and procedures we have to follow to both secure the necessary funding from government for compensation payments and to make them, we have made good progress. ""We will not rest until justice is achieved, and full and fair compensation paid, for all those so badly affected by the events of the past."" A Post Office spokesperson added it encourages ""people who believe they were wrongly convicted, for any reason, to consider an appeal"".

[4] Chris Mason: A TV drama may help deliver change for sub-postmasters - BBC News
Sir Ed Davey is one of them, a postal affairs minister during the coalition government, now the Liberal Democrat leader, facing intense scrutiny in a general election year. Those questions will continue, but there now appears to be a momentum around change, and trying to deliver it quickly. After all these years, hundreds of sub-postmasters are watching, waiting and hoping that - finally - justice might be getting closer.
Plenty of MPs, from the prime minister down, are sympathetic. Ms Vennells has said she is 'truly sorry' for the suffering caused by the Post Office - which, we should remember - the government owns outright. And for the former ministers, some Labour, some Liberal Democrat and some Conservative, responsible for the Post Office since 1999, when this can all be traced back to. Sir Ed Davey is one of them, a postal affairs minister during the coalition government, now the Liberal Democrat leader, facing intense scrutiny in a general election year.

[5] Post Office scandal: Former minister calls for mass appeal against convictions - BBC News
It comes as ministers met on Monday to consider ways of clearing the names of hundreds of sub-postmasters. Between 1999 and 2015, more than 700 Post Office branch managers were convicted of false accounting, theft and fraud based on the faulty Horizon software. Some sub-postmasters wrongfully went to prison, many were financially ruined. Some have since died.
However, former sub-postmistress Ms Felstead told the BBC that while the process of helping former sub-postmasters needed to be sped up, she cautioned against a mass exoneration. ""I think we need to be really careful that we're not just going to go and turn everybody's convictions over, just in case you have that one person that has committed a crime and you've just turned over their conviction,"" she said. A Post Office spokesperson has previously said it shares the ""aims of the public inquiry to get to the truth of what went wrong in the past and establish accountability"". This Panorama special tells the story of those whose lives were utterly devastated, reveals the damning evidence that was kept from them and investigates how and why the Post Office, a multinational tech company and the government covered up the truth for so long.","The coverage discusses the ongoing fallout from the Post Office scandal, where many sub-postmasters were wrongfully convicted based on faulty data from the Horizon computer system. Ed Davey, a former postal affairs minister, is mentioned in the context of the scrutiny faced by past ministers regarding their roles in the scandal. The Post Office has acknowledged the need for accountability and is cooperating with a public inquiry aimed at uncovering the truth behind the wrongful prosecutions. There are calls for a mass appeal to clear the names of those affected, although caution is advised to ensure that genuine cases of wrongdoing are not overlooked.",False,6e760ac156a6441b|a759ba1ff1e97a8c|e10abb8eb3809954|08323bf4e890657c|0a5fa0a6fc09ec39,0.6437,0.359,5
f45528dc9196244f,M_nocap,Cummings claims Sunak sought secret election strategy work,"[1] Rishi Sunak urges Lords to back Rwanda bill - BBC News
However, this is almost impossible to prove unless an MP chooses to publish their letter. It would take 15% of the parliamentary party - currently 53 MPs - to submit letters to trigger a no-confidence vote. After this a majority of Tory MPs would have to vote against Mr Sunak in a secret ballot for him to be removed as leader.
Debate over the bill has exposed the deep divisions within the Conservative Party. On Tuesday two deputy party chairmen - Lee Anderson and Brendan Clarke-Smith - as well as a ministerial aide, Jane Stevenson, quit their roles to rebel against the government and vote for changes to the bill. The BBC has been told a handful of Tory MPs have submitted letters calling for a vote of confidence in Mr Sunak. However, this is almost impossible to prove unless an MP chooses to publish their letter.

[2] Chris Mason: Rwanda bill a reminder of Brexit Tory divisions - BBC News
Plenty of Tory MPs now think it is entirely possible a sufficient number of their colleagues will register a loss of confidence in Mr Sunak that he faces a vote of confidence. In all likelihood he would win such a vote, but it even happening would be crippling to his authority. Let's be clear: It may well not happen. But a range of folk with a deep knowledge of the parliamentary party think it could.
But a range of folk with a deep knowledge of the parliamentary party think it could. Oh and one final thought. Before that moment on Tuesday, Mr Sunak has another big moment on Monday: Appearing at the Covid inquiry.

[3] Simon Clarke's call for Rishi Sunak to go sparks backlash - BBC News
Conservative MPs can only trigger a leadership election if 53 MPs write to the chair of the 1922 Committee requesting one. In his Telegraph op-ed, Sir Simon said ""the Conservative Party under Rishi Sunak once again stands on the opposite, crumbling bank of this widening precipice"". The former levelling up secretary said Tory MPs might be ""afraid"" of electing a fourth leader in two years but asked: ""Which is worse: a week of chaotic headlines in Westminster, or a decade of decline under Keir?"" Sir Simon's comments come after a week of open rebellion against Mr Sunak over his flagship Rwanda Bill, which aims to deter migrants from crossing the Channel in small boats.
After serving as chief secretary to the Treasury while Mr Sunak was chancellor, Sir Simon became an enthusiastic supporter of Liz Truss's leadership bid and joined her cabinet. Rishi Sunak is asked by the Labour leader why his own MPs consider him an ""obstacle to recovery"". A source close to Ms Truss said she ""had no idea what Simon Clarke is/was up to and is in no way supportive of what he is saying"". Conservative MPs can only trigger a leadership election if 53 MPs write to the chair of the 1922 Committee requesting one.

[4] PMQs gives taste of political mud-slinging to come - BBC News
His previous career also came under fire, with a claim that he was ""making millions betting the misery of working people during the financial crisis"". But Sir Keir's primary focus was on splits within the Conservatives. He accused Mr Sunak of being ""bullied"" by his own party, after former minister Sir Simon Clarke called for him to be replaced as PM. Rishi Sunak is asked by the Labour leader why his own MPs consider him an ""obstacle to recovery"".
Some Conservatives may be trying to force a change of leader, but at Prime Minister's Questions we got a taste of the political cut and thrust we will see until the election, assuming Rishi Sunak remains in place. Sir Keir Starmer darted around different issues, using each of them as an opportunity to land personal attacks on Mr Sunak. The Labour leader targeted Mr Sunak's wealth and background, repeating a charge from earlier this month that the prime minister ""doesn't understand"" Britain. His previous career also came under fire, with a claim that he was ""making millions betting the misery of working people during the financial crisis"".

[5] Chris Mason: Get ready - general election talk will dominate 2024 - BBC News
For the Conservatives, the scrutiny has been incessant and Rishi Sunak has attempted multiple reboots to try to improve his political fortunes. So far at least, they haven't seemed to work. Let's put the coming general election into a bit of historical context. In the past century, no party has won five general elections in a row.
That has practical campaigning consequences: if you are Keir Starmer - or any of the other opposition leaders - what do you announce in, say, March, when the election might be two months away, or seven months away? Or more, or less? For Labour, in particular, we are still in the foothills of scrutiny; this will notch up and up and up with every passing week next year. For the Conservatives, the scrutiny has been incessant and Rishi Sunak has attempted multiple reboots to try to improve his political fortunes.","The coverage discusses the internal challenges facing Rishi Sunak's leadership within the Conservative Party, highlighting potential divisions and calls for a vote of confidence against him. Some Conservative MPs believe that a sufficient number of colleagues may register a loss of confidence, which could lead to a vote, although it is uncertain if this will happen. The situation is exacerbated by public criticisms from party members, including calls for Sunak to step down, as well as accusations from opposition leaders regarding his effectiveness and understanding of the public's needs. Overall, the political landscape is marked by significant scrutiny and potential instability for Sunak's leadership.",False,0dfa6d881764a15d|0c1e6ceceac6bad0|e6b72ff26422bb2b|b5e19b8ae9c33533|61f59405374ca172,0.4942,0.2463,5
fa893231a293d846,M_nocap,Rochdale Labour MP dies peacefully at home,"[1] Jo Cox Foundation: Abuse of politicians is a threat to democracy, report says - BBC News
Two MPs have been murdered in the last eight years, including Ms Cox. Sir David Amess was killed while holding an MP surgery in his Southend constituency in 2021. The Jo Cox Foundation was set up in memory of the MP who was murdered in 2016 The commission has made 28 recommendations it believes are needed to protect political figures while still allowing for robust debate.
""Yet too often, our politics is dissolving into abuse, threats, and violence that only serve to undermine the democratic process."" Gordon Brown said he hoped Ms Cox's death would be a ""turning point"" in the ""downward spiral"" in the UK's political culture. Theresa May said ""a fitting tribute"" to her memory would be ""to take action on abuse and intimidation, which otherwise deters people from putting themselves forward and standing for election"". Lord David Cameron, now foreign secretary, said: ""The Jo Cox Foundation has led this commission to show a way forward that makes our democracy safer and civil for those who are elected to represent us.""

[2] Charmian Abrahams: Crossroads actress, 96, killed by delivery van - BBC News
At 96 she was still full of life and energy and fiercely independent,"" they said. ""We are devastated that her life has been brought to an end so suddenly and tragically, but we will treasure our memories of her zest for life and the many good times we shared with her."" West Midlands Police said its serious collision investigation unit was looking into the crash, which happened on Lordswood Road at about 11:40 GMT. The force is appealing for any further witnesses or anyone with dashcam footage to come forward.
A woman who was run over and killed in Birmingham was the former Crossroads actress Charmian Abrahams, it has emerged. The 96-year-old was hit by a delivery van in Harborne on Monday. She was best known for playing Mavis Hooper in the ATV/Central drama, set in a fictional village near Birmingham. During her career, she worked with acting legends including Sir Noël Coward, Albert Finney and Sir Ian McKellen.

[3] Ruth Perry: Ofsted chief promises sister minute's silence - BBC News
Ruth Perry was the head teacher at Caversham Primary School, in Reading Ofsted inspectors will hold a minute's silence for head teacher Ruth Perry during training around mental health. Mrs Perry, whose suicide was linked to an inspection by the education watchdog, died on 8 January 2023. Her sister, Prof Julia Waters met Ofsted head Sir Martyn Oliver earlier to discuss reforms in the organisation.
The court heard she took her own life while awaiting the publication of a report downgrading her school from ""outstanding"" to the lowest rating of ""inadequate"". Ruth Perry's sister reacts after inquest returns conclusion into her death Sir Martyn has paused inspections until later in January while staff receive training on how to spot signs of stress among teachers during school visits. Speaking after their two-hour meeting, Prof Waters said: ""He started talking about the training that's starting next week, but he did say 'I recognise that training starts on the anniversary of Ruth's death'.

[4] Norwich deaths: Police took father to hospital weeks before stabbings - BBC News
Bartlomiej Kuczynski, 45, Jasmin Kuczynska, 12, and nine-year-old Natasha Kuczynska were found dead by police officers in Costessey on Friday A father was taken to hospital by police weeks before he was found dead with his sister-in-law and two children. Bartlomiej Kuczynski, 45, was found at a house in Costessey, near Norwich, on Friday, along with Jasmin Kuczynska, 12, Natasha Kuczynska, eight and Kanticha Sukpengpanao, 36, All died from stab wounds to the neck.
All died from stab wounds to the neck. Mr Kuczynski's death is not being treated as suspicious but the other three are being treated as murder. The four bodies were discovered by police officers at a house in Allan Bedford Crescent, Queen's Hills, on Friday morning. It has emerged that Mr Kuczynski was taken to the emergency department at Norfolk and Norwich University Hospital by police on 14 December, the same day he was reported as a missing person.

[5] Norwich deaths: Four people found at house are named - BBC News
Mr Cross says Natasha's death is ""really hard"" for pupils and staff Follow East of England news on Facebook, Instagram and X. Got a story? Email eastofenglandnews@bbc.co.uk or WhatsApp 0800 169 1830
Bartlomiej Kuczynski (left), 45, Jasmin Kuczynska, 12, and nine-year-old Natasha Kuczynska were found dead by police officers in Costessey on Friday Police have confirmed the names of four people from the same family who were found dead at a house near Norwich. Police said the deceased were Bartlomiej Kuczynski, 45, Kanticha Sukpengpanao, 36, Jasmin Kuczynska, 12 and Natasha Kuczynska, nine. Post-mortem examinations showed Mr Kuczynski and Ms Sukpengpanao died from stab wounds to the neck.",INSUFFICIENT_EVIDENCE,False,c2472f252143b22b|e1ab9e570e261987|e69d6c0050ef2cc2|31f3cb7b83367a75|a85b057c396d2883,0.5376,0.2965,5
3ee8ef988f72fa5d,M_nocap,mother in court after children's deaths,"[1] Michigan school shooter's mum weeps as she goes on trial - BBC News
A mother who is the first US parent ever to go on trial for failing to stop her son from carrying out a deadly school shooting has sobbed in court as she saw CCTV of the attack. Jennifer Crumbley's lawyer said the prosecution was intended to ""send a message to gun owners"". Her son is serving life in prison for killing four classmates at Oxford High School in Michigan in 2021. Mrs Crumbley's husband, James, is facing a separate trial on the same charges, which are punishable by up to 15 years in prison.
Prosecutor Marc Keast told the jury: ""Jennifer Crumbley didn't pull the trigger that day, but she is responsible for those deaths."" ""We're not here to talk about good parenting or bad parenting,"" he added. ""It's not illegal to be a bad parent."" Prosecutors say that Mr and Mrs Crumbley gave their son the murder weapon as a Christmas gift, and did not help him get the mental health support he needed.

[2] Constance Marten trial: Dead baby 'well cared for' by parents, court told - BBC News
Prosecutors allege the baby died as a result of living outdoors in wintry conditions, but in an opening address to the jury, John Femi-Ola KC, who is defending Mr Gordon, said: ""The baby was kept warm and dry, and was fed such as she was well-nourished. The baby did not require medical assistance."" He said there was no evidence of any sign of violence, and no sign of external or internal injuries. Mr Femi-Ola said there was no intention by the couple to pervert the course of justice by deliberately allowing Victoria's body to decompose, because Ms Marten wanted a post-mortem examination to know ""how her beloved baby died"".
He rejected the defence's suggestion Ms Marten would not have allowed a stranger to place his hand on the baby's head, and maintained the exchange happen. The prosecution maintains baby Victoria would still be alive were it not for the ""reckless, utterly selfish, callous, cruel, arrogant and ultimately grossly negligent conduct"" of her parents. Outlining the case against the defendants on Thursday, prosecutor Tom Little KC told jurors the couple previously had four other children, all of whom had been taken into care after extensive involvement from social services. The court has heard the couple were living in a tent on the South Downs - which the prosecution says deprived the baby of what it needed, namely warmth, food and safety.

[3] Eaglescliffe woman found not guilty of 'home abortion' - BBC News
Prosecutors said there was ""no real prospect"" of convicting 22-year-old Bethany Cox A woman charged with carrying out an illegal abortion on herself has been found not guilty on the eve of her trial after the prosecution dropped the case due to ""evidential difficulties"". Bethany Cox, 22, from Eaglescliffe in Stockton, was accused of child destruction and using misoprostol to procure her own miscarriage in 2020. She pleaded not guilty to both charges at Teesside Crown Court in August 2023.
The first charge stated that on 6 July in Stockton she administered drugs to procure an abortion with the intent to destroy the life of a child capable of being born alive. The second alleged that between 2 and 7 July she administered misoprostol with ""intent to procure your own miscarriage"". A CPS spokesperson said: ""Cases of this nature are carefully considered and a prosecution will only take place where the evidential standard has been met. ""Following a further review of this case, we have concluded that our legal test is no longer met.""

[4] Constance Marten trial: Baby kept in Lidl bag before being dumped, court told - BBC News
A baby whose body was found in a shed spent much of her life being carried in a Lidl ""bag for life"" while her parents lived ""off-grid"", a court has heard. Constance Marten, 36, and Mark Gordon, 49, are on trial for the manslaughter of newborn Victoria, whose body was discovered in March 2023 after a weeks-long search for the family. Prosecutors said the baby would still be alive if it were not for the ""reckless"" behaviour of the defendants. Outlining the case against the defendants, prosecutor Tom Little KC told jurors the couple previously had four other children, all of whom had been taken into care after extensive involvement from social services.
Outlining the case against the defendants, prosecutor Tom Little KC told jurors the couple previously had four other children, all of whom had been taken into care after extensive involvement from social services. He said the couple ""essentially went off-grid"" and lived outside to avoid social services removing their new baby, concealing the pregnancy from family and the health service. The Old Bailey heard that only the defendants knew the precise date the baby was born, but the prosecution said she appeared to have been born after 28 December 2022. On 5 January, a car the family had allegedly been travelling in was discovered on fire on a road in Greater Manchester.

[5] Alfie Steele: Mum and partner guilty of killing boy in bath - BBC News
Dirk Howell, 41, was found guilty of murdering the young boy and his mother, Carla Scott, was convicted of his manslaughter. Jurors cleared her of Alfie's murder. They were told by the judge they would never have to sit on a jury again. After weeks of hearing horrific details of the nine-year-old's final months, the jury deliberated for 10 hours over the verdicts.
Alfie had more than 50 injuries on his body when he died, the court heard A mother and her partner have been convicted of killing her nine-year-old son in the bath after months of abuse. Alfie Steele was found unresponsive at his home in Droitwich, Worcestershire, in February 2021. Dirk Howell, 41, was found guilty of murdering the young boy and his mother, Carla Scott, was convicted of his manslaughter.","The coverage reports on several court cases involving mothers and their children. In one case, Jennifer Crumbley is on trial for her role in her son's school shooting, with prosecutors arguing that she is responsible for the deaths despite not pulling the trigger, as she allegedly provided him with the murder weapon and failed to seek mental health support for him. Another case involves Constance Marten and Mark Gordon, who are accused of manslaughter after their newborn baby died while they lived off-grid; prosecutors claim their reckless behavior led to the baby's death. Additionally, Carla Scott was convicted of manslaughter for her role in the death of her son, Alfie Steele, who suffered severe abuse before his death.",False,a0c85641a86ebc36|a3a9f4a3158e31d6|9dcf699ebdcc882c|737f482209fa8859|83bf459276d45ad1,0.5582,0.2852,5
3d8db36e3cf3f83d,M_nocap,children's home shut after Ofsted report,"[1] Ofsted sorry for its role in Ruth Perry's suicide - BBC News
Sir Martyn Oliver took over as chief Ofsted inspector on 1 January Ofsted has also changed its confidentiality rules, to allow head teachers to share the outcome of an inspection before a report is published - including with colleagues, family, friends and medical professionals. And the DfE has committed to working with Ofsted to review how safeguarding is handled, during its major consultation in the spring, which it is calling its ""big listen"". But it did not mention any plans to change one- or two-word judgments of schools, which only government can do.
In her report, the coroner said she was worried by ""the almost complete absence of Ofsted training"" for inspectors looking for signs of distress in school leaders or for pausing an inspection. And there was also no ""clear path"" to raise concerns during an inspection. Mrs Perry had been the head teacher at Caversham Primary School for 13 years and had had no relevant mental-health history, the inquest heard. Safeguarding concerns saw the school downgraded from ""outstanding"" to ""inadequate"", after Ofsted's visit in November 2022.

[2] Family moves 180 miles for special-needs nursery space - BBC News
Four-year old Joe's family say their world fell apart when their son's nursery said it could no longer look after him There will be fewer nursery spaces for children with special education needs and disabilities (SEND) after the expansion of funded hours in England in April, councils and charities warn. A third of councils expect fewer places to be available, a survey suggests. The Department for Education (DfE) says it is phasing in its childcare offer so the sector has time to prepare.
Those ""who used to be brilliant at inclusive practice"" are now saying: ""We can't do it any more,"" because they are having to fund the provision out of their own money when the children first arrive. Ms McLeod wants the system, especially how disability access funding is applied for, made simpler. ""We have to improve the way it is funded, otherwise children will continue to be turned away,"" she says. Responding to questions in the House of Commons on Tuesday, Children's Minister David Johnston said his team were looking into reports of children with SEND being turned away from early-years settings.

[3] Ruth Perry: Ofsted chief promises sister minute's silence - BBC News
The meeting was the first anyone from Mrs Perry's family has had with an Ofsted official since the Caversham Primary head teacher's death. Sir Martyn, who took on the role as His Majesty's Chief Inspector on 1 January, previously said Ofsted ""must listen to criticism"". Sir Martyn Oliver took over as chief Ofsted inspector on 1 January In December, Berkshire coroner Heidi Connor wrote to the inspectorate saying, without changes, there was a risk of future deaths among those subject to its inspections.
Ruth Perry was the head teacher at Caversham Primary School, in Reading Ofsted inspectors will hold a minute's silence for head teacher Ruth Perry during training around mental health. Mrs Perry, whose suicide was linked to an inspection by the education watchdog, died on 8 January 2023. Her sister, Prof Julia Waters met Ofsted head Sir Martyn Oliver earlier to discuss reforms in the organisation.

[4] Whorlton Hall: Four carers sentenced for abusing hospital patients - BBC News
It was a fundamental breach of trust."" Following the case, the father of a patient with severe autism who was ill-treated by a carer told the BBC of the impact of seeing the way his daughter was let down. He said: ""The more I saw it, the more angry I got. To see somebody treating your daughter like that is bad.
To see somebody treating your daughter like that is bad. ""We ended up not sleeping at night because of the anger and we ended up in therapy. We just couldn't get our heads around it."" BBC Panorama exposed the ill-treatment of vulnerable patients living there

[5] Crumbling schools plagued by leaks and cold, BBC finds - BBC News
But I can't leave the school in this way until it's rebuilt. Until I see a digger on the foundations being being laid for a new school… I'll be going nowhere."" Is your school affected by any of the issues raised in this story? Share your experiences by emailing haveyoursay@bbc.co.uk.
Last year, 276 schools in the UK had to partially close - because they'd been built with a dangerous crumbling concrete - known as Raac. Experts say that is only part of the problem. The funding of school maintenance can be complicated. Different responsibilities are shared between central government, devolved administrations, local authorities and the schools themselves.","The evidence does not provide specific information about a children's home being shut down following an Ofsted report. However, it does discuss the impact of Ofsted inspections on schools, particularly highlighting the case of a head teacher whose suicide was linked to an inspection outcome that downgraded her school. The evidence indicates concerns about Ofsted's training for inspectors and the potential risks associated with their inspection processes, suggesting a broader context of scrutiny and criticism surrounding Ofsted's practices.",False,850ac746bb8eb185|b9bd324e4e17b237|e69d6c0050ef2cc2|6b2395436557e30e|9f692658a2c09a5e,0.4878,0.2922,5
a2980a2eef6bdbd7,M_nocap,prison officer payout over drug exposure,"[1] Spain shaman arrests: Police say group sold psychoactive drugs to members - BBC News
At one point, a police dog can be seen sniffing out a wallet containing sums of money. The 18 people detained have been charged with ""developing profit-making rituals involving the use of banned psychoactive substances"". Some are also charged with human trafficking crimes, violation of workers' rights and smuggling, police said in a report. Police allege that the consumption of the hallucinogenic drugs tended to be overseen by a doctor and his partner, who ""posed as a medical graduate.
Fifteen of the arrests were in Madrid, where officers said they also seized more than 60kg of ayahuasca, a psychoactive drink made of plants. They also said they seized €24,000 ($26,000), in various currencies, and 1kg (35oz) of mescaline. Police footage of a raid showed officers searching a house and finding money, what appeared to be bags of pills and a room filled with beds. At one point, a police dog can be seen sniffing out a wallet containing sums of money.

[2] Narco-sub with $27m of 'scorpion' cocaine seized in Colombia - BBC News
On board were packages of cocaine hydrochloride, many stamped with the scorpion image or labelled ""Winnie"" and ""Carnal"". The drugs and the suspects were transported to Buenaventura, a Colombian port city, the navy said. Further details about the suspects are yet to be released. ""With this seizure, the entry of nearly $27m to drug trafficking organizations was prevented, as a result of its sale in the international illegal market, as well as the distribution of approximately two million doses on the streets of the world,"" the Colombian Navy said in a statement.
Authorities in Belgium said they had seized a record amount of cocaine at the port of Antwerp last year, as the port city has become Europe's main gateway for the drug shipped from South America. Watch: Spanish police gave the BBC's Nick Beake access to the ""narco-sub""

[3] Dog enjoys priciest meal of his life - $4,000 cash - BBC News
The bank took most of the notes - they were unable to recover $450 - and told the Laws that these types of incidents are fairly common. Carrie Law said the strips of cash ""smelled so bad"" after her dog Cecil was done with them. A similar situation occurred in 2022, Newsweek reported, when a Florida woman's labrador ate $2,000 (£1,576) in cash. A video of the incident, which made the dog a momentary internet star, showed the pet owner in tears.
A money-hungry pooch was in the dog house for chewing up $4,000 (£3,153) cash that his owners had left out. Cecil, a goldendoodle from Pennsylvania, has gone viral for snacking on the envelope of money his owners had set aside for a contractor. Clayton and Carrie Law pieced together most of the shredded bills after a smelly search of Cecil's droppings and vomit - only $450 is still missing. Cecil's veterinarian told the couple their greedy pet would be OK.

[4] Nottingham attacks: Triple killer had history of mental health problems - BBC News
He then evaded contact with the community team, and a warrant under the Mental Health Act was secured to gain entry to his property in order that an assessment could be conducted. After attacking the two students, Calocane tried to break into a hostel The warrant was executed on 3 September 2021, when Calocane allegedly assaulted a police officer. Mr Khalil added: ""A bag of unused medication dating from February 2021 was discovered in the flat.
An assessment under the Mental Health Act 1983 was carried out at a Nottingham custody suite by psychiatric services, who concluded that Calocane was psychotic but that his risk to others was low. He was then referred to a crisis team for review at home and released without charge. Mr Khalil said: ""Upon his return to his apartment an hour later, however, he knocked down another door to a different apartment in the block. ""He was arrested for criminal damage, and following a re-assessment was detained under the Mental Health Act and was admitted to in-patient psychiatric services at the Highbury Hospital.""

[5] Liverpool shooting: Arrest after shots fired at Showcase cinema and shop - BBC News
No-one was hurt. A 49-year-old man was arrested at about 04:46 GMT in Fazakerley after a Taser was used. He was detained on suspicion of possession of a Section 1 firearm with intent to endanger life and robbery. He was taken to a police station on Merseyside where he remains in custody.
A large police presence remains at Stonedale Retail Park with the car park sealed off and all shops within the area closed while officers continue investigations. Ms Wilson said: ""Officers were on the ground immediately following the first incident and were able to respond swiftly to the subsequent discharges, and a male was identified, located and arrested on suspicion of all three discharges within 13 hours. ""Firearms have no place on our streets and we are committed to arresting those involved in gun crime and taking firearms off our streets."" Merseyside police and crime commissioner Emily Spurrell praised the response from the emergency services and said she wanted to reassure people there would be an ongoing police presence.","The evidence does not provide any information related to a prison officer payout over drug exposure. It covers various topics, including drug arrests in Spain, a cocaine seizure in Colombia, a dog eating cash, mental health issues related to a criminal case, and a shooting incident in Liverpool. None of these reports address the specific query about prison officer payouts.",False,d7bad6f4b0903216|be77f9a34c74d498|1ce4ed351d4c88b0|c7b08f42e174cbe0|11bc3fc1cb900287,0.5067,0.2801,5
bfbb4fa21444cab4,M_nocap,partial refund for failed CryptoZoo game,"[1] Dog enjoys priciest meal of his life - $4,000 cash - BBC News
The bank took most of the notes - they were unable to recover $450 - and told the Laws that these types of incidents are fairly common. Carrie Law said the strips of cash ""smelled so bad"" after her dog Cecil was done with them. A similar situation occurred in 2022, Newsweek reported, when a Florida woman's labrador ate $2,000 (£1,576) in cash. A video of the incident, which made the dog a momentary internet star, showed the pet owner in tears.
A money-hungry pooch was in the dog house for chewing up $4,000 (£3,153) cash that his owners had left out. Cecil, a goldendoodle from Pennsylvania, has gone viral for snacking on the envelope of money his owners had set aside for a contractor. Clayton and Carrie Law pieced together most of the shredded bills after a smelly search of Cecil's droppings and vomit - only $450 is still missing. Cecil's veterinarian told the couple their greedy pet would be OK.

[2] Microsoft video games division lays off 1,900 staff - BBC News
Experts believe the cost-of-living crisis and the games industry scaling back after a boost from the Covid pandemic have played a large part in the trend. The wider tech sector also saw big cuts, and Microsoft itself announced 10,000 job losses last January across the wider company, with Amazon, Meta and others also losing staff. The BBC has asked Microsoft for further comment on the redundancies in its gaming division. Listen to Newsbeat live at 12:45 and 17:45 weekdays - or listen back here.
It was sent three months after the software giant acquired Activision-Blizzard, known for the Call of Duty and Warcraft series. In the letter, verified as genuine by Microsoft, Mr Spencer says losing staff was a ""painful decision"". First published by tech website The Verge, the message suggests staff within the Xbox division and at publisher Zenimax - which oversees studios including Bethesda and Arkane - will also be affected. BBC Newsbeat has asked Microsoft for details of how many employees in each business will be affected.

[3] Bitcoin ETF: Cryptocurrency swings as watchdog X account 'compromised' - BBC News
""We can also confirm that the account did not have two-factor authentication enabled at the time the account was compromised."" Bitcoin jumped to almost $48,000 (£37,800) immediately after the erroneous post before falling back to around $46,000. Investors are hotly anticipating an SEC announcement on the potential approval of spot bitcoin ETFs, which is expected this week. It would mark a key milestone for the cryptocurrency market in gaining acceptance to mainstream financial markets.
Bitcoin jumped briefly on Tuesday after a post on the US markets regulator's X account (formerly Twitter) said it had approved new so-called exchange-traded funds (ETFs) in the cryptocurrency. The Securities and Exchange Commission (SEC) later deleted the post and said its account had been ""compromised"". The social media platform has said the compromised account was not due to a breach of its systems. US regulators are expected to make an announcement on the new ETFs this week.

[4] BT customers unknowingly charged for Xbox Game Pass - BBC News
Those the BBC spoke to had their money refunded but described their experiences as worrying. BT apologised and advised customers to be on the lookout for similar problems. ""We're very sorry that the customers mentioned in this article have had Xbox Game Pass Ultimate added to their account without their knowledge,"" a spokesperson told the BBC. ""We recommend that all of our customers remain vigilant and if they notice changes to their account that are suspicious, to contact us as soon as possible to report this.""
Sue said that she was refunded the money, but was concerned about other people who were less vigilant. ""I called BT after they failed to answer my post on X [formerly Twitter],"" he said. ""To be fair to them, they refunded the £10 and cancelled the subscription immediately. But it is worrying to hear that it is still happening.""

[5] Palworld: Pokémon Company to investigate copying claims - BBC News
But the Pokémon Company has put out a statement, which doesn't name Palworld, but refers to ""another company's game released in January 2024"". It says it has ""received many inquiries"" about that title, and it had ""not granted any permission for the use of Pokémon intellectual property or assets"". ""We intend to investigate and take appropriate measures to address any acts that infringe on intellectual property rights,"" the company added. The company has not formally launched legal action against Pocketpair.
The team behind the game has admitted its success had ""exceeded expectations"" and it was working to fix issues caused by the huge interest in the game. Listen to Newsbeat live at 12:45 and 17:45 weekdays - or listen back here.","The evidence does not provide any information regarding a partial refund for the failed CryptoZoo game. It covers unrelated topics such as a dog eating cash, layoffs in the gaming industry, a Bitcoin ETF announcement, unauthorized charges for Xbox Game Pass, and an investigation into a game for intellectual property infringement. Therefore, there is insufficient evidence to address the query.",False,1ce4ed351d4c88b0|c0dcddf96db2aa29|464b97129d8c46ec|4c6fde9f06a0f520|ea8602428abe6a3f,0.4294,0.2483,5
d1848426f6168021,M_nocap,Government consideration of more migrant barges,"[1] Rishi Sunak denies doubting Rwanda plan when chancellor - BBC News
""Just because someone's asking tough questions doesn't mean that they don't believe in the proposal,"" he said. Under the scheme, some migrants would be sent to Rwanda for processing and potentially resettlement. The government has argued this would discourage people from trying to get to the UK in small boats. The scheme was first announced in April 2022 when Boris Johnson was prime minister.
The papers describe a significant difference of view between No 10 and 11 Downing Street on the effectiveness of the proposed scheme saying the chancellor believes the ""deterrent won't work"". One of the government's key aims was to implement a tougher policy that would put people off the idea of crossing the English Channel in small boats looking for asylum in the UK. The documents also reveal that No 10 proposed telling Mr Sunak to ""consider his popularity with the base"" if he was reluctant to sign up to changes to the migration system, including the Rwanda plan. Labour's shadow home secretary Yvette Cooper said: ""These papers show total con of Tories' Rwanda plan and how incredibly weak Rishi Sunak is.

[2] Chris Mason: Rwanda rebellion is an assault on Sunak's authority - BBC News
Two Tory MPs with party roles giving them up, as another Tory MP, Jane Stevenson, on the lowest rung of the government ladder as a parliamentary private secretary, packed that job in too - and defied the government as well. For almost two years now, under three prime ministers, the plan to send some asylum seekers to Rwanda had made news. Stymied by the courts, it has become the eye-catching, flagship bit of legislation which has generated noise, rancour, resignations, courtroom drama, passionate rhetoric and ministerial schleps to Kigali. But how many migrants have made it to east Africa?
But how many migrants have made it to east Africa? None. That in itself has provoked another round of all of the above and brings us to where we are now: ministers having another go at trying to make it work while plenty on their own Conservative benches fear it is doomed to fail just like the previous attempts. Right now, all this boils down to one big question: how many of those 60 Conservative MPs willing to back a proposed change to the Rwanda plan are actually willing to reject the whole thing outright in a crucial vote expected on Wednesday night?

[3] Rishi Sunak facing major Tory revolt over Rwanda bill - BBC News
Watch: Starmer says Sunak originally was against Rwanda plan In reply, the prime minister said the government would deliver on its promise to halt migrants crossing the Channel in small boats. Mr Sunak said Labour had not put forward a ""single practical idea"" to reduce illegal migration, and ""can never be trusted to stop the boats"". The government introduced the bill last month, after its plan to send asylum seekers to the east African country was ruled unlawful by the Supreme Court.
Rishi Sunak is facing a significant rebellion from Tory MPs over legislation to revive his plan to send some asylum seekers to Rwanda. Over 30 backbenchers on the right of the party are backing plans to change the bill next week to make it harder for people to appeal deportation. The amendments underline the scale of Tory division over the policy, which the PM has made a priority. Ministers insist the bill allows only a ""vanishingly small"" number of appeals.

[4] Channel migrants: Crossings fell in 2023, government figures show - BBC News
""But we have also had much larger boats, much more seaworthy boats, so the planning assumption is that this is a glitch. ""Border Force needs to continue to resource itself - and the country needs to continue to resource itself - to deal with higher numbers."" Illegal migration minister Michael Tomlinson said the government was ""clamping down on criminal gangs"" and working with France to prevent further crossings. ""Stopping the boats will continue to be our priority in the new year as we target people smugglers and break their business model,"" Mr Tomlinson said in a statement.
The sea has also been too choppy for any crossings since the middle of December - and the weather remains poor today. Whatever the reasons for the downturn, small-boat crossings will remain a big political issue in the run-up to the general election. Refugee groups are calling on all politicians to uphold the right to asylum and expand safe routes for people fleeing oppression. The English Channel is one of the most dangerous and busiest shipping lanes in the world.

[5] Next warns of supply delays due to Red Sea shipping attacks - BBC News
The Houthi group has declared its support for Hamas and has said it is targeting ships travelling to Israel, though it is not clear if all the ships that have been attacked have actually been heading to Israel. But because of the attacks and the threat, several container shipping companies have since diverted vessels to a much longer route around Africa's Cape of Good Hope and then up the west side of the continent, leading to shipping delays. According to Swiss logistics and transport firm Kuehne + Nagel, 405 container ships have been diverted since mid-December as a result of the attacks. Other data provided by Kuehne + Nagel indicates this equates to about 78% of the ships that would be expected, on average, to navigate the Suez Canal route during that period.
Other data provided by Kuehne + Nagel indicates this equates to about 78% of the ships that would be expected, on average, to navigate the Suez Canal route during that period. About 30% of global container traffic travels through the Suez Canal, so the diversion accounts for about 23.5% of all global container traffic. Defending ships from attacks is ""very difficult"", said Chris Long, director of intelligence for Neptune Port to Port Group, a private maritime security company operating in the Red Sea. ""There are no commercially available systems that you can put on a container ship that can protect you against the armament that the Houthis are deploying at the moment,"" he told the BBC's Today programme.","The coverage discusses the UK government's ongoing efforts to implement a controversial plan to send some asylum seekers to Rwanda for processing, which has faced significant legal and political challenges. Despite the government's insistence that this plan is a key part of their strategy to deter illegal crossings of the English Channel, there is considerable dissent within the Conservative Party, with many MPs expressing doubts about its effectiveness and viability. The Prime Minister is facing a rebellion from party members regarding proposed changes to the legislation aimed at reviving the Rwanda plan, highlighting deep divisions within the party over immigration policy.",False,39d02c1623a3088c|51e5b78742e124ea|b6e608a6d7bcbdb4|7dec0e4b11f8e447|e518eb6c5fb7183f,0.5835,0.3059,5
5df91e4cb4555450,M_nocap,individual scammed via WhatsApp job message,"[1] Covid Inquiry: Chief medic told staff to delete WhatsApps every day - BBC News
The inquiry was also shown messages from a ""Covid outbreak group"" WhatsApp chat which included Prof Leitch and retired civil servant Ken Thomson. In one post from May 2021, Mr Thomson wrote: ""I feel moved at this point to tell you that this chat is FOI-recoverable. He included an emoji with a zipped mouth. Two minutes later Prof Leitch responded: ""WhatsApp deletion is a pre-bed ritual.""
David Hamilton told BBC Scotland News that excerpts of conversations published between the national clinal director, Jason Leitch, and other officials gave him ""cause for concern that people were not abiding by the spirit, if not the law, of freedom of information"". Messages published by the UK Covid Inquiry last week showed government officials discussing freedom of information laws in relation to WhatsApp chats. Prof Leitch responded by saying ""WhatsApp deletion is a pre-bed ritual"". The Scottish government has said that it believes all legal obligations have been met.

[2] Jason Leitch denies giving Humza Yousaf Covid rule 'workaround' - BBC News
""This was a flippant exaggeration in an informal messaging group and it wasn't done every day before I went to bed,"" the national clinical director told the inquiry. In another WhatsApp chat, Prof Leitch advised colleagues in September 2020: ""Just my usual reminder to delete your chat ... particularly after we reach a conclusion."" The national clinical director told the inquiry that he was following Scottish government guidance that once a decision had been reached, and that had been submitted to the records management system, the chat should then be deleted.
He told the inquiry that except for direct Twitter messages, he had not retained any one-to-one informal communications related to managing the pandemic. Prof Leitch was asked about why he said in a WhatsApp group chat from May 2021: ""WhatsApp deletion is a pre-bed ritual."" He told the inquiry he did not delete messages every day. ""This was a flippant exaggeration in an informal messaging group and it wasn't done every day before I went to bed,"" the national clinical director told the inquiry.

[3] Scammer told bank fraud victim 'you're so thick' - BBC News
It was what he did to me after."" She added: ""It left me feeling so low, this man was so awful. I don't want it to happen to anybody else."" A scam tactic called spoofing allows fraudsters to disguise themselves with the phone numbers of legitimate organisations like banks
Initially she said the scammer seemed ""so professional"" and knew details about her account and even warned her about the danger of scams. But after he tricked her into telling him a security code that gave him access to her account, the scammer began mocking her over the phone. ""He was laughing, saying I was stupid, his language was unbelievable. And he said if you'd like to go to your app now, you'll see me take your money,"" said Mrs Falconer.

[4] UK Covid inquiry: Nicola Sturgeon's Covid WhatsApp messages 'all deleted' - BBC News
He suggested private information might be disclosed in such chats and that it was policy to transfer salient information to the public record. In another WhatsApp group post in May 2021, he wrote: ""I feel moved at this point to tell you that this chat is FOI-recoverable. He includes an emoji with a zipped mouth. Two minutes later Prof Jason Leitch, responded: ""WhatsApp deletion is a pre-bed ritual.""
All Nicola Sturgeon's WhatsApp messages during the pandemic appear to have been deleted, the Covid inquiry has heard. Jamie Dawson KC, counsel to the inquiry, said the former first minister appeared to ""have retained no messages whatsoever"". The hearing in Edinburgh was also told that her deputy John Swinney's WhatsApp messaging was set to auto-delete. Ms Sturgeon has previously said she has ""nothing to hide"" but not clarified if her WhatsApp messages were deleted.

[5] Japan Airlines: Coastguard plane not cleared for take-off, transcripts show - BBC News
One woman posted a picture of a huge crowd watching the scene unfold. ""I was on board. I'm safe. Thank goodness,"" she wrote on X, the platform formerly known as Twitter.
Thank goodness,"" she wrote on X, the platform formerly known as Twitter. Officials said the flight crew had reported no problems before landing. A statement from JAL said flight JL516 had been ""involved in a collision with a Japan coastguard aircraft during its landing at Haneda Airport, resulting in a fire on the runway"". The coastguard aircraft was heading to help with rescue and relief efforts following Monday's earthquake in Ishikawa.","The evidence does not provide any information regarding individuals being scammed via WhatsApp job messages. It primarily discusses topics related to the Covid inquiry, including the deletion of WhatsApp messages by officials and a separate account of a bank fraud victim's experience with a scammer. Therefore, there is insufficient evidence to summarize the query topic.",False,b5e1d86e732b949e|0e6583e389cfc5a6|ebb1b0bdd4a784ff|bd703884ca4466ed|da16b85fcb42e91a,0.516,0.2706,5
5749f4ccdf29a42c,M_nocap,giraffe relocation to a new home,"[1] Serbian rescue for livestock trapped on island in Danube - BBC News
For days, farmers appealed to have their livestock rescued from the island as conditions worsened. On Tuesday, rescue teams deployed by the Serbian military, the emergencies department, the forestry agency and local citizens arrived with a raft to transfer the animals. Two loads of around 30 animals each were transported safely to shore, but further attempts were stalled due to a series of problems. The first raft had to be replaced due to missing railings, BBC Serbian reported.
In a normal year, Mr Plavsic explained that the animals would return home by wading for 10km through shallow waters. The animals were stranded on the island about 3km from the shore

[2] World's first IVF rhino pregnancy 'could save species' - BBC News
Prof Thomas Hildebrandt, the director of Liebniz IZW and project head for the Biorescue Consortium, said: ""I think the situation for the northern white rhino is quite privileged for the embryo transfer because we have a closely related recipient - so their internal map is nearly the same."" Noone has ever tried to transfer an embryo into a different sub species The Biorescue team hopes to implant the embryos in the coming months. They want the calf to be born while some northern white rhinos are still alive.
Neither of the last two surviving northern whites can carry a pregnancy because of a combination of age and health problems. So instead the embryo will be implanted into the womb of a surrogate southern white rhino. IVF across a sub species has never been tried before, but the team is confident it will work. Prof Thomas Hildebrandt, the director of Liebniz IZW and project head for the Biorescue Consortium, said: ""I think the situation for the northern white rhino is quite privileged for the embryo transfer because we have a closely related recipient - so their internal map is nearly the same.""

[3] Thai police to charge two over pet lion spotted cruising in Bentley - BBC News
He was due to be charged with bringing a controlled wild animal into public places, which carries jail time of up to six months and a fine of 50,000 baht. The man who sold the lion to Ms Sawangjit will also face charges of moving an animal without permission. Officials say there are currently 224 lions in Thailand that are legally owned.
The lion was being driven about by a Sri Lankan man who has since left the country, and is believed to be a friend of the woman, Sawangjit Kosoongnern. While it is not illegal to own a lion in Thailand, it needs to be officially registered. Authorities in Thailand said Ms Sawangjit claimed to have bought the animal from a Thai man in Nakhon Pathom province, who successfully facilitated its delivery to Pattaya. However he failed to have his facility checked by officials before doing so, which made both the transfer and ownership of the animal illegal.

[4] More than 40 Tory MPs call for extra council funding - BBC News
The proposed cuts affect a variety of services - with two arts centres under threat of closure, and campaigners fighting to save some local recycling centres. The authority is also consulting on plans to stop funding all homelessness support services. The Winchester Beacon, which provides emergency accommodation and support such as counselling and cookery skills, is one of the charities which could be affected. Mark Wakeling, the charity's chief executive, said: ""It's pretty shocking.
Ruth could be affected by cuts to community transport in Hampshire For Hampshire County Council it means finding ways to save £132m by April next year. The council says that while it is in a better position than many others, it has to make ""tough decisions"" and has no choice but to consider reducing services. The proposed cuts affect a variety of services - with two arts centres under threat of closure, and campaigners fighting to save some local recycling centres.

[5] The mystery of the crumbling Edinburgh tenement - BBC News
Then on Monday evening he received the message. ""Our neighbours contacted us to say the flats were being evacuated. We rushed home and managed to get some things out because we have an 18-month-old and we need clothes and nappies. ""We are very lucky that my wife's parents live locally so we can stay with them.
It says given the serious concerns about the structure of the building, the safest course of action was to evacuate all households without delay. For those who cannot stay with friends and family, the council says it will make sure they have somewhere safe to stay. Emergency scaffolding is due to go up this weekend then further inspections will be carried out to see whether it is safe for the families to return. In the meantime, the road outside remains closed to traffic and pedestrians but the trams continue to run.","The evidence does not provide any information regarding the relocation of giraffes to a new home. It discusses unrelated topics such as livestock rescue in Serbia, an IVF pregnancy for rhinos, legal issues surrounding a pet lion in Thailand, council funding cuts in the UK, and a building evacuation in Edinburgh. Therefore, there is insufficient evidence to summarize on the topic of giraffe relocation.",False,5f3ec609225010c6|d737b03d72a0736d|a8f45b8c11610d53|8bd697c5e72a9a83|b97118ccd0821db2,0.3859,0.2504,5
0c0e9b0dbab30c18,M_nocap,Maidstone United FA Cup win over Ipswich,"[1] Ipswich Town 1-2 Maidstone United: Non-league side stun Championship high-flyers in FA Cup - BBC Sport
National League South side Maidstone United pulled off one of the great FA Cup shocks to knock Championship high-flyers Ipswich Town out of the fourth round at Portman Road. Superb counter-attack strikes from Lamar Reynolds and Sam Corne - Maidstone's only attempts on target - earned the non-leaguers an astonishing victory over a side 98 places above them in the football pyramid. A much-changed Ipswich side, who are second in the second tier and pushing for promotion to the Premier League, battered their opponents in the first half, hitting the woodwork three times and wasting numerous chances, but they somehow trailed to an exquisite dinked finish by Reynolds. The stubborn resistance was finally broken when Jeremy Sarmiento's low shot took a tiny, but telling, deflection to beat outstanding Stones keeper Lucas Covolan.
The Ipswich onslaught calmed slightly after the interval but the equaliser seemed just a matter of time and Sarmiento obliged with a clever strike after cutting in from the left. But Corne ensured Maidstone's 100% conversion rate continued when Sarmiento was controversially dispossessed in midfield and he held off Edmundson and coolly finished inside the near post after being expertly teed up by Reynolds. Stones, who have now knocked out three EFL sides in seven matches in this season's competition, once again showed remarkable grit and withstood increasing Ipswich pressure, with Gavin Hoyte and Paul Appiah impressive in defence and Lucas making save after save. Most were regulation but he made notable stops to keep out headers from substitutes Conor Chaplin and Wes Burns as an increasingly desperate and riled Ipswich brought on some of their more regular starters.

[2] Wayne Rooney: Birmingham City sack manager after just 15 games in charge - BBC Sport
If there was one sliding door moment for Rooney, it came at Plymouth. Following a fully controlled win at Cardiff and a decent showing in defeat at home by Leicester, Blues were ahead at Home Park when Krystian Bielik was harshly sent off. They failed to defend a 3-1 lead with 10 men, leaving Devon with only a draw. Flat, listless performances against Stoke, Bristol City and then Leeds clearly concentrated minds as the Championship's trap door drew closer.
Since Blues' new American owners Shelby Companies Limited appointed Rooney, again in the search for global impact, he has also won just two matches - and the board's hope for successful, more exciting football has not been met. Rowett, who left Millwall in October, is already being touted as one of the names under consideration to become caretaker boss - a list that also includes former Swansea City and sacked Nottingham Forest boss Steve Cooper. Blues are six points clear of the relegation places and travel to Hull City in the FA Cup third round on Saturday. They face three crucial league games before the close of the January transfer window - all against teams just above them in the table, Swansea and Middlesbrough at home, either side of Stoke away.

[3] Fans call for Sven-Goran Eriksson to manage Liverpool FC Legends - BBC News
I'd absolutely love to see it happen."" All money raised from the fixture will support the work of LFC Foundation and charity partners. The BBC has contacted Liverpool Football Club for comment. Why not
""There would be a lot of good football players, That's always been my dream but I'm not complaining. I had a lot of good football teams, national teams and the clubs so I'm happy anyhow."" Liverpool FC Legends are set to take on AFC Ajax Legends in a charity match at Anfield on 23 March. Speaking on BBC Radio Merseyside Dan Clubbe of The Redmen TV said the campaign to help Eriksson fulfil his wish showed how football fans ""can unite in times of hardship"".

[4] Arsenal 5-0 Crystal Palace: Gunners reignite title bid with win - BBC Sport
Crystal Palace, meanwhile, remain 14th in the table. • None FA Cup hurt will help us push to PL title - Saka Having seen their title challenge fall away in the latter stages of last season, Gunners fans will no doubt have been concerned by the dip in form their side had towards the end of 2023. Their only victory in their final five league games of the year was a narrow win against Brighton, while they suffered defeats by Aston Villa, West Ham and Fulham.
Instead Arsenal added to their lead in the second half when Trossard was sent one-on-one with the goalkeeper and kept his cool to finish confidently. With Palace already well beaten, Martinelli added further sheen to the win with two goals in injury time, both swept into the far corner. The win moves Arsenal up to third, two points behind leaders Liverpool but having played a game more than Jurgen Klopp's side. Crystal Palace, meanwhile, remain 14th in the table.

[5] Jurgen Klopp: Liverpool boss 'convinced' he has made right decision to leave at end of season - BBC Sport
Off the pitch, he has made himself synonymous with the club and was granted the freedom of the city of Liverpool last year and said being an ""honourable scouser"" is ""one of the best things I could have achieved in my life"". On it, he guided Liverpool to their sixth European Cup in 2019 when they beat Tottenham in the Champions League final in Madrid, before winning the Premier League in 2020, a first top-flight title in 30 years. Liverpool won a domestic cup double in the 2021-22 season, and narrowly missed out on a quadruple as they were pipped by Manchester City on the final day of the Premier League season and lost the Champions League final to Real Madrid in Paris. Liverpool chief executive Billy Hogan said: ""It's hard to put into words how significant it is.
""I have no regrets but a lot of special memories. The best memories in my mind are still to come."" • None Our coverage of Liverpool is bigger and better than ever before - here's everything you need to know to make sure you never miss a moment • None Everything Liverpool - go straight to all the best content","Maidstone United achieved a remarkable upset by defeating Ipswich Town 2-1 in the FA Cup, knocking out a team from a higher league. Maidstone, a National League South side, scored both of their goals through counter-attacks, with Lamar Reynolds and Sam Corne converting their only two shots on target. Despite Ipswich dominating possession and creating numerous chances, including hitting the woodwork three times, they were unable to secure a win, with Maidstone's goalkeeper making several crucial saves to maintain their lead. This victory marks Maidstone's third elimination of an EFL side in the current FA Cup season.",False,7c37829578f3e3be|def8d6ddcb978b71|f64315980d8d95f6|75ebbdd213817765|1333cde9d7ab9b59,0.6686,0.2869,5
2dfba56c4d537d9a,M_nocap,Jodie Foster comments on working with Gen Z,"[1] First female chief minister of Jersey voted out of role - BBC News
International Development Minister Carolyn Labey described the debate as an ""unedifying spectacle which will undoubtedly do Jersey harm"". She said it was ""embarrassing"" that the VONC was the first debate of 2024. She said: ""The whole island would rather see the elected members show more collaboration than confrontation."" Despite facing public criticism from Ms Moore over her refusal of the Les Sablons development, Deputy Hilary Jeune said she would support her to prioritise ""the larger mission over personal politics"".
Despite facing public criticism from Ms Moore over her refusal of the Les Sablons development, Deputy Hilary Jeune said she would support her to prioritise ""the larger mission over personal politics"". All 10 members of Reform Jersey had confirmed they would be backing the VONC on Monday, after leader Deputy Sam Mezec said the current government had ""no vision for taking Jersey forward"". Deputy Steve Luce also backed the VONC, saying the government ""should be working together for the benefit of our island"". He said: ""Working together is something Deputy Binet gets - he has convinced me there is an alternative way forward.

[2] Jodie Comer says she was 'terrified' acting with 15 babies in The End We Start From - BBC News
""I was very lucky to have Jodie because it was so difficult,"" she says. ""We had no time with the babies, so to have somebody who was really present, alive to the material and any shifts we had to make - we would never have got through it if it wasn't for that tenacity. ""We're all in the trenches, making an indie film with a baby,"" she adds with a smile, explaining that if they couldn't capture a crucial scene due to an infant crying, they would use a dummy baby if time was pressing. Another challenge was depicting widespread flooding and carnage while filming during a drought in September and October 2022, when there was a hosepipe ban.
Jodie Comer had a steep learning curve when it came to working with babies Killing Eve star Jodie Comer may look pretty invincible when she's acting, but she is surprisingly candid about her latest role, saying: ""I started this process quite literally terrified."" In climate change survival film The End We Start From, Comer plays a mother who navigates flooding and civil unrest - while trying to nurture her newborn baby. It sounds like an impossible combination, but Comer evidently likes a challenge - she's already garnered a slew of awards, including two Baftas, for her vastly different acting roles.

[3] Ruth Perry: Ofsted chief promises sister minute's silence - BBC News
Speaking after their two-hour meeting, Prof Waters said: ""He started talking about the training that's starting next week, but he did say 'I recognise that training starts on the anniversary of Ruth's death'. ""He looked genuinely quite emotional when saying that and he says he's going to be addressing all the inspectors and he will be asking for a moment's silence and reflection on that - and making that link between this is why we're having the training.""
The court heard she took her own life while awaiting the publication of a report downgrading her school from ""outstanding"" to the lowest rating of ""inadequate"". Ruth Perry's sister reacts after inquest returns conclusion into her death Sir Martyn has paused inspections until later in January while staff receive training on how to spot signs of stress among teachers during school visits. Speaking after their two-hour meeting, Prof Waters said: ""He started talking about the training that's starting next week, but he did say 'I recognise that training starts on the anniversary of Ruth's death'.

[4] Sir Keir Starmer has worries over election impact on his children - BBC News
""Oh everything"" Mr Starmer answered. ""Absolutely everything. Vic, my wife, is fantastic - she is my complete support and partner in this. ""She doesn't do anything publicly, she just wants to get on with her job.
He also said he was committed to Labour's £28bn green investment plan, accusing the Tories of weaponising the issue. Speaking about a row over borrowing to invest in new energy technology and jobs, he said: ""If they want that fight, bring it on."" Mr Starmer was asked on the programme about how much support he owes to his family and wife. ""Oh everything"" Mr Starmer answered.

[5] AfD: Germans float ban on elected far-right party after scandal - BBC News
Yet Germany's Interior Minister, Nancy Faeser, promised to ""use all instruments available"" to defend democracy. The AfD denies racism, but is already under surveillance and has been classified by domestic intelligence as a right-wing extremist organisation in Saxony, Thuringia and the neighbouring state of Saxony-Anhalt. Reports of the meeting have prompted comparisons to the Nazis' 1940 scheme to deport four million Jews to Madagascar and the Wannsee conference of 1942, where top officials plotted the ""Final Solution"" - the genocide of Europe's Jewish population. ""Those who fantasise about reconquering and remigration are drawing on the same ideas that paved the way for the inhuman racial laws of the Nazis,"" said Nancy Faeser.
Their rise coincides with dissatisfaction among voters with the divided government, as well as policy issues such as the cost of living and levels of immigration. The AfD is hoping to make big gains in the European Parliament elections in June and could even emerge as the strongest party in next September's votes in the three eastern states of Thuringia, Saxony and Brandenburg. Any pursuit of a ban would present serious political dangers as well as legal obstacles. Yet Germany's Interior Minister, Nancy Faeser, promised to ""use all instruments available"" to defend democracy.",INSUFFICIENT_EVIDENCE,False,2cd9a334be555e9a|efc175ec64b0b2c7|e69d6c0050ef2cc2|23a13857c5fed57f|8f04460b7505bdbe,0.4016,0.2872,5
c572709b70bc5077,M_nocap,Chancellor hints at further tax cuts,"[1] Tax cut promises may need to be rolled back - IFS think tank - BBC News
""It might be easy to announce immediate tax cuts, without any hint of what it is the state currently does that it will stop doing, or what taxes will rise in future, but this trade-off cannot be wished away,"" the IFS's report said. The government gets most of its income from taxes, but if it cannot cover its spending, it has to either borrow more, raise taxes, or cut public spending. Last month, government borrowing was lower than expected, and interest payments on debt dropped sharply due to a fall in the rate of inflation. Analysts said this gave the Chancellor, Jeremy Hunt, more ""wiggle room"" to cut taxes.
Chancellor Jeremy Hunt has hinted at tax cuts in the upcoming spring Budget Promises of tax cuts during general election campaigns may have to be rolled back as the UK economy faces some of its worst problems since the 1950s, a leading think tank has said. ""Tax cuts today add to the risk of tax rises or spending cuts tomorrow,"" the Institute for Fiscal Studies said. Politicians need to be honest about tough economic trade-offs, it added.

[2] Keir Starmer seeks new year boost before 2024 election - BBC News
He wants to talk about tax: the cut to National Insurance announced in the autumn kicks in on Saturday. Expect Labour to counter that this tax cut doesn't make up for all the tax rises. And all this after the Liberal Democrats and Reform UK did their new year thing. If you are one of the smaller parties, commanding attention is 99% of the political challenge.
The prime minister will also be out and about today, in the East Midlands, visiting a school and a community centre. He is not giving a speech, but is expected to do a question and answer session with members of the public. His team think this is a format in which he is comfortable and convincing - expect to see him doing plenty more of these sessions in the coming months. He wants to talk about tax: the cut to National Insurance announced in the autumn kicks in on Saturday.

[3] Resigning ex-minister Chris Skidmore wrong on climate, says Jeremy Hunt - BBC News
""We know if we want to bring those mortgage rates down we have to get inflation down, there's no short cut. ""I've been very conscious in my time as chancellor about how tough it's been for ordinary families. ""That's why we've given about £3,500 of support to the average family, much more actually, on lower incomes and to people on benefits."" He disagreed with criticism about the British economy which he said, since 2010, ""has been growing faster than France, Germany, Japan, Italy nearly all major economies"".
""We obviously have to monitor what's happening in the Red Sea very, very carefully, but I would say the overall picture is one in which the British economy has been much more resilient than what people predicted,"" Mr Hunt said. ""We've been very clear to the Houthis who are responsible for the terrorism happening in the Red Sea that there will be consequences and we will not just sit back and accept that because it's so vital for global trade."" The chancellor was also asked about mortgage rates and comments by NatWest's chair Sir Howard Davies who suggested it was not currently ""that difficult"" for people to get on the housing ladder. Sir Howard later sought to clarify his remarks, saying he ""did not intend to underplay"" the challenges buyers face.

[4] Lower UK government borrowing raises prospects of tax cuts - BBC News
Lower than expected government borrowing last month has increased the possibility of tax cuts in the Budget, analysts say. Borrowing - the difference between spending and tax income - fell to £7.8bn in December, the Office for National Statistics (ONS) said. Interest payments dropped sharply due to a rapid decline in inflation. Analysts said the latest figures could give the chancellor more ""wiggle room"" for tax cuts.
Analysts said the latest figures could give the chancellor more ""wiggle room"" for tax cuts. Speaking at the World Economic Forum in Davos last week, Jeremy Hunt hinted that he wanted to cut taxes. This has raised expectations that he will seek to do so in the Budget in March, ahead of a general election expected later in the year. December's borrowing figure was £8.4bn less than a year earlier, and the lowest figure for the month since 2019.

[5] Wage growth slows as UK job market begins to stall - BBC News
She added job vacancies were expected to fall further, which could lead to pay growth falling towards 2% by the end of the year. ""This will likely bolster the case for interest rate cuts later this year,"" she said. The Bank of England raised interest rates a number of times in a bid to tackle inflation, though it has held them at 5.25% - a 15-year high - in recent months. Inflation has fallen sharply and financial markets, as well as some economists, have suggested the Bank could cut interest rates soon.
Inflation has fallen sharply and financial markets, as well as some economists, have suggested the Bank could cut interest rates soon. But the Bank will look closely at the fact that wage growth is outpacing price rises, and consider whether an interest rate cut could fuel inflation, which is at 3.9%, almost double the Bank's 2% target. The ONS said annual public sector pay growth (6.6%) in the three months to November last year overtook wage rises in the private sector (6.5%) for the first time since March 2021. Overall pay growth peaked at 7.9% in the three months to August last year, the highest it has been for ""several decades"", according to the ONS's Mr Fitzner.","Chancellor Jeremy Hunt has indicated the possibility of tax cuts in the upcoming spring Budget, supported by lower-than-expected government borrowing and a significant drop in interest payments due to falling inflation. Analysts suggest that these financial improvements provide the Chancellor with more flexibility to implement tax reductions. However, the Institute for Fiscal Studies has cautioned that any immediate tax cuts could lead to future tax increases or spending cuts, emphasizing the need for politicians to be transparent about the economic trade-offs involved.",False,ccf60fb7f196b20b|43a994b0356fcb3b|dee5e1ac995532a2|3450b9174d976c15|b6e74ee1c06dc7b8,0.7363,0.2934,5
21bb0191fd8e8e37,M_nocap,Australian journalist dies,"[1] Post Office scandal: The ordinary lives devastated by a faulty IT system - BBC News
Six years later, his conviction was overturned at the Court of Appeal. He is not the only person to have died without justice. Alan Bates estimates 60 or 70 people have died in the intervening years. Some ended their own lives.
Others killed themselves. Many victims felt they were on their own, yet hundreds of others were enduring similar experiences. These are some of their stories. Alan Bates became the face of the fight against the injustices of the Post Office.

[2] Al Jazeera bureau chief's son Hamza al-Dahdouh among journalists killed in Gaza - BBC News
More than 75 journalists have been killed since the war in Gaza started. More than 22,000 people have been killed in Gaza, according to the Hamas-run health ministry.
Freelance journalist Mustafa Thuraya was also killed. A third journalist, Hazem Rajab, was seriously injured. Four other members of bureau chief Wael al-Dahdouh's family have been killed. His wife Amna, his grandchild Adam, his 15-year-old son Mahmoud and seven-year-old daughter Sham were killed in an Israeli strike in Nuseirat refugee camp in October.

[3] Mother of killed Israeli calls Hamas videos 'psychological warfare' - BBC News
But she would like the world to know that in her eyes, he died a hero. Correction 13th February: This article wrongly reported that about 1,300 people had been killed following the 7th October attack by Hamas. This was based on counting those who later died from their injuries in addition to the figure of more than 1,200. The article has been amended to now refer to about 1,200 deaths, a figure which includes those deaths and which Israel says is not final.
At his funeral, his brother Ido blamed the Israeli government for his kidnapping and death, saying: ""The one who abandoned you also murdered you."" Left to right: Alon Shamriz, Yotam Haim and Samer Talalka When I last met Mrs Haim in November, she was in London to raise the plight of the hostages with the international community. She told me then she still had hope that her son would return alive.

[4] 'We had to investigate our autistic son's death' - BBC News
""We thought the inquest system was there to give us answers,"" Mrs Melbourne says. ""Instead, we felt blocked at every turn. It was outrageous that we had to take the investigation on ourselves."" The parents of an autistic teenager follow his trail of evidence to uncover how he died.
Warrington Coroner's Service said it was not permitted to comment. Sally and John Melbourne, from Cheshire, say the long wait for the inquest into their son's death put their lives and their grief on hold. At the pre-inquest hearing the family were told the court was short-staffed and had a backlog of 500 cases, which had built up over the pandemic. They say they only discovered what drug their son had taken before he died, on 18 December 2020, after investigating his death with one of his friends - including examining photographs that showed the scene of Will's death.

[5] Learn how the BBC is working to strengthen trust and transparency in online news - BBC News
General news stories, which tend to combine information from a variety of sources, including news agencies, BBC Newsgathering and BBC broadcast output, or which may have been produced by several members of staff over the course of the day, do not as a rule carry bylines. Article bylines for many correspondents and editors link to individual blog pages, where biographical information, expertise, and social media details can be found. BBC News distinguishes between factual reporting and opinion. We use machine-readable labels in six categories:
In all our output we will treat every subject with an impartiality that reflects the full range of views. We will consider all the relevant facts fairly and with an open mind."" Research shows that, compared to other broadcasters, newspapers and online sites, the BBC is seen as by far the most trusted and impartial news provider in the UK [PDF]. Even so, we know that identifying credible journalism on the internet can be a confusing experience.","The evidence does not provide information specifically about the death of an Australian journalist. It discusses various topics, including the deaths of journalists in Gaza, the impact of a faulty IT system on individuals, and a family's investigation into their son's death. However, none of the evidence directly addresses the query regarding an Australian journalist's death.",False,9e7bb9f5d26a3936|b48ca6a5be136133|9f02f2666ad58ccd|4c21833078b5508a|faf7a76e3a77759f,0.4671,0.2745,5
020d3d213643f8ec,M_nocap,Israeli troops advance in Khan Younis,"[1] Khan Younis: Israel says forces have encircled Gaza's second city - BBC News
The troops had ""engaged in close-quarters combat, directed [air] strikes, and used intelligence to co-ordinate fire, resulting in the elimination of dozens of terrorists"", it added. Israeli forces have pushed into the remaining parts of Khan Younis, seen as a stronghold of Hamas The IDF also ordered residents of western Khan Younis to move immediately to the al-Mawasi area, on the Mediterranean coast, for their own safety. However, some witnesses said tanks had blocked the road leading there, preventing them from joining the estimated million people currently sheltering to the south in Rafah, on the border with Egypt.
Israeli ground forces expanded their operation into southern Gaza in early December, after largely taking control of Hamas strongholds in the north. Within days they were said to have reached the ""heart"" of Khan Younis, where hundreds of thousands of people who had fled northern areas were sheltering. But the troops have since faced fierce resistance from Hamas's Khan Younis Brigade. It is considered to be one of the two strongest in the group, which is designated as a terrorist organisation by Israel, the UK and other countries.

[2] Israel-Gaza war: IDF says 24 soldiers killed in Gaza in one day - BBC News
Israel's military had already confirmed that three officers were killed in a separate attack in southern Gaza on Monday. The country's Prime Minister Benjamin Netanyahu said that despite its suffering, his country would push on with its offensive until it had ""absolute victory."" There has been fierce fighting in Khan Younis in southern Gaza, which is crowded with displaced people. Elsewhere in Gaza, there has been fierce fighting by three hospitals in Khan Younis in the south, which is crowded with displaced people.
Elsewhere in Gaza, there has been fierce fighting by three hospitals in Khan Younis in the south, which is crowded with displaced people. The IDF announced it has completely encircled the city, which has been a main focus of its ground offensive targeting Hamas. Israel believes that the group's leaders may be hiding there and that it may also be where some Israeli hostages are being held. According to the IDF, dozens of local gunmen were killed in its operation and its forces found rockets in rocket-launchers ready to fire, as well as tunnel shafts and a large number of weapons.

[3] Israel-Gaza: Netanyahu defies Biden over Palestinian state - BBC News
Israeli forces have continued to push into southern Gaza, saying they are searching for top Hamas officials they believe are hiding in Khan Younis, the Strip's second biggest city. The Israel Defense Forces said they had raided a tunnel in Khan Younis that had been used to hold hostages, although they were not there when it was discovered. While the focus of the fighting is now in southern Gaza, there have been renewed clashes around the northern town of Jabalia, as Palestinian fighters reportedly advanced while Israel tried to move its soldiers and tanks south. Almost three months since Israel launched its ground invasion of Gaza, its army - vastly superior to Hamas in strength and equipment - is still facing significant resistance across the territory.
Just do it, Bibi. Just do it. Bring the hostages back home."" Israeli forces have continued to push into southern Gaza, saying they are searching for top Hamas officials they believe are hiding in Khan Younis, the Strip's second biggest city.

[4] More than 25,000 now killed in Gaza since Israel offensive began, Hamas-run health ministry says - BBC News
The White House has said the US and Israel ""clearly see things differently"" when it comes to a two-state solution. Israel began its offensive following the 7 October attack in which Hamas fighters killed about 1,200 people in southern Israel and took more than 240 hostage. In its first public account of the October assault, published on Sunday, Hamas described it as a ""necessary step"" against the Israeli occupation of the Palestinian territories and a way to secure the release of Palestinian prisoners. Israel's air and ground operation is currently focusing on southern Gaza, where the military are convinced top Hamas commanders are holed up in, or beneath, the city of Khan Younis.
Israel's air and ground operation is currently focusing on southern Gaza, where the military are convinced top Hamas commanders are holed up in, or beneath, the city of Khan Younis. That is where the Israel Defense Forces (IDF) said it had discovered another tunnel, some 830m (2,700ft) long and containing booby-traps and blast doors. The IDF footage showed what appeared to be a tunnel with mattresses and cells inside - it is where Israel believes around 20 hostages, including children, were held at various points. None were found when the tunnel was discovered, though.

[5] Intense Israeli strikes in south Gaza city as hostages sent medicine - BBC News
The UN says that the war has displaced around 85% of Gaza's 2.3 million people, many of whom have been forced to cram into shelters and are struggling to get basic supplies. In a joint statement, a number of UN special rapporteurs said: ""Currently every single person in Gaza is hungry, a quarter of the population are starving and struggling to find food and drinkable water, and famine is imminent."" Israel's Defence Minister, Yoav Gallant, has said that the intense stage of Israel's military operations against Hamas would ""soon"" wind down in the south of Gaza, including Khan Younis, where it is thought local leaders of the armed group may be hiding. He said that the military had already switched to more targeted action in the north, where it began its ground offensive.
All the kids were screaming and crying."" The UN says Nasser Hospital in Khan Younis is at risk of closure due to hostilities in the surrounding area A local journalist, Tariq Dahlan, said: ""There is a state of panic among the displaced people in the hospital."" ""People are running away from this area towards the West, but nobody knows where they're going and what his fate will be.""","Israeli troops have advanced into Khan Younis, which is considered a stronghold of Hamas, engaging in close-quarters combat and conducting airstrikes. The Israel Defense Forces (IDF) have encircled the city and are focusing their operations on locating top Hamas officials believed to be hiding there. Despite the military's superior strength, they are encountering significant resistance from Hamas fighters. The situation in Khan Younis is dire, with many displaced people seeking safety amid intense fighting and limited access to basic supplies.",False,f73c8547a6d573b4|44846523b270808f|8a2334ebc49c781c|f59a9727d9639290|9df4118168d7d7c3,0.7531,0.2879,5
b5126b9281563b13,M_nocap,increase in foster carer numbers in Wales,"[1] Soldier who shot child killed himself waiting for therapy - BBC News
However, Mrs Du Preez said she believed more could have been done to provide him with veteran specific mental health care in the years before his death. ""It's frustrating because I know there are people receiving treatment with similar conditions over the border in England, and it feels very much like a postcode lottery,"" said Mrs Du Preez, who works as a civil servant. ""I've got a little boy at home who doesn't have daddy."" According to Welsh government figures, there are about 115,000 veterans in Wales, and a higher percentage in Wales than in England.
According to Welsh government figures, there are about 115,000 veterans in Wales, and a higher percentage in Wales than in England. The Welsh government said it set up Veterans NHS Wales in 2011 to provide dedicated therapists for veterans, and said it introduced a new scheme in 2023 to improve GP services for ex military personnel and all ensure health boards had an armed forces champion. George Du Preez struggled with his mental health after unknowingly shooting at a child target in Afghanistan But Dave Singletary, of the Parachute Regimental Association in Wales, said therapy lists were full and Wales did not have the facilities to offer the same care as was available in England.

[2] Safety plea over co-sleeping baby deaths figures - BBC News
The NHS no longer tells parents never to bedshare with their babies but focuses advice on doing so more safely. The solicitor general said the figures suggested some babies were dying in ""high-risk"" co-sleeping situations. The Crown Office and Procurator Fiscal Service (COPFS) has for the first time tracked the number of babies who died while co-sleeping with parents, following concerns identified as a result of its investigations. During 2023 it received reports of 74 deaths of babies under the age of 18 months.
During 2023 it received reports of 74 deaths of babies under the age of 18 months. Of those, it identified 19 babies who died while co-sleeping. In a number of cases the parent or carer had consumed alcohol or drugs. NHS Scotland no longer urges parents never to bedshare with babies, accepting that some parents will do so, but it offers advice on making it safer.

[3] Family moves 180 miles for special-needs nursery space - BBC News
After one visit, Joe's parents decided they needed to do whatever it took ""to get him in a place like this"". Demand for childcare places is rising due to the government's plan to offer funded hours to younger children, but the number of pre-school children with special education needs and disabilities is increasing too. According to government figures, the number of three- and four-year-olds eligible for 30 hours of childcare who have SEND has risen from 76,418 (6.3%) in 2021 to 95,589 (8%) in 2023. Only one in five councils has sufficient availability for children with SEND currently, and many are concerned the situation will get worse, the managing director of Coram Family and Childcare, Ellen Broome says.
Only one in five councils has sufficient availability for children with SEND currently, and many are concerned the situation will get worse, the managing director of Coram Family and Childcare, Ellen Broome says. In England, 92 out of 153 responded to Coram's annual survey of the costs and availability of childcare. Its full research will be published in March but the charity has shared some initial findings with BBC News: Councils are worried about ""the additional spaces that need to be created in the system"" and ""the impact that will have on how many providers are able to offer places with SEND"", Ms Broome adds.

[4] Jeremy Miles rules out 20mph U-turn if he becomes first minister - BBC News
""I'm standing for Welsh Labour leader and first minister because I have a vision for Wales' future,"" Mr Miles added. ""As first minister, I will invest more in education, provide practical help to the NHS in order to cut waiting lists, expand cooperative housing, and introduce fairer bus fares."" Mr Miles said he would also press for more powers to be devolved to Wales, including crime, justice and benefits. On Friday, Mr Gething pledged to ensure that health and social care spending in Wales did not fall below that of England and ruled out privatisation of the Welsh NHS.
On Friday, Mr Gething pledged to ensure that health and social care spending in Wales did not fall below that of England and ruled out privatisation of the Welsh NHS. Mr Gething also revealed that the health service had saved his life when he was ""seriously unwell"" with kidney disease. ""The NHS was there for me when I needed it most and I'll always be there for the NHS,"" he told BBC Radio Wales Breakfast.

[5] Councils to get extra funding to tackle cash crisis - BBC News
Both emphasised the need for reform of local government finance and an end to ""short-term"" settlements. Labour councillor Shaun Davies, who chairs the Local Government Association, also welcomed the funding, but added that it would not be enough to meet increases in costs and demands. He put the funding gap next year at £1.6bn. Cathie Williams, joint chief executive of the Association of Directors of Adult Social Services, said the extra funding was ""much needed"", and would be welcomed by people who received and provided support.
England's local authorities will receive a £600m funding boost from the government following recent warnings of further bankruptcies. Communities Secretary Michael Gove said they would share £500m to help fund children's and adult social care. In December, he announced a total of £64bn would be made available to councils for 2024-25. Earlier this week, more than 40 Tory MPs signed a letter urging Rishi Sunak to increase that to avert major cuts.","The evidence does not provide any information regarding an increase in foster carer numbers in Wales. It discusses various topics, including mental health care for veterans, childcare availability for children with special educational needs, local government funding, and political pledges related to health and social care, but none of these relate to foster care. Therefore, there is insufficient evidence to address the query.",False,bb07fa1a1859a7ab|f79047c0aefc98e9|b9bd324e4e17b237|e04184e394e646af|ec188e392d7d2811,0.5502,0.2946,5
9c112637f060fec0,M_nocap,jet crash involving Ukrainian PoWs,"[1] Downed plane: Still unanswered questions amid Ukraine and Russia claims - BBC News
We can't be sure yet who or what was on the plane that came down. We don't know how much more officials here in Kyiv may already know and not be saying. If there were Ukrainian soldiers on board the transport plane, then Russia will eventually have to provide the proof. And Ukraine will have to give fuller answers.
After all, we do know the plane came down - and Ukraine has the capacity for that. Early on, the Ukrainska Pravda news website quoted an armed forces source saying it was ""their job"", and that the plane had been carrying Russian S300 missiles. A success, in other words. That was later corrected, to say the source had not been corroborated.

[2] Ukraine-Russia war: missiles kill 11, including children, Ukrainian official says - BBC News
Some residents have been returning despite official warnings about the dangers. In August, at least nine people were killed and dozens more injured in a Russian missile attack on the town. Earlier this week Ukrainian forces launched more than 70 drones across the border into Russia after Moscow launched its biggest aerial bombardment. This led to evacuations in the south-western city of Belgorod.
Pokrovsk lies in Ukrainian-held territory in the Donetsk region A Russian missile strike has killed 11 people, including five children, in eastern Ukraine, a local official says. S-300 missiles hit the town of Pokrovsk in Ukrainian-held territory in Donetsk region, the regional governor said. ""The enemy is cynically hitting civilians, trying to bring as much misery as possible,"" Governor Vadim Filashkin posted on Telegram.

[3] Ukraine and Russia in 'biggest prisoner swap' so far - BBC News
Both sides thanked the United Arab Emirates for mediating the deal. Last month, Ukraine said it had freed some 2,598 people from Russian captivity during a process of 48 swaps. Some Ukrainian prisoners of war previously freed from Russian captivity have said they were subject to torture, including beatings and electric shocks. Russian officials posted footage of their released prisoners returning home on a bus
In exchange, 248 Russians were released by Ukraine in the deal, mediated by the United Arab Emirates. It is the first major prisoner exchange since last August. ""Our people are home,"" Ukrainian President Volodymyr Zelensky wrote on social media. ""Today, we brought back over 200 warriors and civilians from Russian captivity.""

[4] Russia risked lives in downed plane, Volodymyr Zelensky says - BBC News
Belgorod regional governor Vyacheslav Gladkov said the plane crashed in a field near a residential area and that everyone on board had died. Ukraine's general staff, quoted by the Ukrainska Pravda website, said initially that the plane was transporting missiles for Russia's S-300 air defence systems. It made no mention of PoWs. None of the details surrounding those on board can be independently verified, but Ukraine's military intelligence said it was Russia's responsibility ""to ensure the safety of our defenders under the agreements that had been reached"".
The BBC has verified this video showing the moment a Russian aircraft crashed in the Belgorod region Ukrainian President Volodymyr Zelensky has accused Moscow of ""playing with the lives of Ukrainian prisoners"", after a deadly plane crash in western Russia. He demanded an international inquiry after Wednesday's crash in the Belgorod region near Ukraine's border. Russia said there were no survivors after Kyiv had downed the Il-76 plane with 65 Ukrainian prisoners of war, six Russian crew and three escorts.

[5] Ukrainian intelligence does not rule out PoWs on downed Russian plane - BBC News
The BBC has verified this video showing the moment a Russian aircraft crashed in the Belgorod region A representative of Ukrainian defence intelligence has told the BBC that he ""does not exclude"" the possibility there were Ukrainian prisoners on board the Russian military plane that came down in Belgorod. However, Andriy Yusov stressed that Russia had provided no proof to back its claims there were. ""There is no clear information about prisoners of war.
Mr Yusov, who is the first Ukrainian official interviewed by the BBC since the incident on Wednesday, accused Moscow of ""hiding"" information, with limited images from the crash site - including of any dead. Russia says 65 Ukrainian prisoners of war died when the IL-76 plane was shot down by a Ukrainian missile. Its investigative committee released a short video this evening, showing blood on the snow, plane wreckage and a large blackened area of ground. There are some human body parts - but the footage and what it reveals is very limited.","The coverage reports on a plane crash involving a Russian military aircraft in the Belgorod region, which Ukraine claims was shot down, resulting in the deaths of 65 Ukrainian prisoners of war, along with six Russian crew members and three escorts. Ukrainian President Volodymyr Zelensky has accused Russia of endangering the lives of Ukrainian prisoners and has called for an international inquiry into the incident. Ukrainian defense intelligence has indicated that while they do not rule out the presence of Ukrainian prisoners on the plane, Russia has not provided evidence to support its claims. The situation remains unclear, with limited information available about the crash and those on board.",False,e89c794812f5d85e|c1b751800676e9cc|88502391a3952417|61d23ed8458a2c1c|b6cfed5ba17c7987,0.6365,0.3173,5
d64545a1d0391eb7,M_nocap,story of the Sugar Boat shipwreck,"[1] New Zealand: Man's watch reflection leads to rescue after day in ocean - BBC News
The whereabouts of his boat are unknown and efforts are being made to find it. ""It's an absolute miracle the fisherman is still alive after the ordeal,"" said police. ""Without the quick actions of the three gentlemen that retrieved him, this certainly would have had a tragic outcome. ""The boaties did an absolute stellar job and without a doubt saved this man's life.""
""The boaties did an absolute stellar job and without a doubt saved this man's life."" The police added that the man wanted to thank the fishermen - named as Mike, Tyler and James - for rescuing him, along with all the emergency services.

[2] London flooding: Floating bar sinks during Storm Henk - BBC News
A party boat sank on the Thames after heavy rain battered London. Only the mast of the floating bar and restaurant, which was moored at Temple Pier, could still be seen on Thursday night after onlookers watched it begin to sink late in the afternoon. Meanwhile, in Hackney 50 people were led to safety after a canal burst its banks. A Met Office yellow weather warning for rain was in place until 03:00 GMT on Friday.
Only the mast of the boat could be seen Have you been affected by flooding in London? Please email hello.bbclondon@bbc.co.uk. Listen to the best of BBC Radio London on Sounds and

[3] St Asaph: Family's dishwasher 'burst into flames' - BBC News
""I opened the door and saw flames coming out of the bottom of the machine. ""It was pure luck that I hadn't gone to collect my wife already - 20 minutes later and the house would have been empty."" Mr London-Smith turned the dishwasher off and unsuccessfully attempted to put the fire out with water from the sink. ""Then I remembered that a friend had given me an old fire extinguisher a few years ago which was still in a shed in the garden,"" he said.
""Then I remembered that a friend had given me an old fire extinguisher a few years ago which was still in a shed in the garden,"" he said. ""I aimed it at the hole where the flames were coming through and it worked."" Ellen London-Smith said it was pure luck that the fire was spotted. But the couple's kitchen ended up covered in soot and extinguisher powder.

[4] Mysterious medieval cemetery unearthed in Wales - BBC News
Fragments of dishes and cups have been found, and splinters of animal bone that have been butchered and burnt. One item really brings this community to life: a tiny carved peg that may have been used as a marker for scoring in a game, perhaps something like we use in a cribbage board. This small carved peg is made from animal bone and may have been used for a medieval gaming board Dr Andy Seaman, a specialist in early medieval archaeology from the University of Cardiff - who is leading the digging team - says unlike cemeteries now, this doesn't seem to be just a place to dispose of the dead.
It's lying in one of the graves. ""It's a rim shard, an ice-cream shaped cone vessel - very fine material, very fine glass… it's a really nice find,"" Andy Seaman says as he admires the fragment. He thinks it's from the Bordeaux region in France - and it's not the only imported item, the team has also found pieces of pottery, possibly from North Africa. The team will carry out a DNA analysis of the bones to find out more about this community

[5] Navy Seals presumed dead after anti-Houthi mission - BBC News
""These Seals represented the very best of our country, pledging their lives to protect their fellow Americans,"" US President Joe Biden said in a statement on Monday. ""Our hearts go out to the family members, loved ones, friends, and shipmates who are grieving for these two brave Americans."" Military officials told the Associated Press the first Seal, Ingram, was swept into heavy seas during the night mission as they were boarding an unflagged dhow - a traditional sailing ship - where the weapons were discovered. The second, Chambers, entered the water to try to save him.
The Navy Seals went missing during an operation to seize weapons parts on this ship Two US Navy Seals who went missing during an operation to seize Iranian-made weapons - bound for Houthis in Yemen - are now presumed dead, the US military says. The incident took place on 11 January when commandos were boarding a ship off the coast of Somalia. According to media reports, one was swept away and the second jumped in to save him.","The evidence does not provide any information about the Sugar Boat shipwreck. It covers various unrelated incidents, including a man's rescue from the ocean, a party boat sinking in London, a household fire, a medieval cemetery discovery, and a military operation involving Navy Seals. None of these reports mention the Sugar Boat or its shipwreck.",False,fcc2ef2d5e299c2e|448ccf42cc5a7140|034a3d7c21a3f270|df3ebb56a6a48c7c|34e6cebdc624fb1d,0.5573,0.2677,5
3b9de4ebe5332c3a,M_nocap,Meta tool to block nude images in private messages,"[1] Young Britons exposed to online radicalisation following Hamas attack - BBC News
TikTok has said several times how it stands firmly against hateful behaviour and hate speech, and continues to ""invest in new ways to diversify recommendations and interrupt repetitive patterns"". Meta, which owns Instagram, outlines in its ""community standards"" how it uses a mix of ""automated technology and human review to identify and remove content"" that violates its guidelines, including content ""that attacks people based on their protected characteristics - which includes their religion, ethnicity or national origin"". The social media company has also said: ""We continue to remove any imagery that is produced by a Dangerous Organization or Individual, unless it is clear that the user is sharing it in a news reporting or condemnation context."" X did not reply to the BBC's request for comment.
That includes about 10 being passed to investigation teams within the Met's counter terrorism branch, while others have been passed on to local police forces or regional counter terrorism units. The officers say that that TikTok, X and Meta, which owns Instagram and Facebook, have been cooperative and quick to remove the most extreme content they flag. However, they say its been trickier with more borderline posts, where its unclear whether they're in breach of the social media sites' guidelines. ""People are saying some pretty horrible things.

[2] Urgent need for terrorism AI laws, warns think tank - BBC News
""Hate speech and extremism are both forbidden by our Terms of Service"", the firm said. ""Our approach to AI-Generated content flows from a simple principle: Our products should never produce responses that are likely to harm users or encourage users to harm others"". The company said it trained its models in a way that ""optimises for safe responses"". It added that it had a moderation system in place so users could flag content that violated its terms and was committed to taking prompt action when content was flagged.
But Mr Hall said as the messages were not generated by a human, no crime was committed under current UK law. New legislation should hold chatbot creators and the websites which host them responsible, he said. As to the bots he encountered on Character.ai, there was ""likely to be some shock value, experimentation, and possibly some satirical aspect"" behind their creation. Mr Hall was even able to create his own, quickly deleted, ""Osama Bin Laden"" chatbot with an ""unbounded enthusiasm"" for terrorism.

[3] Taylor Swift deepfakes spark calls in Congress for new legislation - BBC News
There are currently no federal laws against the sharing or creation of deepfake images, though there have been moves at state level to tackle the issue. In the UK, the sharing of deepfake pornography became illegal as part of its Online Safety Act in 2023. Democratic Rep Morelle, who last year unveiled the proposed Preventing Deepfakes of Intimate Images Act - which would have made it illegal to share deepfake pornography without consent - called for urgent action on the issue. He said the images and videos ""can cause irrevocable emotional, financial, and reputational harm - and unfortunately, women are disproportionately impacted"".
US politicians have called for new laws to criminalise the creation of deepfake images, after explicit faked photos of Taylor Swift were viewed millions of times online. The images were posted on social media sites, including X and Telegram. US Representative Joe Morelle called the spread of the pictures ""appalling"". In a statement, X said it was ""actively removing"" the images and taking ""appropriate actions"" against the accounts involved in spreading them.

[4] Police investigate virtual sex assault on girl's avatar - BBC News
The BBC has not yet confirmed on which platform the attack on the young girl's avatar took place but Meta has said in a statement: ""The kind of behaviour described has no place on our platform, which is why for all users we have an automatic protection called personal boundary, which keeps people you don't know a few feet away from you. ""Though we weren't given any details about what happened ahead of this story publishing, we will look into it as details become available to us."" Meta also employs a number of technologies specifically designed to limit teenage users' exposure to offensive content and interactions with people they do not know.
But others suggest there may be existing laws, for example against the creation of synthetic child abuse images, which could be used as the basis of prosecutions in virtual world cases. Ms Jones told BBC Radio 4's World at One programme on Tuesday: ""The police are having to work quickly. They're having to work in conjunction with the government, particularly with the Ministry of Justice, to highlight where there need to be changes in legislation."" It is not the first time that concerns about sexually motivated attacks in the metaverse have been raised.

[5] H&M pulls school uniform advert after being accused of sexualising children - BBC News
The ad showed a girl aged between eight and 11 wearing a bikini in a pose that ""was quite adult for a girl of her age"", the Advertising Standards Authority (ASA) said. The watchdog also banned four other adverts for showing sexual images and pictures that objectified women.
Ms Roberts added: ""It's disappointing to see that, 14 years later, retailers are still creating inappropriate adverts that prematurely sexualise young girls. ""While we're pleased that H&M have accepted their mistake and removed the advert, it really should never have been created in the first place."" Last year, online retailer Temu had an advert banned by the UK's advertising watchdog for sexualising a child. The ad showed a girl aged between eight and 11 wearing a bikini in a pose that ""was quite adult for a girl of her age"", the Advertising Standards Authority (ASA) said.","The evidence does not specifically mention a Meta tool to block nude images in private messages. However, it does indicate that Meta employs technologies designed to limit users' exposure to offensive content and interactions with unknown individuals. Additionally, Meta has community standards that involve automated technology and human review to identify and remove content that violates its guidelines, which includes harmful imagery. The coverage also discusses broader issues related to online safety and the need for legislation to address harmful content, but it does not provide details on a specific tool for blocking nude images in private messages.",False,6d9ffb0dcc3e8c07|bbb0c63f18f6392f|37c97c9df7563ab1|d91cc90f86900019|121c7132b9bc9f4b,0.4146,0.2598,5
f75d02f62d98f96f,M_nocap,Littler reaches PDC World Championship semi-finals,"[1] Dutch Darts Masters: Michael van Gerwen beats Luke Littler 8-6 in final - BBC Sport
After losing 8-5 to Littler last week in Bahrain, the 34-year-old said ""I will get him"" - and he did at the first time of asking. For Littler, who has now won £230,000 in prize money, this was further evidence that he is here to stay after he rose to prominence with his run to the PDC World Championship final on debut earlier in January. The then-16-year-old lost to Luke Humphries in the showpiece, but beat the world number one 6-5 in the quarter-finals in Den Bosch. Littler then beat Gerwyn Price for the second successive week to set up a repeat of the Bahrain final.
Luke Littler came into the event seeded number one after his win in Bahrain last week Littler, 17, beat Van Gerwen to win his first PDC senior title at the Bahrain Masters last week but was unable to make it back-to-back titles. Both players exchanged early breaks before a run of holds meant the game was level at 6-6 in a best-of-15 tie. Van Gerwen then held, before taking out 85 to win his home World Series event for the first time.

[2] Bahrain Masters: Teenage sensation Luke Littler claims 6-3 win on World Series of Darts debut - BBC Sport
Luke Littler has climbed 133 places in the world rankings in the last month after his exploits at Alexandra Palace Teenage sensation Luke Littler beat Hong Kong's Man Lok Leung 6-3 on his highly anticipated World Series of Darts debut at the Bahrain Masters. Littler, who turns 17 in three days, was the youngest PDC World Championship finalist earlier in January. He faces fellow Englishman Nathan Aspinall in the last eight, after the World Matchplay champion edged past the Philippines' Lourence Ilagan 6-5.
The quarter-finals, semi-finals, and final are all scheduled to take place on Friday. Littler, who has had some time off since his exploits at Alexandra Palace, missed three attempts at double five in the first leg as he went 2-0 down. However, he then reeled off five consecutive legs before sealing his victory against the world number 126. Meanwhile, new world champion Luke Humphries extended his 19-match winning run with a resounding 6-0 victory over the host nation's Abdulla Saeed.

[3] Bahrain Masters: Luke Littler beats Michael van Gerwen in final - BBC Sport
Teenager Luke Littler continued his stunning rise by beating Michael van Gerwen 8-5 to win the Bahrain Masters. It is Littler's first PDC senior title after coming up short against Luke Humphries in the World Championship final earlier this month. Littler, 16, earlier threw a nine-darter in the first leg of his quarter-final victory over Nathan Aspinall. ""No-one believes me but I hadn't thrown a dart since the world final until yesterday,"" Littler told ITV4.
""I'm just going to have to see what my darts do."" Littler's win in Bahrain means he takes home the top prize of £20,000, adding to the £200,000 he earned for finishing as runner-up at the World Championship. He has plenty on the horizon after being selected as the youngest person to take part in the eight-player Premier League, which starts on 1 February. World champion Humphries, who beat English compatriot Littler 7-4 in the final at Alexandra Palace on 3 January, was on track to meet the teenager again in Bahrain but he came up short in his quarter-final against Price.

[4] Luke Littler: Teenager in PDC World Darts Championship final against Luke Humphries - BBC Sport
It is that fearless approach which has allowed Littler to defy the odds. Demonstrating ice-cool composure belying his age and experience on one of his sport's biggest stages, he completed victory over Cross with minimal fuss as he hit a concluding double 10 with awe-inspiring disregard for the magnitude of the occasion. It was the fourth match of the tournament in which Littler, with only four senior matches at PDC premier events prior to the tournament, has averaged more than 100. His level did not waiver as the match reached its crescendo either, taking three consecutive sets to seal victory in style.
Luke Littler has already earned £200,000 for his run to the final You can follow live coverage of the PDC World Darts Championship final in a text commentary on the BBC Sport website from 19:30 GMT on Wednesday, 3 January. Luke Littler began his PDC World Darts Championship debut hoping simply ""to win one game"" but now the 16-year-old sensation will face Luke Humphries on Wednesday evening in what is anticipated to be the most-watched final in the tournament's 31-year history. In polishing off his latest remarkable victory at Alexandra Palace - this time stunning former champion Rob Cross - Littler became the youngest person to reach the title decider.

[5] Luke Littler beats Rob Cross to reach World Darts Championship final - BBC Sport
He could rise as high as ninth and win £500,000 if he is successful in Wednesday's final. He had only played four senior matches at PDC premier events before making his debut on 20 December and now has the opportunity to be the youngest winner of the tournament, surpassing Michael van Gerwen, who was 24 years and nine months old when he won his first title in 2014. Littler lost the opening set for the first time in the tournament before he recovered to take a 3-1 lead, including taking out 142 in the third set. Cross won the next set, breaking Littler's throw with a 138, before he struggled to keep up with his opponent's high-scoring game as the 16-year-old won three sets in a row to seal the victory.
It is the fourth match of the tournament that Littler has averaged more than 100. No other player has done that with already eliminated Chris Dobey next on three occasions. Littler started the tournament ranked 164th in the world and had a provisional ranking of 50 heading into the semi-finals. He could rise as high as ninth and win £500,000 if he is successful in Wednesday's final.","Luke Littler has made a significant impact in the PDC World Darts Championship, reaching the final in his debut appearance. He became the youngest finalist in the tournament's history, showcasing impressive performances, including victories over top players like Rob Cross and the world number one. Although he ultimately lost to Luke Humphries in the final, Littler's journey has been marked by remarkable achievements, including winning the Bahrain Masters shortly after the championship, further solidifying his status in the sport. His success has led to a substantial increase in his world ranking and prize money.",False,b834dae2f132baa0|c36d08f0bb55abce|b65caf41b4f3c7e4|2e59cdeb44011aa4|02a07ad9c7a29286,0.699,0.3281,5
bdbd051eed422090,M_nocap,shipping costs increase due to Red Sea attacks,"[1] Inflation risk from Red Sea disruption, warns economist - BBC News
Inflation is at risk of rising again, according to a leading economist, following attacks on ships using a vital trade route through the Red Sea. Mohamed El-Erian said while disruption to shipments was not as severe as during Covid, he warned it would push up prices and hit economic growth. Several shipping firms have stopped vessels using the Red Sea route after attacks by Houthi rebels in Yemen. Last week, the US and UK launched military strikes against the Houthis.
Its spokesman Nils Haupt, said: ""Not only do we need more fuel, of course, but we are also speeding up to save some time and speeding up also costs additional fuel so this is, for us, monthly high two-digit million amount of dollars."" Commenting on whether the US and UK strikes will restore shipping to normal levels, he said: ""All different measures that help us to get rid of terrorism and to continue our peaceful journey with commercial ships is helping. ""But if this attack that we have seen last week is really helpful, that is still to be seen.""

[2] Iran must tell Houthis to cease and desist, says Grant Shapps - BBC News
The threat has become so great that major shipping companies have ceased sailing in the region and insurance costs have risen 10-fold since early December. The International Chamber of Shipping says 20% of the world's container ships are now avoiding the Red Sea and using the much longer route around the southern tip of Africa instead. Correction 13th February: This article wrongly reported that about 1,300 people had been killed following the 7th October attack by Hamas. This was based on counting those who later died from their injuries in addition to the figure of more than 1,200.
Israel's retaliatory strikes and ground offensive in Gaza has since led to more than 23,000 people there being killed. Iranian proxies in Syria and Iraq have also regularly been launching attacks on US military bases in the region since the war broke out. Houthi attacks in the Red Sea increased 500% between November and December last year. The threat has become so great that major shipping companies have ceased sailing in the region and insurance costs have risen 10-fold since early December.

[3] Next warns of supply delays due to Red Sea shipping attacks - BBC News
Other data provided by Kuehne + Nagel indicates this equates to about 78% of the ships that would be expected, on average, to navigate the Suez Canal route during that period. About 30% of global container traffic travels through the Suez Canal, so the diversion accounts for about 23.5% of all global container traffic. Defending ships from attacks is ""very difficult"", said Chris Long, director of intelligence for Neptune Port to Port Group, a private maritime security company operating in the Red Sea. ""There are no commercially available systems that you can put on a container ship that can protect you against the armament that the Houthis are deploying at the moment,"" he told the BBC's Today programme.
Next has warned supplies of its products could be delayed if disruption to shipping in the Red Sea continues. Attacks by Houthi rebels on vessels in one of the world's busiest shipping lanes have resulted in firms avoiding the area and taking longer routes. Next said if access ""difficulties"" continue, delays to stock deliveries to the UK were ""likely"" early this year. The warning came as the retailer reported better-than-expected sales in the run-up to Christmas.

[4] US and UK strikes target Houthi rebels in Yemen - BBC News
The threat has become so great that major shipping companies have ceased sailing in the region and insurance costs have risen 10-fold since early December. The International Chamber of Shipping says 20% of the world's container ships are now avoiding the Red Sea and using the much longer route around the southern tip of Africa instead.
On 9 January, HMS Diamond, along with US warships, successfully repelled the largest attack from the Houthis in the Red Sea to date. On the same day, the Houthis said they targeted a US ship providing support to Israel - the 26th attack on commercial shipping in the Red Sea since 19 November. Houthi attacks in the Red Sea have increased 500% between November and December. The threat has become so great that major shipping companies have ceased sailing in the region and insurance costs have risen 10-fold since early December.

[5] Yemen: US shoots down missile from Houthi-run area fired towards warship - BBC News
Since 19 November, they have carried out at least 27 attacks on cargo ships in the Red Sea, a major route for global maritime trade. The group has said it was targeting vessels heading to, or owned by, Israel, as an act of solidarity with the people of Gaza. However, some of the ships they have hit have no clear connection to Israel. The attacks have led major shipping companies to divert vessels away from the Red Sea, instead taking a longer route around southern Africa.
The attacks have led major shipping companies to divert vessels away from the Red Sea, instead taking a longer route around southern Africa. This has already had an impact on the global economy - with shipping giant Maersk telling the BBC it was being felt ""down to the end consumer"". Tesla and Volvo Cars have suspended some of their car production, UK grocery giant Tesco has warned some prices may go up and Ikea has said supplies could be affected. The Houthi attacks have been ""causing major disruption to a vital trade route and driving up commodity prices"", UK Prime Minister Rishi Sunak has said.","Recent attacks by Houthi rebels in the Red Sea have significantly disrupted shipping routes, leading major shipping companies to avoid the area and take longer routes around Africa. This diversion has resulted in a rise in insurance costs by 10-fold and is expected to impact global supply chains, with companies like Next warning of potential delays in product deliveries. The increased shipping costs and delays are likely to contribute to inflation and affect economic growth, as noted by an economist. The situation has escalated, with a reported 500% increase in Houthi attacks from November to December, further complicating maritime security in this crucial trade route.",False,459ad668d09adb30|fd015c669080def2|e518eb6c5fb7183f|fb1433687b40cd58|7ba134ad943ceff6,0.6635,0.3065,5
5a549f43b5441a9d,M_nocap,"Star Wars figure found in loft sells for £19,500","[1] Harrison Ford's Star Wars script goes to auction - BBC News
The items will go on sale on 17 February British producer Watts and Ford would later work on the Indiana Jones franchise together. An estimate of £800 to £1,200 has been put on the shooting schedules and notes about parties and telephone numbers. Mr Torode said: ""The touching backstory to these items adds even more appeal for avid Star Wars fans and we anticipate huge interest from around the globe.""
The George Lucas script introduces Ford as the cynical hero Han Solo on page 56, according to Excalibur Auctions. The auction also includes a call sheet for the Death Star hallway to core shaft scene, which features Mark Hamill and Carrie Fisher. On the back there appears to be a reference to a meeting involving Star Wars producer Robert Watts at Browns Hotel, Dover Street. The items will go on sale on 17 February

[2] Francoise Bornet: Woman in Robert Doisneau’s Paris kiss photo dies aged 93 - BBC News
The shot had languished in the archives until it was spotted by a sharp-eyed commercial agent in the early 1980s, ultimately becoming one of the most famous images of the city. In 2005, Bornet sold the copy of the original photo given to her by Doisneau at an auction, fetching €150,000 (£130,000). Bornet and her former boyfriend split up shortly after the photograph was taken. She went on to have a career in film.
The photographer had been taking pictures around the city to illustrate an article in Life magazine about love in Paris. The couple were paid a small fee for their participation. To prove that her story was true and that she was the woman in the picture, Bornet produced an original copy of the photo signed by Doisneau himself. The shot had languished in the archives until it was spotted by a sharp-eyed commercial agent in the early 1980s, ultimately becoming one of the most famous images of the city.

[3] Dog enjoys priciest meal of his life - $4,000 cash - BBC News
A money-hungry pooch was in the dog house for chewing up $4,000 (£3,153) cash that his owners had left out. Cecil, a goldendoodle from Pennsylvania, has gone viral for snacking on the envelope of money his owners had set aside for a contractor. Clayton and Carrie Law pieced together most of the shredded bills after a smelly search of Cecil's droppings and vomit - only $450 is still missing. Cecil's veterinarian told the couple their greedy pet would be OK.
A video of the incident, which made the dog a momentary internet star, showed the pet owner in tears. The Laws, meanwhile, said they are trying to see the levity of the situation, writing on their viral video that ""the remaining scraps will be our most expensive piece of art"".

[4] St Asaph: Family's dishwasher 'burst into flames' - BBC News
""They sent an engineer to look at it who confirmed that it couldn't be repaired and he seemed to think there'd been a wiring fault. ""Currys have also asked to have the fire-damaged dishwasher back so they can do further checks on it to see what could have gone wrong."" Currys initially offered the couple £79.86 in compensation as the dishwasher was out of warranty, but when approached by BBC Wales, agreed to cover the cost of a new one. A Currys spokesperson said: ""We were extremely shocked to hear about Mr and Mrs London-Smith's case and treat situations like these with the upmost seriousness.
But the couple's kitchen ended up covered in soot and extinguisher powder. Ellen London-Smith added: ""It took us the rest of the weekend to clear the mess up - both of us working flat out with help from my mum. ""We bought the dishwasher, a Kenwood KID45S17, from Currys in December 2019 - almost exactly four years to the day it caught fire. ""They sent an engineer to look at it who confirmed that it couldn't be repaired and he seemed to think there'd been a wiring fault.

[5] Asante Gold: UK to loan back Ghana's looted 'crown jewels' - BBC News
Some have raised concerns this would mean British museums losing some of their most prized items in future. Or as a previous culture secretary, Michelle Donelan, put it to me in relation to a return of the Parthenon Sculptures, that it would ""open the gateway to the question of the entire contents of our museums"". But Mr Hunt said the ownership of very few of the V&A's collection of 2.8 million items has been disputed. Mr Hunt says only a fraction of the V&A's collection, like these Asante items, are contested
The Victoria & Albert Museum (V&A) is lending 17 pieces and 15 are from the British Museum. Ghana's chief negotiator said he hoped for ""a new sense of cultural co-operation"" after generations of anger. Some national museums in the UK - including the V&A and the British Museum - are banned by law from permanently giving back contested items in their collections, and loan deals such as this are seen as a way to allow objects to return to their countries of origin. But some countries laying claim to disputed artefacts fear that loans may be used to imply they accept the UK's ownership.","The evidence does not provide any information regarding a Star Wars figure found in a loft that sold for £19,500. Instead, it discusses various unrelated topics, including an auction of Harrison Ford's Star Wars script, a woman's death related to a famous photograph, a dog that chewed up cash, a family's dishwasher fire, and the loan of looted artifacts back to Ghana. Therefore, there is insufficient evidence to summarize the query.",False,e7fee6ad15f78b8b|cc57d3d680db48d6|1ce4ed351d4c88b0|034a3d7c21a3f270|34ec07d636e80a36,0.6284,0.2831,5
744c413bc02c7dc7,M_nocap,US and UK military action after Houthi attack,"[1] Iran must tell Houthis to cease and desist, says Grant Shapps - BBC News
The UK joined the US in launching airstrikes against Houthi targets in Yemen overnight on Thursday. The Houthis have been attacking shipping in the Red Sea since November. The Iranian-backed political and military group - who control a large part of Yemen - claims to be targeting ships in response to Israel's attacks on Gaza. On Friday, US and British forces responded with air strikes on 16 targets in Houthi-controlled areas in Yemen, including logistical hubs, air defence systems and military depots.
Watch: US President vows retaliation against Houthis if attacks continue The UK's defence secretary has told Iran to urge its proxies in the Middle East to ""cease and desist"" as the world is ""running out of patience"". Grant Shapps singled out Yemen's Houthis and Lebanon's Hezbollah, both key allies of Tehran and supporters of Hamas. The UK joined the US in launching airstrikes against Houthi targets in Yemen overnight on Thursday.

[2] Yemen strikes: Houthis hit US-owned ship after 'terror' designation - BBC News
Washington's new designation of the Houthis will require US financial institutions to freeze Houthi funds and its members will be banned from the US. The Houthi attacks in the Gulf of Aden and neighbouring Red Sea are a response to Israel's military operation in Gaza. Earlier this month, the UK and US launched air strikes on dozens of Houthi targets in Yemen in an attempt to stop the group from targeting vessels in the waters. On Wednesday evening, a Houthi spokesperson said the group had successfully targeted the Genco Picardy, and that the attack was a response to ""the American-British aggression against our country"".
The Houthis began attacking merchant vessels in November, saying they were responding to Israel's military operation in Gaza. Since then, the group has launched dozens of attacks on commercial tankers passing through the Red Sea, one of the world's busiest shipping lanes. In response, the US and UK launched a wave of air strikes against dozens of Houthi targets on 11 January. The strikes - supported by Australia, Bahrain, the Netherlands and Canada - began after Houthi forces ignored an ultimatum to cease their attacks in the region.

[3] US and UK strikes target Houthi rebels in Yemen - BBC News
The Houthi targets in Yemen early on Friday included logistical hubs, air defence systems and arms depots, US officials told the Associated Press news agency. US President Joe Biden, quoted by Reuters news agency, said the US and UK military had successfully launched strikes against Houthi targets with support from countries including Australia, Bahrain, Canada and the Netherlands. ""These targeted strikes are a clear message that the United States and our partners will not tolerate attacks on our personnel or allow hostile actors to imperil freedom of navigation,"" Mr Biden said. He added that he ""will not hesitate"" to order further military action if necessary.
He added that he ""will not hesitate"" to order further military action if necessary. Houthi spokesman Mohammed Abdulsalam said in response that there was ""absolutely no justification"" for the attacks and that the group would continue to target Israeli ships. Iran and the Lebanese armed group Hezbollah - both Houthi allies - have also condemned the strikes. These are the first such actions by the US military in the Red Sea since the Houthi drone and missile attacks on shipping began in November.

[4] UK not seeking confrontation with Houthis - Sunak - BBC News
What was originally intended to be a short, sharp shock for the Houthis has now descended into a repetitive tit-for-tat. The latest strikes will have made a dent in their arsenal. But the Houthis, who took over much of Yemen 10 years ago, have a large supply of missiles and drones and show every sign of continuing their attacks on shipping, undeterred by the eight US-led air strikes so far this year. The US and UK have little choice but to continue hitting Houthi targets as long as their attacks continue - to give up now would be tantamount to ceding control of a crucial global shipping route to a proscribed terror group backed by Iran.
""Those who make that link do the Houthis' work for them,"" he told MPs. There have been at least 12 further attacks by the Houthis since 11 January, including on Monday night ahead of the latest strikes. Incidents have increased in the Red Sea and Gulf of Aden since the first wave of US-UK strikes. But the prime minister insisted the latest British military action had worked to ""degrade capability"", though noted there ""may be a difference between reducing and eliminating"" the threat.

[5] Rishi Sunak: Strikes on Houthis intended as 'limited, single action' - BBC News
They can continue to harass military and commercial shipping off their coasts, which they appear to be now doing. Or - and this is the option the West should worry about - they could marshal their remaining missiles and drones and wait for the opportunity to launch a mass attack on a US or British warship, in the hopes of overwhelming its air defences. This is something the Houthi spokesman has already hinted at and it remains a real risk. US intelligence assesses that the recent airstrikes on the Houthis' military facilities have destroyed or degraded around a quarter of their arsenal.
Rishi Sunak says that UK strikes on Houthi military targets in Yemen were ""in self-defence"" Joint US-UK strikes on Houthi targets in Yemen were intended as a ""limited, single action"", Rishi Sunak has said. Following reports of more attacks by the rebel group on ships in the Red Sea on Monday, the prime minister refused to speculate whether he would take further military action in response. But he said the UK ""will not hesitate to protect our security, our people and our interests where required"".","The US and UK have conducted airstrikes against Houthi targets in Yemen in response to ongoing attacks by the group on shipping in the Red Sea. These strikes aimed at logistical hubs, air defense systems, and military depots, and were described as a necessary action to protect freedom of navigation and respond to Houthi aggression. Despite these military actions, the Houthis have continued their attacks, claiming they are retaliating against perceived aggression from the US and UK. The situation has escalated into a cycle of retaliatory strikes, with both sides indicating a willingness to continue military operations as long as the attacks persist.",False,fd015c669080def2|b63331d1666c504c|fb1433687b40cd58|d876379f83b92e63|903eeb5d7210ea7f,0.7209,0.2878,5
3ed2f261d7fb7262,M_nocap,sub-postmistress urges against post office boycott,"[1] Post Office victims' compensation pot cut by half - BBC News
""Thirdly, and probably most frequently, people remain scared to come forward. They are absolutely petrified of the Post Office and what has been done to them over the last 20 years."" He said: ""They are scared of the legal process. We have consistently tried to manage those fears and have successfully done so when people have come forward.
Nick Read, the Post Office's chief executive, said in its annual accounts that ""any suggestion that today's Post Office is deliberately placing obstacles in the way of that outcome is wholly misplaced"". He said: ""Set against the processes and procedures we have to follow to both secure the necessary funding from government for compensation payments and to make them, we have made good progress. ""We will not rest until justice is achieved, and full and fair compensation paid, for all those so badly affected by the events of the past."" A Post Office spokesperson added it encourages ""people who believe they were wrongly convicted, for any reason, to consider an appeal"".

[2] Post Office scandal: Former minister calls for mass appeal against convictions - BBC News
Hundreds of sub-postmasters convicted in the Post Office Horizon scandal should be able to submit a mass appeal, a former cabinet minister has said. Sir David Davis, who is seeking to question ministers about the issue, told the BBC there was ""no real reason"" why there could not be a ""mass case"". Labour leader Sir Keir Starmer has also said all cases need to be revisited. It comes as ministers met on Monday to consider ways of clearing the names of hundreds of sub-postmasters.
However, former sub-postmistress Ms Felstead told the BBC that while the process of helping former sub-postmasters needed to be sped up, she cautioned against a mass exoneration. ""I think we need to be really careful that we're not just going to go and turn everybody's convictions over, just in case you have that one person that has committed a crime and you've just turned over their conviction,"" she said. A Post Office spokesperson has previously said it shares the ""aims of the public inquiry to get to the truth of what went wrong in the past and establish accountability"". This Panorama special tells the story of those whose lives were utterly devastated, reveals the damning evidence that was kept from them and investigates how and why the Post Office, a multinational tech company and the government covered up the truth for so long.

[3] Post Office may face £100m tax bill over victim payouts - experts - BBC News
It continues ""the Directors recognise that an adverse outcome could be material"". Mr Neidle estimates that deducting postmaster compensation from the Post Office's trading profit would mean that it underpaid more than £100m in corporation tax. The Post Office does not currently have enough money to pay that bill and would therefore, Mr Neidle argues, be technically insolvent. A spokesman said that HMRC could not comment on specific business or individuals but said: ""We collect the tax due under the law, creating a level playing field for everyone and funding public services.
The Post Office said its financial information was ""appropriate and accurate"". It has been paying out to sub-postmasters who have had their theft convictions quashed. Repaying the alleged shortfall to HMRC could render the Post Office technically insolvent and would involve the government stepping in to financially support it. However as the Post Office is owned by the government, exacting financial penalties is tantamount to the government fining itself and no-one is suggesting the Post Office will cease to function.

[4] Post Office scandal: Rishi Sunak considers measures to clear all victims - BBC News
The ITV series focuses on the Post Office's former chief executive, Paula Vennells. But Lord Arbuthnot said: ""There are so many people who behaved so very badly that I think it is probably wrong to focus on one person. ""At the moment, scores of people have got away with things which they should not have got away with and I hope they will not as a result of the public inquiry run by Sir Wyn Williams."" Until 2012, the Post Office was part of Royal Mail before it was split off.
Watch: I'm really, really angry - postmaster gets emotional The Crown Prosecution Service could step into the Post Office's role in the appeals process. But Sir Bob Neill, chair of the Justice Select Committee, suggested such a move could require extra resources and have a knock-on effect on other cases. ""The Director of Public Prosecutions [Stephen Parkinson] has to take that decision themselves, they have to do it independently,"" he said.

[5] Post Office paid Fujitsu £95m to extend Horizon - BBC News
You can’t trust it. You can’t rely on it. However, since the sub-postmasters won their court case in 2019, the Post Office is more likely to resolve significant disputes in the sub-postmaster’s favour, he said. A Post Office spokesperson said: ""As you would expect, we have made significant changes in the way we work with postmasters.""
The Post Office has not given the BBC more detail about how this loss had come about. Ben King is on X (formerly Twitter) Have you been personally affected by the Post Office scandal? Share your experiences by emailing haveyoursay@bbc.co.uk.","The coverage discusses the ongoing issues surrounding the Post Office scandal, particularly the concerns of sub-postmasters regarding the legal processes for appealing wrongful convictions. A former sub-postmistress expressed caution against a mass exoneration of convictions, emphasizing the need to ensure that genuine cases of crime are not overlooked. The Post Office has been urged to expedite the process of helping those affected, while also facing scrutiny over its financial obligations related to compensation payouts. Overall, there is a call for careful consideration in addressing the past injustices without compromising the integrity of the legal system.",False,e10abb8eb3809954|0a5fa0a6fc09ec39|6e760ac156a6441b|a759ba1ff1e97a8c|9ff6889926f6dbe0,0.4722,0.3597,5
c91a5523f1e1a18b,M_nocap,Iran frees journalists jailed for covering Amini death,"[1] Al Jazeera bureau chief's son Hamza al-Dahdouh among journalists killed in Gaza - BBC News
""We're the only country in the Middle East that actually does have a free press. We're the only country in the entire region where the press can write bad things and criticise the leaders of government,"" he said. ""To say Israel deliberately targets the press is ridiculous, we're the only country that actually enshrines the free press."" More than 75 journalists have been killed since the war in Gaza started.
US Secretary of State Antony Blinken said Hamza al-Dahdouh's death was ""an unimaginable tragedy"". He added that ""far too many innocent Palestinian men, women and children"" have died in the war. Mark Regev, a senior adviser to Prime Minister Benjamin Netanyahu, told the BBC's World This Weekend that ""Israel does not deliberately target journalists"". ""We're the only country in the Middle East that actually does have a free press.

[2] Israel Gaza war: Hamas video claims to show dead hostages - BBC News
Israel denied they were killed by strikes. Its defence minister accused the militants of ""psychological abuse"". He added that military pressure was essential to release more hostages. The video released on Monday shows a woman named as Noa Argamani, speaking under duress and saying that two men with whom she had been held had been killed in captivity.
This was based on counting those who later died from their injuries in addition to the figure of more than 1,200. The article has been amended to now refer to about 1,200 deaths, a figure which includes those deaths and which Israel says is not final. • None Stories of the hostages taken by Hamas from Israel

[3] Telegraph takeover: Gulf bidders promise press freedom - BBC News
The Conservative government potentially risks offending deep-pocketed friends if it draws a line at its favoured newspapers. But opponents of the deal point to examples of breaches of press freedom, including reports of a mass firing of journalists at Al Roeya, a newspaper in Dubai owned by IMI, after its editors had decided to run a story on high fuel prices in UAE. An IMI spokesperson said: ""We are fully committed to the editorial independence of the Telegraph and the Spectator. The legal undertakings we are making to the UK government to protect the journalistic freedom of the titles include a separate independent Editorial Trust to act as guardian, an additional undertaking from IMI to not engage in any way with journalists or their reporting, and the structural separation in the RedBird IMI fund buying the Telegraph and Spectator.
The Abu Dhabi-backed bidder for the Daily and Sunday Telegraph has said journalists will be given total editorial freedom. The ownership of the papers was due to be transferred to the Gulf-backed RedBird IMI consortium. But the government intervened over fears the papers might come under the control of an autocratic foreign state. Jeff Zucker, who is leading the bid, told the BBC commitments were backed by legally binding agreements.

[4] Saleh al-Arouri: Hamas leader's death 'won't go unpunished', says Hezbollah chief - BBC News
Iran has condemned the killing of Arouri, with the country's foreign minister criticising Israel for its ""cowardly terrorist operations"" in a post on X, formerly Twitter. Hamas has reportedly told Egyptian and Qatari mediators that it is suspending talks over the possible release of more Israeli hostages in response to Arouri's killing. There are also reports in Arab media that a scheduled visit by an Israeli delegation to the Egyptian capital has been postponed. Meanwhile, the fighting in Gaza continues.
US State Department spokesman Matthew Miller said on Wednesday that Washington was not given advance notice of the strike in Beirut that killed Arouri. The United Nations (UN) peacekeeping force in Lebanon says it is also deeply worried about a potential escalation of violence. A spokesperson for the UN's Interim Force in Lebanon (Unifil) has urged all parties to show restraint, saying that a wider conflict would have devastating consequences for both Israel and Lebanon. Iran has condemned the killing of Arouri, with the country's foreign minister criticising Israel for its ""cowardly terrorist operations"" in a post on X, formerly Twitter.

[5] Iran leader vows harsh response to deadly bombings that killed 84 - BBC News
Iran's government accused the US of an act of international terrorism and issued arrest warrants for Mr Trump and other officials. Are you in the affected area? If it is safe to do so, email haveyoursay@bbc.co.uk. Please include a contact number if you are willing to speak to a BBC journalist.
It welcomed the 2020 death of Gen Soleimani, whose militias fought against the group in Iraq for years. Iranian officials said at least one blast was caused by a suicide bomber. ""Cruel criminals must know that they will be strongly dealt with from now on and undoubtedly there will be a harsh response,"" Khamenei said in a statement on Wednesday evening. Earlier, President Ebrahim Raisi's political deputy, Mohammad Jamshidi, blamed Israel and the US.",INSUFFICIENT_EVIDENCE,False,b48ca6a5be136133|4024bca07855a666|b967409e5798fb72|ab30f5e959a513c1|e3aa92b4be5559f8,0.5122,0.272,5
dc040f96f19af9ae,M_nocap,future of Oscar Pistorius,"[1] Oppenheimer: Cillian Murphy film marches towards Oscars success - BBC News
Nobody knows anything for sure, and there could still be many twists and turns between now and the Oscars on 10 March. Some success for the film is likely, but not guaranteed. To quote one of Oppenheimer's most memorable lines - theory will only take us so far.
With awards buzz growing, can anything stop Oppenheimer at the Oscars? Unlike other categories, best picture is decided by a preferential ballot, where voters rank the nominated films in order of preference. Some voters' dislike of Oppenheimer could mean the top prize goes to a more consensus choice. The Holdovers, Poor Things and, of course, Barbie, are among the major threats.

[2] Jofra Archer: Rob Key hopeful fast bowler can play in T20 World Cup - BBC Sport
""He wanted to play in the IPL, but we said not this time. Hopefully the years he has missed he can add to the end of his career. He is such a talent."" Key also called for dedicated windows to be made in the global calendar for Test cricket in order to protect the oldest and longest form of the game.
He did train with the England white-ball team on their tour of the Caribbean in December. ""Our plan is the T20 World Cup, building him up slowly,"" Key told the Tailenders podcast. ""I saw him bowl in the Caribbean and it was like he'd never been away."" Archer has been been plagued by back and elbow injuries for three years.

[3] Covid Inquiry: Chief medic told staff to delete WhatsApps every day - BBC News
""And when I see the types of things that I've seen, then I've got to question is that being done and if I need to act I will act,"" Mr Hamilton said. David Hamilton has said his office could potentially open an investigation He stressed that his responsibilities would only relate to an appeal regarding any information that had been held or deleted. Mr Hamilton said his investigatory powers were ""tightly limited"" but that his office was looking back through old appeals to see if any covered the period of time covered by the pandemic.
He said any ""pertinent"" information about ""definitive"" decision making was recorded via email. The Scottish government has said it is satisfied ""all steps are being taken to meet the inquiry's requests"". Prof Smith was deputy chief medical officer at the beginning of the pandemic but took over as interim chief medical officer in April 2020 following the resignation of Catherine Calderwood after she broke Covid rules by visiting her holiday home. The appointment was made permanent in December 2020.

[4] Ex-Royal Marine's prosthetic legs stolen in Premier Inn car park - BBC News
The triple-amputee is a gold-medal winning Invictus Games athlete and was appointed MBE for his services to the Royal Marines and veterans. Premier Inn says it is looking into what happened. The back window of his car was smashed Mr Ormrod, who filmed the damage to his car, said it had not been the best start to his day.
It resulted in the amputation of both legs and his right arm. Since then, he has gone on to work for The Royal Marines Charity, and has used his own experiences to help other injured service personnel. He was awarded the BBC South West Sports Personality of the Year award for 2018 for his participation in the Invictus Games. Listen to the best of BBC Radio London on Sounds and

[5] Oscars 2024: Barbie's Greta Gerwig and Margot Robbie miss key nominations - BBC News
Maestro, a biopic about the composer Leonard Bernstein starring Bradley Cooper, received seven nominations. Jimmy Kimmel will host the Oscars ceremony from Los Angeles on 10 March. Read more: Oscars 2024: The list of nominations Watch: Which films are the favourites for the Oscars?
Watch: Which films are the favourites for the Oscars? For the first time in Oscar history, three of the best picture nominees were directed by women: Past Lives (directed by Celine Song), Barbie (Gerwig) and Anatomy of a Fall (Triet). This is partly because the best picture category has been expanded in recent years, and there are now 10 slots available every year. In a statement, Song said: ""Thank you so much to the Academy for this tremendous recognition - it's such an unbelievable honour.",INSUFFICIENT_EVIDENCE,False,b2c03522ab65f88e|f4b5e699adcffa3a|b5e1d86e732b949e|dc7a19154c94c0fa|bb35c17de482430e,0.4754,0.2575,5
58f25e52c827fac6,M_nocap,UK government plans nuclear power expansion,"[1] Hinkley C: UK nuclear plant price tag could rocket by a third - BBC News
The revised estimates come after the government recently announced ambitions for the biggest expansion in nuclear power for 70 years. The UK government has said in the past it wants nuclear to provide up to 25% of the UK's electricity needs by 2050 as part of its plans to combat climate change. A government spokesperson said the new plant is ""not a government project"" and as such ""any additional costs or schedule overruns are the responsibility of EDF and its partners and will in no way fall on taxpayers"". Once Hinkley C is complete, it is expected to generate enough electricity to supply some six million homes, for the next 60 years.
Once Hinkley C is complete, it is expected to generate enough electricity to supply some six million homes, for the next 60 years. The French state-owned firm manages all five nuclear power stations that are currently generating electricity in the UK, along with three that are defueling, the first stage of winding down operations. In 2022, the cost of the UK's first new nuclear plant since the 1990s was estimated at £26bn, with a target date for completion of June 2027. Previous cost estimates have been expressed in 2015 prices for easy comparison over time.

[2] Tax cut promises may need to be rolled back - IFS think tank - BBC News
But the Treasury said its action to ""halve inflation and ensure debt falls as a share of the economy means we are now beginning to turn a corner, which is why we can afford tax cuts for 27 million working people this month"". A spokesperson said: ""The best way to deliver sustainable funding for public services in the future is to grow the economy - the UK has grown faster than France, Germany and Japan since 2010 and the OBR (Office for Budget Responsibility) say our action in spring and autumn will deliver the largest boost on record."" Labour's spending plans include spending £28bn a year on green energy projects, reaching that figure after 2027. However, a Conservative Party spokesman said this ""unfunded spending promise will end up meaning thousands of pounds of higher taxes for working people.
Analysts said this gave the Chancellor, Jeremy Hunt, more ""wiggle room"" to cut taxes. However, the IFS said that for the next government it would be more difficult to reduce the amount of debt the UK has compared with its economic output ""than in any other parliament since the 1950s"" - just after World War Two. National debt is at levels last seen in the 1960s after the government spent billions supporting the economy during the Covid pandemic, and subsidised energy bills after a spike in energy prices caused in part by Russia's invasion of Ukraine. Interest payments on that debt, combined with sluggish growth, will make reducing the debt-to-GDP ratio more difficult.

[3] Chris Skidmore: Tory MP quits over new oil and gas licences - BBC News
In by-elections in October, Labour overturned Tory majorities of 24,664 in Mid Bedfordshire and 19,634 in Tamworth. The government announced the bill in November, in a bid to draw a dividing line with Labour, which has said it will not issue new licences if it wins power. Ministers say the legislation, which will fix yearly North Sea fossil fuel licensing in law, will help improve the UK's energy security. They argue the UK will still need oil and gas to meet its energy needs, even if it reaches its goal of net zero carbon emissions by 2050.
They argue the UK will still need oil and gas to meet its energy needs, even if it reaches its goal of net zero carbon emissions by 2050. But Mr Skidmore, who signed the UK's 2050 net zero commitment into law as an energy minister under Theresa May, said the bill would send a ""global signal that the UK is rowing ever further back from its climate commitments"". In a statement on X, formerly Twitter, he added it would ""in effect allow more frequent new oil and gas licences"" to be issued. He added he could not support this in next week's vote, adding: ""The future will judge harshly those that do.

[4] Resigning ex-minister Chris Skidmore wrong on climate, says Jeremy Hunt - BBC News
""He feels very passionate about that... but the point is, I think he is wrong on North Sea oil and gas."" The government announced the bill in November, in a bid to draw a dividing line with Labour, which has said it will not issue new licences if it wins power. Ministers say the legislation, which will fix yearly North Sea fossil fuel licensing in law, will help improve the UK's energy security.
Ministers say the legislation, which will fix yearly North Sea fossil fuel licensing in law, will help improve the UK's energy security. Mr Hunt was speaking to the BBC to champion a cut in National Insurance payments for millions of employees from Saturday. Meanwhile, Mr Hunt said that, with the ongoing attacks on international cargo ships in the Red Sea by Iran-backed Houthi rebels, ""it is very important for energy security that we have domestic sources of that kind of energy as we go into transition"". Iranian-backed Houthi rebels have declared support for Hamas in the war it launched against Israel in October.

[5] Tata Steel: Unions condemn plans for UK's biggest steelworks - BBC News
But on Wednesday the firm said: ""Despite today's press commentary, we are not in a position to make a formal announcement about any proposals for a transition to a decarbonised future for Tata Steel UK. ""We hope to soon start a formal information and consultation process with our employee representatives, in which we would share more details about any such proposals. ""We believe our £1.25bn proposal to transition to green steel making will secure the business for the longer term, bolster UK steel security and help develop a green ecosystem in the region. ""We are committed to a meaningful information and consultation process with our trade union partners and will carefully consider any proposals put forward.""
GMB, along with Community and Unite, promised to oppose the plans with every means at their disposal. The Labour MP for the area, Stephen Kinnock, said it would be ""utter madness"" to close the heavy end of the steelworks. He told BBC Wales that a proper transition plan was needed: ""You need a bridge from where we are now to where we want to be. ""Instead of building a bridge with this proposal we were told was coming today, and I'm very glad that it hasn't, they weren't talking about building a bridge, they were talking about putting a load of dynamite under the bridge and blowing it up.""","The UK government has announced ambitions for a significant expansion of nuclear power, aiming for it to supply up to 25% of the country's electricity needs by 2050 as part of its climate change strategy. The Hinkley C nuclear plant, which is under construction, is expected to generate enough electricity for around six million homes for the next 60 years. However, the project has faced rising cost estimates, with the latest figures suggesting a potential increase of a third from previous estimates, and the government has clarified that any additional costs will not be borne by taxpayers.",False,6ecabed99ad9f534|ccf60fb7f196b20b|5cc8df7c17f8e843|dee5e1ac995532a2|d5cf26fef420979f,0.6283,0.2907,5
a536e59da1a934c2,M_nocap,Hamas leader killed in Beirut,"[1] Saleh al-Arouri: Thousands attend Hamas deputy leader's funeral in Beirut - BBC News
Thousands poured onto the streets of Beirut for the funeral of Saleh al-Arouri Thousands of people have attended the funeral in Beirut of Saleh al-Arouri, the top Hamas leader assassinated in a suspected Israeli attack in the Lebanese capital two days ago. Crowds carried banners with his picture and waved Palestinian and Hamas flags through the streets amid the sound of music, prayers and heavy gunfire, while Hamas officials vowed to retaliate. The assassination of Arouri was a blow for Hamas - he was a deputy Hamas leader and a key figure in the Izzedine al-Qassam Brigades, the group's armed wing - and renewed fears of a wider war in the region.
The assassination of Arouri was a blow for Hamas - he was a deputy Hamas leader and a key figure in the Izzedine al-Qassam Brigades, the group's armed wing - and renewed fears of a wider war in the region. It also hit its Lebanese ally Hezbollah, the powerful Iranian-backed movement, as it struck Dahiyeh, a suburb of the city that is a stronghold for the group. In Lebanon, again, the focus is on what Hassan Nasrallah, the influential Hezbollah leader, will decide to do. Less than 24 hours after the attack, he addressed his followers, in a speech that had been scheduled to commemorate the Iranian commander Qassem Soleimani, killed in a US drone strike four years ago.

[2] Palestinians tell of fears for the future as war destroys Gaza - BBC News
Already displaced families have been fleeing the area of the Nasser hospital, the largest still functioning in the territory. More than 24,900 people have been killed in Gaza since Israel launched its response to the 7 October Hamas attacks, according to the Hamas-run health ministry. The Hamas attack in Israel killed around 1,200 people, most of them civilians, and saw 240 hostages taken back to Gaza. Israel says its air and ground operation in Gaza is aimed at destroying Hamas.
I am no longer able to provide the simplest requirements of life for my children. ""I hold the Israeli occupation responsible for the massive destruction, but I do not absolve Hamas of responsibility for everything that happened,"" he said. Hamas is the Palestinian group which has run Gaza since 2007. Its military wing, the Izzedine al-Qassam Brigades, was thought to have about 30,000 members before the 7 October attack.

[3] Israel: Woman killed, 17 hurt in suspected Palestinian car-ramming attack - BBC News
Israel says 9,000 of those killed in Gaza were Hamas combatants. It has vowed to destroy the group and free the remaining hostages. Correction 13th February: This article wrongly reported that about 1,300 people had been killed following the 7th October attack by Hamas. This was based on counting those who later died from their injuries in addition to the figure of more than 1,200.
The country is still in a state of shock after waves of Hamas gunmen burst through the border from Gaza and attacked Israeli communities, killing at least 1,200 people - mainly civilians - and taking about 240 others hostage 101 days ago. Tensions have also been heightened in the West Bank since the start of the war in Gaza. Local health officials say more than 350 Palestinians have been killed by Israeli forces in raids targeting militants and in other incidents, as well as in settler-related violence. The official Palestinian news agency, Wafa, reported that two Palestinians - 22-year-old Mohammed Hassan Abu Sabaa and Ahed Mahmoud Mohammed, 23 - were shot dead by Israeli forces during what it called ""confrontations"" in the town of Dura, south of Hebron, on Thursday night.

[4] Saleh al-Arouri: Hamas leader's death 'won't go unpunished', says Hezbollah chief - BBC News
Hasan Nasrallah had previously said that any killings in Lebanon would be a red line Hasan Nasrallah, the leader of Hezbollah, says the killing of Hamas's powerful deputy leader will ""not go unpunished"". Saleh al-Arouri died in a drone attack in Beirut on Tuesday. Israel has not confirmed it was responsible.
He previously said that any killings in Lebanon would be a red line. Hezbollah - like its ally, Hamas - is considered a terrorist organisation by Israel, the UK and others. It is the largest political and military force in Lebanon and has ministers in the country's government. The attack that killed Arouri was the first in Beirut following months of exchanges of fire between Iranian-backed Hezbollah and Israel, in response to the war in Gaza.

[5] Hamas command in north Gaza destroyed, Israel says - BBC News
He said Israel had killed around 8,000 militants in north Gaza. The BBC cannot independently verify this number. The Israel Defence Forces (IDF) are now focused on dismantling Hamas in south and central Gaza, he said. Israel has killed more than 22,000 people since the war began, according to the Hamas-run health ministry in Gaza.
Israel has killed more than 22,000 people since the war began, according to the Hamas-run health ministry in Gaza. On Sunday, the territory's health ministry said it had recorded more than 113 deaths over the past 24 hours. Gaza has been devastated during Israel's war with Hamas, and most of the territory's population of 2.3 million has been displaced. Israel's offensive started after Hamas gunmen launched a surprise attack on southern Israel on 7 October, killing 1,200 people, most of them civilians, and taking about 240 people hostage.","The coverage reports on the assassination of Saleh al-Arouri, a top Hamas leader, in a suspected Israeli attack in Beirut. Thousands attended his funeral, expressing their grief and anger, while Hamas officials promised retaliation, indicating that his death is a significant blow to the organization and could escalate tensions in the region. Hezbollah's leader, Hasan Nasrallah, stated that the killing would ""not go unpunished,"" highlighting the potential for further conflict. The incident marks a notable escalation in the ongoing hostilities between Israel and groups like Hamas and Hezbollah.",False,3d81f021d15dd4c7|2f8b80d899b17246|926d6e89c92eae77|ab30f5e959a513c1|9dd8dc132e20834e,0.6988,0.304,5
2d00931580e5a7ce,M_nocap,child sexual abuse victims waiting for help,"[1] Police left children at mercy of grooming gangs in Rochdale, review finds - BBC News
The review also highlighted that Ms Rowbotham and her team were ""explicitly criticised"" for not following child protection procedures and for not communicating appropriately with other agencies in two serious case reviews by Rochdale Local Safeguarding Children's Board in 2013. The serious case reviews focussed on different agencies' roles with regard to seven children, who were subject to serious and prolonged child sexual exploitation. However, more than a year before the publication of those two reports, the multi-agency CSE group, chaired by GMP, were made aware of 127 potential victims referred by Ms Rowbotham's team that had not been acted upon. Three months before the reviews were published in December 2013, the list had grown to 260 potential victims.
The report's authors highlighted a ""significant number of successful convictions"" had been made in recent years. However, these related to only 13 of the 74 children believed to have been sexually exploited, which they described as a ""very small proportion"". Ms Rowbotham said: ""Children were being raped every day. Both the police and Rochdale children services told me and kept telling me, it was nothing to do with them.""

[2] Long Covid: NHS legal action launched by family of girl - BBC News
The action claims the health board is responsible for ""multiple failings"" in Anna Hendy's treatment and care The mother of an 11-year-old Aberdeenshire girl with long Covid has launched a legal action against their health board, in what lawyers claim is the first case of its kind in Scotland. Helen Goss, from Westhill, is seeking damages from NHS Grampian on behalf of her daughter, Anna Hendy. The action claims the health board is responsible for ""multiple failings"" in Anna's treatment and care.
There is nothing more they can take from us."" Helen Goss said she wanted an apology Ms Goss added: ""I don't want this to happen to other young people. ""People might get the confidence, not only to take legal action, but to keep pushing for treatment.""

[3] Norwich: Post-mortems to take place after four bodies found - BBC News
Dr Bianca Finger-Berry, critical incident specialist lead at Norfolk County Council, said: ""Normal routines with opportunities to access additional services can be really helpful. ""We are encouraging children and young people to be back in school tomorrow, where they will be able to receive emotional support from school staff and educational professionals."" Police said a man and children lived at the address and the related visiting woman was not a permanent resident. The force said it was not looking for anyone else following the incident.
The bodies of two young girls, a 36-year-old woman and a 45-year-old man, named locally as Bartlomiej Kuczynski, were found in the house on Allan Bedford Crescent. Post-mortems on the two girls will take place on Wednesday. Both attended local schools and head teachers at Queen's Hill Primary and Taverham High School have encouraged pupils to return to classrooms on Monday. Dr Bianca Finger-Berry, critical incident specialist lead at Norfolk County Council, said: ""Normal routines with opportunities to access additional services can be really helpful.

[4] Bronson Battersby: Review after boy, two, and dad found dead - BBC News
It must be completed within 15 working days of the national Child Safeguarding Practice Review Panel being notified of a serious incident that meets the criteria - 2 February in this case. It will then go to the national panel, which has 15 working days to decide the next steps. These include whether a national review is appropriate, further information is required to support decision-making, or if they agree and support the outcomes and recommendations made by partners involved in the rapid review.
Meanwhile, Labour leader Sir Keir Starmer told Prime Minister's Questions he was ""saddened"" to hear how the father and son had died in ""heartbreaking circumstances"". Lincolnshire Police said it was not treating the deaths as suspicious but had referred itself to the Independent Office for Police Conduct (IOPC), adding it was standard procedure in such cases. The rapid review will involve the council, police force, and any relevant health organisations. It must be completed within 15 working days of the national Child Safeguarding Practice Review Panel being notified of a serious incident that meets the criteria - 2 February in this case.

[5] Family moves 180 miles for special-needs nursery space - BBC News
Are you pregnant and on a nursery waiting list? Are you struggling to extend childcare hours for your toddler? Share your experiences by emailing haveyoursay@bbc.co.uk. Please include a contact number if you are willing to speak to a BBC journalist.
Those ""who used to be brilliant at inclusive practice"" are now saying: ""We can't do it any more,"" because they are having to fund the provision out of their own money when the children first arrive. Ms McLeod wants the system, especially how disability access funding is applied for, made simpler. ""We have to improve the way it is funded, otherwise children will continue to be turned away,"" she says. Responding to questions in the House of Commons on Tuesday, Children's Minister David Johnston said his team were looking into reports of children with SEND being turned away from early-years settings.","The coverage highlights significant issues regarding the protection and support of child sexual abuse victims. A review criticized agencies for failing to follow child protection procedures, resulting in many potential victims of sexual exploitation not receiving timely help. Despite some successful convictions, the number of children receiving justice remains low compared to those believed to be exploited. Additionally, there are broader concerns about the adequacy of support systems for children, as evidenced by reports of children being turned away from necessary services due to funding issues.",False,ff0c51caad33336a|d4d63f3855f0120d|bf2470cffbffdebb|aaab31f380c95013|b9bd324e4e17b237,0.5082,0.2819,5
519a43778dd1ff48,M_nocap,boy with high IQ and passion for football,"[1] Liverpool FC's Conor Bradley 'did things no other child could' - BBC News
This is a young man as talented as he is modest, as committed to fulfilling his potential as he is humble. ""Everyone at the club is so very, very proud of him,"" Tommy Moss, of St Davogs GAA club, said. As a teenager, the Liverpool star would often turn out for the club. ""He is part of our club, we know he still looks out for our results,"" added Mr Moss.
A young Conor Bradley excelled at many other sports ""Obviously he had a lot of talent to go with that, every time you stepped him up, he answered the call. He was a gift from God and a fantastic young man,"" he said. In a statement, St Patrick's Primary School in Castlederg said the Northern Ireland international ""was a very gifted pupil across all subjects and he excelled at sports from a very young age"".

[2] Franz Beckenbauer: German football legend dies aged 78 - BBC Sport
""As a player, coach, president, person: unforgettable. Nobody will ever reach him,"" Hoeness said. ""People can say they saw football in Franz Beckenbauer's time. He was a friend to me, a unique companion - and a gift to all of us.""
""Der Kaiser was a really great person, a friend of football a champion and a real legend. We will never forget you, dear Franz,"" he said. Uefa president Aleksander Ceferin said the German's legacy as ""one of football's all-time greats is beyond dispute"". ""His unparalleled versatility, graceful transitions between defence and midfield, impeccable ball control and visionary style reshaped the way football was played in his era,"" he said.

[3] Jose Mourinho: Roma sack manager who brought them European success - BBC Sport
""I received the biggest and craziest offer a coach has ever received in the history of football. And I turned it down. ""Three months later, it seems like I'm the problem. I can't accept that.""
If ever there was a statement that showed its gratitude but also unwanted reality it was this. Changing fortunes was a must, but the memories will simply last a lifetime for Mourinho, his Roma players and the club's fan base.

[4] Harry Pitman: Vigil held for boy killed in New Year's Eve stabbing - BBC News
Police officers are continuing to search the park, while floral tributes are left by members of the public Alex Rosen, head of St Thomas More Catholic School, said Harry was a ""beloved former pupil"" who was a ""bright and promising young soul"". ""Harry touched the lives of many with his infectious laughter and enthusiasm for life,"" he said. ""He will be remembered for his many qualities, particularly his resilience and the positive impact he had on those around him.
On Tuesday, mourners, including Harry's mother, brother and sister met in Downhills Park, near the family home. Police officers could be seen patrolling the perimeter of the park. A 16-year-old boy arrested on suspicion of murder has been released on bail pending further inquiries. People gathered on Tuesday evening for a vigil to remember the 16-year-old

[5] Tetris: US teenager claims to be first to beat video game - BBC News
As well as beating the game, Willis says he also broke the overall score and three other Tetris world records. Other gamers are now trying to beat the 13-year-old's records, with many documenting their attempts on social media and video streaming websites.
Willis Gibson's feat of gaming came after he placed third at the 2023 Classic Tetris World Championships An Oklahoma teenager is believed to have become the first human player to beat Nintendo's classic video game Tetris, 34 years after its release. Willis Gibson posted a video on his YouTube channel of the moment he reached level 157, causing the game to crash. The 13-year-old fell back into his chair - declaring: ""I'm going to pass out, I can't feel my fingers.""","The evidence highlights the story of a young football talent, Conor Bradley, who is noted for his exceptional abilities both in sports and academics. He is described as a gifted pupil who excelled across all subjects and sports from a young age, demonstrating a high level of talent and commitment. The admiration from his local club and school indicates that he is recognized not only for his football skills but also for his overall potential and character.",False,d4d06c734e916316|09aac85c45acf35c|ba5833c794d79d47|b46e50a3ff5aa6a1|88160cbc63a10b4f,0.4934,0.2692,5
ca45477f2fe4fb14,M_nocap,supermarkets cut price of baby formula,"[1] Supermarkets' busy Christmas boosted by promotions, says Kantar - BBC News
Recent BBC research found the price of mince pies had risen by 25%, with bakers facing pressure from higher wage, packaging and production costs. Mr McKevitt said retailers used promotions to entice shoppers over the festive period with nearly a third of all the money spent on items with some kind of offer. Overall, the average household spent £28 more on groceries across the month than in December 2022, with the number of items bought up by 2%. In the battle for customers, Tesco, Sainsbury's, Aldi and Lidl all grew their market share.
In the battle for customers, Tesco, Sainsbury's, Aldi and Lidl all grew their market share. Sainsbury's reached its highest market share since December 2020 at 15.8%, pushing up its sales by 9.3%. Tesco now holds 27.6% of the market and grew its sales by 7.5%. ""The traditional retailers always tend to do well in the run up to Christmas and this year was no exception,"" said Mr McKevitt.

[2] Tesco and M&S report strong Christmas sales - BBC News
Tesco said UK sales rose 6.8% over the six weeks to 6 January, and that it had also seen sales volumes growing. Its premium food products did well, with sales of its Finest range up by nearly 17% over the Christmas period. At the same time, Tesco said it had cut prices on nearly 2,700 products as it sought to head off competition from discount rivals such as Aldi and Lidl. The supermarket now expects its retail operating profits to hit £2.75bn for the full year, above its previous guidance range of £2.6bn to £2.7bn.
The supermarket now expects its retail operating profits to hit £2.75bn for the full year, above its previous guidance range of £2.6bn to £2.7bn. Tesco chief executive Ken Murphy said he was ""cautiously optimistic"" about consumer spending, given mortgage rates are beginning to fall and wages are growing. ""So as long as we are in a full employment market I feel like we're in a period of relative stability,"" he said. On Tuesday, rival Sainsbury's reported an 8.6% increase in grocery sales over the six weeks to 6 January, helped by demand for festive food.

[3] Supermarket favourites victims of shrinkflation, consumer group Which? says - BBC News
said it was inundated when it asked shoppers for examples of products which were smaller or had fewer key ingredients. It included boxes of tea bags and sausages with less pork. The British Retail Consortium says retailers are trying to limit rising prices as production costs increase. Which?
Which? acknowledges that the changes have all come at a time when food inflation has soared. According to their food inflation tracker, year-on-year price rises peaked last April at 17%. The consumer group said the research showed shoppers are often paying more for less.

[4] Safety plea over co-sleeping baby deaths figures - BBC News
The NHS no longer tells parents never to bedshare with their babies but focuses advice on doing so more safely. The solicitor general said the figures suggested some babies were dying in ""high-risk"" co-sleeping situations. The Crown Office and Procurator Fiscal Service (COPFS) has for the first time tracked the number of babies who died while co-sleeping with parents, following concerns identified as a result of its investigations. During 2023 it received reports of 74 deaths of babies under the age of 18 months.
Baby Fern died at just seven weeks old - her mother has urged parents to be fully aware of the safety advice Parents are being urged to heed advice on co-sleeping with babies after new infant death figures were released. BBC News has learned that more than a quarter of infant deaths investigated in Scotland last year involved co-sleeping. The NHS no longer tells parents never to bedshare with their babies but focuses advice on doing so more safely.

[5] Two million could see energy cut off this winter, charity warns - BBC News
The analysis is based on responses from more than 4,300 adults across Britain and the charity says it reflects what it is seeing on the ground. Citizens Advice is concerned that the situation has become even more difficult this year as the energy price cap increased in January, making both gas and electricity more expensive during the colder months. As prepayment customers are unable to spread the cost of their energy payments throughout the year, it is more likely for customers to run out of credit and have supply knocked off during a colder patch. Muhammad lives alone in East London and has been struggling to top up his prepayment meter since losing his job in October.
Two million people could have their gas and electricity cut off this winter because they cannot afford to top up their prepayment meter, new research suggests. Citizens Advice has warned that having no gas and electricity would not be a ""one-off"" experience for many. It comes as a separate report suggests millions are living far below the poverty line in the UK. The government said it is spending billions on supporting households.","The evidence indicates that supermarkets, including Tesco and Sainsbury's, have been cutting prices on a wide range of products, with Tesco specifically mentioning price reductions on nearly 2,700 items to compete with discount rivals. This strategy appears to be part of a broader effort to attract customers during the busy Christmas shopping period, as retailers have seen increased sales volumes and market share growth. Additionally, the British Retail Consortium notes that retailers are attempting to manage rising production costs while limiting price increases, suggesting a focus on maintaining affordability for consumers amidst food inflation. However, there is no specific mention of baby formula prices being cut in the provided evidence.",False,9bc5ba854185467f|ee2a596871e64f89|793e5ee3388efb36|f79047c0aefc98e9|0a6d125362e02288,0.4481,0.2897,5
291544763564a8bf,M_nocap,arrests over plot to disrupt London Stock Exchange,"[1] Serving Met Police officer in court charged with rape - BBC News
The Met said the case relates to a report a man was raped at a home in Islington, north London, last Monday. PC Sagaidak, who has been suspended from duty, appeared before Westminster magistrates earlier, the Met said. He is due to appear at Snaresbrook Crown Court on 2 February, the force added. Det Ch Supt Trevor Lawry, who is responsible for policing in Bexley, Greenwich and Lewisham, said: ""This is a deeply concerning allegation and I know it will cause significant concern.
Det Ch Supt Trevor Lawry, who is responsible for policing in Bexley, Greenwich and Lewisham, said: ""This is a deeply concerning allegation and I know it will cause significant concern. ""We took immediate action when we received the report and the officer was suspended from duty following his arrest on Thursday."" The force said its investigation was ongoing and PC Sagaidak was off-duty at the time of the alleged offences. The Met has referred itself to the Independent Office for Police Conduct following the allegations.

[2] Gaza war creating a radicalisation moment, senior UK police officer says - BBC News
The Israel-Gaza war has created a new ""radicalisation moment"" in the UK with the potential to push more people towards terrorism, the head of counter-terrorism policing has said. Matt Jukes said ""extraordinary amounts"" of online comment, amplified by misinformation and AI-generated false images, had fuelled the ""intense risk"". He compared the effect of the conflict to wars in Iraq, Afghanistan and Syria. There have now been 33 arrests under terrorism laws related to Israel-Gaza.
Mr Jukes said potential terror attacks might not come immediately and ""radicalisation can have a long tail"". But he warned: ""In my seat you tend to look at dashboards of indicators and there are needles on that dashboard that are moving in the wrong direction."" Detectives remain most concerned by the threat of a ""lone actor"" attack, possibly by ""chaotic"" individuals with poor mental health. A team of more than 20 officers is now dedicated to investigating potential war crimes, including allegations relating to Israel-Gaza.

[3] Thousands attend pro-Palestinian march in London - BBC News
But there have been dozens of arrests for a variety of public order offences, including people chanting or carrying placards with antisemitic slogans and for supporting Hamas - which is a proscribed terrorist organisation in the UK. Officers have handed leaflets warning protesters they may face arrest if they breach the law on the march Thousands of demonstrators began gathering in the Bank area of central London around mid-day on Saturday, before heading west along Fleet Street on the planned route to Parliament Square in Westminster. The Met also placed some limits on the protest - like marchers must stick to the route to Parliament Square and speeches need to be finished by 16:30 GMT.
Organisers said the protest was part of a global day of action in 30 countries. More than 1,700 police officers were on duty to manage the march from London's commercial centre to Westminster. Six people have been arrested for a range of alleged offences, the Metropolitan Police said. ""Two for offensive placards, one for being in possession of stickers to be used for criminal damage and the three arrested under the Terrorism Act,"" the Met said on social media.

[4] Man held over Daniel Khalife alleged prison escape - BBC News
Police said he was arrested by a plain-clothes counter-terrorism officer four days after his alleged escape while riding a bike along a canal towpath in Northolt, west London. He will also face trial in relation to three other charges, which are: Det Ch Supt Gareth Rees, of the Met's Counter Terrorism Command, said Wednesday's ""arrest follows months of careful investigation into the alleged escape and inquiries remain ongoing into this."" He added: ""We understand that there will be significant public and media interest in this arrest but with Mr Khalife now charged and awaiting trial, it is extremely important that people do not report, comment or share information, including online, which could in any way prejudice these future court proceedings.""
Daniel Khalife is due to go on trial in October on charges including that he escaped from HMP Wandsworth A man has been arrested as part of an investigation into the alleged escape of Daniel Khalife from HMP Wandsworth last September. The 24-year-old man was arrested on Wednesday morning at an address in east London on suspicion of assisting an offender, and was taken into custody at a London police station. He was subsequently bailed to a date in late April.

[5] London Tube strikes called off as more pay talks planned - BBC News
What has happened is the Mayor of London and his team have got more involved over the weekend. And extra money has been found. Sources have told me it is in the region of £30m. It does leave some potential problems though for TfL.
London Mayor Sadiq Khan said he was ""delighted"" the industrial action had been called off. This is extremely unusual. I certainly can't remember strikes being called off at such a late stage. What has happened is the Mayor of London and his team have got more involved over the weekend.","The coverage does not provide any information regarding arrests related to a plot to disrupt the London Stock Exchange. Instead, it discusses various unrelated topics, including a police officer charged with rape, the impact of the Israel-Gaza war on radicalization in the UK, public order arrests during a pro-Palestinian march, and an arrest related to a prison escape. Therefore, there is insufficient evidence to address the query.",False,27195705347f2a63|c0bcec61827baf44|a695d708eeb42529|3bb44f9e4f3b7bd5|99c07b54f36459c6,0.5119,0.3142,5
88a351de340154af,M_nocap,Sea Eagle sighting in Gwynedd,"[1] Anglesey man has measured the rainfall every day since 1948 - BBC News
""To take recordings every day for over 75 years is a remarkable achievement which we are extremely grateful for,"" she said. ""Only by such comprehensive monitoring can we produce accurate long-term records of what is happening to the climate. ""I would like to extend my thanks to Mr Bown for his commitment over the years and congratulate him on his service."" Mr Bown accepted his plaque from the Met Office and Natural Resources Wales alongside his sheepdog, Meg
The measurements, for Natural Resources Wales (NRW), are taken at 09:00 GMT ""precisely, every day"". Mr Bown has now received an award from the Met Office and NRW after 75 years of unpaid work. Mr Bown said he has ""hardly missed a day"" in the almost eight decades since he began the volunteer task. And despite a few trips abroad now and again and occasional illness, not a day has gone by without the rainfall being documented.

[2] British man Aditya Verma appears in Spanish court over plane-bomb hoax - BBC News
Mr Verma's message was picked up by the UK security services who flagged it to Spanish authorities while the easyJet plane was still in the air. A court in Madrid heard it was assumed the message triggered alarm bells after being picked up via Gatwick's Wi-Fi network. Shortly after, the court was told two Spanish F-18 fighter jets were sent to flank the aircraft. One jet followed the plane until it landed at Menorca, where the plane was searched extensively.
One of the two Spanish F18 fighters seen through the window of the easyJet flight from London to Menorca A British man accused of public disorder after joking about blowing up a flight has gone on trial in Spain. Aditya Verma made the comment on Snapchat on his way to the island of Menorca with friends in July 2022. The message, sent before Mr Verma departed Gatwick airport, read: ""On my way to blow up the plane (I'm a member of the Taliban).""

[3] Louis Rees-Zammit: Wales and Gloucester winger to quit rugby to play American football - BBC Sport
Wales head coach Warren Gatland said he learned of the news only an hour before it was announced. ""It's a little bit of a shock,"" said Gatland. ""He rang me to let me know and give me that information, say thanks very much for his time at the World Cup and how he enjoyed it. ""I wished him all the best.
He also steps away from Gloucester, who have been his only professional club and he said were ""extremely close to my heart"". Rees-Zammit said he had ""immense gratitude"" towards Gloucester - particularly head coach George Skivington and chief executive Alex Brown. ""My best wishes go to Wales for the upcoming Six Nations and the year ahead, while I will continue to closely follow the continued progress of Gloucester from afar,"" he added. Wales head coach Warren Gatland said he learned of the news only an hour before it was announced.

[4] Mysterious medieval cemetery unearthed in Wales - BBC News
Some of the well preserved skeletons have been found lying in unusual positions and unexpected artefacts are also emerging from the site. The dig is starting to reveal more about this ancient community - but it's also raising questions. The cemetery lies in an unremarkable field in the grounds of Fonmon Castle, close to the end of the runway at Cardiff airport. Over two summers, a team has been busy carefully removing the thin layer of topsoil to expose the graves that were carved into the bedrock so long ago.
Or were some people being marked out as different? The team thinks there are about 70 graves at the site - 18 have been fully excavated so far The items being found around the graves are also surprising and they show how life in the middle of the first millennium was very different from now. Fragments of dishes and cups have been found, and splinters of animal bone that have been butchered and burnt.

[5] Family history hunt ends on tiny island home to just seals and sheep - BBC News
Documenter of oral history Katherine Van Voornveld talks about the pull of the Island of the Seals. ""Everybody who talks about the island talks about it as a really special place,"" she said. ""It just feels to me like it was a heartbeat away since folk were there. It is very very close so you can almost hear them.
Eight stone houses are abandoned on the island Today, the inhabitants of the remote Scottish island Eilean nan Ròn total a community of grey seals, a flock of wild sheep and thousands of seabirds. The tiny island at the mouth of the Kyle of Tongue off the north coast of Scotland has been devoid of human life for decades. But it was not always like that.",INSUFFICIENT_EVIDENCE,True,86d1f8320085cb5a|6d829e7bd943bfc0|0e85e07c99f38ef3|df3ebb56a6a48c7c|5d01d382e0b0dd32,0.3471,0.2554,5
17257fe76636c068,M_nocap,Scottish decisions in Covid inquiry,"[1] Covid Inquiry has my informal messages, says Sturgeon - BBC News
The UK Covid inquiry is sitting in Scotland for three weeks. It was taking evidence from senior civil servant Lesley Fraser, director general corporate at the Scottish government. On Saturday, Ms Sturgeon wrote on the social media site X: ""I do not intend to give a running commentary on the ongoing Inquiry. Instead, out of respect to all those impacted by the pandemic, I will answer questions directly and openly when I give evidence at the end of this month.
The addiction to spin and secrecy must come to an end now,"" he said. A Scottish government spokesperson said: ""The Scottish government is committed to responding to both the UK and Scottish Covid-19 inquiries, as learning lessons from the pandemic is vital to prepare for the future. ""It would be inappropriate to comment on any matters being considered by the UK Covid Inquiry while hearings are ongoing.""

[2] UK Covid inquiry: Nicola Sturgeon's Covid WhatsApp messages 'all deleted' - BBC News
Ms Sturgeon has previously said she has ""nothing to hide"" but not clarified if her WhatsApp messages were deleted. The UK Covid inquiry, which is sitting in Scotland for three weeks, was taking evidence from senior civil servant Lesley Fraser, director general corporate at the Scottish government. Ms Fraser said relatively new technologies such as Zoom were being used during the pandemic and that records may not have been retained in the way they might be now, when a digital footprint is more likely to be created. Mr Dawson then questioned her about a table supplied by the Scottish government last October summarising ministers' use of notebooks, retention of messages and other forms of communication.
He said secrecy and evasion had been ""the hallmarks"" of her government, and added: ""This shameful cover-up, which amounts to a digital torching of vital evidence, is the most scandalous example of it."" Scottish Labour's Jackie Baillie said Ms Sturgeon had gone back on undertakings made in 2021 that correspondence would be kept and handed over to future inquiries. ""Nicola Sturgeon has completely broken her promise to the people of Scotland,"" she said. Ms Sturgeon is due to give evidence to the inquiry during its evidence sessions in Scotland in the coming weeks.

[3] Scotland sees in 2024 with fireworks and song - BBC News
He said: ""We are still, as with all events and festivals across the country, in a period of recovery post-Covid. ""This is only the second year since the pandemic, but pretty much everything will be sold out. We want to gradually increase those numbers back to where they were pre-Covid and we are going in the right way. ""The public interest is there - people want to come and celebrate in Scotland.""
""The public interest is there - people want to come and celebrate in Scotland."" Mr Thomson said organisers had breathed a sigh of relief over the weather after days of disruption across the country from Storm Gerrit. In Inverness there was the Red Hot Highland Fling - an event organisers were calling ""one of the biggest ceilidhs on the planet"". This is the first year Highland Council has charged a fee for the event which was previously free.

[4] Post Office investigator says cleared sub-postmaster was guilty - BBC News
There were at times long pauses between questions as Mr Grant's answers came. When asked whether he still believed Mr Quarm was guilty he said: ""Yes I do."" The counsel to the inquiry went on: ""Despite the verdict of the High Court of Judiciary in Scotland? Asked whether that remained his view, the former investigator said: ""In my mind, I still think Mr Quarm had a role to play in the loss of the money.""
Asked whether that remained his view, the former investigator said: ""In my mind, I still think Mr Quarm had a role to play in the loss of the money."" The Court of Criminal Appeal in Edinburgh overturned Mr Quarm's conviction last year. The long-running inquiry into the Post Office scandal is looking at prosecutions brought against sub-postmasters across the UK. Between 1999 and 2015, the Post Office prosecuted hundreds of sub-postmasters and mistresses after a faulty computer system called Horizon made it look like money was missing.

[5] Covid inquiry postpones vaccine investigation - BBC News
The Covid-19 public inquiry has been split into a number of sections - known as modules - each covering different topics. The first phase, which started taking evidence in June 2023, looked at planning for a pandemic. Its findings and recommendations are expected to be published this summer. A second phase, looking at the major political decisions taken after Covid emerged, started hearings in London in October 2023, and will now travel to Scotland, Wales and Northern Ireland to take evidence.
The Covid inquiry will not start hearing evidence about the development of vaccines and other drugs this summer, as originally planned. Witness hearings will be postponed until a later date, likely to be after the next general election. Baroness Hallett, who is chairing the inquiry, recognised the decision would be ""disappointing for some"". But she said more time was needed to prepare for a separate investigation into the impact of Covid on the NHS.","The UK Covid inquiry is currently taking place in Scotland, where it is gathering evidence from senior civil servants, including Lesley Fraser from the Scottish government. Nicola Sturgeon has stated her intention to answer questions openly during her upcoming testimony, while a Scottish government spokesperson emphasized the importance of learning from the pandemic. However, there are concerns regarding the retention of communication records, as it has been reported that Sturgeon's WhatsApp messages may have been deleted, leading to accusations of a cover-up and broken promises regarding transparency. The inquiry is examining various aspects of the pandemic response, including political decisions made after Covid emerged.",False,b83b7ab2a98bf635|bd703884ca4466ed|6e5e5d03bf80c8ca|174c9e6d32e22449|8f07023103bd4170,0.7309,0.2769,5
99b9ab090a86fa86,M_nocap,boy's death ruled as dangerous prank incident,"[1] Norwich: Police failed to respond to 999 call from deaths house - BBC News
He said he was ""absolutely dismayed"" by the incident. On Friday evening, the school sent parents an email informing them of the death of one of their pupils. ""I thought it was better to tell my seven-year-old boy about what happened,"" he said. ""I was a bit surprised by his reaction.
We've had uniformed officers patrolling the area today and these will continue tomorrow."" Vincent Burch, who lives nearby, says one of the dead children attended the same school as his son Vincent Burch, who lives on Allan Bedford Crescent, said of one of the children who died went to the same primary school as his son. He said he was ""absolutely dismayed"" by the incident.

[2] Alfie Steele: Mum and partner jailed for boy's 'sadistic' killing - BBC News
Alfie was subjected to a regime of punishments and had these rules stuck on his bedroom door During the trial, it emerged a neighbour had called 999 six months before Alfie's death, warning police the couple were ""doing something bad to their kid in the bath"". The caller said it sounded like Alfie was ""being hit and held under the water or something"" and there was ""loads of thrashing around"". It was one of a number of calls made to emergency services by residents concerned about the boy's welfare.
I will never get to see that cheeky smile again."" 999 calls from neighbours over fears for little boy Scott, of Vashon Drive, Droitwich, and Howell, of Princip Street, Birmingham, both denied murder. Jurors took 10 hours and 13 minutes to convict them over the killing and Scott was also found guilty of four counts of child cruelty, a charge Howell had already admitted.

[3] Christopher Kapessa: Drowned boy's family 'racially abused' - BBC News
The teenager said that was possible but added: ""My thoughts are it was a push which wasn't meant with any malice but it was more playful."" The court heard that Christopher would have turned 18 two days ago, on 6 January. The CPS had decided not to bring a charge as it claimed he pushed Christopher as a ""foolish prank"". Christopher's family accused the CPS and South Wales Police of institutional racism for not prosecuting the suspect.
The teenager explained how he then got on his bike and went to the nearest hospital to try to find help. The barrister representing the boy who allegedly pushed Christopher into the water, David Hughes, told the court that his client was one of the first to jump into the water to try and help. Questioning the teenage witness, Mr Hughes said they didn't accept that a push happened and suggested that his client had slipped into Christopher. The teenager said that was possible but added: ""My thoughts are it was a push which wasn't meant with any malice but it was more playful.""

[4] Michigan school shooter's mum weeps as she goes on trial - BBC News
Their lawyers say they left home for their safety and planned to turn themselves in later. There were three witnesses on Thursday: the school principal, a teacher who survived the attack and an employee of the gun shop where the killer and his father shopped for his handgun. On the day of the shooting, school officials found the boy, who was then 15, with disturbing drawings. His parents were called to school to review the drawings, but left after concluding the meeting in only 11 minutes, Mr Keast said.
Prosecutor Marc Keast told the jury: ""Jennifer Crumbley didn't pull the trigger that day, but she is responsible for those deaths."" ""We're not here to talk about good parenting or bad parenting,"" he added. ""It's not illegal to be a bad parent."" Prosecutors say that Mr and Mrs Crumbley gave their son the murder weapon as a Christmas gift, and did not help him get the mental health support he needed.

[5] Harry Pitman: Boy arrested on suspicion of murder - BBC News
The boy was arrested - along with an 18-year-old man on suspicion of affray - on Tuesday night, the Met said. Specialist detectives have found there was no indication the attack was racially motivated, the force added. Det Ch Insp Geoff Grogan, who is leading the investigation, said despite having made the arrests, he was ""still very keen to hear from anyone who has footage or information"". On Sunday, a 16-year-old boy was arrested at the scene on suspicion of murder and later released on bail pending further inquiries.
Harry Pitman, 16, from Haringey, was attacked in Primrose Hill, north London, at about 23:40 GMT on Sunday A 15-year-old boy has been arrested on suspicion of murdering Harry Pitman, who was fatally stabbed on New Year's Eve. Harry, 16, from Haringey, was attacked in Primrose Hill, north London, at about 23:40 GMT on Sunday. The boy was arrested - along with an 18-year-old man on suspicion of affray - on Tuesday night, the Met said.","The coverage includes various incidents involving the deaths of boys, but does not specifically address a boy's death ruled as a dangerous prank incident. One report discusses a boy who drowned after being pushed in what was described as a ""foolish prank,"" but the circumstances surrounding the incident are debated, with claims of malice being denied. Other reports focus on different tragic events involving boys, including a murder case and a school shooting, but none directly relate to a dangerous prank leading to a boy's death. Overall, the evidence does not provide sufficient information on the specific query.",False,e35a7f823befbf0a|4f21a93fd222624a|740e0248580140e6|a0c85641a86ebc36|f0edcac1fbe1217e,0.5129,0.3031,5
697dd9e632834ab0,M_nocap,grooming fantasist's deceit revealed by police videos,"[1] 'Say you're sorry': Russia's trend for humiliating videos - BBC News
Other videos posted by Russian police feature men repenting for offences such as trying to topple a monument in the shape of the letter Z, which has come to symbolise Russia's war, and setting fire to a pro-war blogger's door. One man had to apologise for defacing pro-war graffiti in the republic of Chuvashia There have been accusations that such videos are often recorded under duress. For example, a blogger known as Nekoglay said police in Moscow forced him to appear on camera after stripping him, beating him up and attempting to rape him with a plastic bottle.
They were filmed in barren rooms typical of police stations and use language characteristic of police reports. In June last year, a singer called Sharlot burned his passport, saying he did not want to be a citizen of ""a criminal Russia"" and instead wanted to move to Kyiv in a gesture of support for the Ukrainian people. Sharlot posted a video burning his passport but then apologised and said he would not do it again He was arrested and soon appeared in a video where he apologised for ""a lapse in understanding what is going on"".

[2] Watch: The video evidence that helped convict Eleanor Williams - BBC News
A woman who went viral in 2020 after claiming in a Facebook post that she had been beaten and raped by a gang of Asian men is now serving eight and a half years in prison after police uncovered her web of lies going back years. Eleanor Williams, 23, from Barrow-in-Furness was found guilty of perverting the course of justice over multiple false claims of rape and grooming. The BBC has been given exclusive access to the police footage which shows the extent of Williams’ deceit. Anna Collinson explains how they pieced together the truth.
Anna Collinson explains how they pieced together the truth. You can see the full story of how Eleanor Williams was finally found out in “Liar: The Fake Grooming Scandal” on BBC Iplayer and BBC Three.

[3] South Wales fire service: Bosses tolerated sexual harassment, report says - BBC News
The report also found the service ""tolerates"" the use of OnlyFans by its firefighters, with some employees posting sexualised images of themselves wearing items of uniform on the online adult platform. It said management's response to this was ""confused"". The report also said the service had tolerated sexualised images in posts by a firefighter. These included a racial slur and aggressive criticism of the police.
It followed an ITV news report in 2022 claiming firefighters had kept their jobs despite allegations they had sexually harassed and abused women in the service. The report found ""the existence of a sexist and misogynist culture in many places in the service"". Its authors said they ""heard and saw examples of inappropriate comments made to and/or about women and/or about the way they look or dress"". In one example, a man talked about a woman in a ""sexualised"" way and said ""I would give her one"".

[4] Police investigate virtual sex assault on girl's avatar - BBC News
Police are investigating a virtual sexual assault of a girl's avatar, the chair of the Association of Police and Crime Commissioners has said. Donna Jones said she had learned that a complaint was made in 2023, triggering a police inquiry. The virtual incident did not result in physical harm but caused ""psychological trauma"", the Daily Mail has reported a source as saying. Police chiefs have called on platforms to do more to protect their users.
She said they had used misogynistic language and ""continued to touch my avatar in a way that can only be described as a sexual assault of my avatar"". Ms Patel added she was worried that, in the future, technology might allow someone to physically feel such virtual assaults. The National Crime Agency has previously warned that police will need to be ready to deal with virtual sexual assaults in the future. The BBC has not yet confirmed on which platform the attack on the young girl's avatar took place but Meta has said in a statement: ""The kind of behaviour described has no place on our platform, which is why for all users we have an automatic protection called personal boundary, which keeps people you don't know a few feet away from you.

[5] Llanelli DJ Leigh Brookfield jailed for urinating on cancer patient - BBC News
""I couldn't believe someone would do this to someone else,"" he said. ""I went into the town to get some bread and I heard someone say: 'Look it's the man from Facebook'. ""It was extremely upsetting to know that people had seen this video and people are recognising me because of the video."" The court heard how Brookfield had three previous drink-driving related convictions.
Leigh Brookfield filming himself urinating on a cancer patient in a club toilet A wedding DJ has been jailed for 14 weeks after filming himself urinating on a 72-year-old cancer patient and posting the video online. Leigh Brookfield, 40, of Llanelli, Carmarthenshire, admitted common assault after the Boxing Day incident at Llanelli Tennis and Squash Club. He must serve half of the sentence, he was told at Llanelli Magistrates Court.","The coverage includes a report on Eleanor Williams, who was convicted of perverting the course of justice after making false claims of rape and grooming. Police footage revealed the extent of her deceit, leading to her imprisonment. The evidence highlights how the police pieced together the truth behind her allegations, which had garnered significant public attention. Additionally, there are mentions of other incidents involving police and public behavior, but they do not directly relate to the specific topic of grooming fantasists.",False,abbe69e8e392152b|65ec606ba9021556|2ae4c40adbe60b84|d91cc90f86900019|3b3e518fe67ad003,0.5182,0.2729,5
35bb4b12e30b54c8,M_nocap,Home Office ban on Hizb ut-Tahrir as terror group,"[1] Gaza war creating a radicalisation moment, senior UK police officer says - BBC News
The counter-terrorism command is also dealing with an increased threat from hostile states, principally Russia, Iran and China. In a recent case, an Austrian man, Magomed-Husejn Dovtaev, was jailed for three years after being spotted by security guards carrying out ""hostile reconnaissance"" on an Iranian media company in Chiswick, London, which had been threatened due to its reporting on Iran. Police are also concerned states targeting the UK are paying criminals to carry out their activities, because an organised crime gang may find it easier to operate across borders and move weapons than a spy. A new investigations team has been set up to counter hostile states, closely linked to the security and secret intelligence services, MI5 and MI6.
The Israel-Gaza war has created a new ""radicalisation moment"" in the UK with the potential to push more people towards terrorism, the head of counter-terrorism policing has said. Matt Jukes said ""extraordinary amounts"" of online comment, amplified by misinformation and AI-generated false images, had fuelled the ""intense risk"". He compared the effect of the conflict to wars in Iraq, Afghanistan and Syria. There have now been 33 arrests under terrorism laws related to Israel-Gaza.

[2] Strikes on Houthi targets in Yemen show war in Gaza has already spread - BBC News
There is the possibility that this US-UK action could prolong or escalate the situation with the Houthis, rather than shutting it down. Last November, when the Houthis made their first moves in the wider Gaza war with their first attacks on merchant shipping off the Yemen coast, I spoke to Mohammed Ali Al Houthi, one of the leading members of their organisation. He was very defiant then and I am absolutely certain the Houthis will continue to be defiant now. They will want to carry out more attacks, to show that they are defiant and unbeaten.
The US and British attacks on the Houthis in Yemen are not just, as ministers in London have suggested, about the freedom of navigation and world trade. They are directly linked to events in Gaza and represent an escalation of the crisis that is gripping the region. The Houthis immediately vowed to respond. It is also entirely possible that pro-Iranian militias in Iraq and Syria will increase the action they are taking against the American forces in the region.

[3] Saleh al-Arouri: Hamas leader's death 'won't go unpunished', says Hezbollah chief - BBC News
US State Department spokesman Matthew Miller said on Wednesday that Washington was not given advance notice of the strike in Beirut that killed Arouri. The United Nations (UN) peacekeeping force in Lebanon says it is also deeply worried about a potential escalation of violence. A spokesperson for the UN's Interim Force in Lebanon (Unifil) has urged all parties to show restraint, saying that a wider conflict would have devastating consequences for both Israel and Lebanon. Iran has condemned the killing of Arouri, with the country's foreign minister criticising Israel for its ""cowardly terrorist operations"" in a post on X, formerly Twitter.
She added that while she felt bad for the Lebanese people about the risk of a full-blown conflict with Israel, it was important to deal with ""terror operatives"". The US said it remained incredibly concerned about the risk of the conflict in Gaza spreading to the wider region after Arouri's death - a fear shared by the Lebanese foreign minister, who said his government had appealed to Hezbollah not to retaliate. ""We are very concerned, [the] Lebanese don't want to be dragged, even Hezbollah does not want to be dragged into a regional war,"" Abdallah Bou Habib told the BBC. US State Department spokesman Matthew Miller said on Wednesday that Washington was not given advance notice of the strike in Beirut that killed Arouri.

[4] Palestinian envoy Husam Zomlot says UK guilty of hypocrisy - BBC News
There has been a reported rise in violence by settlers in recent months, especially since the mass Hamas attacks on Israel on 7 October and the Israeli military campaign in Gaza which followed. There are about 700,000 Jewish settlers who live in some 140 settlements in the West Bank and East Jerusalem, areas occupied by Israel since the 1967 Middle East war and claimed by Palestinians for a future state. The settlements are considered illegal by most of the international community, though Israel disputes this. However, Mr Zomlot condemned a government bill banning public bodies from boycotting economic activity with Israel or Israeli settlements.
The UK had suffered ""reputational damage"" in the Middle East, he said. But he welcomed a recent decision by the government to ban violent Israeli settlers from entering the UK. Last month, UK Foreign Secretary David Cameron said on X that settlers responsible for attacks on Palestinians would be barred. The move followed the announcement of a similar plan by the US.

[5] Idris Elba warns against mandatory jail for carrying knife - BBC News
Elba, 51, called this a ""step in the right direction, but said more needs to be done to ensure the weapons are removed from the streets. ""I think that there is some critical thinking that needs to be done about how we actually implement this ban,"" he said. ""I am still going to fight for youth services to be bolstered, a lot more thinking between the services - the police, the hospitals and the education services - having a real round-table coalition to figure out how we intervene,"" he said. Meanwhile, Labour is focusing on a programme of action plans for young people caught with a knife, which could see them subject to curfews, tagging or behavioural contracts.
Previous attempts to ban the weapons defined them as having a cutting edge and a serrated edge and ""images or words that suggest that it is to be used for the purpose of violence"". But the new law will also ban zombie knives with no threatening words or images, the Home Office said. This is the government's third attempt at banning the weapons since 2016. A new definition was added in 2019 covering ""cyclone knives"", with two spiralled blades.","The evidence does not provide any information regarding a Home Office ban on Hizb ut-Tahrir as a terror group. Instead, it discusses various aspects of the current geopolitical situation, including the radicalization linked to the Israel-Gaza conflict, actions against the Houthis in Yemen, and the implications of violence in the region. There is also mention of UK government actions related to Israeli settlers and knife crime legislation, but nothing specifically about Hizb ut-Tahrir or a ban on the group.",False,c0bcec61827baf44|2f17351f4876572d|ab30f5e959a513c1|33e75d4920026ce2|ac33fb2406222934,0.4476,0.2862,5
11c4cea9638ae8fa,M_nocap,Patsy Palmer return to EastEnders,"[1] Post Office scandal: 'I lost absolutely everything' - BBC News
She did not end up facing criminal prosecution, but she had to leave the area with her two young children after being assaulted with flour in the street. ""I had to flee, me and my children overnight. They left their friends behind, they had to change schools,"" she said. Mrs Palmer, who was found not guilty after a trial, said the allegations had ""ruined my life"".
Mrs Palmer, who was found not guilty after a trial, said the allegations had ""ruined my life"". ""I was made homeless, I now live in a one-bedroom studio flat (because of the financial impact),"" she said. Mrs Palmer, from Essex, had previously told the BBC she received a compensation payment in December, but soon realised it was not what it seemed, with a significant chunk of the money going straight to pay her creditors. She is now seeking proper compensation for the scandal.

[2] BBC agrees to sell EastEnders set at Elstree to raise funds - BBC News
A new EastEnders set was opened two years ago and cost £87m The BBC has agreed a deal to sell the EastEnders set and its other studios at Elstree, Hertfordshire, as part of a drive to raise funds. The TV soap will still be filmed on the site, however, after the BBC also agreed to lease back Albert Square from its new owner, insurance giant Axa. The price Axa will pay for the 16-acre site has not been disclosed, but the BBC was reportedly looking for £70m.
""As part of the sale, the EastEnders site has been secured on a long-term lease and Elstree will continue to be the home of Albert Square."" The sale comes two years after the BBC finished rebuilding the EastEnders set at a cost of £87m, which was £27m over budget and four years late. Albert Square is part of the BBC's 16-acre complex at Elstree The BBC's Elstree complex has also previously been home to programmes like Children in Need, Casualty, Holby City, Top of the Pops and election night broadcasts.

[3] Sarah Ferguson's 'shock' at skin cancer diagnosis - BBC News
In the autumn, in her latest career reinvention, she made guest appearances as a presenter on ITV's This Morning, in a working life that has also seen her become a successful author. And having not been invited to the Coronation in May, at Christmas the duchess appeared at Sandringham, walking to church with the rest of the Royal Family for the first time in more than 30 years. The 64-year-old was married to the Duke of York, Prince Andrew, for 10 years before they divorced in 1996. They continue to share a home at Royal Lodge - a property owned by the Crown Estate at Windsor Great Park.
The duchess was very public about her treatment, urging other women to get checked and using her podcast to raise awareness about breast cancer, wanting it to be a positive message to save others. She went on to have a single mastectomy at King Edward VII hospital in London, a private clinic used by senior royals. If you have been affected by any of the issues raised in this story, you can access more help and support via the BBC Action Line In the autumn, in her latest career reinvention, she made guest appearances as a presenter on ITV's This Morning, in a working life that has also seen her become a successful author.

[4] Annie Nightingale: Trailblazing BBC Radio 1 DJ dies at 83 - BBC News
""I think I can say I speak for myself and other women in broadcasting when I say we owe her an immense amount of gratitude for everything she has done."" He continued: ""As well as being a trailblazer for new music, she was a champion for female broadcasters, supporting and encouraging other women to enter the industry. We will all miss her terribly."" A statement attributed to her family on Friday said she ""passed away yesterday at her home in London after a short illness"".
She was known for her passion for a wide range of music, championing everything from prog rock and punk to acid house and grime. She remained on air until late last year with Annie Nightingale Presents. Nightingale was also known for co-hosting BBC Two music show The Old Grey Whistle Test. Tributes have been flooding in, with DJ Annie Mac saying Nightingale was ""a trailblazer, spirited, adventurous, fearless, hilarious, smart, and so good at her job"".

[5] Órla Baxendale: Dancer with allergy eats mislabelled Stew Leonard's cookie and dies - BBC News
It has asked for customers to return the cookies to their stores. Ms Baxendale consumed the cookies while in Connecticut, as she was getting ready to perform in the titular role of a dance company's adaption of Alice in Wonderland, her family told the BBC. The dancer was ""always so careful"" about her peanut allergy and she ""never left the house without an EpiPen"", her family said. Though Ms Baxendale's EpiPen was used, it did not save her - she died on 11 January.
Órla Baxendale's EpiPen was used, but the young dancer still died from anaphylactic shock on 11 January. A 25-year-old British woman died from anaphylactic shock after eating a cookie which did not say it contained peanuts. Dancer Órla Baxendale ate the snack from Stew Leonard's, a grocery store chain in the north-eastern US, and it caused a severe allergic reaction. An EpiPen was unable to save her.",INSUFFICIENT_EVIDENCE,False,47d9bfad13c3d2dc|ccf5ee79d37e25c6|9bb3a8fb413510c1|569f89c78c471ea8|3510f91a69ad7857,0.4751,0.2934,5
f924c3bb5f74d6ee,M_nocap,Boeing plane inspection after mid-air blowout,"[1] Boeing 737 Max 9: Jets to stay grounded as inspections continue - BBC News
Watch: 'Trip from hell': On board flight during mid-air blowout The US aviation regulator has said 171 Boeing 737 Max 9 planes will remain grounded until it is satisfied the planes are safe. The Federal Aviation Administration (FAA) has been inspecting the jets after part of an Alaska Airlines plane's fuselage fell off on Friday. The FAA said its first priority was ""keeping the flying public safe"".
During Friday's incident, Alaska Airlines flight 1282 from Portland, Oregon, to Ontario, California, reached 16,000ft (4,876m) when it began an emergency descent, according to flight tracking data. Passengers on board said a large section of the plane's outer shell fell to the ground shortly after take-off. Images sent to news outlets show the night sky and lights of Portland visible through the gap in the fuselage, with insulation material and other debris also seen. One passenger said the gap was ""as wide as a refrigerator"" while another said a child's shirt was ripped off in the wind as the plane made its emergency landing.

[2] US launches Boeing investigation after blowout - BBC News
Boeing said it would ""cooperate full and transparently"" with the investigation. Company boss, Dave Calhoun, had previously described the problem as a ""quality escape"". It means the incident was caused by some failure in quality control in the plane, which had been in service for just eight weeks before the blowout. Watch: 'Trip from hell': On board flight during mid-air blowout
Airline regulators in the US have formally launched an investigation of Boeing's processes, after a door plug blew off one of its planes. The Federal Aviation Administration (FAA) said it would examine whether Boeing failed to ensure its completed jets matched their approved design. The FAA had already grounded most of the 737 Max 9 fleet for inspection. The reviews after the emergency on the Alaska Airlines flight have uncovered issues such as loose bolts.

[3] Boeing to increase quality inspections of 737 Max production - BBC News
The blowout forced an emergency landing but resulted in no serious injuries Boeing says there will be more quality inspections for its 737 Max aircraft after an unused door blew off an Alaska Airlines plane mid-flight. The US plane maker said that an outside party would be brought in to assess its production practices. It will also check the work of the firm that supplies and installs the parts involved in the accident.
""We are planning additional inspections throughout the build process at Boeing and at Spirit,"" Mr Deal said. ""These checks will provide one more layer of scrutiny on top of the thousands of inspections performed today across each 737 airplane."" Scrutiny of Boeing has been renewed after the blowout on the Alaska Airlines flight from Portland, Oregon to California, which forced an emergency landing but resulted in no serious injuries. The US aerospace giant has been struggling to restore confidence after crashes in 2018 and 2019 involving a different plane in the 737 Max group killed 346 people.

[4] FAA grounds 171 Boeing planes after mid-air blowout on Alaska Airlines jet - BBC News
Watch: 'Trip from hell': On board flight during mid-air blowout The US airline regulator has ordered the grounding of some Boeing 737 Max 9 jets after part of one plane fell off during an Alaska Airlines flight. The Federal Aviation Administration (FAA) said the inspections would affect 171 planes. On Friday the Alaska Airlines flight had to make an emergency landing after take-off from the US state of Oregon.
""We have written to non-UK and foreign permit carriers to ask inspections have been undertaken prior to operation in UK airspace,"" it wrote on X, formerly Twitter. Images sent to news outlets of the affected area showed the night sky visible through the gap in the fuselage, with insulation material and other debris also seen. There were no immediate indications of the cause of the apparent structural failure, nor any reports of injuries. Passenger Evan Smith said: ""There was a really loud bang towards the left rear of the plane and a woosh noise - and all the air masks dropped.

[5] Alaska Airlines grounds 737 Max 9 planes after section blows out mid-air - BBC News
Watch: 'Trip from hell': On board flight during mid-air blowout Alaska Airlines says it has returned some of its grounded Boeing 737 Max 9 jets to service after one of its planes lost a section of fuselage mid-flight. The airline apologised to those affected, saying an inspection found ""no concerning findings"". On Friday one of its planes had to make an emergency landing in the US state of Oregon after an outer section of the plane fell off.
On Friday one of its planes had to make an emergency landing in the US state of Oregon after an outer section of the plane fell off. The plane, carrying 177 passengers and crew, landed safely in Portland. Boeing said it was aware of the incident and was ""working to gather more information"". The UK Civil Aviation Authority told the BBC it was ""monitoring the situation very closely"".","The coverage reports that the Federal Aviation Administration (FAA) has grounded 171 Boeing 737 Max 9 planes following a mid-air incident where part of an Alaska Airlines plane's fuselage fell off. The FAA is conducting inspections to ensure the safety of the aircraft, prioritizing public safety. Boeing has acknowledged a ""quality escape"" related to the incident and is cooperating with an investigation into its production processes, which may have included issues like loose bolts. In response to the incident, Boeing plans to increase quality inspections and has engaged an outside party to assess its production practices.",False,115a1018793f38c3|da207d9d47fcfca5|936e5fc1857e4aad|9d3ac8d1c83ebb33|62e35783495ea7e3,0.6469,0.2914,5
f712b1df8694a1d9,M_nocap,Fujitsu's role in Post Office scandal,"[1] Fujitsu: MPs seek details on public sector contracts with IT firm - BBC News
On Friday, the boss of Fujitsu's European arm, Paul Patterson, told the inquiry the company had ""clearly let society down, and the sub-postmasters down"". The company has said it has a ""moral obligation"" to help compensate victims. Have you been personally affected by the Post Office scandal? Share your experiences by emailing haveyoursay@bbc.co.uk.
Ms Baldwin told the BBC earlier that the public outcry was entirely justified, adding that she spoke for the whole Committee ""when I express my horror at the injustices the victims faced"" and said Fujitsu had questions to answer. She said: ""I think it's important we can see the extent to which taxpayer money has been spent with Fujitsu since the High Court ruling as they are simultaneously assessed on their fitness to remain a government supplier."" Between 1999 and 2015, the Post Office privately prosecuted hundreds of sub-postmasters and postmistresses based on the Horizon system, which had produced faulty accounts. Victims were wrongly accused of offences including theft, fraud and false accounting.

[2] Post Office paid Fujitsu £95m to extend Horizon - BBC News
The Post Office said it plans to start trialling a new system in branches this year. When Fujitsu won the contract to install computer terminals in over 17,000 Post Office branches around the UK, it called it ""the biggest non-military IT project in Europe"", designed to automate and simplify everything from selling stamps to paying pensions. Nearly 28 years later, it is still in use throughout the country, still plagued with difficulties, and the Post Office is struggling to replace it. It led to what has been called one of the most widespread miscarriages of justice in British history.
The Post Office has paid Fujitsu over £95m to extend the troubled Horizon IT system for two years after a plan to move to Amazon had to be abandoned. A serving postmaster told the BBC the software is still unreliable, and causes money to disappear. Costs and delays are still dogging the Horizon project more than two decades after the contracts were first signed. The Post Office said it plans to start trialling a new system in branches this year.

[3] Post Office scandal: Rishi Sunak considers measures to clear all victims - BBC News
Watch: Sunak says Post Office scandal is ""appalling miscarriage of justice"" Measures are being considered by the government to clear the names of hundreds of sub-postmasters convicted in the Post Office Horizon scandal. More than 700 branch managers were convicted of false accounting, theft and fraud based on faulty software. Fewer than 100 people have had their convictions quashed.
Rishi Sunak told the BBC's Sunday with Laura Kuenssberg that the scandal was ""an appalling miscarriage of justice"". The Post Office - which is wholly-owned by the government - acted as the prosecutor when it brought the cases against its sub-postmasters and retains a role when those individuals appeal. In some cases it has opposed attempts by sub-postmasters to clear their names. Asked by Laura Kuenssberg if the Justice Secretary Alex Chalk was looking at whether all those convicted could be exonerated or the Post Office could be stripped of its role, Mr Sunak said: ""Obviously, there's legal complexity in all of those things but he is looking at exactly those areas that you've described.

[4] Fujitsu Japan remains tight-lipped on the Post Office scandal - BBC News
The Horizon scandal led to hundreds of sub-postmasters being wrongfully convicted Japanese firm Fujitsu is once again in the spotlight as victims of the Post Office scandal question what role it played. More than 900 Post Office branch managers were convicted when faulty accounting software made it look as though money had gone missing from their sites. That software, named Horizon, had been developed by Fujitsu.
Fujitsu has contracts with many government departments, including HMRC Fujitsu's products are so deeply entrenched in the government's IT infrastructure, it may be near impossible to remove them, according to Mr Collins. ""If Fujitsu pulled the plug on the Post Office, which you wouldn't do, post offices would cease to function. Government cannot do without Fujitsu.""

[5] Post Office may face £100m tax bill over victim payouts - experts - BBC News
A spokesman said that HMRC could not comment on specific business or individuals but said: ""We collect the tax due under the law, creating a level playing field for everyone and funding public services. The Post Office said its financial information was ""appropriate and accurate"" and it was in discussions with HMRC and the Department for Business and Trade, which oversees the state-owned company. While the Post Office appears to have deducted compensation provisions from their taxable profits, it apparently ignored them when it came to calculating executive pay. The largest determinant of bosses' pay is a measure the Post Office calls ""trading profit"", which excludes the money set aside to compensate scandal victims, thereby increasing the pay of executives.
The Post Office said its financial information was ""appropriate and accurate"". It has been paying out to sub-postmasters who have had their theft convictions quashed. Repaying the alleged shortfall to HMRC could render the Post Office technically insolvent and would involve the government stepping in to financially support it. However as the Post Office is owned by the government, exacting financial penalties is tantamount to the government fining itself and no-one is suggesting the Post Office will cease to function.","Fujitsu is under scrutiny due to its role in the Post Office scandal, where faulty software, Horizon, led to the wrongful convictions of over 900 sub-postmasters for theft and fraud. The company has acknowledged its failure, stating it has a ""moral obligation"" to assist in compensating the victims. Despite the ongoing issues with the Horizon system, which has been in use for nearly three decades, the Post Office has continued to pay Fujitsu significant sums to extend its use. The government is considering measures to clear the names of those wrongfully convicted, while Fujitsu's deep integration into government IT systems raises concerns about the feasibility of removing its services.",False,01019fbf5bdf3576|9ff6889926f6dbe0|a759ba1ff1e97a8c|d8ec7ae95a961f82|6e760ac156a6441b,0.6985,0.37,5
ae7569a952f03243,M_nocap,mother denies biting baby in murder trial,"[1] Constance Marten trial: Dead baby 'well cared for' by parents, court told - BBC News
He rejected the defence's suggestion Ms Marten would not have allowed a stranger to place his hand on the baby's head, and maintained the exchange happen. The prosecution maintains baby Victoria would still be alive were it not for the ""reckless, utterly selfish, callous, cruel, arrogant and ultimately grossly negligent conduct"" of her parents. Outlining the case against the defendants on Thursday, prosecutor Tom Little KC told jurors the couple previously had four other children, all of whom had been taken into care after extensive involvement from social services. The court has heard the couple were living in a tent on the South Downs - which the prosecution says deprived the baby of what it needed, namely warmth, food and safety.
Prosecutors allege the baby died as a result of living outdoors in wintry conditions, but in an opening address to the jury, John Femi-Ola KC, who is defending Mr Gordon, said: ""The baby was kept warm and dry, and was fed such as she was well-nourished. The baby did not require medical assistance."" He said there was no evidence of any sign of violence, and no sign of external or internal injuries. Mr Femi-Ola said there was no intention by the couple to pervert the course of justice by deliberately allowing Victoria's body to decompose, because Ms Marten wanted a post-mortem examination to know ""how her beloved baby died"".

[2] Eaglescliffe woman found not guilty of 'home abortion' - BBC News
Prosecutors said there was ""no real prospect"" of convicting 22-year-old Bethany Cox A woman charged with carrying out an illegal abortion on herself has been found not guilty on the eve of her trial after the prosecution dropped the case due to ""evidential difficulties"". Bethany Cox, 22, from Eaglescliffe in Stockton, was accused of child destruction and using misoprostol to procure her own miscarriage in 2020. She pleaded not guilty to both charges at Teesside Crown Court in August 2023.
The first charge stated that on 6 July in Stockton she administered drugs to procure an abortion with the intent to destroy the life of a child capable of being born alive. The second alleged that between 2 and 7 July she administered misoprostol with ""intent to procure your own miscarriage"". A CPS spokesperson said: ""Cases of this nature are carefully considered and a prosecution will only take place where the evidential standard has been met. ""Following a further review of this case, we have concluded that our legal test is no longer met.""

[3] Michigan school shooter's mum weeps as she goes on trial - BBC News
A mother who is the first US parent ever to go on trial for failing to stop her son from carrying out a deadly school shooting has sobbed in court as she saw CCTV of the attack. Jennifer Crumbley's lawyer said the prosecution was intended to ""send a message to gun owners"". Her son is serving life in prison for killing four classmates at Oxford High School in Michigan in 2021. Mrs Crumbley's husband, James, is facing a separate trial on the same charges, which are punishable by up to 15 years in prison.
Prosecutor Marc Keast told the jury: ""Jennifer Crumbley didn't pull the trigger that day, but she is responsible for those deaths."" ""We're not here to talk about good parenting or bad parenting,"" he added. ""It's not illegal to be a bad parent."" Prosecutors say that Mr and Mrs Crumbley gave their son the murder weapon as a Christmas gift, and did not help him get the mental health support he needed.

[4] Constance Marten trial: Baby kept in Lidl bag before being dumped, court told - BBC News
A baby whose body was found in a shed spent much of her life being carried in a Lidl ""bag for life"" while her parents lived ""off-grid"", a court has heard. Constance Marten, 36, and Mark Gordon, 49, are on trial for the manslaughter of newborn Victoria, whose body was discovered in March 2023 after a weeks-long search for the family. Prosecutors said the baby would still be alive if it were not for the ""reckless"" behaviour of the defendants. Outlining the case against the defendants, prosecutor Tom Little KC told jurors the couple previously had four other children, all of whom had been taken into care after extensive involvement from social services.
Outlining the case against the defendants, prosecutor Tom Little KC told jurors the couple previously had four other children, all of whom had been taken into care after extensive involvement from social services. He said the couple ""essentially went off-grid"" and lived outside to avoid social services removing their new baby, concealing the pregnancy from family and the health service. The Old Bailey heard that only the defendants knew the precise date the baby was born, but the prosecution said she appeared to have been born after 28 December 2022. On 5 January, a car the family had allegedly been travelling in was discovered on fire on a road in Greater Manchester.

[5] US woman gets 26 years for mother's 'suitcase murder' - BBC News
Prosecutors had recommended a 28-year prison sentence for Mack, who conspired with her then-boyfriend Tommy Schaefer to kill her mother, wealthy academic Sheila von Wiese-Mack. The pair reportedly did so to gain access to a $1.5m (£1.17m) trust fund. Prosecutors alleged that Ms Mack - who was 18 at the time of the murder and pregnant - covered her mother's mouth while Mr Schaefer struck her in the head with a fruit bowl. The body was later discovered stuffed inside a suitcase.
She was then arrested upon arriving in the US and charged with conspiracy to kill a US national. Mack has spent the last two years in a Chicago prison as she awaited sentencing. On Wednesday, Judge Matthew Kennelly ruled that Mack, 28, will receive credit for the time she has served thus far, reducing her formal sentence to around 23 years. Prosecutors had recommended a 28-year prison sentence for Mack, who conspired with her then-boyfriend Tommy Schaefer to kill her mother, wealthy academic Sheila von Wiese-Mack.","The trial of Constance Marten and Mark Gordon centers on the alleged manslaughter of their newborn baby, Victoria, whose body was found after a search. Prosecutors argue that the couple's ""reckless"" behavior, including living off-grid to avoid social services, led to the baby's death, claiming she would still be alive if not for their actions. The defense contends that the baby was well cared for, kept warm and dry, and showed no signs of violence or injury. They assert that there was no intention to conceal the baby's death, as Marten wanted a post-mortem examination to understand how her baby died.",False,a3a9f4a3158e31d6|9dcf699ebdcc882c|a0c85641a86ebc36|737f482209fa8859|8d00692f6ec27987,0.43,0.2908,5
62994d7bd0e2311d,M_nocap,mother advocates for mandatory jail terms for knife carrying,"[1] Idris Elba warns against mandatory jail for carrying knife - BBC News
Elba, a prominent campaigner on knife crime, said that in tackling the issue it was important for the experiences of young people not to be overlooked. ""We do not want to criminalise these people without offering them an opportunity to feel safe, to feel that their whole community is involved,"" he said. In a highly emotional interview with the BBC on Wednesday, Dr O'Malley, a consultant anaesthetist, said carrying a knife was ""no different"" to carrying a gun. She said: ""I believe there has to be mandatory prison sentences for carrying a knife.
She said: ""I believe there has to be mandatory prison sentences for carrying a knife. ""It is not just an offensive weapon or something you could eat your food with. It is a lethal weapon."" In the same interview, her husband, Dr Sanjoy Kumar, a GP, described knife crime in England as an ""epidemic"" and said existing legislation on the issue appeared ""easy-going"".

[2] US woman gets 26 years for mother's 'suitcase murder' - BBC News
Prosecutors had recommended a 28-year prison sentence for Mack, who conspired with her then-boyfriend Tommy Schaefer to kill her mother, wealthy academic Sheila von Wiese-Mack. The pair reportedly did so to gain access to a $1.5m (£1.17m) trust fund. Prosecutors alleged that Ms Mack - who was 18 at the time of the murder and pregnant - covered her mother's mouth while Mr Schaefer struck her in the head with a fruit bowl. The body was later discovered stuffed inside a suitcase.
She was then arrested upon arriving in the US and charged with conspiracy to kill a US national. Mack has spent the last two years in a Chicago prison as she awaited sentencing. On Wednesday, Judge Matthew Kennelly ruled that Mack, 28, will receive credit for the time she has served thus far, reducing her formal sentence to around 23 years. Prosecutors had recommended a 28-year prison sentence for Mack, who conspired with her then-boyfriend Tommy Schaefer to kill her mother, wealthy academic Sheila von Wiese-Mack.

[3] Idris Elba urges stronger action on knife crime - BBC News
A Home Office spokesperson said the UK ""has some of the toughest laws in the world to tackle knife crime"". They added: ""Hospital admissions for young people with serious knife injuries are down over a quarter and overall knife crime is down 7 percent, and we will not hesitate to do more to keep our streets safe. ""That is why through the Criminal Justice Bill, we will give the police more powers to seize dangerous weapons and increase prison sentences for anyone caught with a knife.""
""Four months have passed since we were promised the legislation we so desperately need to ban these weapons, yet the bill has only just started its agonisingly slow journey through Parliament,"" he said. ""The government has demonstrated that, when they deem it necessary, parliamentary time can be found to expedite bills with urgency. ""So, why, when we know that these knives are being used to take the lives of our children, are they not prioritising a ban with the same urgency?"" A Home Office spokesperson said the UK ""has some of the toughest laws in the world to tackle knife crime"".

[4] Michigan school shooter's mum weeps as she goes on trial - BBC News
A mother who is the first US parent ever to go on trial for failing to stop her son from carrying out a deadly school shooting has sobbed in court as she saw CCTV of the attack. Jennifer Crumbley's lawyer said the prosecution was intended to ""send a message to gun owners"". Her son is serving life in prison for killing four classmates at Oxford High School in Michigan in 2021. Mrs Crumbley's husband, James, is facing a separate trial on the same charges, which are punishable by up to 15 years in prison.
Prosecutors say that Mr and Mrs Crumbley gave their son the murder weapon as a Christmas gift, and did not help him get the mental health support he needed. Her lawyers have blamed her husband, saying he was responsible for ensuring the gun was safely stored at home. Both parents attempted to flee after being charged with manslaughter and were found hiding in the basement of a Detroit warehouse. Their lawyers say they left home for their safety and planned to turn themselves in later.

[5] Post Office scandal: 'I carried the shame - I refuse to carry it any longer' - BBC News
The impact of these miscarriages of justice - and everything that came with it - was in some cases worse on their families. Janet Skinner went to prison for three months. Her conviction was later quashed, in 2021. Asked what prison was like, she says it was horrendous and something no one would want to go through.
Asked what prison was like, she says it was horrendous and something no one would want to go through. But it's as she starts explaining how it was harder because she had two teenagers that she finds she can't continue speaking. And Tom recalls how his daughter was working as an estate agent when some of her clients - who didn't know she was Tom's daughter - began speaking about that ""awful man down at the Post Office who's stolen all the pensioners' money"". Asked what they want now, they are agreed on the need to speed up access to compensation and accountability.","The coverage includes a strong advocacy for mandatory prison sentences for carrying knives, as expressed by a consultant anaesthetist who equates carrying a knife to carrying a gun, emphasizing its lethal potential. This sentiment is echoed by her husband, who describes knife crime in England as an ""epidemic"" and criticizes the current legislation as being too lenient. Additionally, there are discussions about the government's response to knife crime, highlighting that while the UK has tough laws, there is a call for more urgent legislative action to address the issue effectively.",False,ac33fb2406222934|8d00692f6ec27987|1039b25fc738ad29|a0c85641a86ebc36|8b4198ba33bfdb90,0.5161,0.2822,5
287e025413b7129e,M_nocap,Cameron denies payment from Greensill Capital,"[1] Tax cut promises may need to be rolled back - IFS think tank - BBC News
However, a Conservative Party spokesman said this ""unfunded spending promise will end up meaning thousands of pounds of higher taxes for working people. That's because Keir Starmer can't say how he would pay for it as he does not have a plan."" The Labour Party has been contacted for comment.
But the Treasury said its action to ""halve inflation and ensure debt falls as a share of the economy means we are now beginning to turn a corner, which is why we can afford tax cuts for 27 million working people this month"". A spokesperson said: ""The best way to deliver sustainable funding for public services in the future is to grow the economy - the UK has grown faster than France, Germany and Japan since 2010 and the OBR (Office for Budget Responsibility) say our action in spring and autumn will deliver the largest boost on record."" Labour's spending plans include spending £28bn a year on green energy projects, reaching that figure after 2027. However, a Conservative Party spokesman said this ""unfunded spending promise will end up meaning thousands of pounds of higher taxes for working people.

[2] SNP could face investigation into loans from Peter Murrell - BBC News
The commission, which only recently published details of the loans on its website, said it could potentially consider enforcement action over the late reporting of the loans, though that would not be until police investigation had concluded. According to the latest accounts, the party still owes Mr Murrell £60,000 from a loan payment of £107,620 in June 2021 - half of which was repaid by October of that year. Nicola Sturgeon has said she will co-operate fully with the police investigation UK political parties are required to submit quarterly records of donations and loans to the Electoral Commission.
Mr Murrell was arrested and released without charge last year as part of a police investigation into SNP finances. Ex-First Minister Nicola Sturgeon, who is married to Mr Murrell, was also arrested along with former SNP treasurer Colin Beattie as part of the inquiry before later being released without charge pending further investigation. The Electoral Commission said the SNP reported to it in October that Mr Murrell - who resigned as chief executive in April last year following a row about membership figures - had made two loan payments to the party in early 2018. The commission said these loans should have been reported the year they were made.

[3] I'm acting alone, says Simon Clarke after calling for PM to go - BBC News
And I've been really clear that I've done it deliberately on my own so that I don't make anyone else the subject of the sort of criticism that I've incurred."" He denied he was interested in the top job himself, saying he was ""aware of my limitations as well as my strengths"". Sir Simon sparked a backlash after warning in an article for the Daily Telegraph that the Tories would be ""massacred"" at the next general election unless Mr Sunak was replaced as PM. Former Home Secretary Priti Patel accused him of ""engaging in facile and divisive self-indulgence"".
Sir Simon's intervention came after Mr Sunak faced his biggest rebellion since becoming prime minister when 61 Tory MPs voted for changes to his flagship Rwanda bill. It is not anticipated that two of the most prominent rebels - former Home Secretary Suella Braverman and former Immigration Minister Robert Jenrick - are about to join calls for the PM to go. However, Mr Sunak's critics say discontent with his leadership extends beyond the Rwanda rebels. During Prime Minister's Questions, Labour leader Sir Keir Starmer accused Mr Sunak of ""endlessly fighting with his own MPs"".

[4] Hinkley C: UK nuclear plant price tag could rocket by a third - BBC News
This was in return for an agreed electricity price that was substantially higher than the average price in 2015 and would only rise in line with inflation. ""It is important to say that British consumers or taxpayers won't pay a penny, with the increased costs met entirely by shareholders,"" Mr Crooks' letter read. However, this price shock comes at a sensitive time for the UK government, which has agreed to allow construction costs for a new plant at Sizewell in Suffolk to be added to customers' bills gradually over the decade which it will take to build. The government has also just doubled its own investment into Sizewell C to £2.5bn and is in the process of raising capital from private investors.
The government has also just doubled its own investment into Sizewell C to £2.5bn and is in the process of raising capital from private investors. Last week, the government triggered a ""development consent order"" that allows early-stage construction to begin in Suffolk despite several legal challenges from local and national opponents who have taken their fight to the Supreme Court. Alison Downes of the campaign group Stop Sizewell C said that the announcement of additional funding was""inexplicable"" following news of delays to one of the government's key nuclear projects. She described the Hinkley and Sizewell projects as an ""unmitigated disaster"".

[5] Rishi Sunak sees off Conservative rebels as MPs back Rwanda bill - BBC News
On Wednesday Rwanda's President Paul Kagame said he would return money to the UK if no asylum seekers were sent to his country. The UK has so far paid £240m to the east African nation and is expected to pay a further £50m. A Rwandan government spokeswoman later said the country had ""no obligation"" to return the money but would consider a request for a refund from the UK. In Westminster, a Downing Street spokesman was forced to deny it was trying to change the Civil Service code to include a presumption that emergency injunctions from the European Court of Human Rights should be ignored.
Some MPs had suggested they would be willing to abstain or even vote against the entire bill if it remained unchanged. The bill could have fallen if about 30 Conservatives had voted against it - an outcome that would have severely damaged the prime minister's authority, potentially fatally. However, in the event, just 11 MPs - including Mr Jenrick and former Home Secretary Suella Braverman - voted against it. Other Tory MPs on the list include Miriam Cates, Sir Simon Clarke, Mark Francois and Danny Kruger.","The evidence does not provide any information regarding Cameron's denial of payment from Greensill Capital. It covers various topics related to UK politics, including tax cuts, SNP finances, internal party dynamics, nuclear plant costs, and a bill concerning Rwanda, but none of these relate to the query about Cameron and Greensill Capital. Therefore, there is insufficient evidence to address the query.",False,ccf60fb7f196b20b|fc1eab2b4402ad26|c3f75f98e9df9033|6ecabed99ad9f534|bb871ba4dfb61ae5,0.4475,0.2893,5
2026eddde0012398,M_nocap,Vaughan Gething pledge to expand free childcare,"[1] Family moves 180 miles for special-needs nursery space - BBC News
And it is ""vital"" the government's planned recruitment drive to tackle staffing shortages succeeds. The childcare sector is struggling with severe workforce challenges and reports of underfunding. Dingley's Promise Chief Executive Catherine McLeod says many settings feel they lack the resources, staffing and funding to support children with SEND ""and therefore, they're turning children away"". Those ""who used to be brilliant at inclusive practice"" are now saying: ""We can't do it any more,"" because they are having to fund the provision out of their own money when the children first arrive.
Those ""who used to be brilliant at inclusive practice"" are now saying: ""We can't do it any more,"" because they are having to fund the provision out of their own money when the children first arrive. Ms McLeod wants the system, especially how disability access funding is applied for, made simpler. ""We have to improve the way it is funded, otherwise children will continue to be turned away,"" she says. Responding to questions in the House of Commons on Tuesday, Children's Minister David Johnston said his team were looking into reports of children with SEND being turned away from early-years settings.

[2] Labour proposes free breakfast clubs to tackle persistent school absence - BBC News
The plans also include increased funding for early speech and language interventions. This week, the government promised to extend the existing attendance-hub scheme to support a thousand more schools in England. ""Every day our children are in school is so incredibly important,"" said Phillipson. ""It damages their life chances when they aren't there.
More than one out of every five children in England are persistently absent from school Better mental health support for pupils would be part of Labour's plans to improve school attendance in England. Shadow education secretary Bridget Phillipson set out the proposed measures, including free breakfast clubs for primary schools, at an event at the Centre for Social Justice (CSJ) on Tuesday. The plans also include increased funding for early speech and language interventions.

[3] Yousaf offers talks with 'next prime minister' Starmer - BBC News
""There'll be disagreements, the constitution perhaps being the obvious one, but I do think there's plenty of areas we could work on."" When asked about what policy areas they could co-operate on, the SNP leader said Labour should and commit to scrapping the two-child benefit limit. ""In doing so, he would lift 250,000 children out of poverty across the UK, 15,000 children here in Scotland,"" said Mr Yousaf. ""Let's scrap the bedroom tax, which is keeping too many people in poverty.""
Scottish Conservative party chairman Craig Hoy said: ""This was another interview where Humza Yousaf confirmed independence will be page one, line one of the SNP manifesto. ""Instead of pursuing their obsession with breaking up the UK, the SNP should focus on the people's real priorities: growing the economy to help Scotland's ailing public services. ""The first minister once again refused to accept that his high-tax regime is preventing that - despite business groups warning repeatedly that the widening tax gap with the rest of the UK is deeply damaging our competitiveness and risks driving away key workers.""

[4] Jeremy Miles rules out 20mph U-turn if he becomes first minister - BBC News
""I'm standing for Welsh Labour leader and first minister because I have a vision for Wales' future,"" Mr Miles added. ""As first minister, I will invest more in education, provide practical help to the NHS in order to cut waiting lists, expand cooperative housing, and introduce fairer bus fares."" Mr Miles said he would also press for more powers to be devolved to Wales, including crime, justice and benefits. On Friday, Mr Gething pledged to ensure that health and social care spending in Wales did not fall below that of England and ruled out privatisation of the Welsh NHS.
He is up against Vaughan Gething, health minister for much of the pandemic The winner of the leadership race, which follows Mark Drakeford's resignation last month, will be announced in March. Mr Miles has been the Welsh government's education minister since 2021, having previously served as Brexit minister and counsel general. He has represented Neath in the Senedd since 2016.

[5] Newham: Newborn girl found in shopping bag less than hour old, police say - BBC News
He added: ""Please know that your daughter is well, and no matter your circumstances, please do seek help by dialling 999."" The force has also asked for anyone who thinks they know the mother to contact them. The infant is the third to be found in Newham in four years, with a girl left in a park in February 2019, and a boy on the street in January 2020. Listen to the best of BBC Radio London on Sounds and
In a previous statement, Ch Supt Crick appealed to the baby's mother to contact police. ""Our thoughts now turn to the baby's mother; we are extremely concerned for her welfare as she will have been through a traumatic ordeal and will be in need of immediate medical attention following the birth,"" he said. ""Trained medics and specialist officers are ready to support her and we urge her to get in touch by phone or walk in to the nearest hospital or police station."" He added: ""Please know that your daughter is well, and no matter your circumstances, please do seek help by dialling 999.""","The evidence does not provide specific information regarding Vaughan Gething's pledge to expand free childcare. It discusses various issues related to childcare, such as staffing shortages and funding challenges in the sector, but does not mention Gething or any related commitments to free childcare. Therefore, the coverage does not address the query directly.",False,b9bd324e4e17b237|ceeae98c0bb1c1c1|946589fc60b9dda3|e04184e394e646af|6df4022312087f03,0.5257,0.2715,5
e48cc811265585b7,M_nocap,refunds for delays on battery-powered trains,"[1] Rail lines reopen between Reading and Paddington - BBC News
Network Rail confirmed engineers have fixed the damaged overhead electric cables on the route. The company apologised for the problems caused to passengers' journeys this morning. A spokesperson said: ""We'd advise passengers to check before they travel via National Rail Enquiries or their local train operator."" National Rail said trains could still be cancelled, revised or delayed by up to 60 minutes.
National Rail said trains could still be cancelled, revised or delayed by up to 60 minutes. Customers who still face disruption can use their tickets on London Underground and London bus services via any reasonable route at no extra cost. More travel problems are expected in London, as Tube staff began strike action on Friday - with the impact expected to be felt by passengers from Sunday evening. Transport for London (TfL) has advised people to complete their journeys by 17:30 GMT, with little or no service anticipated on the Underground until 12 January.

[2] London Tube strikes called off as more pay talks planned - BBC News
Some disruption on the Tube is still expected though due to the strikes being called off late on, TfL said. On Monday morning minor delays were reported on the Central Line due to a shortage of trains. Members of the Rail, Maritime and Transport union had previously voted to take industrial action over a below-inflation pay increase of 5%. The union said on Sunday evening ""positive discussions"" meant further talks could take place.
And so this could open a real can of worms. Tfl said it will be meeting unions to decide the best way to use the extra funding to resolve the dispute. The suspension of action has happened so late in the day it is worth people checking before heading to the Tube on Monday. A TfL spokesperson said it remained the case that it could not ""afford any more"" than the original 5% pay offer but it had been ""made aware that the mayor was able to provide additional funds"".

[3] HS2 to Birmingham may cost £65bn, railway boss says - BBC News
The firm's executive chair said HS2's costs had risen so much over the past decade because of poor cost estimating, changes to the project's scope, some poor delivery and the impact of inflation. He added that decisions to delay parts of the project for cashflow reasons, could end up meaning they cost more, and that the Covid pandemic had added £500m to £600m. Sir Jonathan also said HS2 trains will travel more slowly than existing Pendolino trains when they travel on conventional tracks between Birmingham and Manchester, because they cannot tilt on bends. He said he expects fewer seats to be available on HS2 north of Birmingham now the legs to Manchester and Crewe have been scrapped, due to trains having to be shorter to fit existing platforms.
The government has said there has been interest from developers. However, in a BBC interview in November, the transport secretary, Mark Harper, would not say how soon he wanted to have a firm commitment from investors, or a new station design - arguing that an ""artificial deadline"" could damage the government's negotiating hand. Mr Harper also could not say whether the tunnel taking trains from Old Oak Common to Euston would be paid for by private investors or the taxpayer. He told the BBC that this would depend on ""how much private sector money we can get in"", and he wanted to ""get the best possible deal for taxpayers"".

[4] LNER train drivers call off five days of strikes - BBC News
Under new laws, employers can require staff who are planning to walkout to provide 40% of timetabled rail services. On Thursday last week, Rail Minister Huw Merriman said the government hoped the minimum service levels would be implemented, but it was ""a matter for the employers"". A spokesperson for LNER, said: ""We welcome news that the threat of extended disruption to our services has been lifted. ""We encourage Aslef to work with us to find a way to end this long running dispute which only damages the rail industry.""
""We encourage Aslef to work with us to find a way to end this long running dispute which only damages the rail industry."" Rolling strikes that will affect different operators each day are still due to start on 30 January. However, as things stand, it appears that none of the train operating companies will seek to impose minimum service levels. The strikes will affect the following companies based in England:

[5] Trains: £2bn to re-open Carmarthen to Bangor lines - BBC News
Watch why it takes BBC journalist Jared Evitts seven hours to take the train between two towns that are 49 miles apart Re-opening railway lines that were shut in the 1960s and have left large towns without a direct rail link would cost £2bn, Transport for Wales has said. TfW looked at the line between Carmarthen and Aberystwyth, Ceredigion and Afon Wen and Bangor in Gwynedd. Chief executive James Price said it would be ""very costly"" to develop and ""difficult"" to implement.
That included a potential travel corridor along the coast from Carmarthen to Bangor, with TfW looking at re-connecting the disused rail routes between Bangor and Afon Wen - about 28 miles. Since the closure of the Aberystwyth to Carmarthen line, taking the train between the two towns - which are just 49 miles apart - takes seven hours. Owned by the Welsh government, TfW has been responsible for train services across much of Wales since 2018. In a letter to a Senedd committee, Mr Price said TfW looked at a ""wide-ranging assessment to examine how accessibility and connectivity can be improved on the west coast of Wales"".","The coverage does not provide specific information about refunds for delays on battery-powered trains. It discusses various rail disruptions, including issues with overhead electric cables, potential delays on the Tube due to strikes, and the costs associated with re-opening railway lines. However, there is no mention of refund policies or compensation related to delays on battery-powered trains.",False,093850dc054a3ea2|99c07b54f36459c6|9234853bdd0ab22b|cccaa76bbf98d283|f0e21d85bbfdba7b,0.492,0.2956,5
659180caa8e66436,M_nocap,City of Derry Airport funding concerns,"[1] £2bn town planned near Edinburgh Airport - BBC News
A £2bn development with 7,000 homes as well as shops, schools, social and medical facilities is being planned for a site near Edinburgh Airport. If planning permission is granted, West Town will span 205 acres between Gogar Roundabout and Ingliston Park and Ride. It is described as the single biggest homes-led development in Edinburgh in modern times. The development is designed so residents could live there without needing a car.
The development is designed so residents could live there without needing a car. Developers said the site would also have 27 acres of parks and a network of cycle, running and walking tracks. The West Town Edinburgh consortium, which is behind the plan, was formed in April 2021 by Drum Property Group. West Town would have 27 acres of parks

[2] NI weather: More travel disruption as Storm Jocelyn follows Isha - BBC News
There could be further damage to buildings, power cuts, and disruption to transport, it said. Office Old Stone Road, the main road to the international airport, was closed between the A6 Belfast Road and Seven Mile Straight on Tuesday evening due to a fallen tree. The A23 Ballygowan Road was also closed at Moneyreagh due to a fallen tree, while Foyle Bridge in Derry was closed to high-sided vehicles due to strong winds. In Lisburn, the traffic lights went out of action at the junction of Ballinderry Road and Knockmore Road, amid power failures in the area.
In Lisburn, the traffic lights went out of action at the junction of Ballinderry Road and Knockmore Road, amid power failures in the area. Some flights to and from George Best Belfast City Airport have been cancelled on Tuesday. Flights scheduled to arrive from Manchester, Birmingham and Edinburgh are not going ahead as planned, while one flight scheduled to depart earlier to Manchester was also cancelled. Dublin Airport has also experienced eight flight cancellations, seven ""go-arounds"" and two Dublin-bound flights were diverted to Belfast.

[3] Wales needs powers to set new tax rates, says Plaid Cymru - BBC News
There are long-standing complaints that Wales should have received billions as a result of the HS2 railway line, which was classed as English and Wales despite ending in Birmingham. The UK government provides most of the cash needed to run Welsh government services and invest in infrastructure, with a smaller proportion raised from tax. The amount is determined by the Barnett formula. Plaid argues that Wales' funding should be based on its needs.
Plaid argues that Wales' funding should be based on its needs. A recent report by the Welsh government's chief economist said public spending per head in Wales was lower than Scotland or Northern Ireland, but higher than England overall and most English regions. In his speech, Mr ap Iorwerth, who became party leader last summer after the resignation of Adam Price, said Wales has a ""persistent underperformance"" that needs to be addressed. ""Creating a fair society should be an ambition for all of us, collectively,"" he said.

[4] Ryanair hits out at Booking.com over flight cuts - BBC News
That helped the carrier to report a near-60% rise in profits for the period to €2.18bn (£1.9bn). Ryanair has reported a jump in profits after pushing up fares in the face of strong demand for summer air travel. Speaking on Wednesday, the company said the average number of empty seats per flight in December had increased from 8% to 9%. Ryanair said it flew 12.5 million passengers in December, up 9% from the same period in 2022, despite more than 900 flights being cancelled due to the war in Gaza.
Booking Holdings, which operates Booking.com and Kayak and Kiwi.com said it would not comment on the ongoing legal proceedings between Booking.com and Ryanair in the United States. The row follows a boom in profits for the airline in November, after it hiked up prices. The airline said passenger numbers rose 11% to a record 105.4 million in the six months to September, despite average fares rising by 24%. That helped the carrier to report a near-60% rise in profits for the period to €2.18bn (£1.9bn).

[5] Stormont stalemate: Deadline to restore Northern Ireland Executive to expire - BBC News
But the DUP said this did not go far enough, and for months the party has been in talks with the government seeking further changes. In December, the Northern Ireland secretary said those talks had ""effectively concluded"". Mr Heaton-Harris also offered a £3.3bn financial package for Northern Ireland including funds to settle public sector pay claims - but it is contingent on the Stormont institutions being restored. Chris Heaton-Harris has pushed back the deadline to restore Stormont several times before
Last year, he set a budget for Stormont in the absence of local ministers, leaving unelected civil servants with the task of making substantial cuts. Chris Heaton-Harris again alluded to setting out a pragmatic approach to the governance of Northern Ireland in the coming days. We know that he's planning to bring forward legislation next week which will extend the legal deadline he had to call an assembly election - it expires at midnight. We understand he will push that back, perhaps by up to a year or so, and then there's the arguably more pressing piece of legislation which is the Budget Bill for Northern Ireland.","The evidence does not provide any information regarding funding concerns specifically related to City of Derry Airport. It discusses various topics, including a development near Edinburgh Airport, weather-related travel disruptions in Northern Ireland, funding issues in Wales, Ryanair's financial performance, and the political situation in Northern Ireland. None of these points address the query about City of Derry Airport funding.",False,fe551fc918f9b1a1|1ae128b5ab6283a3|fd184f9617755b56|d3f741472ac62f57|9ff6a50b46cf0df9,0.4675,0.2706,5
20b1962140bc5cbf,M_nocap,junior doctor leaves Wales for Australia,"[1] Junior doctors' strike: The 'huge effort' to keep a hospital running - BBC News
Junior doctors in Wales are to stage a three-day strike from 15 January in a dispute over pay, and those in Northern Ireland are to be balloted. It is hard to rule out the possibility of continued walkouts and disruption for the NHS beyond the early weeks of 2024. Are you a junior doctor with a view on the strike? Are you a patient affected?
Patients, staff and NHS managers can only hope that a settlement can be reached, but the outcome is far from certain. There could still be more of this trouble ahead. Consultants in England are being balloted on a pay offer and it is possible they will reject it. Junior doctors in Wales are to stage a three-day strike from 15 January in a dispute over pay, and those in Northern Ireland are to be balloted.

[2] Jeremy Miles rules out 20mph U-turn if he becomes first minister - BBC News
He is up against Vaughan Gething, health minister for much of the pandemic The winner of the leadership race, which follows Mark Drakeford's resignation last month, will be announced in March. Mr Miles has been the Welsh government's education minister since 2021, having previously served as Brexit minister and counsel general. He has represented Neath in the Senedd since 2016.
""I'm standing for Welsh Labour leader and first minister because I have a vision for Wales' future,"" Mr Miles added. ""As first minister, I will invest more in education, provide practical help to the NHS in order to cut waiting lists, expand cooperative housing, and introduce fairer bus fares."" Mr Miles said he would also press for more powers to be devolved to Wales, including crime, justice and benefits. On Friday, Mr Gething pledged to ensure that health and social care spending in Wales did not fall below that of England and ruled out privatisation of the Welsh NHS.

[3] Cancer: Wales among worst countries for survival, data suggests - BBC News
""We're not rolling those out across Wales at the moment and that is a real concern to us."" About 15,400 people survive five years in the UK but, if rates were the same as the best performing countries, that could be as many as 23,775 people. The taskforce's report suggests delayed diagnosis and slow access to treatment could be to blame. Many patients were only diagnosed after an emergency admission to hospital or an urgent referral after their symptoms become severe.
Wales ranks 32nd for stomach cancer, 31st for pancreatic and lung, 21st for liver and oesophageal and 12th for brain. The Welsh government said it was committed to improving cancer outcomes. The taskforce - a partnership of cancer charities including Tenovus Cancer Care - suggests Wales and the rest of the UK rank below most other countries for five-year survival rates. South Korea, Belgium, the United States, Australia and China were the countries that scored the highest.

[4] Soldier who shot child killed himself waiting for therapy - BBC News
However, Mrs Du Preez said she believed more could have been done to provide him with veteran specific mental health care in the years before his death. ""It's frustrating because I know there are people receiving treatment with similar conditions over the border in England, and it feels very much like a postcode lottery,"" said Mrs Du Preez, who works as a civil servant. ""I've got a little boy at home who doesn't have daddy."" According to Welsh government figures, there are about 115,000 veterans in Wales, and a higher percentage in Wales than in England.
According to Welsh government figures, there are about 115,000 veterans in Wales, and a higher percentage in Wales than in England. The Welsh government said it set up Veterans NHS Wales in 2011 to provide dedicated therapists for veterans, and said it introduced a new scheme in 2023 to improve GP services for ex military personnel and all ensure health boards had an armed forces champion. George Du Preez struggled with his mental health after unknowingly shooting at a child target in Afghanistan But Dave Singletary, of the Parachute Regimental Association in Wales, said therapy lists were full and Wales did not have the facilities to offer the same care as was available in England.

[5] NHS: GP says private care can help cut waiting lists - BBC News
""But I personally think it's impossible for the NHS to provide everything to everybody. ""The population has expanded enormously, people are living longer due to good health care, which means that there will be a role for additional services which the NHS will not be in a position to offer."" BMA Wales said doctors leaving the NHS for the private sector was ""a symptom of... the impact of chronic underinvestment in general practice over a number of years"".
Neris Davies says she is happier since moving to the private sector After more than 32 years in the NHS, nurse Neris Davies has decided to move to the private sector due to the pressure. Ms Davies said she dreaded going to work while in the NHS as she felt she was constantly playing catch-up with her work. ""People would come in quite irate because you were behind time and, as a nurse, I wanted to give patients the time that they needed.","The evidence indicates that junior doctors in Wales are planning to strike due to disputes over pay, which may lead to ongoing disruptions in the NHS. There is a suggestion that the challenges faced by the NHS, including chronic underinvestment, are causing healthcare professionals to consider leaving for private sector opportunities. A nurse who transitioned to the private sector expressed relief and satisfaction with her decision, highlighting the pressures and dissatisfaction experienced by those remaining in the NHS. However, the evidence does not specifically mention junior doctors leaving Wales for Australia.",False,4aca9f5642c12ea8|e04184e394e646af|a906266a8f2a2a98|bb07fa1a1859a7ab|d839673fc55c2537,0.4497,0.3012,5
76c73482b88ceeb4,M_nocap,NatWest chair comments on home buying difficulty,"[1] Resigning ex-minister Chris Skidmore wrong on climate, says Jeremy Hunt - BBC News
Sir Howard later sought to clarify his remarks, saying he ""did not intend to underplay"" the challenges buyers face. Asked was this the view of the government, Mr Hunt said: ""No, it's not."" ""We look at the much higher mortgage rates people are charged now compared to a couple of years ago and we know that makes a real struggle for people trying to buy their first home,"" Mr Hunt said. ""We know if we want to bring those mortgage rates down we have to get inflation down, there's no short cut.
""We obviously have to monitor what's happening in the Red Sea very, very carefully, but I would say the overall picture is one in which the British economy has been much more resilient than what people predicted,"" Mr Hunt said. ""We've been very clear to the Houthis who are responsible for the terrorism happening in the Red Sea that there will be consequences and we will not just sit back and accept that because it's so vital for global trade."" The chancellor was also asked about mortgage rates and comments by NatWest's chair Sir Howard Davies who suggested it was not currently ""that difficult"" for people to get on the housing ladder. Sir Howard later sought to clarify his remarks, saying he ""did not intend to underplay"" the challenges buyers face.

[2] I'm acting alone, says Simon Clarke after calling for PM to go - BBC News
Former Home Secretary Priti Patel accused him of ""engaging in facile and divisive self-indulgence"". Sir David Davis, a former Brexit secretary, said: ""The party and the country are sick and tired of MPs putting their own leadership ambitions ahead of the UK's best interests."" No 10 said Sir Simon was entitled to his views but ""clearly lots of other Conservative MPs disagree"". The prime minister's press secretary said ""on the big issues"", such as lowering taxes where it is responsible to do so, ""Conservatives support the direction we're going"".
And I've been really clear that I've done it deliberately on my own so that I don't make anyone else the subject of the sort of criticism that I've incurred."" He denied he was interested in the top job himself, saying he was ""aware of my limitations as well as my strengths"". Sir Simon sparked a backlash after warning in an article for the Daily Telegraph that the Tories would be ""massacred"" at the next general election unless Mr Sunak was replaced as PM. Former Home Secretary Priti Patel accused him of ""engaging in facile and divisive self-indulgence"".

[3] Council tax bands need overhauling, northern business group says - BBC News
The government says it has no plans for a nationwide band revaluation. NPP's chief executive, Henri Murison, told the BBC that the current council tax system was ""essentially broken"". In a letter to Mr Hunt, he said the Treasury should carry out a revaluation of all homes in England before the next general election, expected later this year. The NPP's suggested overhaul would also include higher bands for expensive foreign-owned properties, to level the field between richer and poorer councils.
""As communities secretary I avoided doing it, but I think I had a reasonable excuse, given the economic circumstances."" Any revaluation of properties in England is likely to negatively impact voters seen as being part of the traditional Conservative base, such as older voters, wealthier voters and those in the South. Lord Pickles said it would be ""physically impossible"" to introduce meaningful change to the system before the next general election. He said it would take ""years to do and years to implement"", but recommended to ""whoever wins the next general election, that this is something they'd do immediately"".

[4] Post Office chairman Henry Staunton steps down - BBC News
Ms Badenoch told the BBC she had been looking at the governance around the Post Office and that informed her decision that a new chairman was needed. ""It just wasn't working,"" she said. ""It is very difficult to be asked to stand down from a position,"" she continued. ""But I decided - given all of the difficulties the Post Office is having, it's not just about Horizon, it's about the entire business model, how we make it work - that we needed someone who could chair a board that was able to deal with these things effectively.""
""But I decided - given all of the difficulties the Post Office is having, it's not just about Horizon, it's about the entire business model, how we make it work - that we needed someone who could chair a board that was able to deal with these things effectively."" Appearing on Sky earlier, Ms Badenoch did not rule out further personnel changes at the organisation. It comes as the Post Office is reeling from the fallout from the Horizon scandal, which has been called the biggest miscarriage of justice in UK history. More than 700 sub-postmasters and sub-postmistresses were prosecuted between 1999 and 2015 after faulty accounting software Horizon made it look as though money was missing from their shops.

[5] Shapps 'disappointed' by Netanyahu opposition to Palestinian state - BBC News
Labour has also described Mr Netanyahu's comments as ""completely unacceptable"". Shadow home secretary Yvette Cooper told Sky News: ""Statehood of a people is not in the gift of its neighbour, it is the right of a people and it is the right of the Palestinian people."" Mr Netanyahu's remarks appeared to deepen a public divide with the US. Speaking to reporters after the call between the two leaders, Mr Biden insisted a two-state solution was still possible with Mr Netanyahu in office.
If you talk to anybody who is Palestinian, you speak to many people in the Muslim community, they feel that the Palestinian blood is very cheap."" In his interview, Mr Shapps also said the UK needed to be prepared for ""a more dangerous world"". In a speech on Monday he warned of growing risks posed by countries including China, Russia, Iran and North Korea, as well as terrorist groups. However, asked when the government would hit its target of spending 2.5% of gross domestic product (GDP), a measure of the size of the economy, on defence, Mr Shapps said he could not give an exact date.","The coverage reports on comments made by NatWest's chair, Sir Howard Davies, regarding the challenges of home buying. He suggested that it is not currently ""that difficult"" for people to get on the housing ladder, a statement that prompted clarification from him, as he did not intend to downplay the difficulties faced by buyers. The Chancellor, Jeremy Hunt, acknowledged the struggles due to much higher mortgage rates compared to previous years, emphasizing the need to reduce inflation to help lower these rates.",False,dee5e1ac995532a2|c3f75f98e9df9033|9e44023bc293e53a|60b173ebf6153c84|9c70aeef723e9488,0.4123,0.2877,5
3ab4ecbbabd704fe,M_nocap,Russian man convicted for flying to LA without passport,"[1] Igor Girkin shot down a passenger jet, then insulted Putin. Which one put him in jail? - BBC News
Minutes later he was found guilty on extremism charges and sentenced to four years in a penal colony. This wasn't his first conviction. In The Hague in 2022, in absentia, Girkin was found guilty of the murder of 298 people: the passengers and crew of Malaysian Airlines flight MH17. The Boeing jet had been shot down over eastern Ukraine in 2014 by Russian-controlled forces in the early stages of Russia's war there.
Public criticisms of the Russian president turned to insults. In a post last year, Girkin described Putin as ""a non-entity"" and ""a cowardly waste of space"". A few days later he was arrested. Now he's been tried and convicted.

[2] Ukrainian intelligence does not rule out PoWs on downed Russian plane - BBC News
""Unfortunately, the exchange did not happen."" The Ukrainian official said the two sides usually communicate about the routes they will use for prisoner swaps, to ensure safety. On 3 January, during the previous swap, he said Ukraine was informed that Russia would use a plane. On Thursday, Ukraine's Air Forces chief stressed that the country had the right to defend itself against attack by Russia and would continue to do so.
The BBC has verified this video showing the moment a Russian aircraft crashed in the Belgorod region A representative of Ukrainian defence intelligence has told the BBC that he ""does not exclude"" the possibility there were Ukrainian prisoners on board the Russian military plane that came down in Belgorod. However, Andriy Yusov stressed that Russia had provided no proof to back its claims there were. ""There is no clear information about prisoners of war.

[3] 'Say you're sorry': Russia's trend for humiliating videos - BBC News
They were filmed in barren rooms typical of police stations and use language characteristic of police reports. In June last year, a singer called Sharlot burned his passport, saying he did not want to be a citizen of ""a criminal Russia"" and instead wanted to move to Kyiv in a gesture of support for the Ukrainian people. Sharlot posted a video burning his passport but then apologised and said he would not do it again He was arrested and soon appeared in a video where he apologised for ""a lapse in understanding what is going on"".
He was arrested and soon appeared in a video where he apologised for ""a lapse in understanding what is going on"". In another example, the interior ministry in Chuvashia, a region about 600km (373 miles) east of Moscow, posted a video of a man apologising for defacing pro-war graffiti. He had painted over a red flag and turned it into the Russian opposition's white-blue-white flag. Other videos posted by Russian police feature men repenting for offences such as trying to topple a monument in the shape of the letter Z, which has come to symbolise Russia's war, and setting fire to a pro-war blogger's door.

[4] Nicholas Rossi: US fugitive loses appeal over extradition - BBC News
Nicholas Rossi is wanted by authorities in Utah An American suspected of faking his own death and hiding out in Scotland has lost an appeal against his extradition. US prosecutors want Nicholas Rossi returned to his homeland to face rape charges in the state of Utah. Throughout the two year legal process Rossi, who continues to insist he is actually Arthur Knight, has claimed to be the victim of mistaken identity.
It concluded that nothing placed before the court demonstrates that any trial in Utah ""would be either unfair or that any of his other [human] rights would be violated if extradited."" Rossi, 36, was being treated for Covid when he was arrested at the Queen Elizabeth University Hospital in Glasgow on 13 December 2021. He had claimed to have been the victim of mistaken identity, and insisted he was an orphan from Ireland called Arthur Knight and that he had never been to the US. But Edinburgh Sheriff Court heard that his tattoos and fingerprints matched those of Rossi, with Sheriff Norman McFadyen ruling that he was indeed the fugitive in November of last year.

[5] Darya Trepova: Russian woman jailed for 27 years for cafe bomb killing - BBC News
Tatarsky was a well-known blogger with more than half a million followers, and had a criminal past. Born in the Donetsk region of eastern Ukraine, he said he joined Russian-backed separatists when they released him from jail, where he was serving time for armed robbery. He was part of a pro-Kremlin military blogger community that has taken on a relatively high-profile role since Russia's full-scale invasion of Ukraine began in February 2022. Tatarsky was among those who have gone so far as to criticise the Russian authorities, slamming the military and even President Vladimir Putin for setbacks on the battlefield.
Tatarsky was among those who have gone so far as to criticise the Russian authorities, slamming the military and even President Vladimir Putin for setbacks on the battlefield. But he was posthumously awarded the Order of Courage by Mr Putin. Trepova's sentencing comes just after another controversial pro-war figure, the former commander of Russian-backed rebels in eastern Ukraine Igor Girkin, was sentenced to four years in jail for ""calls to carry out extremist activities"". Watch: The moments leading up to St Petersburg cafe explosion",INSUFFICIENT_EVIDENCE,False,2ab5928f5a6477c1|b6cfed5ba17c7987|abbe69e8e392152b|80e01131e2c1fc02|0cdfa1cecad3dd2e,0.47,0.2662,5
4c3077ea0e756377,M_nocap,flood alerts in Wales due to Storm Isha,"[1] UK weather: Heavy rain and flooding across England - BBC News
Nottinghamshire County Council said ""well over a hundred properties"" had now flooded in the county - with more expected overnight and Friday. Parts of Worcestershire, Bedford, Northamptonshire, Shropshire, Gloucestershire, Lincolnshire, Leicestershire, north Yorkshire and Sussex have also been submerged. At 22:00 GMT, there were 259 active flood warnings - meaning flooding is expected - across much of England, and two in Wales. There were also 338 flood alerts - meaning flooding is possible - in place across England and Wales.
A deluge of heavy rain is pounding sodden ground in the wake of Storm Henk, with widespread flooding across England and travel disruption. Residents have been evacuated from hundreds of flooded homes, and a major incident declared in Nottinghamshire. A Met Office yellow warning for rain covering the south of England is in force until 03:00 GMT on Friday. Some 259 warnings of expected flooding were in place in England on Thursday evening, with two covering Wales.

[2] Rishi Sunak urged to do more for flood-hit areas in England - BBC News
Visiting an affected area in Nottinghamshire, flooding minister Robbie Moore said he was in ""incredibly close contact"" with Mr Sunak. He told reporters the government was taking concerns about repeat flooding ""extremely seriously"", and was looking into what compensation might be offered to people affected. There are around 280 flood warnings in force, the majority in the Midlands, East Anglia and southern England. Heavy rain has fallen on ground already saturated by Storm Henk, which caused disruption across large parts of England earlier this week.
Asked whether he would visit flood-hit areas, he said he had spoken to people who had been affected during a visit to the East Midlands on Thursday. The Environment Agency says its operation of flood defences and action to clear watercourses has protected 44,000 properties from flooding this week. But Labour and the Liberal Democrats also accused the government of inadequate flood prevention measures. Both parties pointed to a National Audit Office report in November, which found number of extra homes in England to be protected from flooding had been cut by almost half.

[3] North Yorkshire motorists rescued from flood water after Storm Isha - BBC News
Some roads in North Yorkshire were covered with standing water There are currently eight Environment Agency flood warnings in place in the county in the aftermath of the amber weather warning associated with Storm Isha. That means people should be prepared for flooding to take place. There are also 25 flood alerts in North Yorkshire, which means flooding is possible.
Five people and two dogs were extricated by fire crews from flood water on the A684 Five people were rescued by fire crews after their vehicles became stuck in flood water in North Yorkshire. Four vehicles - two cars, a van and and HGV - had become trapped on the A684 between Leeming Bar and Northallerton at Morton on Swale early on Monday. A fire service spokesperson said they received reports of the initial stricken vehicle just before 05:00 GMT.

[4] Storm Isha: Dramatic weather change ahead with new storm named - BBC News
The RAC said Storm Isha will result in ""extremely hazardous"" conditions on UK roads for drivers, urging lower speeds, leave extra stopping distance and considering delays to journeys in the worst-hit areas. Its breakdown spokeswoman Alice Simpson said strong winds can create a sudden ""buffeting effect"" for cars, adding: ""Accessing motorways and major roads from rural areas may also be more difficult due to the stormy conditions. ""Drivers should be on the look-out for fallen trees, branches and other debris and only ever go through water which they are sure is shallow enough to pass through safely."" There are also multiple yellow warnings for rain in parts of Wales, Scotland and northern England over Sunday and into early Monday.
There are also multiple yellow warnings for rain in parts of Wales, Scotland and northern England over Sunday and into early Monday. With 20-50mm most likely, there could be as much as 80-100mm over higher ground. The Met Office said heavy rain is likely to lead to disruption from flooding, with some homes and businesses likely to be affected in parts of Wales and northern England. As of Friday afternoon, the Environment Agency had issued in England 11 flood warnings, where flooding was expected, and 52 flood alerts, indicating possible flooding.

[5] UK weather: Snow hits England and Wales as forecasters warn of ice - BBC News
One flood warning is also in place in Wales, near the River Ritec at Tenby. More than 130 flood alerts - meaning flooding is possible - were also in place at around midnight. It follows a week of heavy rainfall last week, some of which came as part of Storm Henk. Flooding minister Robbie Moore, making a statement on Storm Henk, told MPs on Monday 2,000 properties have been flooded because of it.
How is the weather affecting you? Get in touch. Meanwhile, there are 125 flood warnings - meaning flooding is expected - in place in England, mainly in southern and central England. One flood warning is also in place in Wales, near the River Ritec at Tenby.","Flood alerts have been issued in Wales due to the impact of Storm Isha, with multiple yellow warnings for rain affecting parts of the region. The Met Office has indicated that heavy rain could lead to flooding, potentially affecting homes and businesses. As of the latest reports, there are two active flood warnings and numerous flood alerts in place across Wales, indicating that flooding is possible. The situation is compounded by previous heavy rainfall from Storm Henk, which has already caused significant flooding in other areas of the UK.",False,cb65cf5ba1ba846a|3acaee9a1831b6b2|79b77d9b148e4be1|d711699844110c3e|65d84e8b54e956a3,0.757,0.3159,5
3e864e526a463658,M_nocap,Santander mortgage rate increase amid competition,"[1] Retail sales fall at sharpest rate since Covid - BBC News
""But it was also because the drags from the cost-of-living crisis and sharp rise in interest rates are still weighing on real incomes and consumer spending."" Inflation, which measures the rate at which prices are rising, has fallen sharply since the highs reached in October 2022. However, the most recent inflation figures showed that the rate edged up to 4% in December against widespread expectations that it would continue to fall. Economists and financial markets had forecast that the Bank of England would cut interest rates this year, possibly in the spring.
It meant that retail sales tumbled at the fastest rate since January 2021. The ONS said the amount of non-food products people bought in December fell by 3.9%, with department stores the worst hit. That compares to a 2.7% increase for non-food products in November. Food demand was also down at the end of the year, falling 3.1%.

[2] Resigning ex-minister Chris Skidmore wrong on climate, says Jeremy Hunt - BBC News
Sir Howard later sought to clarify his remarks, saying he ""did not intend to underplay"" the challenges buyers face. Asked was this the view of the government, Mr Hunt said: ""No, it's not."" ""We look at the much higher mortgage rates people are charged now compared to a couple of years ago and we know that makes a real struggle for people trying to buy their first home,"" Mr Hunt said. ""We know if we want to bring those mortgage rates down we have to get inflation down, there's no short cut.
""We know if we want to bring those mortgage rates down we have to get inflation down, there's no short cut. ""I've been very conscious in my time as chancellor about how tough it's been for ordinary families. ""That's why we've given about £3,500 of support to the average family, much more actually, on lower incomes and to people on benefits."" He disagreed with criticism about the British economy which he said, since 2010, ""has been growing faster than France, Germany, Japan, Italy nearly all major economies"".

[3] Tesco and M&S report strong Christmas sales - BBC News
On Tuesday, rival Sainsbury's reported an 8.6% increase in grocery sales over the six weeks to 6 January, helped by demand for festive food. However, this increase was offset by falling sales of clothing and at its Argos business.
The supermarket now expects its retail operating profits to hit £2.75bn for the full year, above its previous guidance range of £2.6bn to £2.7bn. Tesco chief executive Ken Murphy said he was ""cautiously optimistic"" about consumer spending, given mortgage rates are beginning to fall and wages are growing. ""So as long as we are in a full employment market I feel like we're in a period of relative stability,"" he said. On Tuesday, rival Sainsbury's reported an 8.6% increase in grocery sales over the six weeks to 6 January, helped by demand for festive food.

[4] Supermarkets' busy Christmas boosted by promotions, says Kantar - BBC News
In the battle for customers, Tesco, Sainsbury's, Aldi and Lidl all grew their market share. Sainsbury's reached its highest market share since December 2020 at 15.8%, pushing up its sales by 9.3%. Tesco now holds 27.6% of the market and grew its sales by 7.5%. ""The traditional retailers always tend to do well in the run up to Christmas and this year was no exception,"" said Mr McKevitt.
""The traditional retailers always tend to do well in the run up to Christmas and this year was no exception,"" said Mr McKevitt. ""Supermarkets saw especially strong performances for their own-label lines, with sales of premium ranges like Sainsbury's Taste the Difference and Tesco Finest surging by 11.9% compared with last year to hit £790m - accounting for 5.7% of all grocery sales. On Tuesday, however, rival discount supermarket chains Aldi and Lidl reported ""record"" Christmas trading, boosted in particular by demand for more affordable luxury items like beef rib or macarons. The British arm of Aldi said that sales topped £1.5bn for the first time in the four weeks to Christmas Eve, while rival Lidl claimed its best Christmas yet since it entered the British market in 1994.

[5] Wage growth slows as UK job market begins to stall - BBC News
She added job vacancies were expected to fall further, which could lead to pay growth falling towards 2% by the end of the year. ""This will likely bolster the case for interest rate cuts later this year,"" she said. The Bank of England raised interest rates a number of times in a bid to tackle inflation, though it has held them at 5.25% - a 15-year high - in recent months. Inflation has fallen sharply and financial markets, as well as some economists, have suggested the Bank could cut interest rates soon.
Inflation has fallen sharply and financial markets, as well as some economists, have suggested the Bank could cut interest rates soon. But the Bank will look closely at the fact that wage growth is outpacing price rises, and consider whether an interest rate cut could fuel inflation, which is at 3.9%, almost double the Bank's 2% target. The ONS said annual public sector pay growth (6.6%) in the three months to November last year overtook wage rises in the private sector (6.5%) for the first time since March 2021. Overall pay growth peaked at 7.9% in the three months to August last year, the highest it has been for ""several decades"", according to the ONS's Mr Fitzner.","The coverage indicates that higher mortgage rates are currently a significant challenge for homebuyers, as noted by a government official who acknowledged the struggles faced by those trying to purchase their first home. There is a recognition that reducing mortgage rates is linked to lowering inflation, which remains above the target set by the Bank of England. Additionally, there are indications that mortgage rates may begin to fall, which could positively impact consumer spending and economic stability, as suggested by a supermarket executive. Overall, the evidence highlights the interplay between mortgage rates, inflation, and consumer behavior in the current economic climate.",False,ed4ca032efaae820|dee5e1ac995532a2|ee2a596871e64f89|9bc5ba854185467f|b6e74ee1c06dc7b8,0.4257,0.2622,5
547d73519eaab701,M_nocap,teen fears mother will be jailed over disappearance,"[1] Post Office scandal: 'Mum was sent to prison on my 10th birthday' - BBC News
Over time, he learned about how the family had been ostracised by the local community. His mother was labelled a ""pregnant thief"", he says, and after her release from prison became so scared about leaving the house that Adi had to start walking home from school alone. ""No-one wanted to be around my parents. All my mum's friends?
""After my mum went to prison none of that happened, I didn't know why,"" Adi says. ""It affected my school life, it affected my friendships. I had a couple of best friends and they left me - maybe it was their parents that told them not to stay with this guy."" Adi's mother Seema was released from prison after serving four-and-a-half months and gave birth to her second child wearing an electronic tag.

[2] Post Office scandal: 'I carried the shame - I refuse to carry it any longer' - BBC News
The impact of these miscarriages of justice - and everything that came with it - was in some cases worse on their families. Janet Skinner went to prison for three months. Her conviction was later quashed, in 2021. Asked what prison was like, she says it was horrendous and something no one would want to go through.
Asked what prison was like, she says it was horrendous and something no one would want to go through. But it's as she starts explaining how it was harder because she had two teenagers that she finds she can't continue speaking. And Tom recalls how his daughter was working as an estate agent when some of her clients - who didn't know she was Tom's daughter - began speaking about that ""awful man down at the Post Office who's stolen all the pensioners' money"". Asked what they want now, they are agreed on the need to speed up access to compensation and accountability.

[3] US woman gets 26 years for mother's 'suitcase murder' - BBC News
Heather Mack was released from an Indonesian prison in 2021 and was later arrested in the US An American woman who helped kill her mother and stuff her body in a suitcase during a 2014 holiday in Bali has been sentenced to 26 years in prison. Heather Mack was convicted in Indonesia in 2015 and sentenced to 10 years in prison, but was released in 2021. She was then arrested upon arriving in the US and charged with conspiracy to kill a US national.
""If it were up to me, Heather would spend the rest of her life behind bars,"" Mr Wiese said. Mr Schaefer, who is also named in the US indictment, remains imprisoned in Indonesia.

[4] Inmate 'berated and threatened' before her death, says mother - BBC News
A woman who took her own life at a young offenders institute had been taunted and threatened by other inmates, a fatal accident inquiry (FAI) has heard. Katie Allan, 21, was found dead in her cell at Polmont YOI on 4 June 2018. She had been sent there in March 2018 after being sentenced to 16 months for a drink-driving hit and run crash. Her mother Linda told the FAI her daughter had been left traumatised by abuse inside Polmont, near Falkirk.
The inquiry at Falkirk Sheriff Court heard Ms Allan told her that there had been a huge fight and she wanted to be moved to another cell where it would be quieter. Mrs Allan said she spoke to a prison officer as she left the visit and told her what her daughter had said. When asked if speaking to the officer had given her some reassurance, she replied: ""I thought the prison officer was going to take action. It is the biggest regret of my life that I did not phone or refuse to leave.""

[5] Michigan school shooter's mum weeps as she goes on trial - BBC News
A mother who is the first US parent ever to go on trial for failing to stop her son from carrying out a deadly school shooting has sobbed in court as she saw CCTV of the attack. Jennifer Crumbley's lawyer said the prosecution was intended to ""send a message to gun owners"". Her son is serving life in prison for killing four classmates at Oxford High School in Michigan in 2021. Mrs Crumbley's husband, James, is facing a separate trial on the same charges, which are punishable by up to 15 years in prison.
Their lawyers say they left home for their safety and planned to turn themselves in later. There were three witnesses on Thursday: the school principal, a teacher who survived the attack and an employee of the gun shop where the killer and his father shopped for his handgun. On the day of the shooting, school officials found the boy, who was then 15, with disturbing drawings. His parents were called to school to review the drawings, but left after concluding the meeting in only 11 minutes, Mr Keast said.","The coverage discusses the emotional and social repercussions faced by families of individuals who have been imprisoned. One account highlights a son whose mother was imprisoned, leading to ostracization and fear within the community, affecting his friendships and school life. Another story mentions a mother who served time and reflects on the challenges of being separated from her teenagers during her incarceration. These narratives illustrate the profound impact that a parent's imprisonment can have on their children, including feelings of shame and fear of societal judgment.",False,b6ddf24f05c0091a|8b4198ba33bfdb90|8d00692f6ec27987|6dd3e2f355509b35|a0c85641a86ebc36,0.4054,0.2939,5
8eb2b07b09405730,M_nocap,teen found alive after cyber kidnapping,"[1] Inmate 'berated and threatened' before her death, says mother - BBC News
A woman who took her own life at a young offenders institute had been taunted and threatened by other inmates, a fatal accident inquiry (FAI) has heard. Katie Allan, 21, was found dead in her cell at Polmont YOI on 4 June 2018. She had been sent there in March 2018 after being sentenced to 16 months for a drink-driving hit and run crash. Her mother Linda told the FAI her daughter had been left traumatised by abuse inside Polmont, near Falkirk.
He took his own life in Polmont in October 2018. The joint inquiry previously heard he was remanded in custody after being deemed a ""potential risk to public safety"" three days before his death. Mr Brown, who had been in care repeatedly, was admitted to Polmont because there was no space in a children's secure unit. He had earlier walked into a police station with a knife while on bail for another blade offence.

[2] Boy, 16, in court charged with Harry Pitman murder - BBC News
He was arrested on suspicion of murder along with a 17-year-old boy on Friday following a public appeal. The 17-year-old has since been bailed. The Met Police said three other teenage boys - aged 15, 16 and 18 - who were arrested in connection with Harry's death, would not face further action. Harry had been with a group of friends near the viewing platform on Primrose Hill where they had gathered to see in the the new year.
The defendant, from Westminster, appeared at Highbury Magistrates' Court and is also charged with possessing an offensive weapon. He was remanded in custody and will appear at the Old Bailey on Tuesday. The teenager, who cannot be named due to his age, spoke only to confirm his name, date of birth and address. He was arrested on suspicion of murder along with a 17-year-old boy on Friday following a public appeal.

[3] Harry Pitman: Two arrested over fatal stabbing - BBC News
Three other teenage boys aged 15, 16 and 18 arrested in connection with the murder have been released on police bail while enquiries continue. Harry was fatally stabbed shortly before 23:40 GMT on 31 December after getting involved in a fight with another male, the Met Police said. He had been with a group of friends on New Year's Eve near the viewing platform on Primrose Hill to watch the fireworks. Tayla Pitman, Harry's older sister, told MailOnline the family was ""devastated"" by his death.
Harry Pitman was with a group of friends near the viewing platform on Primrose Hill when he was stabbed Two teenage boys have been arrested on suspicion of murder following the fatal stabbing of Harry Pitman. A 16-year-old and a 17-year-old handed themselves in after the Met released images of people it wanted to speak to. Harry, 16, from Haringey, was attacked after getting involved in a fight in Primrose Hill as crowds gathered to watch New Year's Eve fireworks.

[4] Kaylin Gillis: Householder guilty of killing woman in driveway wrong turn - BBC News
The victim's family said in a previous statement that she had been looking forward to starting college in Florida so she could become a marine biologist. In a separate case that took place just days after Ms Gillis' death, a householder in the US state of Missouri was charged with shooting 16-year-old Ralph Yarl, who rang the wrong doorbell while picking up his younger brothers.
Kaylin Gillis was in the car with three friends when she was killed A householder has been convicted of murder for shooting a 20-year-old woman as the car she was in took a wrong turn up his driveway in rural New York. Kaylin Gillis was shot in the neck by Kevin Monahan, 66, on 15 April 2023. Monahan's lawyers had argued the fatal shot was fired accidentally by a defective shotgun after he tripped on a nail on his porch and dropped it.

[5] Harry Pitman: Boy arrested on suspicion of murder - BBC News
The boy was arrested - along with an 18-year-old man on suspicion of affray - on Tuesday night, the Met said. Specialist detectives have found there was no indication the attack was racially motivated, the force added. Det Ch Insp Geoff Grogan, who is leading the investigation, said despite having made the arrests, he was ""still very keen to hear from anyone who has footage or information"". On Sunday, a 16-year-old boy was arrested at the scene on suspicion of murder and later released on bail pending further inquiries.
On Sunday, a 16-year-old boy was arrested at the scene on suspicion of murder and later released on bail pending further inquiries. Police officers continued to search the park while floral tributes were left by members of the public The 15-year-old boy and 18-year-old man arrested on Tuesday remain in custody in central London police stations, the Met said. ""Harry had been with a group of friends near the viewing platform on Primrose Hill where they had gathered to celebrate the new year and watch the firework display,"" Det Ch Insp Grogan said.",INSUFFICIENT_EVIDENCE,False,6dd3e2f355509b35|3eb4869f104c78ed|efbfd3ac28a425c9|95f1f24be7a6fc48|f0edcac1fbe1217e,0.4769,0.2856,5
37eb40c52e57d2f8,M_nocap,Ecuador prosecutor probing TV studio attack,"[1] Ecuador declares war on armed gangs after TV station attacked on air - BBC News
Ecuador's president has ordered that criminal gangs be ""neutralised"" after days of violence culminated in an attack on a television studio. Masked gunmen broke into public television channel TC's live studio during a broadcast, forcing staff to the floor. Police made 13 arrests following the attack, which injured two employees. At least 10 people have been killed since a 60-day state of emergency began in Ecuador on Monday.
Other people in the city of Cuenca told AFP of their shock at seeing the TV station seized. ""In Ecuador, we have never seen this kind of thing, where a channel has been practically hijacked and a broadcast starts with shootings, with kidnappings,"" said Francisco Rosas. ""So what kind of security situation are we in? And if a television station is capable of receiving this type of robbery, this type of insecurity, imagine restaurants or shops.""

[2] Ecuador violence affects whole world, president tells BBC - BBC News
If there is one thing that this week has laid bare, though, it's that Ecuador's problems run deep. The drug gangs, which are believed to operate in tandem with powerful Mexican cartels, are smuggling tonnes of cocaine out of Ecuador's ports, like Guayaquil, to the US and Europe. Detection of the drugs inside the shipping containers is insufficient and President Noboa says he's keen to do more to strengthen checks in the country's ports. Eighteen people were detained over the storming of a TV station in the port city of Guayaquil
A delegation of US law enforcement, military and diplomatic personnel is due to arrive in Ecuador in the coming weeks. His critics see US interventionism at play but President Noboa applauds the move. ""It's encouraging to see the international community actually paying attention to what's going on here,"" he smiles. ""It affects the whole world: the narco-terrorists that operate here have operations in Europe, in the US.""

[3] Chiapas violence: Hundreds flee cartel battles in southern Mexico - BBC News
They also accused the state of failing to protect them. However, the Chiapas state prosecutor's office released a statement five days later saying that it had not received any reports of any killings in the area. The military has been deployed to the region but locals say they are now getting caught in the crossfire when the security forces confront the cartels. Entire families have left their homes and crossed the nearby Angostura lake by boat to escape the violence over the past days.
More than 700 residents had been displaced from their communities near the Guatemala border, an official said. The Jalisco New Generation cartel (CJNG) is trying to wrest the area from the grip of the Sinaloa cartel. Criminal organisations like the CJNG and the Sinaloa cartel have been infiltrating the region because of its proximity to the border with Guatemala and important transit routes for migrants, whom they extort. The worst-hit communities are Chicomuselo and La Concordia in Chiapas state.

[4] British man acquitted over London-Spain flight bomb hoax - BBC News
One theory, raised in the trial, was that it could have been intercepted via Gatwick's Wi-Fi network. But a spokesperson for the airport told BBC News that its network ""does not have that capability"". In the judge's resolution, cited by the Europa Press news agency, it was said that the message, ""for unknown reasons, was captured by the security mechanisms of England when the plane was flying over French airspace"". The message was made ""in a strictly private environment between the accused and his friends with whom he flew, through a private group to which only they have access, so the accused could not even remotely assume...
If he had been found guilty, the university student faced a fine of up to €22,500 (£19,300) and a further €95,000 in expenses to cover the cost of the jets being scrambled. One of the two Spanish F18 fighters seen through the window of the easyJet flight from London to Menorca A key question in the case was how the message got out, considering Snapchat is an encrypted app. One theory, raised in the trial, was that it could have been intercepted via Gatwick's Wi-Fi network.

[5] Streets empty as Ecuador reels from violence - BBC News
Soldiers are on the streets in several cities in Ecuador as the country reels from an unprecedented day of violence. Masked gunmen stormed a public TV studio during a live broadcast in the city of Guayaquil and bombs were detonated across Ecuador on Tuesday. More than 130 prison staff are being held hostage by inmates in five jails. A 60-day state of emergency began on Monday after a notorious gangster vanished from his prison cell.
A spokesperson for UN Secretary General Antonio Guterres said he was ""very much alarmed by the deteriorating situation"" and the ""disruptive impact on the lives of Ecuadorans"". Meanwhile, White House National Security Advisor Jake Sullivan said the US ""strongly condemned"" the recent attacks, while National Security Council spokesperson John Kirby said Washington was committed to ""helping support security and prosperity for the people of Ecuador"". Hours after the most brazen of the attacks, Guayaquil was like a city waking up from a strange nightmare. Despite the deteriorating security situation over recent years, few could have expected to see the anchor of state television channel TC with a gun pointed at his head, live on air.","Ecuador is facing a severe security crisis marked by violence from armed gangs, culminating in a brazen attack on a television studio during a live broadcast in Guayaquil. Masked gunmen stormed the studio, injuring two employees and prompting police to make multiple arrests. The incident is part of a broader wave of violence that has led to a state of emergency and increased military presence in cities across the country. The president has called for the neutralization of criminal gangs, highlighting the deep-rooted issues related to drug trafficking and gang activity that are affecting the nation.",False,ea284afee86cf3b8|3efe473c3307075b|6564f9b62c250c72|f59c303a755ddd46|175795c9351a7bc8,0.6656,0.2927,5
1a55cb6493b98bf7,M_nocap,eBay fine in blogger harassment case,"[1] Young Britons exposed to online radicalisation following Hamas attack - BBC News
Responsibility for dealing with hateful posts - as of now - lies with the social media companies. It also lies, to some extent, with policy makers looking to regulate the sites, and users themselves. New legislation like the Online Safety Act does force the social media companies to take responsibility for illegal content, too. But the biggest question remains over how to deal with algorithms that stand accused of effectively pushing people towards hate, and normalising harmful rhetoric.
X did not reply to the BBC's request for comment. So what about all of the hate that sits in the middle? It's not extreme enough to be illegal, but it still poisons the public discourse and risks pushing some people further towards extremes. ""What's felt extraordinary from the last period is this severely polarised online environment,"" says Matt Jukes.

[2] Post Office scandal: 'Mum was sent to prison on my 10th birthday' - BBC News
The long-running inquiry into the Post Office scandal is looking at prosecutions brought against sub-postmasters across the UK. Between 1999 and 2015, the Post Office prosecuted hundreds of sub-postmasters and mistresses after a faulty computer system made it look like money was missing. The government has announced a new law to ""swiftly exonerate and compensate"" all those wrongly convicted. Although Adi's mother's conviction was quashed by the Court of Appeal in 2021, for him that's just not enough.
Adi says he was told his mother - who was pregnant with her second child - was in a ""special kind of hospital"". Only allowed to see her once every two to three weeks for half an hour, he remembers feeling unsettled visiting her in a place where there were no men and everyone wore the same clothes. ""It was very weird,"" he says, ""I hated it, I genuinely hated it."" Seema was among the hundreds of UK sub-postmasters and sub-postmistresses wrongfully convicted after the Post Office told them there were shortfalls in their accounts.

[3] Post Office scandal: Rishi Sunak considers measures to clear all victims - BBC News
Between 1999 and 2015 more than 700 sub-postmasters were prosecuted and convicted based on information from the Horizon accounting system which made it look like money was missing. Some sub-postmasters wrongfully went to prison, many were financially ruined and forced to declare bankruptcy, while others describe being shunned by their communities following convictions for false accounting and theft. Some have since died. To date, 93 convictions have been overturned and, of those, only 30 people have agreed ""full and final settlements"".
""We're just normal people"", he told the BBC, adding that it should be taken out of the ""hands of the people that really caused it"". ""I would love it to be taken out of the hands of the people that really caused it in a way,"" he said.""This is not just a computer issue, this is a people issue. ""People took people to court. People made decisions on faulty data that they probably knew was faulty.""

[4] H&M pulls school uniform advert after being accused of sexualising children - BBC News
Ms Roberts added: ""It's disappointing to see that, 14 years later, retailers are still creating inappropriate adverts that prematurely sexualise young girls. ""While we're pleased that H&M have accepted their mistake and removed the advert, it really should never have been created in the first place."" Last year, online retailer Temu had an advert banned by the UK's advertising watchdog for sexualising a child. The ad showed a girl aged between eight and 11 wearing a bikini in a pose that ""was quite adult for a girl of her age"", the Advertising Standards Authority (ASA) said.
Mumsnet founder and chief executive Justine Roberts said the advert ""should never have been created in the first place"". The campaign was criticised by people on social media, with one labelling it ""vile"" and another ""disgusting"". In a statement, H&M said it had removed the ad, which was only live in Australia. ""We are deeply sorry for the offence this has caused and will look into how we present campaigns going forward.""

[5] Amazon fined for 'excessive' surveillance of workers - BBC News
Amazon has been fined €32m (£27m) in France for ""excessive"" surveillance of its workers, including measures the data watchdog found to be illegal. The CNIL said Amazon France Logistique, which manages warehouses, recorded data captured by workers' handheld scanners. It found Amazon tracked activity so precisely that it led to workers having to potentially justify each break. Amazon said it strongly disagreed with the CNIL's findings and called them ""factually incorrect"".
Amazon said it strongly disagreed with the CNIL's findings and called them ""factually incorrect"". France's data protection agency investigated Amazon warehouses following complaints by employees as well as media coverage of conditions. It outlined a number of areas where it found Amazon had breached General Data Protection Regulation (GDPR). This included a system with three alerts in place to monitor employee activity, which the CNIL ruled to be illegal.","The evidence does not provide any information regarding an eBay fine in a blogger harassment case. Instead, it covers topics such as online radicalization, the Post Office scandal, inappropriate advertising by H&M, and Amazon's surveillance of workers. None of these articles mention eBay or any related harassment case.",False,6d9ffb0dcc3e8c07|b6ddf24f05c0091a|a759ba1ff1e97a8c|121c7132b9bc9f4b|b6cc3a0457716f35,0.404,0.2557,5
002453fbc7cdd591,M_nocap,Houthi missile strike on US-owned ship,"[1] Yemen: US shoots down missile from Houthi-run area fired towards warship - BBC News
The US followed up on Saturday with another strike on a Houthi radar site. President Joe Biden has said he would not ""hesitate to direct further measures to protect our people and the free flow of international commerce as necessary"". Similarly, the UK says it is prepared to launch further action against the Houthis. Prominent Houthi supporter Hussain Al-Bukhaiti told the BBC on Sunday that fighters would target US and UK battleships if strikes on Yemen continued.
The missile fired towards the USS Laboon, seen here in a file photo, was downed The US military says it has shot down a missile fired towards one of its warships from a Houthi area of Yemen. The anti-ship cruise missile - fired towards the USS Laboon in the Red Sea - was downed off the coast of Hudaydah by a US fighter aircraft. No injuries or damage were reported in the incident on Sunday afternoon.

[2] US launches fourth round of strikes on Houthi targets in Yemen - BBC News
The ship suffered some damage, but no crew members were injured in the attack. On Monday, the Houthis hit another US vessel with a ballistic missile, in what appeared to be the group's first successful attack on an American ship since their campaign began. US officials said Wednesday's strikes were pre-emptive, and destroyed weapons which were due to be fired imminently by the militants. ""These missiles on launch rails presented an imminent threat to merchant vessels and US Navy ships in the region and could have been fired at any time, prompting US forces to exercise their inherent right and obligation to defend themselves,"" Centcom said in a statement.
The US has carried out a fourth round of strikes on Iranian-backed Houthis in Yemen, Pentagon officials confirmed on Wednesday night. Some 14 Houthi missiles, which the US says may have been intended for attacks on shipping in the Red Sea, were targeted by American forces. Centcom - the US Middle East command - said the sites were struck by Tomahawk missiles fired from US Navy vessels. The strikes come as the US designated the Houthis as ""global terrorists"".

[3] US and UK strikes target Houthi rebels in Yemen - BBC News
The US military released this photo from an aircraft carrier engaged in the operation US and UK naval forces in the Red Sea have launched air strikes against Houthi rebel targets across Yemen. US officials say warship-launched Tomahawk cruise missiles and fighter jets hit 16 sites, including in the capital, Sanaa, and Hudaydah, the Houthi Red Sea port stronghold. The strikes are in response to repeated attacks by the Iran-backed group on commercial vessels in the Red Sea.
The Houthi targets in Yemen early on Friday included logistical hubs, air defence systems and arms depots, US officials told the Associated Press news agency. US President Joe Biden, quoted by Reuters news agency, said the US and UK military had successfully launched strikes against Houthi targets with support from countries including Australia, Bahrain, Canada and the Netherlands. ""These targeted strikes are a clear message that the United States and our partners will not tolerate attacks on our personnel or allow hostile actors to imperil freedom of navigation,"" Mr Biden said. He added that he ""will not hesitate"" to order further military action if necessary.

[4] US and UK launch fresh strikes on Houthis in Yemen - BBC News
Ten days after the first carefully calibrated joint air and missile strike by the US and UK, the Houthis remain defiant. They have continued to launch a variety of projectiles at shipping passing Yemen's coastline, in one case mistakenly targeting a ship carrying Russian oil. Under the newly named Operation Poseidon Archer, US-led strikes have now hit fresh targets, after previously carrying out a number of pre-emptive strikes on Houthi launch sites. These, say the Pentagon, destroyed missiles just as they were being prepared for launch.
The US and UK have conducted a fresh series of joint air strikes against Houthi targets in Yemen. The Pentagon said Monday's strikes hit eight targets, including an underground storage site and Houthi missile and surveillance capability. The Iran-backed Houthis have been targeting ships they say are linked to Israel and the West that travel through the important Red Sea trade route. The US and UK said they were trying to protect the ""free flow of commerce"".

[5] US Navy helicopters destroy Houthi boats in Red Sea after attempted hijack - BBC News
A US Navy admiral told the AP news agency Saturday's missile attack was the first successful strike since a global patrol was launched on 18 December. Centcom said while the ships were responding to the distress call, two anti-ship missiles were fired from Houthi-controlled areas at the pair of US navy vessels. The USS Gravely destroyed the inbound ballistic missiles, Centcom said, adding it was the twenty-third ""illegal attack by the Houthis on international shipping"" since 19 November. Centcom added the Maersk Hangzhou was ""reportedly seaworthy and there are no reported injuries"" on board.
Houthi forces have been attacking ships in the Red Sea since November, launching more than 100 drone and missile attacks on vessels passing through the vital shipping lane. The Iranian-backed Yemeni rebel group has previously claimed its attacks are directed at vessels linked to Israel, in response to the war in Gaza. The commercial ship targeted, the Maersk Hangzhou, is registered to Singapore and operated and owned by a Danish firm, US Central Command (Centcom) said. The four Houthi boats attacked at around 06:30 Yemeni time (03:30 GMT) with mounted weapons and small arms, getting within 20m (66ft) of the container ship, which the crew ""attempted to board"".","The coverage reports on a series of missile attacks by Houthi forces targeting US naval vessels in the Red Sea. The US military successfully intercepted a missile aimed at the USS Laboon, and subsequent reports indicate that the Houthis launched a ballistic missile at another US ship, marking a significant escalation in their campaign against American vessels. In response, the US and UK have conducted multiple air strikes against Houthi targets in Yemen, aiming to neutralize threats to shipping in the region. The Houthis have been actively targeting vessels, claiming their actions are in retaliation against perceived Western involvement in regional conflicts.",False,7ba134ad943ceff6|b8879e3288df0483|fb1433687b40cd58|3144cf716198d4dd|8d5e3db1b964a373,0.7831,0.3192,5
68f81195e7c4e812,M_nocap,Post Office victims discuss racism in Horizon treatment,"[1] Post Office victims' compensation pot cut by half - BBC News
We have consistently tried to manage those fears and have successfully done so when people have come forward. However, it remains an ongoing battle."" Professor Chris Hodges, chair of Horizon Compensation Advisory Board, said in a letter to the government an unwillingness to appeal was due to a ""deep distrust of authority"", evidence being lost or destroyed and issues with compensation if a Post Office manager is not granted a retrial. Nick Wallis, journalist and author of The Great Post Office Scandal, told the BBC's Today programme courts were ""working on the basis on Horizon being essential to a prosecution"", and not seemingly taking account of the ""huge failures"" of Post Office management and prosecutors.
Last week, Prof Hodges said the convictions were ""unsafe not only because they relied on the Horizon computer evidence, but also because of egregious systemic Post Office behaviour in interviews and pursuing prosecutions"". ""This led to guilty pleas and false confessions, driven by legal advice to victims to minimise sentences, and by the psychological pressure of dealing with an institution systematically disregarding the truth and fairness,"" he said. His board therefore decided the only viable approach was for all Post Office-driven convictions over the Horizon period to be overturned, so that the victims of the scandal could be receive compensation. Nick Read, the Post Office's chief executive, said in its annual accounts that ""any suggestion that today's Post Office is deliberately placing obstacles in the way of that outcome is wholly misplaced"".

[2] Post Office scandal: Rishi Sunak considers measures to clear all victims - BBC News
Asked by Laura Kuenssberg if the Justice Secretary Alex Chalk was looking at whether all those convicted could be exonerated or the Post Office could be stripped of its role, Mr Sunak said: ""Obviously, there's legal complexity in all of those things but he is looking at exactly those areas that you've described. ""It is right that we find every which way we can do to try to make this right for the people who were so wrongfully treated at the time."" Last month, a board overseeing compensation called for all Post Office staff wrongly accused of theft and false accounting to have their convictions overturned. Watch: I'm really, really angry - postmaster gets emotional
Watch: I'm really, really angry - postmaster gets emotional The Crown Prosecution Service could step into the Post Office's role in the appeals process. But Sir Bob Neill, chair of the Justice Select Committee, suggested such a move could require extra resources and have a knock-on effect on other cases. ""The Director of Public Prosecutions [Stephen Parkinson] has to take that decision themselves, they have to do it independently,"" he said.

[3] Post Office scandal: Former minister calls for mass appeal against convictions - BBC News
However, former sub-postmistress Ms Felstead told the BBC that while the process of helping former sub-postmasters needed to be sped up, she cautioned against a mass exoneration. ""I think we need to be really careful that we're not just going to go and turn everybody's convictions over, just in case you have that one person that has committed a crime and you've just turned over their conviction,"" she said. A Post Office spokesperson has previously said it shares the ""aims of the public inquiry to get to the truth of what went wrong in the past and establish accountability"". This Panorama special tells the story of those whose lives were utterly devastated, reveals the damning evidence that was kept from them and investigates how and why the Post Office, a multinational tech company and the government covered up the truth for so long.
Hundreds of sub-postmasters convicted in the Post Office Horizon scandal should be able to submit a mass appeal, a former cabinet minister has said. Sir David Davis, who is seeking to question ministers about the issue, told the BBC there was ""no real reason"" why there could not be a ""mass case"". Labour leader Sir Keir Starmer has also said all cases need to be revisited. It comes as ministers met on Monday to consider ways of clearing the names of hundreds of sub-postmasters.

[4] Post Office paid Fujitsu £95m to extend Horizon - BBC News
It led to what has been called one of the most widespread miscarriages of justice in British history. Thousands of sub-postmasters who used Horizon to manage their businesses were held accountable for losses which were not their fault, with 983 receiving criminal convictions. Their plight received new public attention this year when ITV broadcast a drama series about their fight for justice. Horizon is still in use in UK Post Offices to this day.
Horizon is still in use in UK Post Offices to this day. One postmaster, who runs two Post Offices in the South East of England and spoke to the BBC on condition of anonymity, said the system is still unreliable. “You still get shortfalls. You can’t trust it.

[5] Post Office scandal: Met Police investigate potential fraud offences - BBC News
The Post Office previously said it encourages ""people who believe they were wrongly convicted, for any reason, to consider an appeal"". However, it added that it would be inappropriate to comment on any police investigation. Between 1999 and 2015 more than 700 sub-postmasters were prosecuted and convicted based on information from a faulty accounting system, Horizon, which made it look like money was missing. Some sub-postmasters wrongfully went to prison, many were financially ruined and forced to declare bankruptcy, while others describe being shunned by their communities following convictions for false accounting and theft.
The force had already been looking into potential offences of perjury and perverting the course of justice in relation to investigations and prosecutions carried out by the Post Office. Two people have been interviewed under caution but nobody has been arrested since the investigation was launched in January 2020. It comes after 50 new potential victims of the scandal came forward following an ITV drama on the issue, which aired this week. The Post Office previously said it encourages ""people who believe they were wrongly convicted, for any reason, to consider an appeal"".","The coverage discusses the ongoing issues surrounding the Post Office scandal, particularly the treatment of sub-postmasters who were wrongfully convicted based on faulty evidence from the Horizon system. Victims have expressed feelings of deep distrust towards authority and highlighted systemic failures in the Post Office's handling of prosecutions, which led to false confessions and guilty pleas under pressure. There are calls for mass appeals to overturn these convictions, with some cautioning against a blanket exoneration to avoid injustice to those who may have committed actual crimes. The psychological and social impacts on the victims, including financial ruin and community ostracism, are also emphasized.",False,e10abb8eb3809954|a759ba1ff1e97a8c|0a5fa0a6fc09ec39|9ff6889926f6dbe0|0992d83c713c485c,0.5271,0.3106,5
05599929e63a4ae5,M_nocap,UN critique of stop the boats migration policy,"[1] Rishi Sunak facing major Tory revolt over Rwanda bill - BBC News
Watch: Starmer says Sunak originally was against Rwanda plan In reply, the prime minister said the government would deliver on its promise to halt migrants crossing the Channel in small boats. Mr Sunak said Labour had not put forward a ""single practical idea"" to reduce illegal migration, and ""can never be trusted to stop the boats"". The government introduced the bill last month, after its plan to send asylum seekers to the east African country was ruled unlawful by the Supreme Court.
Rishi Sunak is facing a significant rebellion from Tory MPs over legislation to revive his plan to send some asylum seekers to Rwanda. Over 30 backbenchers on the right of the party are backing plans to change the bill next week to make it harder for people to appeal deportation. The amendments underline the scale of Tory division over the policy, which the PM has made a priority. Ministers insist the bill allows only a ""vanishingly small"" number of appeals.

[2] Rishi Sunak denies doubting Rwanda plan when chancellor - BBC News
""Just because someone's asking tough questions doesn't mean that they don't believe in the proposal,"" he said. Under the scheme, some migrants would be sent to Rwanda for processing and potentially resettlement. The government has argued this would discourage people from trying to get to the UK in small boats. The scheme was first announced in April 2022 when Boris Johnson was prime minister.
The papers describe a significant difference of view between No 10 and 11 Downing Street on the effectiveness of the proposed scheme saying the chancellor believes the ""deterrent won't work"". One of the government's key aims was to implement a tougher policy that would put people off the idea of crossing the English Channel in small boats looking for asylum in the UK. The documents also reveal that No 10 proposed telling Mr Sunak to ""consider his popularity with the base"" if he was reluctant to sign up to changes to the migration system, including the Rwanda plan. Labour's shadow home secretary Yvette Cooper said: ""These papers show total con of Tories' Rwanda plan and how incredibly weak Rishi Sunak is.

[3] Channel migrants: Crossings fell in 2023, government figures show - BBC News
""But we have also had much larger boats, much more seaworthy boats, so the planning assumption is that this is a glitch. ""Border Force needs to continue to resource itself - and the country needs to continue to resource itself - to deal with higher numbers."" Illegal migration minister Michael Tomlinson said the government was ""clamping down on criminal gangs"" and working with France to prevent further crossings. ""Stopping the boats will continue to be our priority in the new year as we target people smugglers and break their business model,"" Mr Tomlinson said in a statement.
However, the Immigration Services Union (ISU), which represents border staff, said the decrease in small boat arrivals in 2023 was likely a ""glitch"", with ""higher numbers"" expected in 2024. Lucy Moreton from the ISU told BBC Radio 4's Today programme: ""The planning assumption for 2024 is that 2023 has been unusually low. There have been other confounding factors — we have had particularly high winds, we have had a larger number of days where it is less likely that we are going to get migrants in boats. ""But we have also had much larger boats, much more seaworthy boats, so the planning assumption is that this is a glitch.

[4] Next warns of supply delays due to Red Sea shipping attacks - BBC News
Other data provided by Kuehne + Nagel indicates this equates to about 78% of the ships that would be expected, on average, to navigate the Suez Canal route during that period. About 30% of global container traffic travels through the Suez Canal, so the diversion accounts for about 23.5% of all global container traffic. Defending ships from attacks is ""very difficult"", said Chris Long, director of intelligence for Neptune Port to Port Group, a private maritime security company operating in the Red Sea. ""There are no commercially available systems that you can put on a container ship that can protect you against the armament that the Houthis are deploying at the moment,"" he told the BBC's Today programme.
The Houthi group has declared its support for Hamas and has said it is targeting ships travelling to Israel, though it is not clear if all the ships that have been attacked have actually been heading to Israel. But because of the attacks and the threat, several container shipping companies have since diverted vessels to a much longer route around Africa's Cape of Good Hope and then up the west side of the continent, leading to shipping delays. According to Swiss logistics and transport firm Kuehne + Nagel, 405 container ships have been diverted since mid-December as a result of the attacks. Other data provided by Kuehne + Nagel indicates this equates to about 78% of the ships that would be expected, on average, to navigate the Suez Canal route during that period.

[5] Ministers admit losing track of 5,600 asylum claimants - BBC News
""The fact that thousands of people have been allowed to effectively disappear into the underground economy or left vulnerable to exploitation by criminal gangs is yet more evidence of the shocking mismanagement and chaos in the Tory asylum system. ""Time and again ministers are spending their time on gimmicks rather than getting a grip."" Asked how the government expects to find the asylum seekers who had disappeared after having their claims withdrawn, Mr Sunak stressed at a press conference on Thursday that the ""vast majority"" of the 17,000 have ""already been removed or are in the process of moving on or have made another claim"". If people are not reporting back to the Home Office, immigration enforcement officers should ""absolutely do everything that they can to identify these people, detain them and send them back"", he said.
When asked about the 17,000 withdrawn claims, Simon Ridley, a senior civil servant in the Home Office, told the committee in November: ""I don't think we know where all these people are"". In a follow-up letter to the committee, Illegal Migration Minister Michael Tomlison and Legal Migration Minister Tom Pursglove have now confirmed 5,931 of these claims were being re-examined after the individuals had re-engaged with the Home Office. They added that a further 3,144 were no longer in the UK, whilst 2,643 had been granted a legal migration status. But they admitted 5,598 - roughly a third - of the claimants ""remain in the UK and the Home Office is taking steps to urgently re-establish contact with them"".","The coverage discusses the UK government's ongoing efforts to address illegal migration, particularly through the controversial Rwanda plan, which aims to deter migrants from crossing the Channel in small boats. Prime Minister Rishi Sunak is facing internal dissent from Tory MPs regarding this policy, with some advocating for amendments to make deportation appeals more difficult. Additionally, there are concerns about the effectiveness of the Rwanda scheme, with differing opinions within the government about its potential as a deterrent. The government continues to prioritize stopping boat crossings and is working with France to combat people smuggling, although there are indications that the recent decrease in small boat arrivals may be temporary.",False,b6e608a6d7bcbdb4|39d02c1623a3088c|7dec0e4b11f8e447|e518eb6c5fb7183f|0f21ca3c111ecb9c,0.5946,0.2944,5
ee751b99c65afbd2,M_nocap,schoolboys mocked girl before her death,"[1] Norwich: Post-mortems to take place after four bodies found - BBC News
The bodies of two young girls, a 36-year-old woman and a 45-year-old man, named locally as Bartlomiej Kuczynski, were found in the house on Allan Bedford Crescent. Post-mortems on the two girls will take place on Wednesday. Both attended local schools and head teachers at Queen's Hill Primary and Taverham High School have encouraged pupils to return to classrooms on Monday. Dr Bianca Finger-Berry, critical incident specialist lead at Norfolk County Council, said: ""Normal routines with opportunities to access additional services can be really helpful.
Emma Isaac lives on the estate and said what had happened was ""absolutely horrible"". ""You just wouldn't expect it around here, it's a very quiet estate. There are not words for it, I just can't believe it,"" she added. Follow East of England news on Facebook, Instagram and X. Got a story?

[2] Norwich: Family of four found dead in house - BBC News
""I only met them sometimes in the street because my son and her kids go to the same school, so we met sometimes in school or in the street and said 'hello',"" she said. She said she was left ""shaken"" by the ""sad and tragic"" news. Follow East of England news on Facebook, Instagram and X. Got a story? Email eastofenglandnews@bbc.co.uk or WhatsApp 0800 169 1830
""Our community is lovely and always there for each other."" Costessey resident says discovery of four bodies is 'very scary' Jocelyn Atienza, a neighbour, said she knew the family but only in passing as their children went to school together. ""I only met them sometimes in the street because my son and her kids go to the same school, so we met sometimes in school or in the street and said 'hello',"" she said.

[3] Homeschooling: Merthyr girl says it helps her mental health - BBC News
Seana-lee said she was nervous to homeschool Millie-Rae because her family were against it. ""You have to have thick skin to do this, it's not been easy,"" she said. ""Homeschooling has definitely brought her out of her shell and has given her the confidence I think she needed."" Millie-Rae said although she misses seeing her friends regularly, she goes to a weekly drama group to keep up her social life.
She is one of 5,330 children in Wales not being taught in school - the highest number on record. The Welsh government said it recognised the right of parents to teach their own children, but, in most cases, children were best served by attending school. Seana-lee originally took Millie-Rae out of school during the pandemic as she felt he daughter was not being provided with enough work. But within a few months of returning, she fell behind as she was struggling with the school environment, her mother said.

[4] Michigan school shooter's mum weeps as she goes on trial - BBC News
Their lawyers say they left home for their safety and planned to turn themselves in later. There were three witnesses on Thursday: the school principal, a teacher who survived the attack and an employee of the gun shop where the killer and his father shopped for his handgun. On the day of the shooting, school officials found the boy, who was then 15, with disturbing drawings. His parents were called to school to review the drawings, but left after concluding the meeting in only 11 minutes, Mr Keast said.
His parents were called to school to review the drawings, but left after concluding the meeting in only 11 minutes, Mr Keast said. None of the adults checked the boy's backpack, where he stored the gun, and he was sent back to class.

[5] Inmate 'berated and threatened' before her death, says mother - BBC News
Her mother Linda told the FAI her daughter had been left traumatised by abuse inside Polmont, near Falkirk. She said there had been ""berating, shouting and threats"". Someone had shouted at her to ""go and hang yourself Katie and give us all peace"". Ms Allan also suffered taunts over her hair loss through alopecia, her mother said.
A woman who took her own life at a young offenders institute had been taunted and threatened by other inmates, a fatal accident inquiry (FAI) has heard. Katie Allan, 21, was found dead in her cell at Polmont YOI on 4 June 2018. She had been sent there in March 2018 after being sentenced to 16 months for a drink-driving hit and run crash. Her mother Linda told the FAI her daughter had been left traumatised by abuse inside Polmont, near Falkirk.","The coverage reports on the tragic circumstances surrounding the deaths of two young girls and a woman and man found in a house. It highlights the community's shock and sadness, with residents expressing disbelief over the incident in what is described as a quiet estate. Additionally, there is a separate account of a young woman who took her own life after being subjected to bullying and threats from other inmates in a young offenders institution, indicating the severe impact of such harassment on mental health.",False,bf2470cffbffdebb|4f0231cf23c94485|674914c32740906b|a0c85641a86ebc36|6dd3e2f355509b35,0.419,0.288,5
a351be2c5cc88427,M_nocap,couple killed in dog walking collision,"[1] Airbnb cottage near Inverness trashed by puppy seller - BBC News
But on Tuesday, 14 puppies and a dog were discovered at the property which was covered in dog faeces and rubbish. ""I was absolutely stunned,"" Ms Parsons said. ""I couldn't believe it."" She said she and her partner David Bradley, 55, had been alerted by a neighbour who had seen what she believed to be an abandoned car containing puppies.
She said she and her partner David Bradley, 55, had been alerted by a neighbour who had seen what she believed to be an abandoned car containing puppies. On knocking at the cottage, she had been hit by a foul smell and dogs yapping. Tracey Parsons and her partner David Bradley were horrified to see the mess in the cottage Mr Bradley attended the property where he found a couple outside waiting to buy a puppy.

[2] Cornwall teenager killed in three-car collision in Dorset - BBC News
Police are appealing for witnesses or anyone with dashcam footage to come forward. All vehicles involved remained at the scene and it is not being treated as a fail-to-stop collision. Sgt Gareth Thomas, of the traffic unit, said: ""First and foremost, our thoughts are with the loved ones of the man who sadly died in this incident. ""An investigation is under way to establish what happened and I am keen to hear from any witnesses to the collision, or the manner of driving of the vehicles involved prior to it, who have not already spoken to police.
Police say the incident happened on the A35 near Kingston Russell in west Dorset A teenager died and three people were injured in a three-car collision on New Year's Day. The crash - involving a silver Kia Sorento, a black Toyota Aygo and a black BMW - happened at about 13:30 GMT on the A35 near Kingston Russell, west Dorset. An 18-year-old man from Cornwall who was a passenger in the Toyota was pronounced dead at the scene, Dorset Police said.

[3] Family 'heartbroken' after Britons die in avalanche - BBC News
A British skier and her 22-year-old son killed in an avalanche in France have been named. The family of Kate Vokes, 54, and Archie Vokes say they are ""beyond heartbroken"" by the ""tragic accident"". The pair, from Manchester, died when an avalanche swept through an off-piste area near the French ski resort of Saint-Gervais-les-Bains on Thursday. They were close to Mont Blanc, near the Swiss border, when the avalanche hit at about 15:30 local time (14:30 GMT).
They were close to Mont Blanc, near the Swiss border, when the avalanche hit at about 15:30 local time (14:30 GMT). A statement from the family on Sunday read: ""We are beyond heartbroken at the loss of our beloved, wonderful Kate and Archie. ""Words cannot express how terrible we all feel nor the hole in our lives that has been left by this tragic accident. ""We kindly ask for privacy as we grieve together as a family.""

[4] Pandemic puppy owners struggle with bad behaviour say vets - BBC News
The most common were pulling on the lead (67%), jumping up at people (57%) and not coming back when called (52%). The study estimates almost a third of dogs had separation anxiety at 21 months. Dr Packer warned owners struggling with problem behaviour - combined with the cost of living crisis - could lead to them ""reaching the end of their tether"" and rehoming their dogs. She said in addition to the problematic behaviour recorded, some new owners struggled knowing what behaviour was normal for dogs.
The number of cases where an out-of-control dog caused injury rose by just over a third between 2018 and 2022, a previous BBC investigation found. In January, a plastic surgeon in West Sussex told the BBC they were now seeing twice as many dog attack victims compared to before the pandemic. Battersea's Robert Bays warns the the animal rescue charity has seen a rise in dogs with problem behaviours Robert Bays, Battersea's senior animal behaviour manager, said the charity had seen a rise in dogs coming to its centres with behavioural issues, including ""separation anxiety, which can often be linked to the pandemic and the training challenges this unusual time presented"".

[5] Couple wait to get back in home after Edinburgh explosion - BBC News
A couple whose home was damaged in an explosion in Edinburgh almost two months ago say they have no idea if or when they will get back into their home. Gary and Norma Taylor lived in the same row where two houses were destroyed in Baberton on 1 December. James Smith, 84, was killed in the blast and a man and a woman were taken to hospital. The Taylors were not injured but have been in temporary accommodation since.
But they are very grateful to be both alive and without injury. ""It's been worse for my wife,"" Mr Taylor said. She added: ""I just want things moving so we can get back in our house, as long as it's safe to do that."".","The evidence does not provide any information related to a couple killed in a dog walking collision. It covers various unrelated incidents, including a puppy seller's property condition, a teenager's death in a car collision, a family's loss in an avalanche, issues faced by pandemic puppy owners, and a couple affected by an explosion. Therefore, there is insufficient evidence to address the query.",False,1110eb085b703b5d|19c0e3ef8166d2fe|e838a84f0a5dda89|409d46ae981738b3|2a532b88cb1c6709,0.41,0.3038,5
a7aaa61d7385b36f,M_nocap,Razzie nominations for Expend4bles film,"[1] Oppenheimer: Cillian Murphy film marches towards Oscars success - BBC News
While Downey Jr is a frontrunner for best supporting actor, his co-stars Cillian Murphy and Emily Blunt are also likely to be nominated for leading actor and supporting actress respectively. Cillian Murphy, who portrays J Robert Oppenheimer, is likely to score a best actor nomination at the Oscars To date, Oppenheimer has grossed $958m (£753m) - and that's not even its final total, as the film has been been re-released in Imax this month. Although the movie would have been on the Academy's radar anyway because of its artistic value, that level of box office success can give an awards campaign a significant boost, as voting bodies are keen to show gratitude to the films which kept cinemas afloat.
Oppenheimer now looks just as likely to conquer awards season as it did the 2023 summer box office. Nolan's three-hour epic about the father of the atomic bomb, J Robert Oppenheimer, has scored four Screen Actors Guild nominations and will likely feature heavily when the Bafta Film Awards announce their shortlists this week. The Oscar nominations will follow on 23 January. While Downey Jr is a frontrunner for best supporting actor, his co-stars Cillian Murphy and Emily Blunt are also likely to be nominated for leading actor and supporting actress respectively.

[2] Oscars: Barbie's Ryan Gosling 'disappointed' by Greta Gerwig and Margot Robbie's nomination snubs - BBC News
Watch: Which films are the favourites for the Oscars? Elsewhere, Christopher Nolan's Oppenheimer - another huge box office success - leads the field with 13 nominations. Cillian Murphy, Emily Blunt and Robert Downey Jr were nominated for acting prizes, and Nolan for best director. Poor Things, about an infant whose brain has been transplanted into the body of a grown woman, was the second-most nominated film, with 11 nominations.
Poor Things, about an infant whose brain has been transplanted into the body of a grown woman, was the second-most nominated film, with 11 nominations. The 96th Academy Awards - or the Oscars - will be held on 10 March in Los Angeles.

[3] Norman Jewison: Renowned Canadian film director dies at 97 - BBC News
Jewison directed classics such as Moonstruck, In The Heat Of The Night, and Fiddler on the Roof. A versatile storyteller, he was renowned for tackling issues such as racism and civil rights in his films. In 1999, he received a lifetime achievement award from America's Academy of Motion Pictures Arts and Sciences. Four years later, he was given a similar award in Canada for his contributions to the country's film industry, which included the setting up of the Canadian Film Centre.
Four years later, he was given a similar award in Canada for his contributions to the country's film industry, which included the setting up of the Canadian Film Centre. ""I have tended to show humanity as fallible, sensitive, befuddled, misled but redeemable, rather than mindless, relentlessly violent,"" he wrote in his autobiography in 2004. ""I want people to recognise themselves in the movies I make. I don't enjoy no-brainer action movies.""

[4] Netflix password crackdown fuels sign-up surge - BBC News
Netflix said it had offered a strong slate of programmes, including hits like the Beckham documentary series and Adam Sandler's Leo. The platform received 18 Oscar nominations on Tuesday, including ""Best Picture"" for Maestro starring Bradley Cooper and Carey Mulligan. Shares jumped more than 6% in after-hours trade. For the year, Netflix reported more than $33.7bn in revenue in 2023, up more than 6% over 2022.
But the programme has sparked excitement on Wall Street since selling ads, on top of subscriptions, has the potential to bolster the money a company can earn per account. Netflix had already hinted that the plan was gaining traction, claiming earlier this month that it had more than 23 million accounts, compared with 15 million in November. Still, the number of new subscribers it added in the quarter also surprised analysts, who had worried that sign-ups would suffer without the release of a stand-out hit. Netflix said it had offered a strong slate of programmes, including hits like the Beckham documentary series and Adam Sandler's Leo.

[5] Friends scripts rescued from a studio bin to go under the hammer - BBC News
Channel 4, the British broadcaster of Friends, proposed an episode set in the United Kingdom They will now will be auctioned on 12 January alongside a production hoodie and a Friends DVD box set. Ms Butler said it is not clear who the scripts belonged to but it would have been somebody within the cast or crew of the TV show. ""There is a sticker for a chap called John Lanzer who is a set designer so they possibly could have been his,"" she said.
The scripts were supposed to have been destroyed to prevent giving away the episode endings, the auction house said Original scripts from two UK-set episodes of Friends that were rescued from a bin are being sold at auction. The Season Four finale drafts were recovered in 1998 by a staff member at Fountain Studios, Wembley, where the two episodes were filmed. Amanda Butler, of Hanson Ross auctioneers in Royston, Hertfordshire, said they should have been destroyed ""so the ending wouldn't be leaked"".","The evidence does not provide any information regarding Razzie nominations for the Expend4bles film. It focuses on other films, such as Oppenheimer and Poor Things, and discusses various aspects of the Oscars and notable figures in the film industry. Therefore, there is insufficient evidence to summarize the topic of the query.",False,b2c03522ab65f88e|b4daa08da54a4647|8efa95b9aa5d92b4|d318483297ade352|097744d508d2a274,0.4366,0.2635,5
14759f4911c236d0,M_nocap,NRA chief executive steps down,"[1] Vince McMahon: WWE boss accused of sex trafficking - BBC News
""While this matter pre-dates our TKO executive team's tenure at the company, we take Ms Grant's horrific allegations very seriously and are addressing this matter internally,"" it added. Back in 2022, the WWE board announced an investigation over an alleged $3m (£2.5m) settlement between Mr McMahon and an ex-employee with whom he had a consensual affair. The 78-year-old was replaced as acting chief executive and chairperson by his daughter. In January 2023, he returned as WWE chairperson after the investigation ended.
Ms Grant is asking the court to invalidate the NDA under federal law, claiming the defendants had violated the Trafficking Victims Prevention Act. She is also seeking unspecified monetary damages. WWE's parent company, TKO Group Holdings, said in a statement: ""Mr McMahon does not control TKO nor does he oversee the day-to-day operations of WWE."" ""While this matter pre-dates our TKO executive team's tenure at the company, we take Ms Grant's horrific allegations very seriously and are addressing this matter internally,"" it added.

[2] WWE boss Vince McMahon quits after sex-trafficking lawsuit - BBC News
World Wrestling Entertainment (WWE) boss Vince McMahon has quit in the wake of sex-trafficking allegations from a former employee. Janel Grant alleges Mr McMahon and another ex-executive, John Laurinaitis, sexually assaulted and trafficked her to entice wrestling talent. Mr McMahon, 78, said in a statement that he had made the decision to resign as executive chairman of TKO, the parent company of WWE. He has denied the allegations.
He has denied the allegations. ""I stand by my prior statement that Ms Grant's lawsuit is replete with lies, obscene made-up instances that never occurred, and is a vindictive distortion of the truth,"" Mr McMahon said in a statement on Friday. He added: ""Out of respect for the WWE Universe, the extraordinary TKO business and its board members and shareholders, partners and constituents, and all of the employees and Superstars who helped make WWE into the global leader it is today, I have decided to resign from my executive chairmanship and the TKO board of directors, effective immediately."" In a staff memo obtained by ESPN, WWE president Nick Khan shared that ""Vince McMahon has tendered his resignation from his positions as TKO Executive Chairman and on the TKO Board of Directors"".

[3] Stormont crisis: DUP meets but officers make no decision - BBC News
The DUP said on Friday evening it understood there was ""considerable interest"" in the meeting, but it would ""not give a running commentary on our position, save to say, we will continue to engage with the government"". Even if a decision had been taken, Sir Jeffrey had given a guarantee to his party executive - which is made up of more than 100 members - that they will be able to discuss any decision made by DUP officers. It is not clear how quickly the party could get an executive meeting in place. Northern Ireland's government collapsed after the DUP withdrew in protest against post-Brexit trade checks between the region and Great Britain.
Northern Ireland's government collapsed after the DUP withdrew in protest against post-Brexit trade checks between the region and Great Britain. The UK agreed a new deal with the European Union called the Windsor Framework aimed at addressing issues with the previous deal, the Northern Ireland Protocol. But the DUP said this did not go far enough and the party has been in talks with the government seeking further changes. The former head of the Northern Ireland Civil Service has said it is a ""pivotal moment"" for Northern Ireland, adding that he hopes the DUP will return to power-sharing.

[4] Sheryl Sandberg to step down from Meta board - BBC News
The former chief operating officer of Meta, Sheryl Sandberg, is leaving the company's board of directors. Ms Sandberg, one of the most high-profile women in the tech industry, said that ""this feels like the right time to step away"" as Meta is ""well-positioned for the future"". She will serve as an informal advisor to the company going forward. Meta CEO Mark Zuckerberg thanked her for the ""extraordinary contributions"" to the company.
Her books, including Lean In: Women, Work, and the Will to Lead - which she described as a ""sort of feminist manifesto"" - made her a global celebrity. The company also faced massive criticism under her watch, including misinformation during the 2016 election, the Cambridge Analytica privacy scandal in 2018, and the Capitol riot in 2021. She posted about her departure in a Facebook post on Wednesday, saying she has a ""heart filled with gratitude and a mind filled with memories"". She said that serving as Facebook and Meta's COO for over 14 years and a board member for 12 years was ""the opportunity of a lifetime"".

[5] 737 Max 9: Boeing jets cleared to fly after mid-air incident - BBC News
He said airline inspections since the incident found ""many"" loose bolts. ""I'm more than frustrated and disappointed,"" he said. ""I am angry."" United Airlines chief executive, Scott Kirby, also told CNBC that he is ""disappointed"".
United Airlines chief executive, Scott Kirby, also told CNBC that he is ""disappointed"". ""The Max 9 grounding is probably the straw that broke the camel's back for us,"" he said, adding that ""we're going to build a plan that doesn't have the [Boeing] Max 10 in it"". United also said earlier this week that it expected to lose money because of the grounding. On Wednesday, the head of Boeing, David Calhoun, faced questions from lawmakers in Washington to explain what led to the mid-air emergency.",INSUFFICIENT_EVIDENCE,True,66d9004364e2e2f7|5919e6e48a353638|71fa12078ec38ca9|dc6cd5a378afed29|574605e66825e281,0.3214,0.2758,5
c4bf315c5f3589d8,M_nocap,maths studied in concrete crisis school,"[1] Pass rate falls for GCSE maths resits in England - BBC News
Tom Middlehurst, assessment specialist at the Association of School and College Leaders, said the compulsory resit policy ""consigns the majority of young people to a remorseless cycle of falling below the grade 4 bar"". He said schools and colleges have tried to help students catch up on ""lost learning"" because of the Covid pandemic, but have ""constrained resources"". The fall in the maths pass rate comes after the government announced plans to replace A-levels and T-levels with a new Advanced British Standard which would include some English and maths to 18. A spokeswoman for the Department for Education (DfE) said: ""Young people who leave education with a good grasp of English and maths have a much better chance of securing a job or going on to further study.""
More than 167,000 students in England received grade 3 or lower on their maths paper last summer - about 21,000 more than in 2022. At the same time, there are more teenagers coming through the system. Analysis by the Institute for Fiscal Studies suggests there will be a 17% rise in the number of 16 and 17-year-olds between 2019 and 2024 - an extra 200,000 young people. Although the pass rate fell in maths, the raw number of passes in both maths and English grew, because more students sat November exams than in previous years.

[2] 'We had to investigate our autistic son's death' - BBC News
The parents of an autistic teenager follow his trail of evidence to uncover how he died. Described by those who knew him as a ""genius"", Will had been hoping to study mathematics at Cambridge. He was funny, passionate, and loved his friends and family, his parents say. He was also autistic and battled with crippling social anxiety.
'We had to investigate our autistic son's death' ""He left his own breadcrumb trail,"" Matt explains. ""I couldn't have pieced it all together - his parents couldn't have pieced it all together. ""But with collaboration between us, we were able to figure out exactly what happened.""

[3] Bath University makes students resit exam after giving answers - BBC News
Now more than 400 economics students have to resit, causing problems for international students who were planning to fly home at the time of the new exam date. The university told BBC Points West that they are ""very sorry"". A student, who wanted to remain anonymous, said he was initially ""confused"" when he saw the exam papers included the answers. ""I just continued with the exam and used the marking scheme as help towards my answer,"" he said.
The University of Bath handed out the answers and marking scheme to an exam A university accidentally printed the answers on one of their exams and students are now protesting the exam's resit date. The University of Bath handed out the answers and marking scheme to an exam. Now more than 400 economics students have to resit, causing problems for international students who were planning to fly home at the time of the new exam date.

[4] Crumbling schools plagued by leaks and cold, BBC finds - BBC News
It also found about 700,000 children were having to learn in ""a school that the responsible body or DfE believes needs major rebuilding or refurbishment"". An investigation into the state of British school buildings where head teachers are struggling to keep their pupils safe and some children are learning in gloves because of extreme cold. The NAO's report also highlighted the scale of the Raac crisis across the school estate in England. Last year, 276 schools in the UK had to partially close - because they'd been built with a dangerous crumbling concrete - known as Raac.
""We've actually abandoned the building for explosive levels of sewer gas."" Back in 2004, the Labour government's solution to repairing schools was billed as the biggest school-building investment programme since the Victorian era. At 65, Mr Marsland says he feels unable to retire until the school is rebuilt It was called Building Schools for the Future and aimed to rebuild or refurbish every secondary school in England over a 15-20 year period.

[5] Prof Brian Cox talks climate and science during Ballymena trip - BBC News
Some students got to work on an engineering project ""They've got their curiosity and they've got the ability, we saw that, and the questions they asked - they've got everything they need. ""What they might not have, potentially, is just that they might not quite see the road, how to do it or where to go. So that's really why these events are so important.""
""So, putting those two things together, the future's astonishingly bright, I think."" Pupils got to experiment with lasers, concrete, lightweight engineering materials and radio-controlled cars, as ways of showing them the wider applications of the Steam subjects. Freya from St Louis Grammar School in Ballymena was among the students who took part in the event For Freya, from St Louis Grammar School in Ballymena, experimenting with lasers was a new experience.","The coverage highlights issues related to the state of education in England, particularly in the context of mathematics. It reports a decline in the pass rate for GCSE maths resits, with many students struggling to meet the required grade due to constrained resources and the impact of the Covid pandemic. Additionally, it mentions that a significant number of students are learning in inadequate school conditions, with many schools needing major repairs or facing closures due to safety concerns related to crumbling concrete. This situation underscores the challenges faced by students and educators in maintaining educational standards amidst these crises.",False,7a53ffb9ea05f9ea|4c21833078b5508a|42e8039354a63871|9f692658a2c09a5e|5a073a9f5cbd39b6,0.4173,0.2484,5
dca85cf93983eaf6,M_nocap,missile strikes across the Middle East,"[1] Iran demonstrates missile capabilities with regional strikes - BBC News
The IRGC said it used a Kheibar Shekan (Castle Buster) ballistic missile to target ""terrorist groups"" in north-west Syria With its strikes on Iraqi, Syrian and Pakistani territory, Iran's Islamic Revolution Guard Corps (IRGC) is showing it has become a major regional military power. The IRGC openly states that US bases in the Middle East, as well as Israeli bases in Tel Aviv and Haifa, are within range of its ballistic missiles. In the space of only 24 hours, it gave a stark demonstration of its capabilities, launching missiles and drones at targets in three different countries.
The IRGC said it used a Kheibar Shekan (Castle Buster) missile, which can travel up to 1,450km (900 miles), to target Idlib. It also said the missile was launched from the southern province of Khuzestan, even though it could have done so from the western province of Azerbaijan, which is much closer to Syria. The choice of missile and launch location suggest that Iran wants to convey to the world its ability to reach various locations in Israel, which borders Syria.

[2] Suspected Israeli strike in Lebanon kills senior Hezbollah commander - BBC News
""Additionally, [Israeli Air Force] fighter jets struck a series of Hezbollah terror targets in Lebanon, including military sites in which Hezbollah terrorists operated,"" it added. On Monday afternoon, the IDF said a jet carried out another series of strikes after an aerial defence array intercepted a ""suspicious aerial target"" that crossed from Lebanon, triggering sirens in the Kfar Blum area. An Israeli soldier was also lightly injured by an anti-tank missile that was fired towards Mount Dov, it added. Over the weekend, the IDF's chief spokesman said it had targeted significant military assets of Hezbollah and carried out ""damaging"" strikes on the Radwan Force in an effort to drive them away from the border.
The group also announced that its fighters had fired at Israeli forces in the Shtoula area of northern Israel and in the disputed Shebaa Farms/Mount Dov area in the occupied Golan Heights. The Israel Defense Forces (IDF) said it would not comment on foreign media reports about Tawil's death. However, not long after the incident in Khirbet Selim it put out a statement saying that it ""struck a number of areas in Lebanese territory"" after an anti-tank missile was launched towards the northern Israeli town of Kiryat Shmona. ""Additionally, [Israeli Air Force] fighter jets struck a series of Hezbollah terror targets in Lebanon, including military sites in which Hezbollah terrorists operated,"" it added.

[3] US and UK launch fresh strikes on Houthis in Yemen - BBC News
The US and UK have conducted a fresh series of joint air strikes against Houthi targets in Yemen. The Pentagon said Monday's strikes hit eight targets, including an underground storage site and Houthi missile and surveillance capability. The Iran-backed Houthis have been targeting ships they say are linked to Israel and the West that travel through the important Red Sea trade route. The US and UK said they were trying to protect the ""free flow of commerce"".
These, say the Pentagon, destroyed missiles just as they were being prepared for launch. Western intelligence recently estimated that at least 30% of Houthi missile stocks had been destroyed or degraded. Yet the Houthis, who are supplied, trained and advised by Iran, are clearly bent on continuing their attacks on shipping they suspect of being linked to Israel, the US or the UK. These have earned them much popularity at home, where many Yemenis have been chafing under their brutal rule.

[4] UK not seeking confrontation with Houthis - Sunak - BBC News
It follows overnight strikes with the US in Yemen. Labour leader Sir Keir Starmer said he backed the ""targeted action"". Four RAF Typhoons and two Voyager tankers took part in a second wave of joint US-UK action against the Houthis on Monday night, following previous raids on 11 January. They targeted two military sites used to support attacks on shipping north of Yemen's capital, Sanaa.
What was originally intended to be a short, sharp shock for the Houthis has now descended into a repetitive tit-for-tat. The latest strikes will have made a dent in their arsenal. But the Houthis, who took over much of Yemen 10 years ago, have a large supply of missiles and drones and show every sign of continuing their attacks on shipping, undeterred by the eight US-led air strikes so far this year. The US and UK have little choice but to continue hitting Houthi targets as long as their attacks continue - to give up now would be tantamount to ceding control of a crucial global shipping route to a proscribed terror group backed by Iran.

[5] Iran admits carrying out deadly strike on Pakistan territory - BBC News
Iranian missiles - seen here during a training drill - have hit Pakistan, Iraq and Syria in recent days Iran has admitted carrying out a missile and drone attack on western Pakistan on Tuesday. Officials in Islamabad said two children were killed and three others injured in the attack in Balochistan. Iran's foreign minister said the operation targeted the militant group Jaish al-Adl, which he described as an ""Iranian terrorist group"" in Pakistan.
The strike on Iraq hit a building in the northern city of Irbil. Four civilians were killed and six hurt in the attack, local authorities said. The US condemned the attack. Iran then struck Syria's north-western Idlib province, which is the last remaining opposition stronghold in the country and home to 2.9 million displaced people.","The coverage reports on recent missile strikes across the Middle East, highlighting Iran's military actions and Israeli airstrikes. Iran's Islamic Revolution Guard Corps (IRGC) demonstrated its missile capabilities by launching strikes in Iraq, Syria, and Pakistan, targeting groups it labels as terrorists. In response, the Israeli Air Force conducted strikes on Hezbollah targets in Lebanon, aiming to neutralize military assets near its border. Additionally, the US and UK carried out joint airstrikes against Houthi targets in Yemen, focusing on missile and surveillance capabilities to protect shipping routes.",False,c961a38573952f6e|a52ec6e305295535|3144cf716198d4dd|d876379f83b92e63|bdc20268e99c26ba,0.6376,0.3014,5
22af0e72018f16d3,M_nocap,parents in Wales challenge holiday school meals,"[1] Child obesity in pandemic could have lifelong effects, study says - BBC News
The government said it was taking ""strong action"" to encourage healthier food choices. A prolonged absence from school, a lack of physical activity and unhealthy eating habits have been blamed for rising obesity levels in children during periods of Covid restrictions. Between 2019-2020 and 2020-2021, the proportion of overweight and obese Year 6 primary school children, aged between 10 and 11, went from 35.2% to 40.9%, with people from deprived areas disproportionately affected. Researchers used BMI data from the government's National Child Measurement Programme, which weighs and measures about one million Year 6 pupils annually in England.
Prof Godfrey said this was likely to be because of the Year 6 pupils' more advanced ""developmental stage"". ""In the older children, the dietary and physical activity habits that were developed during the pandemic became more embedded and did not revert back,"" he said. The researchers say measures to tackle childhood obesity aimed at pre-school children are needed and are likely to be more effective than measures focused on older children. ""At the moment the interventions largely centre around a sugar tax, which has probably been effective to a degree, but it needs a much wider engagement.""

[2] Labour proposes free breakfast clubs to tackle persistent school absence - BBC News
More than one out of every five children in England are persistently absent from school Better mental health support for pupils would be part of Labour's plans to improve school attendance in England. Shadow education secretary Bridget Phillipson set out the proposed measures, including free breakfast clubs for primary schools, at an event at the Centre for Social Justice (CSJ) on Tuesday. The plans also include increased funding for early speech and language interventions.
Bridget Phillipson said Labour plans to make persistent school absence a top priority if elected On parents' role in improving pupil absence, Ms Phillipson said: ""I think we also have to be clear that parents have responsibilities as well. ""It's about everyone involved working together, pulling together to make the difference that we need as a country because it damages us all. ""When children are not in school, it's not just those children who are missing out, but all of us as a society as well.""

[3] Homeschooling: Merthyr girl says it helps her mental health - BBC News
They are struggling to fit back into society,"" she said. ""Children are also behind educationally and I think a lot of parents enjoyed the lockdowns and realised that they had the ability to educate their children themselves."" A Welsh government spokesman said about 1% of children in Wales were educated this way. ""The home educator's handbook provides advice to parents and carers who are home educating, or considering doing so,"" they added.
She is one of 5,330 children in Wales not being taught in school - the highest number on record. The Welsh government said it recognised the right of parents to teach their own children, but, in most cases, children were best served by attending school. Seana-lee originally took Millie-Rae out of school during the pandemic as she felt he daughter was not being provided with enough work. But within a few months of returning, she fell behind as she was struggling with the school environment, her mother said.

[4] Family moves 180 miles for special-needs nursery space - BBC News
Four-year old Joe's family say their world fell apart when their son's nursery said it could no longer look after him There will be fewer nursery spaces for children with special education needs and disabilities (SEND) after the expansion of funded hours in England in April, councils and charities warn. A third of councils expect fewer places to be available, a survey suggests. The Department for Education (DfE) says it is phasing in its childcare offer so the sector has time to prepare.
Those ""who used to be brilliant at inclusive practice"" are now saying: ""We can't do it any more,"" because they are having to fund the provision out of their own money when the children first arrive. Ms McLeod wants the system, especially how disability access funding is applied for, made simpler. ""We have to improve the way it is funded, otherwise children will continue to be turned away,"" she says. Responding to questions in the House of Commons on Tuesday, Children's Minister David Johnston said his team were looking into reports of children with SEND being turned away from early-years settings.

[5] Supermarkets' busy Christmas boosted by promotions, says Kantar - BBC News
Although British households spent £477 on average, many still feel ""pretty hefty pressures on their budgets"". Kantar described Christmas trading as ""a whopper"", with Friday 22 December the most popular day when just over 25 million trips to stores were made. It said appetite for traditional Christmas dinner items was particularly strong in 2023, with volumes of parsnips, sprouts and potatoes up, along with festive meats including pigs in blankets, sausages, hams and turkeys. ""We're creatures of habit when it comes to Christmas and our data shows that the classic festive plate remains much the same,"" said Fraser McKevitt, head of retail and consumer insight at Kantar.
Supermarkets experienced their busiest Christmas period since 2019, boosted by promotions, new research suggests. Customers made 488 million grocery trips in the four weeks to 24 December, according to research firm Kantar. Some £13.7bn passed through the tills, even as food price inflation fell to 6.7% in December - the fastest drop Kantar said it had ever recorded. Although British households spent £477 on average, many still feel ""pretty hefty pressures on their budgets"".","The evidence does not specifically address the challenge by parents in Wales regarding holiday school meals. It discusses broader issues related to child obesity, school attendance, homeschooling, and special education needs, but does not mention holiday meals or parental challenges related to them. Therefore, there is insufficient evidence to summarize on the specific query.",False,47f33a9491007dfe|ceeae98c0bb1c1c1|674914c32740906b|b9bd324e4e17b237|9bc5ba854185467f,0.5228,0.293,5
32e54494ffef902e,M_nocap,cold weather and ongoing flooding,"[1] UK weather: Heavy rain and flooding across England - BBC News
Farmland was flooded in farmland near Bangor-on-Dee in North East Wales The UK Health Security Agency (UKHSA) has issued a cold weather alert for all parts of England, which will come into effect on Saturday and last until next Tuesday. It said that after a ""period of mild and unsettled weather"", higher pressure coming into the weekend would mean colder temperatures. Storm Henk hit the UK on Tuesday, bringing winds of up to 81mph and heavy rain.
There were also 338 flood alerts - meaning flooding is possible - in place across England and Wales. BBC Weather Presenter Ben Rich said 2024 had ""got off to an exceptionally wet start"". Parts of eastern England recorded nearly all their average January rainfall in just the first few days, he said, while many other spots have had well over half the rainfall they would normally expect during the whole month. ""This means river catchments are full and the ground is saturated - and saturated ground is not able to absorb any more moisture,"" he said, with this leading to flooding.

[2] England flooding: Hundreds of homes evacuated after heavy rain - BBC News
The UK Health Security Agency has issued a cold weather alert for the coming days and warned that temperatures are set to plummet. The yellow cold weather alert for all of England comes into force at 09:00 GMT on Saturday and expires at noon on 12 January. Earlier on Friday, Nottinghamshire County Council said more than 100 homes in the county were among those hit by flooding, but warned the number could rise. Around 50 people were led to safety by firefighters overnight after a canal burst its banks in Hackney Wick, east London, causing flooding in an area of around 10 acres.
""Over November and December, following Storm Babet and Storm Ciaran, the ground was incredibly saturated right across the country, particularly in the east,"" Ms Douglass said. ""That's been topped up over the pre-Christmas period [and] that rainfall from this week has just added to that, so there's nowhere for the water to go."" The past week saw parts of the UK affected by Storm Henk, which was the eighth named storm in three months, although the current spell of wet and windy weather is set to be replaced by cooler and drier conditions. The UK Health Security Agency has issued a cold weather alert for the coming days and warned that temperatures are set to plummet.

[3] Flood defence policy flawed, say MPs - BBC News
The MPs noted that housing developments continue to be built on flood plains saying it was ""unforgivable"" when it was happening without mitigation. Though the government's stated ambition is to create a nation more resilient to flooding the report said it had not defined what this actually means, so there was no way to measure whether it's achieving that or not. ""The reality is we also have to look at is how do we ensure we can live with climate change. How can we live with flooding?
How can we live with flooding? Conservative MP and committee member Anne Marie Morris told BBC News. ""And that's a question which isn't being asked, and it must absolutely not only be asked, but be answered."" Are you affected by the issues raised in this story?

[4] UK weather: Snow hits England and Wales as forecasters warn of ice - BBC News
More than 100 flood warnings remain in place, mostly in southern England. The Met Office had issued a yellow warning for ice and small amounts of snow in southern England and southern Wales. It expired at 03:00 GMT on Tuesday. BBC Weather presenter Stav Danaossaid: ""Given these wintry showers, and also wet surfaces after recent wet weather, some icy patches are likely on untreated surfaces.""
How is the weather affecting you? Get in touch. Meanwhile, there are 125 flood warnings - meaning flooding is expected - in place in England, mainly in southern and central England. One flood warning is also in place in Wales, near the River Ritec at Tenby.

[5] UK weather: Sub-zero temperatures to ease after coldest night - BBC News
The payments are made in areas where temperatures are, or are forecast to be, below zero for seven consecutive days. Our top tips for the cold weather Alongside the snow and ice, a risk of flooding also persists for some parts. As of 18:00 on Thursday, there were 13 flood warnings - meaning flooding is likely - and 59 flood alerts - meaning flooding is possible - in England.
As of 18:00 on Thursday, there were 13 flood warnings - meaning flooding is likely - and 59 flood alerts - meaning flooding is possible - in England. Over the weekend the UK will see much milder Atlantic air coming in along with rain and strong winds. There is a Met Office yellow warning for wind for Sunday affecting many northern and western parts of the UK with the potential for gusts up to 60-70mph. This could cause some travel disruption and power cuts.","The coverage reports on the cold weather and ongoing flooding in the UK, highlighting a cold weather alert issued by the UK Health Security Agency for all parts of England. This alert is set to coincide with a period of heavy rain and flooding, which has already led to hundreds of homes being evacuated and numerous flood warnings in place. The ground is described as saturated from previous storms, leaving it unable to absorb additional moisture, which exacerbates the flooding situation. Additionally, there are warnings of icy conditions due to wintry weather following the recent rainfall.",False,cb65cf5ba1ba846a|3b297c50c91c8201|e02142b0ca9da29f|65d84e8b54e956a3|002af1e8e4bf3974,0.6473,0.3036,5
1a4e315aeda0cfa6,M_nocap,Rory McIlroy wins Dubai Desert Classic,"[1] Masters 2024: Ronnie O'Sullivan beats Shaun Murphy and Ali Carter defeats Mark Allen in semis - BBC Sport
Ronnie O'Sullivan won his first Masters title in 1995 at the age of 19 and remains the youngest ever winner Coverage: Watch live on BBC TV, BBC iPlayer, BBC Red Button and online; live text coverage of the final on Sunday, 14 January. Ronnie O'Sullivan will face Ali Carter when he attempts to claim a record-extending eighth Masters title on Sunday at Alexandra Palace. O'Sullivan beat 2015 champion Shaun Murphy 6-2 to reach the final of the prestigious tournament for a 14th time.
O'Sullivan beat 2015 champion Shaun Murphy 6-2 to reach the final of the prestigious tournament for a 14th time. In Saturday's other semi-final, Carter compiled three successive century breaks as he defeated Mark Allen 6-3. Carter also advanced to the showpiece match on his last appearance at the invitational event in 2020. His meeting with 40-time ranking event winner O'Sullivan will be a repeat of their 2008 and 2012 world finals, which were both won by 'The Rocket'.

[2] Australian Open 2024 results: Andy Murray loses to Tomas Martin Etcheverry - BBC Sport
Since the start of the US Open in August, Murray has lost eight of his past 12 matches - including the past four. Murray is the second Briton to fall in the singles at Melbourne Park, following Jodie Burrage's defeat on Sunday. Five more of the nation's players - Emma Raducanu, Katie Boulter, Cameron Norrie, Dan Evans and Jack Draper - play their opening matches on Tuesday. Known for his long and gruelling encounters last season, Murray said he wanted to avoid another marathon match against Argentine 30th seed Etcheverry.
Former world number one Murray is now ranked 44th Coverage: Commentary every day from 07:00 GMT on Tennis Breakfast on Radio 5 Sports Extra and BBC Sounds, with selected live text commentaries and match reports on the BBC Sport website and app Andy Murray says there is a ""definite possibility"" he has played his final Australian Open after a subdued display against Tomas Martin Etcheverry in a first-round exit. The 36-year-old Briton showed little emotion as he lost 6-4 6-2 6-2 on the second day of the Melbourne tournament.

[3] Australian Open 2024 results: Novak Djokovic loses to Jannik Sinner, Daniil Medvedev beats Alexander Zverev - BBC Sport
It ends Djokovic's bid for a record-extending 11th title and a 25th major to put him clear of Margaret Court. Sinner, 22, faces Daniil Medvedev, who recovered from two sets down to beat Alexander Zverev, in Sunday's final. Russian third seed Medvedev, 27, won 5-7 3-6 7-6 (7-4) 7-6 (7-5) 6-3 in a remarkable second semi-final which lasted four hours 18 minutes and finished at 00:06 local time. Sinner's elimination of Djokovic means there will be a new name on the Australian Open men's singles trophy.
Coverage: Commentary from 08:00 GMT on Tennis Breakfast on Radio 5 Sports Extra and BBC Sounds, with selected live text commentaries and match reports on the BBC Sport website and app Novak Djokovic lost at the Australian Open for the first time since 2018 as Italian fourth seed Jannik Sinner reached his first Grand Slam final. Serbia's Djokovic, 36, lost 6-1 6-2 6-7 (6-8) 6-3 as Sinner regrouped from not taking a match point in the tie-break. It ends Djokovic's bid for a record-extending 11th title and a 25th major to put him clear of Margaret Court.

[4] Ronnie O'Sullivan calls Masters venue Alexandra Palace 'disgusting' and makes him 'feel ill' - BBC Sport
Ronnie O'Sullivan won the last of his seven Masters titles in 2017 Coverage: Watch live on BBC TV, BBC iPlayer, BBC Red Button and online; live text coverage of the final on Sunday 14 January. Seven-time Masters champion Ronnie O'Sullivan has criticised tournament venue Alexandra Palace, saying it is ""disgusting"" and makes him ""feel ill"". O'Sullivan, 48, added that the iconic north London venue is ""dirty"" and that he ""can't wait to get out of here"".
O'Sullivan, 48, added that the iconic north London venue is ""dirty"" and that he ""can't wait to get out of here"". The world number one made the comments after beating Barry Hawkins 6-3 on Thursday to reach the semi-finals. The World Snooker Tour (WST) said ""other players have spoken with unanimous positivity"" about the venue. O'Sullivan, who has also finished Masters runner-up six times, said: ""I just don't like this place.

[5] Travel Photographer of the Year: Lyrical landscapes win awards - BBC News
MPB One Shot Winner: Above, Eye Level, Below - Josien van Geffen, Netherlands An unusual perspective of the Highline 179 suspension bridge in Reutte, Austria. Andrea Peruzzi's mage capturing the moment when a Bedouin jumps over a small gorge between rocks in ancient Petra, Jordan. The winner in one category was not chosen by the judges.
The winner in one category was not chosen by the judges. Decided by a public vote on the TPOTY website, this year's award went to 15-year-old Rohan Neel Shah, and shows a lone wildebeest in the middle of the Great Migration in the Maasai Mara, Kenya. Amateur and professional photographers from more than 150 countries submitted more than 20,000 images in TPOTY 2023. The winning images go on display at The Photography & Video Show at the NEC, Birmingham, UK, from 16-19 March and will also be showcased at Xposure in the UAE.",INSUFFICIENT_EVIDENCE,False,150c5579094aeaa7|5b373355ab53cacf|78231acd7b6f7c1a|2efba86e1e02e97b|6f20ef6706723206,0.402,0.2278,5
cd74713d27a4daf9,M_nocap,tenants' complaints about mouldy homes in Rochdale,"[1] Hoarding: Woman embarrassed to have visitors - BBC News
Some renters are faced with forced clearances of their belongings As a homeowner, Rosemary is not at risk of losing her property. But, in some circumstances, hoarding can lead to a breach of tenancy if a safety risk is posed. Landlords and housing associations can seek court orders to compel tenants to remove their possessions or become evicted from the property.
Housing association United Welsh signed the taskforce's first ""no evictions"" policy, which promised eviction notices would not be sent to tenants who were seeking support for their condition. Craig Singler, director of housing and communities, said the team ""believe a sensitive, empathetic approach to supporting people who hoard is the right thing to do"". ""This starts with building relationships with residents, so we can have honest conversations and work together... to tackle safety issues,"" he said, adding that ""keeping people safe and able to continue living in their home"" should be the priority, with court action seen as a ""last resort"".

[2] Awaab Ishak: Plan to force landlords to tackle mouldy homes - BBC News
One mother told the BBC her family had been put up temporarily in a central Manchester flat after her three-year-old son was hospitalised seven times because of serious mould in their flat. Louis, from Middleton, Rochdale, developed chronic breathing problems while living in the property. His mother Amy said mould had spread from the skirting boards and walls to children's clothes, her mattress and pillows. ""We've been moved out to hotels three times, we're in an apartment now, but when I've been in a hotel he's never once been poorly, coughed, nothing,"" she said.
Mould is on the skirting boards and walls in Amy's family home in Rochdale The government announcement follows the passing of the Social Housing Act last year, a move set to give the social housing regulator stronger powers to tackle rogue landlords. An inquest in 2022 found Awaab died directly from a respiratory condition caused by exposure to mould - after his family's concerns were not acted upon. Speaking at the time, Coroner Joanne Kearsley said the housing association was not ""proactive"" and asked: ""How in the UK in 2020 does a two-year-old child die as a result of exposure to mould?""

[3] Great Yarmouth: Murder charge after woman's body found - BBC News
The force also said that ""following previous police contact prior to death"", the matter would be referred to the Independent Office of Police Conduct. Police have charged a man with murder following the discovery of a woman's body at a house in Great Yarmouth Follow East of England news on Facebook, Instagram and X. Got a story? Email eastofenglandnews@bbc.co.uk or WhatsApp 0800 169 1830
Mr Barnard has been remanded in custody and is expected to appear at Norwich Magistrates' Court on Monday. Leaflets from police have been posted in Princes Street, Great Yarmouth Detectives have appealed for witnesses or anyone who may have heard or seen anything suspicious in connection with the incident to contact them. The force also said that ""following previous police contact prior to death"", the matter would be referred to the Independent Office of Police Conduct.

[4] Couple wait to get back in home after Edinburgh explosion - BBC News
They are now living in a temporary flat nearby. The street remains closed off and no work has begun on repairing or assessing the couple's home Eight homes remain sealed off. Two of those were destroyed in the blast.
""We are currently determining whether further intrusive surveys are needed to some of the adjacent properties to assess the extent of the structural damage suffered by those homes, and we will continue to keep all those affected residents updated."" The Health and Safety Executive said it was continuing to investigate alongside Police Scotland. It previously said that the focus of the investigation related to the internal gas installations at a property and not the network. Mrs Taylor said: ""We don't want to go back in there until someone, on our behalf, is saying 'this is safe and sound for you to move back in, and you'll be able to sell it whenever you want and insure it.'""

[5] Port Talbot cat rescuers in court over filthy animal sanctuary - BBC News
""Also in the hall there were more black rubbish bags full of soiled cat litter, there was faeces and rubbish all over the floor."" Ms Milton said Mr Clowes did not live at the house but he visited a few times a day to feed the cats. Eleven cats were found dead at the property and a further 13 were taken into RSPCA care Three cats were removed by the RSPCA on the day of the fire and two were taken to a vets in Bridgend.
In the house there were bags of rubbish filled with cat litter Two men have been banned from keeping animals for 10 years after 24 cats at their animal sanctuary were kept in filthy conditions. Martin Clowes, 55, and Gavin Cromwell, 42, who ran Jemima's Place, pleaded guilty to failing to meet the needs of the animals. The RSPCA was called to the property in Port Talbot after it caught fire.","Tenants in Rochdale have raised serious concerns about mould in their homes, with one family experiencing significant health issues as a result. A mother reported that her three-year-old son was hospitalized multiple times due to chronic breathing problems linked to mould in their flat, which affected not only the walls and skirting boards but also their personal belongings. This situation has prompted government action aimed at empowering regulators to address issues with landlords who neglect such health hazards, following a tragic case where a child died from respiratory complications caused by mould exposure.",False,c5901f8ec66d192d|242b4476290b9065|ea572da653e7f560|2a532b88cb1c6709|49f704b906f9f54e,0.5669,0.3259,5
c21dbad21d88c336,M_nocap,report on boosting sport to reduce school absences,"[1] Labour proposes free breakfast clubs to tackle persistent school absence - BBC News
Persistent absence means missing at least 10% of school days - about four full weeks from the academic year. A CSJ report last week suggested more school sport could help, but also found some parents thought children did not need to be in school full-time. The DfE says parents have a duty to ensure children attend school. Bridget Phillipson said Labour plans to make persistent school absence a top priority if elected
More than one out of every five children in England are persistently absent from school Better mental health support for pupils would be part of Labour's plans to improve school attendance in England. Shadow education secretary Bridget Phillipson set out the proposed measures, including free breakfast clubs for primary schools, at an event at the Centre for Social Justice (CSJ) on Tuesday. The plans also include increased funding for early speech and language interventions.

[2] Liverpool FC's Conor Bradley 'did things no other child could' - BBC News
Bradley spent nine years there, including nursery school, before finishing primary seven in 2015 - the same year he became Northern Ireland's primary school cross country running champion. ""There is a strong sporting ethos at the school and it is great for our school community to see Conor's many achievements,"" the school added. Those achievements included representing the school's senior teams in Gaelic football, football, hurling, athletics and cross country running - all at the age of nine. ""What marked him out from teaching/coaching perspective was his temperament and his ability to include everyone at play,"" the school statement added.
In a statement, St Patrick's Primary School in Castlederg said the Northern Ireland international ""was a very gifted pupil across all subjects and he excelled at sports from a very young age"". ""His P1 teacher sent for the principal (both trained PE teachers) to marvel at his ball control in P1 with a sponge ball. ""His P1 report reads he is a great pupil and a delight to have in the classroom."" Bradley spent nine years there, including nursery school, before finishing primary seven in 2015 - the same year he became Northern Ireland's primary school cross country running champion.

[3] The para-swimmer who found her freedom in the water - BBC News
Sofia trains alone by memorising sets sent to her by her coach in Italy on the messaging service WhatsApp. It means the rare occasions when she gets to train with her Italian team PHB Polisportiva Bergamasca in person can be problematic. ""When I go back to Italy and train with my coach, sometimes I have to ask her to repeat what she just said, because I'm no longer used to listening to someone give me instructions,"" she laughed. Sofia says swimming has been ""lifesaving"" for her
Sofia says swimming has been ""lifesaving"" for her She said her discipline had helped her on days when she did not want to swim. ""I had years where I struggled a lot with my mental health, so I would just wake up in the morning and feel like I want to cry,"" she explained. ""But then I still got up and went swimming because I had a set there ready for me to do.""

[4] Tully Kearney: Paralympic champion makes formal complaint over classification process - BBC Sport
""I have always embraced the Paralympic movement and philosophy but my treatment during the last year has been arguably discriminatory by an organisation which is supposed to empower disabled people"" she wrote. ""In the area of Para-sport, we are afforded so few rights, eg the right to protest personally rather than via our national governing body. The British Elite Athletes' Association said: ""We commend athletes' decisions to speak out about their experiences. While we recognise the complexities of the classification process, athlete welfare should remain paramount throughout, as at all times in their careers.""
She also claims the findings of the classification team ""were irrational and unreasonable and demonstrated a fundamental lack of knowledge and misunderstanding of my disability"" and ""ignored the supporting medical evidence"". She told BBC Sport her classification had ended her hopes of winning medals at this year's Paris Paralympics because she has been placed in a category featuring less impaired athletes than those she has been racing against previously. In response, World Para Swimming (WPS) told the BBC: ""The details of an individual athlete's classification are confidential and World Para Swimming is unable to comment on the classification of individual athletes. British Swimming said it had ""provided full support and advice to Tully throughout this process as one of our world class programme athletes, and will continue to do so"".

[5] Pass rate falls for GCSE maths resits in England - BBC News
He said November candidates will be ""only a subset of the total number resitting"" - as students can also resit in the summer - and ""will tend to be those most likely to improve their grade quickly"". England's exams regulator, Ofqual, said the return to ""normal grading"" last year meant it was ""not meaningful to make direct comparisons between results in recent November series"". Comparisons with 2019 were included in the release of the November results - the last year exams were sat before the pandemic. Tom Middlehurst, assessment specialist at the Association of School and College Leaders, said the compulsory resit policy ""consigns the majority of young people to a remorseless cycle of falling below the grade 4 bar"".
Ahead of the November resits, colleges told the BBC they were having to expand class sizes and hire exam halls to cope with a rising number of pupils taking compulsory GCSE resits. Exams were cancelled in 2020 and 2021 and grades were based on teachers' assessments, leading to a rise in top results. Grades were brought back to 2019 levels in England last summer - meaning a lower pass-rate, and, therefore, more students having to take compulsory resits. More than 167,000 students in England received grade 3 or lower on their maths paper last summer - about 21,000 more than in 2022.","The coverage discusses the potential role of increased school sports in addressing persistent school absences, as highlighted in a report by the Centre for Social Justice. It notes that some parents believe children do not need to attend school full-time, which may contribute to absenteeism. Additionally, Labour's proposed measures to improve school attendance include better mental health support for pupils and initiatives like free breakfast clubs, indicating a broader strategy to tackle the issue of school absences.",False,ceeae98c0bb1c1c1|d4d06c734e916316|33a8425b41c07497|e3c72f5797307c9a|7a53ffb9ea05f9ea,0.6082,0.2698,5
7d93e7078bc0498e,M_nocap,colossal pliosaur skull on display in Dorset,"[1] Pliosaur discovery: Dorset fossil attracts record visitors to museum - BBC News
The 2m-long pliosaur fossil featured in a BBC film with Sir David Attenborough A Dorset museum displaying the skull of a huge sea creature said it has had a record number of visitors. The 2m-long pliosaur fossil featured in a BBC film with Sir David Attenborough. As of 11 January, the Etches Collection in Kimmeridge said it had received 4,868 visitors, almost 10 times their usual number for the whole of January.
The rest of its skeleton may still be entombed in the crumbling cliffs, and the hope is it may eventually be recovered. Steve Etches has the skull, now he wants the rest of the animal's body The museum's operations manager Carla Crook, daughter of palaeontologist Steve Etches who led the excavation, said their total number of visitors for the whole month of January is ""usually only about 500"". Its busiest day ever, on Saturday 6 January, saw a total number of 1,064 visitors.

[2] Mysterious medieval cemetery unearthed in Wales - BBC News
Over two summers, a team has been busy carefully removing the thin layer of topsoil to expose the graves that were carved into the bedrock so long ago. The excavation is featured on Digging for Britain on BBC 2 at 8pm on 4 January. The full series is already available on iPlayer. The front teeth from one of the skeletons are very worn
Some of the well preserved skeletons have been found lying in unusual positions and unexpected artefacts are also emerging from the site. The dig is starting to reveal more about this ancient community - but it's also raising questions. The cemetery lies in an unremarkable field in the grounds of Fonmon Castle, close to the end of the runway at Cardiff airport. Over two summers, a team has been busy carefully removing the thin layer of topsoil to expose the graves that were carved into the bedrock so long ago.

[3] Captain Cook statue vandalised in Melbourne on eve of Australia Day - BBC News
""It is understood the [Cook] statue was sawn off at the ankles. Several people were seen loitering in the area around the time of the incident,"" Victoria Police said in a statement. The 1914 monument commemorates Cook's 1768-1771 voyage during which he charted the country's east coast and paved the way for a later decision to send the First Fleet led by Captain Arthur Phillip. The statue has a history of being vandalised on or around 26 January.
The holiday on 26 January is the anniversary of the 1788 landing of Britain's First Fleet at Sydney Cove and the start of the colonial era. The vandals wrote ""The colony will fall"" on the Cook statue's plinth. Police said the ""criminal damage"" to both memorials happened in the early hours of Thursday. ""It is understood the [Cook] statue was sawn off at the ankles.

[4] Loony Dookers brave icy Forth for New Year's Day plunge - BBC News
A crowd of spectators gathered at Kinghorn as swimmers splashed into the Firth of Forth Many dookers wore fancy dress for their first bracing swim of 2024 Mermaids also appeared on the banks at South Queensferry Following the original dook by friends Andy Kerr and Jim Kilcullen, the event has been repeated for charity.
Dookers wore fancy dress and paraded down South Queensferry High Street before taking the plunge. Due to the popularity of the event, it was organised professionally from 2009. Money raised goes to the RNLI among other charities In 2011, a registration fee was introduced which rose to £20 in 2020.

[5] Great Yarmouth: Murder charge after woman's body found - BBC News
Police were called to a property in Great Yarmouth on Saturday where they discovered a woman's body A man has been charged with murder following the discovery of a woman's body in a house. The woman, in her 30s, was found dead at a property in Princes Road, Great Yarmouth, Norfolk, at about 09:11 GMT on Saturday. Adam Barnard, 40, and also of Princes Road, has been charged with her murder.
Mr Barnard has been remanded in custody and is expected to appear at Norwich Magistrates' Court on Monday. Leaflets from police have been posted in Princes Street, Great Yarmouth Detectives have appealed for witnesses or anyone who may have heard or seen anything suspicious in connection with the incident to contact them. The force also said that ""following previous police contact prior to death"", the matter would be referred to the Independent Office of Police Conduct.","A Dorset museum is currently displaying a 2-meter-long pliosaur skull, which has significantly increased visitor numbers, attracting nearly 10 times the usual amount for January. The museum, known as the Etches Collection in Kimmeridge, reported receiving 4,868 visitors as of January 11, compared to an average of about 500 for the entire month. The skull was featured in a BBC film with Sir David Attenborough, and there is hope that the rest of the pliosaur's skeleton may still be found in the nearby cliffs.",False,94450bdca00e6643|df3ebb56a6a48c7c|11f507578eed4caf|0882ee3f05191d5d|ea572da653e7f560,0.6467,0.2803,5
6481eb9da7932b29,M_nocap,Monmouthshire council car park spending amid budget cuts,"[1] More than 40 Tory MPs call for extra council funding - BBC News
If no extra funding is made available for councils, Mr Sunak could find himself facing another Commons rebellion when it comes to a vote on the issue next month. The County Councils Network, which represents some of England's largest local authorities, estimates its councils face a funding shortfall of £4bn over the next three years and says a planned rise in the national living wage will make the situation worse. Councils are currently in the process of setting their budgets for the next financial year, which starts in April, with many looking at cutting services to meet shortfalls. Ruth could be affected by cuts to community transport in Hampshire
Mark Wakeling, the charity's chief executive, said: ""It's pretty shocking. We think it's a time that resources need to be increased to the sector, not reduced. ""People are being asked to choose between street lighting or homelessness or paying for car parks."" The council is also looking at stopping funding for all community transport that it is not legally obliged to provide.

[2] BT Group to turn old street cabinets into electric vehicle charging points - BBC News
""Harnessing existing street furniture is a great way to increase the number of public EV charging points without further adding to clutter along our footpaths,"" he said. ""Making this even more valuable, many of these green street cabinets are located in residential areas across the UK, including smaller villages and towns, where charging infrastructure is most severely lacking."" The Department for Transport told the BBC that they have committed ""hundreds of millions of pounds to expand local charging across England."" Their spokesperson said: ""The number of public charge points is rising across the country - increasing by 44% since December 2022.
Tom Guy, CEO of Etc., the start-up and digital incubation arm at BT Group, said that this solution was a ""huge step"" in addressing the barriers customers face. ""Working closely with local councils in Scotland and more widely across the UK, we are at a critical stage of our journey in tackling a very real customer problem that sits at the heart of our wider purpose to connect for good,"" he said. Stuart Masson from automotive website The Car Expert welcomed the initiative. ""Harnessing existing street furniture is a great way to increase the number of public EV charging points without further adding to clutter along our footpaths,"" he said.

[3] Pothole reports hit a five-year high in 2023 - BBC News
The AA estimates they may have cost UK drivers as much as £500m in repairs. Scientists warn climate change will worsen the problem as more wet weather and temperature extremes give an extra battering to the surfaces we drive on. Almost 630,000 potholes were reported to councils in England, Scotland and Wales between January and November 2023, a five-year high, according to local government data compiled by campaign group Round Our Way following a Freedom of Information request. Data was only available from 115 out of 208 councils approached, meaning the total number of reported potholes is likely to be much higher.
Data was only available from 115 out of 208 councils approached, meaning the total number of reported potholes is likely to be much higher. ""Potholes are the bane of many of our lives and put drivers, cyclists and even pedestrians at risk of serious injury,"" says Roger Harding, director of Round Our Way. ""The weather extremes that climate change brings are sadly creating many more of them at a time when cuts mean repairs are already not keeping up."" A spokesman for the Local Government Association said councils shared the concerns of all road users with the state of our roads and were doing all they could to tackle what they said was a £14bn backlog of road repairs.

[4] Councils to get extra funding to tackle cash crisis - BBC News
The package of £600m is less than council leaders were pushing for, but has been welcomed by some of those running local government. However, it will not address the long-term challenge of funding services such as social care, and council tax is still likely to rise in many places. In a written statement, Mr Gove also called on councils to cut ""wasteful"" spending, hitting out at ""discredited equality, diversity and inclusion programmes"". He said local authorities would have to ""produce productivity plans setting out how they will improve service performance and reduce wasteful expenditure to ensure every area is making best use of taxpayers' money"".
England's local authorities will receive a £600m funding boost from the government following recent warnings of further bankruptcies. Communities Secretary Michael Gove said they would share £500m to help fund children's and adult social care. In December, he announced a total of £64bn would be made available to councils for 2024-25. Earlier this week, more than 40 Tory MPs signed a letter urging Rishi Sunak to increase that to avert major cuts.

[5] Rishi Sunak urged to do more for flood-hit areas in England - BBC News
The government said capital funding for the programme had been doubled to £5.2bn, and blamed rising inflation for the targets being missed. Labour has not committed more funding to the project, however. Shadow environment secretary Steve Reed said the issue was ""not about extra money"" but ensuring the existing budget ""is used to maximum effect"".
Both parties pointed to a National Audit Office report in November, which found number of extra homes in England to be protected from flooding had been cut by almost half. The government had committed to better protecting 336,000 more properties between 2021 and 2027 - but the spending watchdog report found this was reduced to 200,000. The report also found the Environment Agency had removed 500 of the 2,000 new flood defence projects originally included in the government's six-year flood and coastal erosion programme. The government said capital funding for the programme had been doubled to £5.2bn, and blamed rising inflation for the targets being missed.","The coverage indicates that councils are facing significant funding challenges, with many needing to cut services to address budget shortfalls. The County Councils Network estimates a £4 billion funding gap over the next three years, exacerbated by rising costs such as the national living wage. Local authorities are currently preparing their budgets, and some are considering cuts to community services, including transport and potentially car parks, as they struggle to balance their finances. Additionally, there is a call for increased funding from government officials and local leaders to prevent further service reductions.",False,8bd697c5e72a9a83|1bce062351592575|d249a3899b3b6ff4|ec188e392d7d2811|3acaee9a1831b6b2,0.4998,0.2802,5
8446993f74dcfd24,M_nocap,Ohio ban on child transgender procedures upheld,"[1] AfD: Germans float ban on elected far-right party after scandal - BBC News
""Those who fantasise about reconquering and remigration are drawing on the same ideas that paved the way for the inhuman racial laws of the Nazis,"" said Nancy Faeser. A party ban was the ""sharpest sword available"" and she did not rule out using it, but only as a final step.
Reacting to the reports, 25 Social Democratic Bundestag members called for a ban on the AfD to be examined, particularly for the party's ""extremist"" state associations. Despite the calls for a ban, the AfD is polling second nationally at more than 20% But there's scepticism amongst both lawyers and politicians. ""A ban makes no sense,"" said Dr Horst Meier, a constitutional lawyer who believes it would be legally possible but ill-advised.

[2] Police left children at mercy of grooming gangs in Rochdale, review finds - BBC News
The review also highlighted that Ms Rowbotham and her team were ""explicitly criticised"" for not following child protection procedures and for not communicating appropriately with other agencies in two serious case reviews by Rochdale Local Safeguarding Children's Board in 2013. The serious case reviews focussed on different agencies' roles with regard to seven children, who were subject to serious and prolonged child sexual exploitation. However, more than a year before the publication of those two reports, the multi-agency CSE group, chaired by GMP, were made aware of 127 potential victims referred by Ms Rowbotham's team that had not been acted upon. Three months before the reviews were published in December 2013, the list had grown to 260 potential victims.
""No child should have to experience, or fear, abuse of any kind,"" a spokesman said. ""It is so important for policing to listen to those who have bravely spoken about their experiences, and to ensure lessons are learned from past mistakes."" He said ""everyone in policing"" had a role to play in ensuring survivors get the support they need. The review also highlighted that Ms Rowbotham and her team were ""explicitly criticised"" for not following child protection procedures and for not communicating appropriately with other agencies in two serious case reviews by Rochdale Local Safeguarding Children's Board in 2013.

[3] Bronson Battersby: Review after boy, two, and dad found dead - BBC News
It must be completed within 15 working days of the national Child Safeguarding Practice Review Panel being notified of a serious incident that meets the criteria - 2 February in this case. It will then go to the national panel, which has 15 working days to decide the next steps. These include whether a national review is appropriate, further information is required to support decision-making, or if they agree and support the outcomes and recommendations made by partners involved in the rapid review.
Meanwhile, Labour leader Sir Keir Starmer told Prime Minister's Questions he was ""saddened"" to hear how the father and son had died in ""heartbreaking circumstances"". Lincolnshire Police said it was not treating the deaths as suspicious but had referred itself to the Independent Office for Police Conduct (IOPC), adding it was standard procedure in such cases. The rapid review will involve the council, police force, and any relevant health organisations. It must be completed within 15 working days of the national Child Safeguarding Practice Review Panel being notified of a serious incident that meets the criteria - 2 February in this case.

[4] Long Covid: NHS legal action launched by family of girl - BBC News
There is nothing more they can take from us."" Helen Goss said she wanted an apology Ms Goss added: ""I don't want this to happen to other young people. ""People might get the confidence, not only to take legal action, but to keep pushing for treatment.""
""After years of completely avoidable failings from the NHS, all Anna needed was someone to take accountability and to start getting the treatment she needs."" She added: ""It's unfortunate the family are now having to take legal action against NHS Grampian to get the care Anna needs, but they've been left with no other choice. ""I'm hopeful NHS Grampian will now listen and finally do the right thing by Anna and her family."" The health board said it was in the process of creating a new treatment pathway for children affected by the condition.

[5] Christopher Kapessa: Drowned boy's family 'racially abused' - BBC News
Christopher's family accused the CPS and South Wales Police of institutional racism for not prosecuting the suspect. When the decision not to charge the 14-year-old was reviewed, Jenny Hopkins, who oversees the appeals and review unit within the CPS, said: ""Although there was evidence to support a prosecution for manslaughter it was not in the public interest to prosecute."" The inquest is expected to last for up to two weeks.
Christopher's mother, Alina Joseph, told the inquest the family lived in Hirwaun, Rhondda Cynon Taf, until 2018 and suffered ""horrific treatment"" and ""felt very isolated"". She said they received ""racial hate letters"" and racist language had been written on the outside their home. The court in Pontypridd heard of incidents over a number of years where she said her children were allegedly beaten, urinated on and run over. She said they were reported to police but no action was taken.",INSUFFICIENT_EVIDENCE,False,8f04460b7505bdbe|ff0c51caad33336a|aaab31f380c95013|d4d63f3855f0120d|740e0248580140e6,0.3934,0.2661,5
d4c86faf2a4774e3,M_nocap,MrBeast earnings from X video,"[1] MrBeast: World's biggest Youtuber backtracks on X video snub - BBC News
But he has also earned a fortune. In November 2022, Forbes estimated that he made $54m (£42.5m) in a year from YouTube. Since then, he has gained 120 million more subscribers on his main channel. Those kinds of figures mean it is a boon for X to host MrBeast's content.
However, it has some way to go to beat the total audience it gained on the previous platform, where it has been viewed 211 million times since it was posted in September 2023. Regardless, it amounts to a significant change of heart for MrBeast, who previously said it was not worth his time to post videos to X, as ""even if they got a billion views"" it wouldn't cover the cost. MrBeast has claimed that his YouTube videos cost millions of dollars to make. But he has also earned a fortune.

[2] Nottingham stabbings: Hundreds gather at funeral of Barnaby Webber - BBC News
A fundraiser for Mr Webber has already surpassed its £5,300 goal, with almost £10,000 being donated. Mourners heard tributes from Mr Webber's former teachers and friends Mr Webber's mum, Emma, previously said: ""Barnaby was killed in a senseless, horrific attack. He leaves behind a family broken by grief and loss but determined not to let him be taken in vain.
Mourners arrive for the funeral of Barnaby Webber at Taunton Minster in Taunton, Somerset A private ceremony will take place after the service, where the family ask for only invited guests to attend. The families of Mr Webber and Ms Malley-Kumar are to create a foundation in their name, to ensure they ""leave a legacy"". A fundraiser for Mr Webber has already surpassed its £5,300 goal, with almost £10,000 being donated.

[3] Female artists dominated 2023 music charts - but new acts are being squeezed out - BBC News
In the albums market, none of the year's new releases were popular enough to be awarded a platinum disc, representing 300,000 sales. Ten years ago, 14 albums hit that mark. In 2003, the figure was 51. Music writer Patrick Clifton recently identified that statistics like these added up to a ""crisis"" for the British music industry.
Ten million albums were sold on CD, and cassette sales topped 100,000 for a fourth consecutive year. But streaming dominates the UK's music habits, now accounting for 87.7% of the market, compared to 63.6% five years ago. The BPI said 2023 was a ""landmark"" year for women, with seven of the top 10 best-selling songs featuring female acts. ""This should be celebrated, but without complacency,"" said Jo Twist, the organisation's chief executive.

[4] FTSE 100 bosses earn UK average salary in three days, says High Pay Centre - BBC News
Bosses of Britain's biggest companies will have made more money in 2024 by lunchtime on Thursday than the typical worker will all year, research claims. By 13:00 GMT, the pay of FTSE 100 chiefs will have overtaken the £34,963 annual median wage for full-time workers, the High Pay Centre says. Including pensions, top bosses' average reward amounts to £3.81m per year, the centre says. That works out to £1,170 per hour - 109 times the average full-time worker.
That works out to £1,170 per hour - 109 times the average full-time worker. Top City lawyers will have to wait until the beginning of next week to surpass the median worker's annual pay. Executives at companies listed on the bigger FTSE 350 have a median pay of £1.32m, so they will need to work until 10 January for their pay to overtake the annual pay of the typical UK worker, according to the High Pay Centre. The calculations are based on salaries published in companies' annual reports.

[5] Esports: Ambition to hold major gaming event in Wales - BBC News
Euan Ingram, pictured with his sister at the Commonwealth Games esports tournament, is among millions making money in esports A man who made thousands of pounds playing video games competitively in his bedroom is backing an ambition to bring an esports event to Wales. Euan Ingram, 26, is among millions of video gamers across the world making money in esports. With some prize pots worth millions of pounds, the esports market is expected to be worth $1.87bn (£1.46bn) by 2025.
""When I first started out playing Rocket League the first prize pool was £250 and now some prizes can be worth £100,000 for a team. But it wasn't about the money back then for me."" Although he made about £40,000 in career earnings, he said he struggled financially at times which affected his mental health. Euan now coaches others as Rocket League manager and head coach at Resolve, a gaming and entertainment brand, to ensure professional video gamers are fit and healthy, that they get enough sleep and take time away from playing too.","The coverage indicates that MrBeast has earned a substantial income, with Forbes estimating his annual earnings from YouTube at $54 million as of November 2022. His popularity has continued to grow, gaining 120 million additional subscribers since then. Despite previously expressing skepticism about posting videos to X due to cost concerns, he has since changed his stance, suggesting that hosting his content on X could be beneficial, especially given the significant viewership his videos have received. The evidence highlights the financial implications of his content creation and the evolving dynamics of his engagement with different platforms.",False,de2debe06b1841ac|30018bd084cc45af|b3e7711cebe12391|0f091951f5440600|f5471e0752a1ee76,0.7742,0.2565,5
340ccc210ef9ddf9,M_nocap,man sentenced to death for Kyoto anime fire,"[1] Japan earthquake: Fires hit quake zone as rescuers race to reach survivors - BBC News
It's a very frightening experience,"" Ms Ward said. Many also said the quake had reminded them of the devastating 2011 earthquake and tsunami that killed 18,000 people and triggered an accident at a nuclear plant in Fukushima. In an incident unrelated to the earthquake, a Japan Airlines plane caught fire on Tuesday as it collided with a coastguard aircraft on its way to provide earthquake relief at Tokyo's Haneda airport. Five people on board the coastguard plane are known to have died, but the Japan Airlines plane's 379 passengers and crew managed to escape.
Five people on board the coastguard plane are known to have died, but the Japan Airlines plane's 379 passengers and crew managed to escape. Japan is one of the most seismically active nations on Earth, owing to its location on the so-called Pacific Ring of Fire, where many tectonic plates meet. The constant threat of earthquakes has led Japan to develop one of the world's most sophisticated tsunami warning systems.

[2] Japan earthquake: Powerful tremors destroy buildings and trigger evacuations - BBC News
A powerful earthquake has struck Japan, causing large waves and damage to buildings. The 7.6-magnitude quake took place in Noto province on Honshu island, with officials urging people in coastal areas to move to higher ground. Although the full extent of the damage is still unknown, dozens of buildings have collapsed in several towns, trapping a number of people under the rubble. Thousands of people are spending the night in evacuation centres, as the Japanese military have been handing out food, water and blankets to those forced to leave their homes.
Thousands of people are spending the night in evacuation centres, as the Japanese military have been handing out food, water and blankets to those forced to leave their homes. A major tsunami warning was issued, but was later downgraded to a warning, and then an ""advisory"".

[3] Man held for murder over South Africa building fire - BBC News
The building was home to some of South Africa's poorest people A man has been arrested on suspicion of 77 murders after telling a public inquiry he started last August's deadly fire in a Johannesburg building. The 29-year-old confessed while giving evidence at the inquiry, police said. Last year fire gutted the Usindiso building in Marshalltown, where many poor people were living, claiming 77 lives and leaving many injured.
Last year fire gutted the Usindiso building in Marshalltown, where many poor people were living, claiming 77 lives and leaving many injured. The tragedy highlighted the issue of buildings abandoned or neglected by their owners in South Africa. A South African Police Service spokesperson said the suspect, who cannot be identified, is expected to appear in court soon. He is also expected to face charges of arson and 120 counts of attempted murder.

[4] Thousands in shelters overnight after tsunami warnings in Japan - BBC News
Our thoughts are with the Japanese people during this difficult time,"" he said. Prime Minister Rishi Sunak said the United Kingdom, too, was ""ready to support Japan"" following the disaster, and that his thoughts were with ""all those affected by the earthquakes in Japan which have caused such terrible damage."" Japan is one of the most seismically active nations on Earth, owing to its location on the so-called Pacific Ring of Fire, where many tectonic plates meet. The constant threat of earthquakes has led Japan to develop one of the world's most sophisticated tsunami warning systems.
Thousands of people in Japan are spending the night in evacuation centres after a powerful earthquake. Four people are confirmed to have been killed, the Kyodo news agency reports, and dozens of others have been injured. An unknown number of people are trapped beneath the rubble of collapsed buildings in several towns. The 7.6-magnitude quake struck at around 16:10 local time (07:10 GMT) on Monday.

[5] China: 13 dead after school dormitory fire in Henan province - BBC News
Fatal fires in China are not uncommon due to lax enforcement of building and safety standards. In November, 26 people died after a large fire ripped through an office building in Luliang City, Shanxi province. A hospital fire in Beijing last April claimed the lives of at least 29 people - mostly patients - and triggered an investigation which saw 12 people detained by police for questioning. Harrowing footage of the fire showed people climbing out of windows onto air conditioning units to escape the flames.
About 30 students were in the dormitory when the fire broke and the remaining students were safely evacuated. The fire was extinguished less than an hour after firefighters were alerted, Xinhua reported. No further details about the identities of the dead or the cause of the fire were released via official channels. Photos on state media show some windows of the dormitory building have been smashed, and the area around the school cordoned off, with police officers patrolling the scene.",INSUFFICIENT_EVIDENCE,False,2a77dab51c04ec23|3250774db0f2ceca|32fa8e95b3adaff4|0c6bdb706a4e558b|a21f2a8dac544aca,0.3948,0.2931,5
5338e7eac50e4e1d,M_nocap,Woolworths potential return to British High Streets,"[1] Tesco and M&S report strong Christmas sales - BBC News
However, the High Street giant said the economic outlook for 2024 was uncertain, ""with consumer and geopolitical risks"". ""We also face additional cost increases from higher than anticipated wage and business rates related to cost inflation,"" it added. Earlier this week, the British Retail Consortium warned that shoppers and retailers are set for a ""challenging"" year ahead, with higher living costs continuing to squeeze household budgets. M&S said the disruption to shipping in the Red Sea meant it was expecting some ""slight delay"" to deliveries of clothing and home goods in February and March.
M&S saw sales rise 8.1% over the 13 weeks to 30 December. Food sales were up 9.9% and its clothing and home section saw a 4.8% increase. It said womenswear was the ""standout"" performer in non-food sales and boss Stuart Machin said he did not expect to increase clothing prices this year. However, the High Street giant said the economic outlook for 2024 was uncertain, ""with consumer and geopolitical risks"".

[2] John Lewis planning major job cuts over five years - BBC News
The partnership says that plans to return the business to profitability will involve further reductions in staff John Lewis has confirmed it is planning to further cut its workforce over the next five years. Up to 11,000 jobs at the retail partnership - out of a total workforce of 76,000 - could reportedly go, according to the Guardian. John Lewis said the losses would include redundancies and not replacing vacant positions.
John Lewis said the losses would include redundancies and not replacing vacant positions. It would not confirm numbers to the BBC, but said plans to return the business to profit would mean cuts. The group is owned by its workers through a trust, who are known as Partners. A spokesperson for John Lewis said in a statement sent to the BBC on Saturday that it ""has a plan to return to profit, which involves investing heavily to enhance our customer offer, technology, stores and becoming more efficient"".

[3] Supermarkets' busy Christmas boosted by promotions, says Kantar - BBC News
""The traditional retailers always tend to do well in the run up to Christmas and this year was no exception,"" said Mr McKevitt. ""Supermarkets saw especially strong performances for their own-label lines, with sales of premium ranges like Sainsbury's Taste the Difference and Tesco Finest surging by 11.9% compared with last year to hit £790m - accounting for 5.7% of all grocery sales. On Tuesday, however, rival discount supermarket chains Aldi and Lidl reported ""record"" Christmas trading, boosted in particular by demand for more affordable luxury items like beef rib or macarons. The British arm of Aldi said that sales topped £1.5bn for the first time in the four weeks to Christmas Eve, while rival Lidl claimed its best Christmas yet since it entered the British market in 1994.
The British arm of Aldi said that sales topped £1.5bn for the first time in the four weeks to Christmas Eve, while rival Lidl claimed its best Christmas yet since it entered the British market in 1994. Analysts suggested that as costs remain elevated, it was little surprise that stores were reporting higher takings. • None Aldi and Lidl claim 'best ever' Christmas sales

[4] Retail sales fall at sharpest rate since Covid - BBC News
""I think we've still got fallout from inflation... and I think consumers are still feeling the pinch and I don't think that's over, even now."" Earlier this month, the British Retail Consortium predicted a ""challenging"" year ahead for the sector with household budgets still being squeezed by higher living costs. The worse-than-expected retail sales also raise the risk that the UK ended 2023 in ""the mildest of mild recessions"", according to Alex Kerr, assistant economist at Capital Economics.
Retail sales volumes fell by 3.2% in December in the sharpest drop since the UK was in a Covid lockdown. Official figures revealed a sharp fall in demand for goods, but food sales also declined in the run-up to Christmas. The Office for National Statistics (ONS) said it appeared people did their shopping earlier in November, taking advantage of Black Friday sales. It meant that retail sales tumbled at the fastest rate since January 2021.

[5] Wales needs powers to set new tax rates, says Plaid Cymru - BBC News
""Scotland is a good example of the kind of thing that we might want to do in Wales, but we can't talk about those kind of things now."" Plaid Cymru has 12 Members of the Senedd and three MPs at Westminster Mr ap Iorwerth said a law passed in the Commons was needed to address ""Wales' underfunding"". There are long-standing complaints that Wales should have received billions as a result of the HS2 railway line, which was classed as English and Wales despite ending in Birmingham.
There are long-standing complaints that Wales should have received billions as a result of the HS2 railway line, which was classed as English and Wales despite ending in Birmingham. The UK government provides most of the cash needed to run Welsh government services and invest in infrastructure, with a smaller proportion raised from tax. The amount is determined by the Barnett formula. Plaid argues that Wales' funding should be based on its needs.","The evidence does not provide any information regarding Woolworths' potential return to British High Streets. It focuses on the performance of other retailers, economic challenges facing the retail sector, and job cuts at John Lewis, but does not mention Woolworths or its plans. Therefore, there is insufficient evidence to summarize on the topic of Woolworths' return.",False,ee2a596871e64f89|5eb9996c235199af|9bc5ba854185467f|ed4ca032efaae820|fd184f9617755b56,0.4202,0.2818,5
57f67219c9ab0596,M_nocap,actor criticises Post Office boss,"[1] Post Office scandal: Rishi Sunak considers measures to clear all victims - BBC News
There has been widespread sympathy for the victims - and renewed anger - after the four-part mini-series Mr Bates vs the Post Office: The Real Story aired on ITV this week. It centres on the story of sub-postmaster Alan Bates, played by actor Toby Jones, who led and won a legal battle, paving the way for dozens of convictions to be overturned. Lord Arbuthnot, who was Jo Hamilton's MP when she was wrongly convicted of false accounting - a conviction that was quashed in 2021 - said that ""there needs to be retribution on those who are responsible"". The ITV series focuses on the Post Office's former chief executive, Paula Vennells.
The ITV series focuses on the Post Office's former chief executive, Paula Vennells. But Lord Arbuthnot said: ""There are so many people who behaved so very badly that I think it is probably wrong to focus on one person. ""At the moment, scores of people have got away with things which they should not have got away with and I hope they will not as a result of the public inquiry run by Sir Wyn Williams."" Until 2012, the Post Office was part of Royal Mail before it was split off.

[2] Post Office victims' compensation pot cut by half - BBC News
We have consistently tried to manage those fears and have successfully done so when people have come forward. However, it remains an ongoing battle."" Professor Chris Hodges, chair of Horizon Compensation Advisory Board, said in a letter to the government an unwillingness to appeal was due to a ""deep distrust of authority"", evidence being lost or destroyed and issues with compensation if a Post Office manager is not granted a retrial. Nick Wallis, journalist and author of The Great Post Office Scandal, told the BBC's Today programme courts were ""working on the basis on Horizon being essential to a prosecution"", and not seemingly taking account of the ""huge failures"" of Post Office management and prosecutors.
Nick Read, the Post Office's chief executive, said in its annual accounts that ""any suggestion that today's Post Office is deliberately placing obstacles in the way of that outcome is wholly misplaced"". He said: ""Set against the processes and procedures we have to follow to both secure the necessary funding from government for compensation payments and to make them, we have made good progress. ""We will not rest until justice is achieved, and full and fair compensation paid, for all those so badly affected by the events of the past."" A Post Office spokesperson added it encourages ""people who believe they were wrongly convicted, for any reason, to consider an appeal"".

[3] Post Office may face £100m tax bill over victim payouts - experts - BBC News
A spokesman said that HMRC could not comment on specific business or individuals but said: ""We collect the tax due under the law, creating a level playing field for everyone and funding public services. The Post Office said its financial information was ""appropriate and accurate"" and it was in discussions with HMRC and the Department for Business and Trade, which oversees the state-owned company. While the Post Office appears to have deducted compensation provisions from their taxable profits, it apparently ignored them when it came to calculating executive pay. The largest determinant of bosses' pay is a measure the Post Office calls ""trading profit"", which excludes the money set aside to compensate scandal victims, thereby increasing the pay of executives.
It continues ""the Directors recognise that an adverse outcome could be material"". Mr Neidle estimates that deducting postmaster compensation from the Post Office's trading profit would mean that it underpaid more than £100m in corporation tax. The Post Office does not currently have enough money to pay that bill and would therefore, Mr Neidle argues, be technically insolvent. A spokesman said that HMRC could not comment on specific business or individuals but said: ""We collect the tax due under the law, creating a level playing field for everyone and funding public services.

[4] Post Office scandal: The ordinary lives devastated by a faulty IT system - BBC News
The judge agreed. The Horizon system was flawed and a group of 555 post office workers won a group action paving the way for the first round of sub-postmasters and sub-postmistresses to have their convictions overturned in 2021. Alan's story - and name - was the focus of the ITV drama, Mr Bates vs The Post Office, which has reignited the public consciousness around the Post Office scandal. ""It's been the best or the worst unpaid job I've ever had,"" he says.
Alan Bates became the face of the fight against the injustices of the Post Office. His story has come to define those of at least 736 others who were also wrongfully convicted between 1999 and 2015. A sub-postmaster, Alan took over a shop with a post office counter in the seaside town of Llandudno, in 1998. Together with his partner, Suzanne, they poured their life savings into the business.

[5] Post Office scandal: Former minister calls for mass appeal against convictions - BBC News
It has the power in England and Wales to do so, and its appointed lawyers presented the evidence in court. The situation is different in Scotland and in Northern Ireland. Prime Minister Rishi Sunak has said the government is reviewing options, including stripping the Post Office of its role in the appeal process, and is also looking at how to speed up the compensation process, amid concerns it has been far too slow. On Monday, a petition calling for the former Post Office chief executive, Paula Vennells, to lose her CBE over the scandal passed more than one million signatures.
It comes as ministers met on Monday to consider ways of clearing the names of hundreds of sub-postmasters. Between 1999 and 2015, more than 700 Post Office branch managers were convicted of false accounting, theft and fraud based on the faulty Horizon software. Some sub-postmasters wrongfully went to prison, many were financially ruined. Some have since died.","The coverage highlights renewed public anger and sympathy for victims of the Post Office scandal following the airing of the ITV mini-series ""Mr Bates vs the Post Office: The Real Story."" The series focuses on Alan Bates, a sub-postmaster who led a legal battle against wrongful convictions linked to the faulty Horizon IT system, which affected many others as well. There are calls for accountability from various figures, including a former minister who emphasizes the need for justice for those wrongfully convicted, and a petition demanding the former Post Office chief executive, Paula Vennells, lose her CBE has gained significant support. The discussions also include potential government measures to expedite compensation for victims and address the failures of Post Office management.",False,a759ba1ff1e97a8c|e10abb8eb3809954|6e760ac156a6441b|9e7bb9f5d26a3936|0a5fa0a6fc09ec39,0.5366,0.3713,5
7e15d077b01f697e,M_nocap,dog undergoes operation to remove extra limbs,"[1] Pandemic puppy owners struggle with bad behaviour say vets - BBC News
Denise Mariner-Chappell says her Labrador Ted ""hasn't got a nasty bone in his body"" A Commons hearing earlier this year heard the UK's dog population rose by about a million to an estimated 11 million, with many people becoming first-time owners. The RVC warned there was a boom in illegal puppy purchasing practices during the pandemic. The number of cases where an out-of-control dog caused injury rose by just over a third between 2018 and 2022, a previous BBC investigation found.
The number of cases where an out-of-control dog caused injury rose by just over a third between 2018 and 2022, a previous BBC investigation found. In January, a plastic surgeon in West Sussex told the BBC they were now seeing twice as many dog attack victims compared to before the pandemic. Battersea's Robert Bays warns the the animal rescue charity has seen a rise in dogs with problem behaviours Robert Bays, Battersea's senior animal behaviour manager, said the charity had seen a rise in dogs coming to its centres with behavioural issues, including ""separation anxiety, which can often be linked to the pandemic and the training challenges this unusual time presented"".

[2] BBC reporter Sean Dilley finally meets his new guide dog - BBC News
His previous dog, Sammy, retired after eight years. Sean had to wait 16 months before his new guide dog arrived, during which he used a white cane. ""Spending time with Shawn is the best feeling in the world,"" says Sean. ""He is my independence and I have got my life back.""
BBC correspondent Sean Dilley has been getting to know his new guide dog, also called Shawn. The pair have been learning to live together - walking, taking public transport, drinking coffee and even playing the guitar. Sean, who was born with congenital blindness, has used guide dogs for nearly 25 years. His previous dog, Sammy, retired after eight years.

[3] Scottish government announces XL Bully dog 'ban' - BBC News
Those wishing to keep their dogs will be able to do so for a fee, which has yet to be announced. Owners registering their dogs for exemption in England and Wales are charged £92.40. Under those guidelines, the dog must also be microchipped and neutered. Compensation will be payable to owners who choose not to keep their dogs, including reimbursement for euthanasia.
Edinburgh Dog and Cat Home acquired Kira after she was brought to Scotland from England She said: ""Kira is not in a unique situation. There are going to be many dogs who are in unstable homes right now. ""Just last night, we had a dog tied up next to the motorway and the police were called.

[4] BBC's Glenn Campbell: My brain cancer diagnosis was a total shock - BBC News
They operated on a Thursday and I was home walking my dog on the Saturday - a timeline I would not have imagined possible. The only way to find out exactly what they cut out was to send it for forensic examination. The pathology report took a few weeks. That was actually fairly swift - but it felt like a very long time because every day you wait for a definitive diagnosis is a real strain.
That was actually fairly swift - but it felt like a very long time because every day you wait for a definitive diagnosis is a real strain. Glenn was out walking his dog Ruadh two days after going through surgery When I went in to hear the results from my consultant I was prepared for the worst but hopeful for a better outcome. Once again, I was lucky.

[5] Cat and dog theft set to be made criminal offence - BBC News
It will now face further scrutiny from MPs and peers but government support means it is more likely to become law. Currently, pets are considered in law to be property and stealing a pet is covered by the 1968 Theft Act. The law is similar in Scotland. The government promised to make the abduction of dogs a criminal offence in 2021, but no such legislation has yet been passed.
The government promised to make the abduction of dogs a criminal offence in 2021, but no such legislation has yet been passed. Measures were included in the Animal Welfare (Kept Animals) Bill, which was dropped by ministers in May 2023, prompting a backlash from campaigners. The government had promised measures in the bill would be enacted by other means, including using private members' bills introduced by backbench MPs. The initial pledge followed recommendations made by a pet theft taskforce established in response to concerns about dog theft during the Covid pandemic.","The evidence does not provide any information regarding a dog undergoing an operation to remove extra limbs. Instead, it discusses various topics related to dog ownership, behavior issues, guide dogs, legislation on dog theft, and a personal account of a brain cancer diagnosis. Therefore, there is insufficient evidence to summarize the specific query about a dog operation.",False,409d46ae981738b3|85ae40089fee927b|36dc75121099f9ca|fb144ca5958e588c|12f660940b0b8702,0.4629,0.2896,5
9ef1efa205440a7f,M_nocap,father and daughter start as mental health nurses,"[1] Wales social services face cuts over £646m budget gap - BBC News
Some people don't have families so we become families to them,"" she said. ""All my staff are very caring. We see [clients] when they're sad, when they're happy, when they've had good news or bad news. Emotionally, it affects carers… Even when you go home, it's hard to switch off and think, 'that's tomorrow's problem',"" she added.
She started as a support worker and was promoted to a service manager in the summer. She said while it was a really rewarding job, staff at Cartrefi Cymru did more than ""just care"". ""We support with a lot of things like medication. Some people don't have families so we become families to them,"" she said.

[2] Inmate 'berated and threatened' before her death, says mother - BBC News
Ms Allan also suffered taunts over her hair loss through alopecia, her mother said. She added that Ms Allan's mental health ""significantly deteriorated"" while she was in custody and that she was ""incredibly distressed"". Mrs Allan told the inquiry she had visited her daughter on 3 June 2018. She said she was completely different to how she had been in all her previous visits.
Mrs Allan told the inquiry her daughter had suffered from eczema since childhood and alopecia developed later. She said she noticed her eczema, which was triggered by stress and allergies, on her visit to her daughter just days after she was taken to Polmont. In the following weeks she said Ms Allan lost 60% of her hair. Mrs Allan, who had 38 years' experience in mental health as a nurse, said she also noticed a significant deterioration in her daughter's mental health.

[3] Soldier who shot child killed himself waiting for therapy - BBC News
However, Mrs Du Preez said she believed more could have been done to provide him with veteran specific mental health care in the years before his death. ""It's frustrating because I know there are people receiving treatment with similar conditions over the border in England, and it feels very much like a postcode lottery,"" said Mrs Du Preez, who works as a civil servant. ""I've got a little boy at home who doesn't have daddy."" According to Welsh government figures, there are about 115,000 veterans in Wales, and a higher percentage in Wales than in England.
Cwm Taf Morgannwg University Health Board said it extended ""heartfelt condolences to George's family"", adding: ""As a health board, we are committed to the Armed Forces Covenant and provide a range of services to veterans with mental health needs."" If you are affected by any of the issues in this article you can find details of organisations that can help via the BBC Action Line.

[4] Police left children at mercy of grooming gangs in Rochdale, review finds - BBC News
""No child should have to experience, or fear, abuse of any kind,"" a spokesman said. ""It is so important for policing to listen to those who have bravely spoken about their experiences, and to ensure lessons are learned from past mistakes."" He said ""everyone in policing"" had a role to play in ensuring survivors get the support they need. The review also highlighted that Ms Rowbotham and her team were ""explicitly criticised"" for not following child protection procedures and for not communicating appropriately with other agencies in two serious case reviews by Rochdale Local Safeguarding Children's Board in 2013.
The review also highlighted that Ms Rowbotham and her team were ""explicitly criticised"" for not following child protection procedures and for not communicating appropriately with other agencies in two serious case reviews by Rochdale Local Safeguarding Children's Board in 2013. The serious case reviews focussed on different agencies' roles with regard to seven children, who were subject to serious and prolonged child sexual exploitation. However, more than a year before the publication of those two reports, the multi-agency CSE group, chaired by GMP, were made aware of 127 potential victims referred by Ms Rowbotham's team that had not been acted upon. Three months before the reviews were published in December 2013, the list had grown to 260 potential victims.

[5] Prescription drugs sold online without robust checks - BBC News
The parents of a woman who died in 2020, after accidentally overdosing on medicines she bought online, are among those calling for stricter rules. Katie Corrigan, from St Erth in Cornwall, had developed an addiction to painkillers after experiencing neck pain. ""Katie needed help, she didn't need more medication,"" says her mum, Christine Taylor. Her GP had stopped supplying the drug after realising she had been allowed to request new prescriptions prematurely and been prescribed too much.
In his final report, he said the safety controls were inadequate. Christine wants online pharmacies to obtain more background information. ""It's far too easy - it's people's lives, and it's a disaster waiting to happen,"" she says. Current guidance from the regulator, the GPhC, says online prescribers must get ""all the information they need"" to ensure a medicine is safe and appropriate for an individual patient.","The evidence does not provide any information about a father and daughter starting as mental health nurses. It discusses various topics related to mental health, including the experiences of a mother with her daughter's mental health deterioration in custody, the challenges faced by veterans in accessing mental health care, and issues surrounding child protection and online prescription drugs. However, none of the evidence directly addresses the specific query about a father and daughter in the context of mental health nursing.",False,fb54d7ac13f4c358|6dd3e2f355509b35|bb07fa1a1859a7ab|ff0c51caad33336a|dd22f000fe8f1366,0.4084,0.2833,5
14959417647b94ee,M_nocap,BBC defends Dragons' Den after criticism,"[1] BBC review: Ofcom to gain more powers over BBC News website - BBC News
The government consulted with the BBC and Ofcom in developing the recommendations. The Department for Culture, Media and Sport said impartiality remains ""an ongoing issue for audiences"" and cited ""a lack of public confidence"" in the way the BBC currently handles complaints. It said it would review the effectiveness of the BBC's new social media guidelines, which were brought in following a row over Gary Lineker's social media posts. Other recommendations include greater independent scrutiny of complaints handling, and improving transparency for commercial media organisations.
Other recommendations include greater independent scrutiny of complaints handling, and improving transparency for commercial media organisations. And Ofcom will be given a new legally binding responsibility to review more of the BBC's complaints decisions. The BBC is also being urged to better reflect diverse views in decision-making and improve engagement with underserved audience groups. Culture Secretary Lucy Frazer said the government wanted to see ""a strong, independent BBC"" that would thrive in years to come.

[2] Learn how the BBC is working to strengthen trust and transparency in online news - BBC News
Exceptional circumstances may include legal reasons, personal safety risks, or a serious breach of editorial standards that cannot be rectified except by removal of the material. Verification/Fact-checking Standards: The BBC's accuracy and verification policy is outlined in the Editorial Guidelines on Accuracy. Unnamed Sources: The BBC's policy and guidance on the use of anonymous sources is detailed in the Editorial Guidelines. Actionable Feedback: The BBC's complaints procedure is outlined in the BBC Complaints Framework.
In all our output we will treat every subject with an impartiality that reflects the full range of views. We will consider all the relevant facts fairly and with an open mind."" Research shows that, compared to other broadcasters, newspapers and online sites, the BBC is seen as by far the most trusted and impartial news provider in the UK [PDF]. Even so, we know that identifying credible journalism on the internet can be a confusing experience.

[3] Paula Vennells: Ex-Post Office boss was shortlisted to be Bishop of London - BBC News
Some went to prison following convictions for false accounting and theft, while many were financially ruined. Ms Vennells has long faced questions over her role in the scandal, which has been described as one of the most widespread miscarriages of justice the UK has ever seen. But the issue is back in the spotlight following an ITV drama, which was broadcast last week. Ms Vennells was interviewed for the role of Bishop of London - the third most senior in the Church of England - but not appointed from a final shortlist of three.
Ms Vennells was interviewed for the role of Bishop of London - the third most senior in the Church of England - but not appointed from a final shortlist of three. She was still chief executive of the Post Office at the time, eventually standing down in 2019 - the same year she was awarded a CBE for services to the Post Office and to charity. There had been growing calls for her to be stripped of her honour, with a petition passing more than one million signatures this week. On Tuesday Ms Vennells said in a statement she was returning her CBE with ""immediate effect"".

[4] Sir Jeffrey Donaldson: DUP leader faces down critics after threats - BBC News
Mr Heaton-Harris also thanked Sir Jeffrey for his speech and condemned those who had threatened him. ""The fact he's been threatened for doing what he has been doing is a disgrace,"" he said. He added that he hoped politicians would soon be back ""celebrating"" the return of power-sharing. Shadow Northern Ireland Secretary Hillary Benn said it appeared talks between the DUP and the government had arrived at a ""moment of decision"".
Sir Jeffrey was speaking as the Commons debated a bill to extend the deadline for restoring devolution Sir Jeffrey Donaldson has said he will not be ""deflected"" after revealing he was threatened over his efforts to reach a deal to restore Stormont. The Democratic Unionist Party (DUP) leader said one of those behind the threats ""didn't even vote at the last election"". He was speaking as the Commons debated a bill to extend the deadline for restoring devolution to 8 February.

[5] Edinburgh tenant records flat rent row on secret video - BBC News
""I would say it was my first time meeting people so aggressive to me, I was quite nervous."" He added: ""I know I have to do something to protect myself so I take my phone, which was sitting on the bed, and secretly recording the landlord. He did not notice, he just keep speaking threateningly to me."" Jason Chen reported the incident to Police Scotland on 25 October last year
Jason Chen reported the incident to Police Scotland on 25 October last year Mr Chen paid up his outstanding rent after the confrontation as he felt he had no choice, despite being told by housing sector experts that he had the right not to pay. He added: ""My flat mates all come from different countries, none of us are local people, when this happened to us we definitely feel like is this normal? ""These things happen here and nobody cares.","The evidence does not provide any information specifically related to the BBC's defense of ""Dragons' Den"" or any criticism it may have faced. Instead, it discusses broader issues regarding the BBC's impartiality, complaints handling, and trust in its news services, as well as unrelated topics such as a former Post Office boss and political matters in Northern Ireland. Therefore, the coverage does not address the query directly.",False,73c3dab18c0c991d|faf7a76e3a77759f|7dfc4d1b760025f3|bcded98e450023c8|4cfcdc66393c635f,0.3578,0.2647,5
8e32e0ffa7a63583,M_nocap,men jailed for the murder of a schoolgirl,"[1] Nottingham attacks: Triple killer had history of mental health problems - BBC News
Calocane was arrested shortly after the attacks A man who stabbed three people to death in Nottingham had been detained four times under mental health laws before the attacks, a court was told. Nottingham Crown Court heard Calocane, 32, believed MI6 was spying on him. He admitted three counts of manslaughter and three of attempted murder.
He then evaded contact with the community team, and a warrant under the Mental Health Act was secured to gain entry to his property in order that an assessment could be conducted. After attacking the two students, Calocane tried to break into a hostel The warrant was executed on 3 September 2021, when Calocane allegedly assaulted a police officer. Mr Khalil added: ""A bag of unused medication dating from February 2021 was discovered in the flat.

[2] British brothers jailed and banned from Switzerland for museum heist - BBC News
Louis Ahearne and his older brother Stewart Ahearne were extradited from the UK in 2022 Two British brothers have been jailed after confessing to breaking into a Geneva museum and stealing iconic 14th century Chinese Ming Dynasty antiques. Stewart and Louis Ahearne admitted to a court in Geneva that they were part of a gang of three who raided the Museum of Far Eastern Art in June 2019. The judge found the brothers guilty of aggravated theft and jailed them each for three-and-a-half years.
The judge found the brothers guilty of aggravated theft and jailed them each for three-and-a-half years. He also banned the pair from visiting Switzerland for five years each. The brothers were ordered to pay 15,000 Swiss francs ($17,400; £13,770) in damages to the Baur Foundation which manages the Museum of Far Eastern Art. Their prison terms, for now, are to be served in Switzerland.

[3] Bars ignore abuse from sports stars, campaigner says - BBC News
Fiji international rugby player Api Ratuniyarawa was jailed for assaulting three women in a Cardiff nightclub Bars and clubs ignore harassment and sexual assaults by sportsmen because of status, a women's safety advocate says. Jess Davies' comments come after rugby player Api Ratuniyarawa was allowed to return to a bar where he attacked three women. Api Ratuniyarawa, 37, was jailed last week for the attacks in the VIP section at Revolution in Cardiff.
She said this led to ""a sense of entitlement"" where players thought ""they can get away with whatever they want"". Ms Davies called for stricter protocols, adding: ""A club's priority should be to keep their female customers safe, regardless of what powerful men might be in there. ""He should have been barred the first time this happened and not let back in a second and third - and if it was because the door staff were too intimidated to tell him 'no' then someone really needs to get better door staff."" Ratuniyarawa committed the assaults, which were all caught on CCTV, in the days running up to a match he was due to play at the Principality Stadium on 3 November last year.

[4] Michigan school shooter's mum weeps as she goes on trial - BBC News
Their lawyers say they left home for their safety and planned to turn themselves in later. There were three witnesses on Thursday: the school principal, a teacher who survived the attack and an employee of the gun shop where the killer and his father shopped for his handgun. On the day of the shooting, school officials found the boy, who was then 15, with disturbing drawings. His parents were called to school to review the drawings, but left after concluding the meeting in only 11 minutes, Mr Keast said.
Mrs Crumbley's husband, James, is facing a separate trial on the same charges, which are punishable by up to 15 years in prison. During the attacker's trial last year, his attorneys argued he was neglected by his parents and suffered from mental illness. But he later said his parents did not know about his plans and that he was solely responsible. The trial opened on Thursday, and Mrs Crumbley wept as jurors were shown a video captured by a school security camera on the day of the shooting.

[5] China: 13 dead after school dormitory fire in Henan province - BBC News
The manager of the school, near Nanyang city, has been detained and an investigation is under way. One other person is being treated in hospital and is in a stable condition. A teacher at the school told state-run Hebei Daily that all the victims were from the same third-grade class. About 30 students were in the dormitory when the fire broke and the remaining students were safely evacuated.
Police were seen standing near the school in the Henan province Thirteen schoolchildren aged nine and 10 are confirmed to have died after a fire broke out in a school dormitory in central China, the country's Xinhua state news agency reported. The deadly blaze happened on Friday night at the Yingcai School in Yanshanpu village, Henan province. The manager of the school, near Nanyang city, has been detained and an investigation is under way.","The evidence does not provide any information regarding men jailed for the murder of a schoolgirl. It covers various topics, including a triple killer with mental health issues, British brothers jailed for a museum heist, a rugby player's assaults, a school shooter's trial, and a school dormitory fire in China. None of these reports relate to the query about men jailed for the murder of a schoolgirl.",False,c7b08f42e174cbe0|e6ad81e5e379d051|70926d60b75d1ff1|a0c85641a86ebc36|a21f2a8dac544aca,0.4574,0.3235,5
dd030cfe95586093,M_nocap,Justin Welby on political leaders' treatment of opponents,"[1] Gabriel Attal: Macron's pick for PM is France's youngest at 34 - BBC News
President Macron's party faces a strong challenge from National Rally and its young leader Jordan Bardella - as well as Marine Le Pen And, all the while, he managed to buck the normal trends by actually becoming popular among the public. Polls show that he is by far the most admired member of the Macron government - competing at the same level as the president's main enemy, the nationalist Marine Le Pen and her youthful colleague Jordan Bardella. And there, of course, is the heart of it.
Even opposition figures recognise that he is a class act. He is respected and liked in the National Assembly. But there are also questions about what he actually stands for. The suspicion for many is that he is all smiles and verbiage, much like the man to whom he owes his career.

[2] Should Parliament be consulted before military action? - BBC News
And governments are always likely to argue they have to maintain the right to act quickly. To surprise an enemy. But the moulding of convention over the perceived legitimacy or otherwise of the royal prerogative means the debate now is not merely on the merits of any armed response. But on who has the right to be consulted.
And he said he would listen. But Rishi Sunak defended his decision to sanction strikes on Yemen by citing two more recent precedents. Theresa May authorised strikes on Syria in 2018 without parliamentary approval. And David Cameron did the same three years earlier - telling MPs afterwards.

[3] Polish police arrest politicians in presidential palace - BBC News
It is all the more outrageous that this is done by people who have such slogans of democracy on their lips,"" Mr Morawiecki said. Given PiS's record of controlling state institutions while in office, many Tusk supporters argue such accusations are the height of hypocrisy.
The Helsinki Foundation for Human Rights acknowledged PiS had made it legally difficult to reform the public media, which it said required ""urgent reform"" because it had become ""a propaganda mouthpiece"" under PiS, but said the new government's changes ""raise serious doubts"". Former PiS prime minister Mateusz Morawiecki told the BBC Mr Tusk's government talked loudly about democratic standards but fell well short in practice. ""We are witnessing an unprecedented attack on the rule of law. Tusk's government decided it could take over public television and media by force.

[4] Jo Cox Foundation: Abuse of politicians is a threat to democracy, report says - BBC News
It suggests social media firms should offer extra support to politicians during elections. Research has found politicians face regular violent threats in their roles. Former home secretary Jacqui Smith, who now chairs the Jo Cox Foundation, said Parliament must act to ""prevent elected representatives from stepping down and ensure a diverse and talented future pipeline of politician"". ""Abuse and intimidation of elected politicians is a genuine threat to democracy in this country,"" Ms Smith said in a statement.
Further police checks at politicians' homes and offices and the establishment of a central government-funded unit to tackle abuse are also among the recommendations. The report has received praise from four former prime ministers, including Sir Tony Blair who called the recommendations ""a vital step"" towards making politics safer. ""Robust political debate is the cornerstone of a healthy democracy and is to be encouraged,"" Sir Tony said. ""Yet too often, our politics is dissolving into abuse, threats, and violence that only serve to undermine the democratic process.""

[5] Watchdog to assess claims against pensions minister Paul Maynard - BBC News
""Rishi Sunak's promise of professionalism, integrity and accountability was in tatters long before these revelations,"" she said. ""We urgently need a general election and change with Labour."" The Liberal Democrat Deputy Leader, Daisy Cooper MP, called on Rishi Sunak to suspend Mr Maynard as a minister and suspend the party whip while ""these extremely serious allegations"" were investigated. ""These latest allegations are yet another sore reminder of the number of times that senior Conservatives have shown utter contempt for the rules,"" she said.
""These latest allegations are yet another sore reminder of the number of times that senior Conservatives have shown utter contempt for the rules,"" she said. ""The Conservative Party has proven itself completely unfit to be in office. We need a general election now.""","The coverage discusses the treatment of political opponents and the broader implications for democracy. It highlights concerns about the abuse and intimidation faced by politicians, which is seen as a genuine threat to democratic processes. The Jo Cox Foundation report emphasizes the need for measures to protect elected representatives from violence and harassment, suggesting that robust political debate is essential for a healthy democracy. Additionally, there are accusations of hypocrisy regarding the treatment of opposition figures in Poland, where the ruling party's actions are criticized for undermining democratic standards while professing to uphold them.",False,a3b43cca24ab1dac|77a4f6cd02107ec4|bbd69903f26683c1|c2472f252143b22b|fc56255e9e603d06,0.4039,0.2568,5
68dff2083ec42999,M_nocap,dermatologists warn about children's skincare use,"[1] Long Covid: NHS legal action launched by family of girl - BBC News
""We also now have a paediatric long Covid practitioner as well as a paediatric clinical lead for long Covid. Children who are suffering with symptoms are managed by the appropriate clinicians according to their needs. ""The team is always happy to hear from those who have experienced long Covid, as well as parents and carers, regardless of the severity of their symptoms."" Have you been affected by the issues in this story?
There is nothing more they can take from us."" Helen Goss said she wanted an apology Ms Goss added: ""I don't want this to happen to other young people. ""People might get the confidence, not only to take legal action, but to keep pushing for treatment.""

[2] I'm up for fight over nanny state accusations, says Keir Starmer - BBC News
""If anyone wants to fight me on this question of the nanny state or common sense - bring it on."" Paul Whiteman, general secretary of school leaders' union NAHT, said: ""While it's good to see that supervising toothbrushing won't be a part of the school day itself, or an expectation of teachers, we remain somewhat sceptical about how this will work in practice. ""There is no doubt that, as a nation, we should be focused on improving children's dental health, but this will certainly need further thought and additional funding.""
Labour would run the scheme in breakfast clubs in some primary schools. Rolling out a national supervised toothbrushing programme for three to five-year-olds will cost £9m a year, Labour said, and would be funded by abolishing the non-dom tax status. For children not old enough to attend school, the supervision would be provided in nurseries. Health Secretary Victoria Atkins said: ""We [have] already provided tool kits for local authorities to use for toothbrushing lessons across their local authority areas.""

[3] Back-to-school illness advice offered to parents - BBC News
Parents are being urged to take five simple steps to keep their children healthy as the new school term begins. Advice from health officials ranges from teaching good hygiene habits to stopping the spread of bugs and knowing when to keep your child at home. Winter often sees a rise in common viruses like chickenpox, norovirus and flu which can keep children off school. UK health officials say by following the advice parents can protect them as well as the wider community.
Keep children off school until all the spots have crusted over. There is a ""quick and painless"" nasal spray for children which offers the best protection against flu, UKHSA says. However, it says vaccine uptake among pre-school children is lower than other groups, despite the illness sometimes being more serious for this age group. Find out if your child is eligible for a flu vaccine in Wales, England, Scotland and Northern Ireland.

[4] Alarming 45-fold rise in measles in Europe - WHO - BBC News
The WHO believes this is a result of fewer children being vaccinated against the disease during the Covid pandemic. In the UK, health officials said last week that an outbreak of highly contagious measles in the West Midlands could spread rapidly to other towns and cities with low vaccination rates. More than 3.4 million children under the age of 16 are unprotected and at risk of becoming ill from the disease, according to NHS England. Millions of parents and carers are being contacted and urged to make an appointment to ensure their children are fully vaccinated against measles.
It says that 95% of children need to be vaccinated with two doses against measles in all communities to prevent the spread of the highly-contagious disease. Have you been affected by the issues raised in this story? Share your experiences by emailing haveyoursay@bbc.co.uk. Please include a contact number if you are willing to speak to a BBC journalist.

[5] Police left children at mercy of grooming gangs in Rochdale, review finds - BBC News
""No child should have to experience, or fear, abuse of any kind,"" a spokesman said. ""It is so important for policing to listen to those who have bravely spoken about their experiences, and to ensure lessons are learned from past mistakes."" He said ""everyone in policing"" had a role to play in ensuring survivors get the support they need. The review also highlighted that Ms Rowbotham and her team were ""explicitly criticised"" for not following child protection procedures and for not communicating appropriately with other agencies in two serious case reviews by Rochdale Local Safeguarding Children's Board in 2013.
The review also highlighted that Ms Rowbotham and her team were ""explicitly criticised"" for not following child protection procedures and for not communicating appropriately with other agencies in two serious case reviews by Rochdale Local Safeguarding Children's Board in 2013. The serious case reviews focussed on different agencies' roles with regard to seven children, who were subject to serious and prolonged child sexual exploitation. However, more than a year before the publication of those two reports, the multi-agency CSE group, chaired by GMP, were made aware of 127 potential victims referred by Ms Rowbotham's team that had not been acted upon. Three months before the reviews were published in December 2013, the list had grown to 260 potential victims.",INSUFFICIENT_EVIDENCE,False,d4d63f3855f0120d|bfe6ec571475603a|dc7cb603266ba314|d47bf9596c6e3e45|ff0c51caad33336a,0.4412,0.3075,5
a35d9fef3fc501a0,M_nocap,Norway approval of deep-sea mining practice,"[1] N Korea conducts 'underwater nuclear weapons system' test - state media - BBC News
North Korean state media published these images of the ""underwater nuclear system"" when the drones were revealed last April North Korea says it has carried out a test of its ""underwater nuclear weapons system"" in response to drills by the US, South Korea and Japan this week. The underwater drone, which supposedly can carry a nuclear weapon, was tested off the east coast, state media said. There is no other evidence of the tests being conducted and Seoul had earlier said the North's descriptions of the drones' capability were exaggerated.
On Friday, North Korea said it had been provoked by joint drills by Washington, Seoul and Tokyo to carry out a test of its underwater weapons, according to a report by state agency KCNA. It accused the exercises of ""further destabilising the regional situation"" and threatening the North's security. The US, South Korea and Japan say they have conducted more exercises in the past year as a deterrence response to the increasing frequency of North Korea's military actions, which include multiple tests of its nuclear ballistic missiles and launches of new weapons. All such actions are in breach of UN sanctions.

[2] Resigning ex-minister Chris Skidmore wrong on climate, says Jeremy Hunt - BBC News
""He feels very passionate about that... but the point is, I think he is wrong on North Sea oil and gas."" The government announced the bill in November, in a bid to draw a dividing line with Labour, which has said it will not issue new licences if it wins power. Ministers say the legislation, which will fix yearly North Sea fossil fuel licensing in law, will help improve the UK's energy security.
Ministers say the legislation, which will fix yearly North Sea fossil fuel licensing in law, will help improve the UK's energy security. Mr Hunt was speaking to the BBC to champion a cut in National Insurance payments for millions of employees from Saturday. Meanwhile, Mr Hunt said that, with the ongoing attacks on international cargo ships in the Red Sea by Iran-backed Houthi rebels, ""it is very important for energy security that we have domestic sources of that kind of energy as we go into transition"". Iranian-backed Houthi rebels have declared support for Hamas in the war it launched against Israel in October.

[3] Thousands in shelters overnight after tsunami warnings in Japan - BBC News
The waves that actually hit the Sea of Japan coastline in Ishikawa on Monday were not much more than a metre high. The major warning was later downgraded to simply a warning, and then an advisory. Nearby Niigata and Toyama prefectures were also on alert. Japan's allies have sent messages of support to Tokyo in the wake of the disaster.
The constant threat of earthquakes has led Japan to develop one of the world's most sophisticated tsunami warning systems. There are several nuclear power plants in the affected areas, however Japan's nuclear authority said there was ""no risk of radioactivity leaking"" from the facilities. South Korea's meteorological agency and Russia also issued tsunami warnings after the earthquake. The 9.0-magnitude earthquake which hit Japan in 2011 resulted in a tsunami - which tore through the country's north-eastern coastal communities, killing almost 18,000 people and displacing tens of thousands.

[4] Chris Skidmore: Tory MP quits over new oil and gas licences - BBC News
In by-elections in October, Labour overturned Tory majorities of 24,664 in Mid Bedfordshire and 19,634 in Tamworth. The government announced the bill in November, in a bid to draw a dividing line with Labour, which has said it will not issue new licences if it wins power. Ministers say the legislation, which will fix yearly North Sea fossil fuel licensing in law, will help improve the UK's energy security. They argue the UK will still need oil and gas to meet its energy needs, even if it reaches its goal of net zero carbon emissions by 2050.
They argue the UK will still need oil and gas to meet its energy needs, even if it reaches its goal of net zero carbon emissions by 2050. But Mr Skidmore, who signed the UK's 2050 net zero commitment into law as an energy minister under Theresa May, said the bill would send a ""global signal that the UK is rowing ever further back from its climate commitments"". In a statement on X, formerly Twitter, he added it would ""in effect allow more frequent new oil and gas licences"" to be issued. He added he could not support this in next week's vote, adding: ""The future will judge harshly those that do.

[5] Navy Seals presumed dead after anti-Houthi mission - BBC News
Centcom said last week that warheads for Houthi medium-range ballistic missiles and anti-ship cruise missiles, as well as parts for air defence systems, were among the items seized. It added that initial analysis indicated the components were for missiles that have been used by the Iran-backed Houthis to target vessels travelling through the Red Sea recently. The supply, sale and transfer of weapons to the Houthis is considered a violation of a 2015 United Nations Security Council resolution, as well as international law. Dozens of vessels have been targeted in the Houthi attacks, leading hundreds of cargo ships and tankers to be rerouted around the southern tip of Africa to avoid the strikes.
They have also begun attacking ships associated with the US and UK after both countries launched airstrikes against Houthi positions in Yemen in retaliation to the Red Sea attacks. The group controls the country's north, the capital Sanaa and the Red Sea coastline. Both the US and UK say they are not seeking a conflict with the Houthis but are trying to protect the international trade route.",INSUFFICIENT_EVIDENCE,False,75f072c6eeb9ba21|dee5e1ac995532a2|0c6bdb706a4e558b|5cc8df7c17f8e843|34e6cebdc624fb1d,0.4421,0.259,5
7b5466cc3023f467,M_nocap,Briton withdraws from charity match before Australian Open,"[1] Australian Open 2024 results: Andy Murray loses to Tomas Martin Etcheverry - BBC Sport
Since the start of the US Open in August, Murray has lost eight of his past 12 matches - including the past four. Murray is the second Briton to fall in the singles at Melbourne Park, following Jodie Burrage's defeat on Sunday. Five more of the nation's players - Emma Raducanu, Katie Boulter, Cameron Norrie, Dan Evans and Jack Draper - play their opening matches on Tuesday. Known for his long and gruelling encounters last season, Murray said he wanted to avoid another marathon match against Argentine 30th seed Etcheverry.
Known for his long and gruelling encounters last season, Murray said he wanted to avoid another marathon match against Argentine 30th seed Etcheverry. Unfortunately for the British number four, it was a quick match for the wrong reasons. Both of the two previous meetings between the pair - three-set matches which they split on the ATP Tour last season - lasted more than three hours. This five-set match finished much quicker as the Scot toiled in a worryingly below-par performance.

[2] Australian Open 2024 results: Novak Djokovic loses to Jannik Sinner, Daniil Medvedev beats Alexander Zverev - BBC Sport
Coverage: Commentary from 08:00 GMT on Tennis Breakfast on Radio 5 Sports Extra and BBC Sounds, with selected live text commentaries and match reports on the BBC Sport website and app Novak Djokovic lost at the Australian Open for the first time since 2018 as Italian fourth seed Jannik Sinner reached his first Grand Slam final. Serbia's Djokovic, 36, lost 6-1 6-2 6-7 (6-8) 6-3 as Sinner regrouped from not taking a match point in the tie-break. It ends Djokovic's bid for a record-extending 11th title and a 25th major to put him clear of Margaret Court.
""I felt like [Djokovic] wasn't feeling that great so I kept pushing. I just tried to be ready for the fourth set, which I started off really, really well."" Two-time runner-up Medvedev is aiming for his first Australian Open title, having lost to Djokovic and Spain's Rafael Nadal in the 2021 and 2022 finals. His win over Zverev was the second time during this year's tournament he had fought back from two sets down, doing the same in the second round against Finland's Emil Ruusuvuori.

[3] Australian Open 2024 results: Emma Raducanu loses to Wang Yafan - BBC Sport
They were bidding to set up an all-British meeting in the third round, but instead it is the Chinese pair who will meet on Saturday. The defeats for Raducanu and Boulter mean there are no British players left in the women's singles. Cameron Norrie, who fought back from two sets down to win in five sets earlier on Thursday, is the only remaining player from the nation in the singles draws. For any player coming back from such a long absence, it takes time to reach match sharpness and patience with their progress will be required.
Raducanu was playing in only the second tournament of her comeback Coverage: Commentary every day from 07:00 GMT on Tennis Breakfast on Radio 5 Sports Extra and BBC Sounds, with selected live text commentaries and match reports on the BBC Sport website and app Emma Raducanu says there was ""no way"" she was going to quit in her Grand Slam comeback as she battled valiantly before losing at the Australian Open. Britain's Raducanu, 21, was beaten 6-4 4-6 6-4 by China's Wang Yafan in a second-round match where she was ""throwing up"" in her mouth.

[4] Australian Open 2024 women's final result: Aryna Sabalenka beats Zheng Qinwen in Melbourne - BBC Sport
Sabalenka again won the Australian Open as a neutral athlete because of Belarus' support of Russia in the war against Ukraine and so her country is not etched on the trophy next to her name Coverage: Commentary from 08:00 GMT on Tennis Breakfast on Radio 5 Sports Extra and BBC Sounds, with selected live text commentaries and match reports on the BBC Sport website and app Aryna Sabalenka underlined why she had long been considered the Australian Open favourite by overpowering Zheng Qinwen to retain the women's title. Belarusian second seed Sabalenka won 6-3 6-2 to claim her second Grand Slam singles trophy without dropping a set.
Returning to Melbourne, the experience of already having won there appeared to add an extra layer of belief in a series of composed performances. Sabalenka dropped just 16 games on her way to the semi-finals - where she then exacted revenge on Gauff in straight sets - before turning her attention to Zheng. Executing her aggressive approach to near perfection paid dividends. Sabalenka broke at the first opportunity with a backhand which rocked Zheng, saw off three break points in the next game and continued to force errors from her opponent as she moved towards a clinical victory.

[5] Emma Raducanu battles to victory at Auckland Classic in first match in eight months - BBC Sport
Raducanu's meeting with Svitolina will act as further preparation for the Australian Open, which begins on 14 January. Currently, she will have to go through qualifying to reach the main draw but the Briton will get direct entry as the first alternate if there any more withdrawals from the Melbourne Grand Slam. Raducanu, who has a protected ranking of 103, could also be awarded one of four remaining wildcard spots in the women's singles draw. Also in Auckland, top seed and US Open champion Coco Gauff won her first match of the year by beating fellow American Claire Liu 6-4 6-2 while Svitolinadefeated Caroline Wozniacki 6-4 6-3 as the Dane continues her own comeback.
Raducanu played just nine matches in 2023 because of injury Emma Raducanu said she is ""grateful to be healthy"" again after winning her first match following eight months out with injury at the Auckland Classic. The Briton, playing for the first time since wrist and ankle surgeries, fought through a tense deciding set to beat world number 134 Elena-Gabriela Ruse. She let slip a 5-2 lead in the third set and missed two match points at 5-3 before eventually winning 6-3 4-6 7-5.","The evidence does not provide specific information about a Briton withdrawing from a charity match before the Australian Open. Instead, it focuses on various results and performances of British players, including Andy Murray, Emma Raducanu, and others, during the Australian Open. The reports detail their matches, outcomes, and challenges faced, but do not mention any withdrawal from a charity match.",False,5b373355ab53cacf|78231acd7b6f7c1a|cf51b562ce4b151e|30b5c4969ddfed66|de0292dab2ec3f28,0.5051,0.3101,5
c8f33c5ba41e199b,M_nocap,deadly blast in Russia-held Ukraine city,"[1] Ukraine hit again after Putin vows intensified strikes - BBC News
Meanwhile, Russia's defence ministry said it had accidentally dropped explosives on a village in the southern Russian region of Voronezh, damaging six houses. Governor Alexander Gusev said there had been an ""emergency descent"" on Petropavlovka, about 150km (93 miles) from the Ukrainian border. A number of apartment blocks were hit in the wave of Russian attacks on Tuesday Kyiv officials said debris from Russia's attacks had hit high-rise flats, warehouses and supermarkets, and that two people including an elderly woman had been killed by a missile in the Solomianskyi district to the south-west of the centre.
Watch: Residential buildings were hit in several areas of Kyiv and Kharkiv in further Russian strikes Russian missiles have hit Ukraine's biggest cities, leaving at least five dead and dozens hurt, after Vladimir Putin vowed to intensify attacks. A woman was killed and 44 others were hurt in the north-eastern city of Kharkiv, according to local officials. Kyiv Mayor Vitaliy Klitschko said two people died and 49 were wounded in a strike on blocks of flats in the Solomianskyi district of the capital.

[2] Ukraine war: Some residents leave Belgorod after deadly attacks - BBC News
Last weekend, 25 people were killed and more than 100 injured in one of the deadliest attacks on Russia since it invaded Ukraine in February 2022. The attack followed a recent huge wave of Russian strikes on Ukraine, which killed dozens and injured over 160. Those strikes were described by Kyiv as Russia's biggest missile bombardment of the war so far. Writing on Telegram on Friday, Mr Gladkov said he had seen appeals on social media by people saying, ""We are scared, help us get to a safe place.""
Russia has repeatedly accused Ukraine of being behind drone strikes in recent months. Kyiv rarely admits to such attacks across the border, although it has carried out such strikes before. The cross-border fire comes as the US accuses Russia of a ""significant and concerning escalation"" in Ukraine, with the use of ballistic missiles and launchers supplied by North Korea. Moscow has denied any such collaboration.

[3] Ukraine-Russia war: missiles kill 11, including children, Ukrainian official says - BBC News
Some residents have been returning despite official warnings about the dangers. In August, at least nine people were killed and dozens more injured in a Russian missile attack on the town. Earlier this week Ukrainian forces launched more than 70 drones across the border into Russia after Moscow launched its biggest aerial bombardment. This led to evacuations in the south-western city of Belgorod.
Pokrovsk lies in Ukrainian-held territory in the Donetsk region A Russian missile strike has killed 11 people, including five children, in eastern Ukraine, a local official says. S-300 missiles hit the town of Pokrovsk in Ukrainian-held territory in Donetsk region, the regional governor said. ""The enemy is cynically hitting civilians, trying to bring as much misery as possible,"" Governor Vadim Filashkin posted on Telegram.

[4] Downed plane: Still unanswered questions amid Ukraine and Russia claims - BBC News
This time, Ukraine says, there was none of that. The General Staff statement amounted to a justification for firing on such a plane - without saying openly what it did. Russia has increased its missile attacks from Belgorod lately, especially on Kharkiv where it has killed and injured dozens of civilians. Transport planes like that one that crashed on Wednesday morning deliver the weapons that are then launched across the border.
After all, we do know the plane came down - and Ukraine has the capacity for that. Early on, the Ukrainska Pravda news website quoted an armed forces source saying it was ""their job"", and that the plane had been carrying Russian S300 missiles. A success, in other words. That was later corrected, to say the source had not been corroborated.

[5] Ukraine war: Grim new year for Ukrainians under shadow of Russian attack - BBC News
Russian-installed authorities, meanwhile, accused Ukrainian forces of shelling occupied Donetsk in the east on New Year's Eve, leaving four people dead. There was no comment from Ukrainian authorities, and the BBC cannot verify the details because foreign reporters are barred from reaching the area. Russia's new year assault targeted a country already mourning the deaths of more than 40 civilians on a wave of attacks on 29 December and an attack on the centre of Kharkiv the following day. Ukraine has hit back, with attacks on the Russian city of Belgorod that have left 25 dead.
Russia's attacks on Ukraine continued on Tuesday, with four hours of attacks in Kyiv Ukrainians have seen in a second new year under some of the heaviest aerial bombardment since Russia's war began. Kyiv is counting the cost of days of deadly attacks, while residents in other cities, including Odesa and Kharkiv, have shared their accounts of a grim start to 2024. The new year had barely started when air raid alerts sounded across Ukraine.","The coverage reports on a series of deadly missile strikes in Ukraine, particularly highlighting the impact on civilians. In one incident, a Russian missile strike in the town of Pokrovsk resulted in the deaths of 11 people, including five children. Additionally, recent Russian attacks on major cities like Kyiv and Kharkiv have left multiple casualties, with reports of at least five dead and dozens injured in these areas. The ongoing conflict has led to significant civilian suffering, with both sides accusing each other of escalating violence.",False,cd417f1292801e7d|878ffb6c17e76bbf|c1b751800676e9cc|e89c794812f5d85e|9c2ce04f87cf25fb,0.6746,0.3133,5
983767de831d0023,M_nocap,NHS earwax removal access changes,"[1] The key NHS targets that have never been met - BBC News
If you are reading this page and can't see the form you will need to visit the mobile version of the BBC website to submit your question or comment or you can email us at HaveYourSay@bbc.co.uk. Please include your name, age and location with any submission. • None Postcode check: How's the NHS coping in your area?
Most key NHS targets have been missed for at least seven years across the UK, BBC News research shows. The review of records going back 20 years also reveals Northern Ireland and Wales have never met the four-hour accident-and-emergency (A&E) target. The analysis focused on the three key hospital targets, covering A&E, cancer and waiting times for planned care. Combined, the length of time during which the targets have been missed tops 100 years.

[2] Swansea Bay waiting list error left people with five-year op wait - BBC News
He added: ""I think people who live locally can be assured that actions are now being taken to make sure that people who are properly on waiting lists waiting for treatment, that they're not removed, as you said, by accident."" Neath Port Talbot Hospital is home to Swansea Bay health board's new orthopaedic theatre centre The health board said in a statement: ""We sincerely apologise to the three patients whose orthopaedic surgery was delayed because of failings in the way their appointments were managed. ""We can confirm that all three patients have now received their operations.
Swansea Bay health board said it was implementing the recommendations in full. Speaking to BBC Wales at an Institute for Government event in Central London, Mark Drakeford said: ""I regret it when anybody doesn't get the treatment they need and where errors occur. ""I know the health board has apologised directly to those who are affected, but the health board has also put in place measures to check that that small number of cases that have been identified so far, that that isn't a more widespread problem."" He added: ""I think people who live locally can be assured that actions are now being taken to make sure that people who are properly on waiting lists waiting for treatment, that they're not removed, as you said, by accident.""

[3] Cancer: Almost three million tested in England - BBC News
The number being tested was up by around 5% on the previous year and 26% on the same period in 2018-2019 before Covid. An increase in urgent referrals from GPs has been linked to a number of factors including: Urinal mats with cancer messaging are being introduced in thousands of public toilets, NHS England has said The NHS has been sending mobile trucks to shopping centres and supermarket car parks to check the lung health of people in the community, while new cancer awareness messages have been displayed in places like pub toilets and on underwear packaging.
The figures show that while a record number of people were tested in England in October, more than 78,500 - or 29% - had to wait longer than the four-week target to then find out if they had cancer. NHS services across all four nations of the UK have been consistently missing targets for treating the disease. In England in October 2023, 63.1% of patients started treatment within two months of an urgent referral, well under the 85% target and below the 64% recorded in October 2022. Minesh Patel, head of policy at Macmillan Cancer Support said: ""Despite best efforts from NHS staff, the lack of support from the UK governments has left cancer services under immense strain and people living with cancer paying the price.

[4] Woman challenges Rishi Sunak over state of the NHS - BBC News
At the start of 2023, Mr Sunak made cutting NHS waiting lists in England one of his five key priorities. The overall number of waits for non-emergency treatment in England was 7.6 million in November. This represented a fall from October of about 96,000, but around 400,000 higher than it was at the start of 2023. Mr Sunak has previously argued that he could have met his target if NHS workers had not gone on strike.
Mr Sunak has previously argued that he could have met his target if NHS workers had not gone on strike. The Health Foundation think tank has said that industrial action by consultants and junior doctors only lengthened the waiting list by around 210,000. Last week, the BBC reported that most key NHS had been missed for at least seven years across the UK.

[5] Junior doctors' strike: The 'huge effort' to keep a hospital running - BBC News
The BMA and the government have indicated a willingness to resume negotiations, but there may first have to be ""talks about talks"" to set out the terrain for discussion. The junior doctors' committee of the BMA wants a more ""credible"" offer. Ministers may feel unwilling to add to the 3% extra suggested on top of the 8.8% already paid out. Patients, staff and NHS managers can only hope that a settlement can be reached, but the outcome is far from certain.
Are you a patient affected? Have you experienced a busy A&E department recently? Email haveyoursay@bbc.co.uk. Please include a contact number if you are willing to speak to a BBC journalist.","The evidence does not specifically address changes to NHS earwax removal access. Instead, it discusses broader issues related to NHS performance, including missed targets for treatment and waiting lists for various medical services. Reports highlight ongoing challenges in the NHS, such as delays in non-emergency treatments and the impact of strikes on waiting times, but do not mention earwax removal or related services. Therefore, the coverage does not provide relevant information on the query.",False,4904780547ff5aaf|419b9c08a936e931|f4481f3cbd7120f5|e5137fef413aa113|4aca9f5642c12ea8,0.4046,0.2813,5
e33da30aca447347,M_nocap,expanded free childcare despite delays,"[1] Family moves 180 miles for special-needs nursery space - BBC News
After one visit, Joe's parents decided they needed to do whatever it took ""to get him in a place like this"". Demand for childcare places is rising due to the government's plan to offer funded hours to younger children, but the number of pre-school children with special education needs and disabilities is increasing too. According to government figures, the number of three- and four-year-olds eligible for 30 hours of childcare who have SEND has risen from 76,418 (6.3%) in 2021 to 95,589 (8%) in 2023. Only one in five councils has sufficient availability for children with SEND currently, and many are concerned the situation will get worse, the managing director of Coram Family and Childcare, Ellen Broome says.
Are you pregnant and on a nursery waiting list? Are you struggling to extend childcare hours for your toddler? Share your experiences by emailing haveyoursay@bbc.co.uk. Please include a contact number if you are willing to speak to a BBC journalist.

[2] Labour proposes free breakfast clubs to tackle persistent school absence - BBC News
The plans also include increased funding for early speech and language interventions. This week, the government promised to extend the existing attendance-hub scheme to support a thousand more schools in England. ""Every day our children are in school is so incredibly important,"" said Phillipson. ""It damages their life chances when they aren't there.
More than one out of every five children in England are persistently absent from school Better mental health support for pupils would be part of Labour's plans to improve school attendance in England. Shadow education secretary Bridget Phillipson set out the proposed measures, including free breakfast clubs for primary schools, at an event at the Centre for Social Justice (CSJ) on Tuesday. The plans also include increased funding for early speech and language interventions.

[3] The key NHS targets that have never been met - BBC News
""Most people across the country would assume children are the priority. Long waits impair their mental and physical development,"" Sir Keir added. Currently there is no separate target for children and to hit the overall target 92% of patients need to be seen in 18 weeks. Sir Keir said under his plan there would be no wriggle room.
But in an exclusive interview with the BBC, Labour leader Sir Keir Starmer said not enough was being done. He highlighted the disproportionate number of children on the waiting list - and unveiled a new pledge that no child will wait longer than the target time of 18 weeks for hospital treatment if he were elected prime minister. He said it was ""shocking"" that so many children - more than 180,000 - were waiting longer than 18 weeks. ""Most people across the country would assume children are the priority.

[4] Bronson Battersby: Review after boy, two, and dad found dead - BBC News
It must be completed within 15 working days of the national Child Safeguarding Practice Review Panel being notified of a serious incident that meets the criteria - 2 February in this case. It will then go to the national panel, which has 15 working days to decide the next steps. These include whether a national review is appropriate, further information is required to support decision-making, or if they agree and support the outcomes and recommendations made by partners involved in the rapid review.
Meanwhile, Labour leader Sir Keir Starmer told Prime Minister's Questions he was ""saddened"" to hear how the father and son had died in ""heartbreaking circumstances"". Lincolnshire Police said it was not treating the deaths as suspicious but had referred itself to the Independent Office for Police Conduct (IOPC), adding it was standard procedure in such cases. The rapid review will involve the council, police force, and any relevant health organisations. It must be completed within 15 working days of the national Child Safeguarding Practice Review Panel being notified of a serious incident that meets the criteria - 2 February in this case.

[5] Start-up firms frustrated by HMRC's 'slowness and lack of communication' - BBC News
Childs Farm founder Joanna Jensen says she has been waiting eight months for a tax rebate There are also HMRC delays around claiming the EIS tax relief, according to Joanna Jensen, founder of the Childs Farm skincare brand and strategic adviser to the BWB group. ""I've been waiting eight months for an EIS rebate and have now had to get my MP involved,"" says Ms Jensen. ""HMRC closed its lines over the summer,"" she adds.
R&D tax relief is a lifeline for many young companies, says Peter Cowley of Cambridge Angels, who has invested in tech start-ups for more than 15 years. However, the process has been slow for many years, he argues. One reason for this is that R&D tax relief has been abused by some companies and HMRC had to tighten up its procedures, he points out. Childs Farm founder Joanna Jensen says she has been waiting eight months for a tax rebate","The coverage highlights the increasing demand for childcare places, particularly for children with special education needs and disabilities (SEND), as the government plans to offer funded hours to younger children. Despite this initiative, only one in five councils currently has sufficient availability for children with SEND, raising concerns about future accessibility. The evidence indicates that the number of three- and four-year-olds eligible for 30 hours of childcare with SEND has significantly increased, suggesting that the expansion of free childcare may not adequately address the needs of all families.",False,b9bd324e4e17b237|ceeae98c0bb1c1c1|4904780547ff5aaf|aaab31f380c95013|520d04e11d8e4c0f,0.642,0.2754,5
071cf1365a27add8,M_nocap,Hamas deputy leader killed in Beirut blast,"[1] Palestinians tell of fears for the future as war destroys Gaza - BBC News
Already displaced families have been fleeing the area of the Nasser hospital, the largest still functioning in the territory. More than 24,900 people have been killed in Gaza since Israel launched its response to the 7 October Hamas attacks, according to the Hamas-run health ministry. The Hamas attack in Israel killed around 1,200 people, most of them civilians, and saw 240 hostages taken back to Gaza. Israel says its air and ground operation in Gaza is aimed at destroying Hamas.
I am no longer able to provide the simplest requirements of life for my children. ""I hold the Israeli occupation responsible for the massive destruction, but I do not absolve Hamas of responsibility for everything that happened,"" he said. Hamas is the Palestinian group which has run Gaza since 2007. Its military wing, the Izzedine al-Qassam Brigades, was thought to have about 30,000 members before the 7 October attack.

[2] Saleh al-Arouri: Thousands attend Hamas deputy leader's funeral in Beirut - BBC News
Thousands poured onto the streets of Beirut for the funeral of Saleh al-Arouri Thousands of people have attended the funeral in Beirut of Saleh al-Arouri, the top Hamas leader assassinated in a suspected Israeli attack in the Lebanese capital two days ago. Crowds carried banners with his picture and waved Palestinian and Hamas flags through the streets amid the sound of music, prayers and heavy gunfire, while Hamas officials vowed to retaliate. The assassination of Arouri was a blow for Hamas - he was a deputy Hamas leader and a key figure in the Izzedine al-Qassam Brigades, the group's armed wing - and renewed fears of a wider war in the region.
The assassination of Arouri was a blow for Hamas - he was a deputy Hamas leader and a key figure in the Izzedine al-Qassam Brigades, the group's armed wing - and renewed fears of a wider war in the region. It also hit its Lebanese ally Hezbollah, the powerful Iranian-backed movement, as it struck Dahiyeh, a suburb of the city that is a stronghold for the group. In Lebanon, again, the focus is on what Hassan Nasrallah, the influential Hezbollah leader, will decide to do. Less than 24 hours after the attack, he addressed his followers, in a speech that had been scheduled to commemorate the Iranian commander Qassem Soleimani, killed in a US drone strike four years ago.

[3] Hamas command in north Gaza destroyed, Israel says - BBC News
Israeli Prime Minister Benjamin Netanyahu reiterated on Saturday that Israel would continue its campaign to ""eliminate Hamas, return our hostages and ensure that Gaza will no longer be a threat to Israel"". ""We have to put everything aside... until the complete victory is achieved,"" Mr Netanyahu said in a statement. In other developments, on Sunday the eldest son of Al Jazeera's Gaza bureau chief Wael al-Dahdouh, Hamza al-Dahdouh, was killed along with another journalist, Mustafa Thuraya, in an Israeli strike in southern Gaza.
Israel has killed more than 22,000 people since the war began, according to the Hamas-run health ministry in Gaza. On Sunday, the territory's health ministry said it had recorded more than 113 deaths over the past 24 hours. Gaza has been devastated during Israel's war with Hamas, and most of the territory's population of 2.3 million has been displaced. Israel's offensive started after Hamas gunmen launched a surprise attack on southern Israel on 7 October, killing 1,200 people, most of them civilians, and taking about 240 people hostage.

[4] Saleh al-Arouri: Hamas leader's death 'won't go unpunished', says Hezbollah chief - BBC News
He previously said that any killings in Lebanon would be a red line. Hezbollah - like its ally, Hamas - is considered a terrorist organisation by Israel, the UK and others. It is the largest political and military force in Lebanon and has ministers in the country's government. The attack that killed Arouri was the first in Beirut following months of exchanges of fire between Iranian-backed Hezbollah and Israel, in response to the war in Gaza.
Hasan Nasrallah had previously said that any killings in Lebanon would be a red line Hasan Nasrallah, the leader of Hezbollah, says the killing of Hamas's powerful deputy leader will ""not go unpunished"". Saleh al-Arouri died in a drone attack in Beirut on Tuesday. Israel has not confirmed it was responsible.

[5] Iran warns air strike on Syria will not go unanswered - BBC News
""The sound was similar to a missile explosion, and minutes later I heard the sound of ambulances,"" he added. Videos, which the BBC has not verified, showed a large cloud of smoke and buildings destroyed. Last month a suspected Israeli air strike just outside Damascus killed a senior IRGC commander. The Middle East has been on heightened alert since 7 October, when Hamas launched an attack on southern Israel, killing about 1,200 people, mainly civilians, and taking 240 hostages back to Gaza.
The Middle East has been on heightened alert since 7 October, when Hamas launched an attack on southern Israel, killing about 1,200 people, mainly civilians, and taking 240 hostages back to Gaza. More than 132 hostages are thought to still be held in the territory. More than 24,900 people have been killed in Gaza since Israel launched its military response, according to the Hamas-run health ministry. Israel says its ground and air operation in Gaza is aimed at destroying Hamas.","The news coverage reports on the assassination of Saleh al-Arouri, a deputy leader of Hamas, in a suspected Israeli attack in Beirut. Thousands attended his funeral, expressing their grief and anger, while Hamas officials vowed to retaliate, indicating that his death is seen as a significant blow to the organization. The incident has heightened fears of a broader conflict in the region, particularly concerning Hezbollah's potential response, as its leader stated that the killing would ""not go unpunished."" The attack marks a notable escalation in the ongoing tensions between Israel and groups like Hamas and Hezbollah amid the backdrop of the war in Gaza.",False,2f8b80d899b17246|3d81f021d15dd4c7|9dd8dc132e20834e|ab30f5e959a513c1|9ea3476a7d2bcfc5,0.6286,0.3048,5
45cf978061fcfd60,M_nocap,death of pioneering Cambridge surgeon,"[1] JPR Williams: Wales and British and Irish Lions legend dies aged 74 - BBC Sport
World Rugby, the sport's governing body, called Williams ""one of the greatest players the game has ever seen"". After retiring from rugby, Williams focused on his career as an orthopaedic surgeon. Former Wales and Lions centre Jamie Roberts, who also completed a medical degree, said Williams was an icon for Wales, the Lions and the Barbarians, adding he was ""and inspiration and role model for the rugby-medical fraternity"". 'The man who feared nothing'
Last updated on .From the section Welsh Rugby Wales and British and Irish Lions rugby legend JPR Williams has died at the age of 74. The former London Welsh, Bridgend and Barbarians full-back was synonymous with Wales and the Lions' glories of the 1970s. Williams captained Wales and Bridgend, winning 55 caps for his country.

[2] GP access could become as hard as seeing NHS dentist, doctor warns - BBC News
Dr Lalsingh says he and others are regularly seeing more than the 25 recommended patients a day Seeing a GP could become as difficult as accessing an NHS dentist, a County Antrim doctor has said. Larne Medical Practice is the 18th surgery in Northern Ireland to hand back its contract to the Department of Health. Dr Ian Lalsingh, one of the practice's five partners, told BBC News NI there were simply not enough of them to safely oversee its 8,500 patients.
In 2023, two surgeries in Larne merged to become the largest medical practice in the area. However, since then one GP has resigned which means there are too many patients for the remaining GPs to safely oversee. Handing back a contract is a last resort and, according to Dr Lalsingh, a move no one wants. He said the worry for any new service was that it would rely on"" stand-in doctors"".

[3] BBC's Glenn Campbell: My brain cancer diagnosis was a total shock - BBC News
Bandaged up after undergoing surgery in August The surgery was a success. My brilliant neurosurgeon at the Royal Infirmary of Edinburgh, Paul Brennan, and his team managed to get almost all of my tumour out, without damaging healthy tissue. When I came round from five hours under general anaesthetic I was euphoric - overwhelmed to be alive and feeling ridiculously well.
I could hardly believe it. I would probably be dead before I was 50 - assuming I could safely get through surgery to remove as much of the tumour as possible. Glenn with his wife Claire Gardner the day before his brain surgery I had to move quickly to update my will and dig out my life insurance to make everything as easy as possible for my family in case the operation went wrong.

[4] King Charles 'doing well' after prostate treatment - BBC News
The procedure was carried out at the London Clinic private hospital, where Catherine, the Princess of Wales had surgery last week. The King visited his daughter-in-law in the hospital on Friday morning, ahead of his own treatment. The Queen left the hospital in central London having arrived with the King this morning Queen Camilla left the hospital in Marylebone in central London on Friday evening, having arrived with the King this morning.
King Charles has had his treatment for an enlarged prostate, after being admitted to hospital on Friday morning. Queen Camilla said the King is ""doing well"". He is expected to spend at least one night at the hospital. The procedure was carried out at the London Clinic private hospital, where Catherine, the Princess of Wales had surgery last week.

[5] Weight-loss surgeon told patient to 'eat, eat, eat' - BBC News
For some British patients the consequences of going abroad have been fatal. ""Unfortunately, we recently had a situation with a patient from the UK who had inquired with us about a particular procedure,"" Ms Baird said. ""She didn't meet the criteria. We had advised her of that and she told me on the phone that she was going to see a provider who was based abroad the very next day.
He said: ""I have major concerns. It seems that he's almost pushing the patient to hit the target so that they can do the surgery and that's completely unethical. ""There's no surgery which is risk free. What we have to do is balance those risks against potential benefits of weight loss surgery.","The evidence does not provide information about the death of a pioneering Cambridge surgeon. It covers various unrelated topics, including the death of a rugby legend, issues with GP access in Northern Ireland, a personal account of brain surgery, King Charles's health, and concerns regarding weight-loss surgery practices. Therefore, there is insufficient evidence to summarize on the specific query.",False,23e8da4f27d6692f|799f0e302faa7171|fb144ca5958e588c|c7825377844578f6|a32f4bf4fa3a051b,0.5429,0.2995,5
f33c78fa581e6f6b,M_nocap,Fujitsu manager comments on sub-postmaster in inquiry,"[1] Fujitsu: MPs seek details on public sector contracts with IT firm - BBC News
On Friday, the boss of Fujitsu's European arm, Paul Patterson, told the inquiry the company had ""clearly let society down, and the sub-postmasters down"". The company has said it has a ""moral obligation"" to help compensate victims. Have you been personally affected by the Post Office scandal? Share your experiences by emailing haveyoursay@bbc.co.uk.
Ms Baldwin told the BBC earlier that the public outcry was entirely justified, adding that she spoke for the whole Committee ""when I express my horror at the injustices the victims faced"" and said Fujitsu had questions to answer. She said: ""I think it's important we can see the extent to which taxpayer money has been spent with Fujitsu since the High Court ruling as they are simultaneously assessed on their fitness to remain a government supplier."" Between 1999 and 2015, the Post Office privately prosecuted hundreds of sub-postmasters and postmistresses based on the Horizon system, which had produced faulty accounts. Victims were wrongly accused of offences including theft, fraud and false accounting.

[2] Fujitsu Japan remains tight-lipped on the Post Office scandal - BBC News
On Friday, Fujitsu's Japanese headquarters told the BBC: ""Fujitsu regards this matter with the utmost seriousness. The current statutory Inquiry involves the investigation of complex and sensitive events that have unfolded over many years. ""Our UK subsidiary has been co-operating with the Inquiry and remains fully committed to supporting the process. Out of consideration for the ongoing investigation, Fujitsu will refrain from further comment for the time being.""
Fujitsu has contracts with many government departments, including HMRC Fujitsu's products are so deeply entrenched in the government's IT infrastructure, it may be near impossible to remove them, according to Mr Collins. ""If Fujitsu pulled the plug on the Post Office, which you wouldn't do, post offices would cease to function. Government cannot do without Fujitsu.""

[3] Post Office paid Fujitsu £95m to extend Horizon - BBC News
You can’t trust it. You can’t rely on it. However, since the sub-postmasters won their court case in 2019, the Post Office is more likely to resolve significant disputes in the sub-postmaster’s favour, he said. A Post Office spokesperson said: ""As you would expect, we have made significant changes in the way we work with postmasters.""
The Post Office said it plans to start trialling a new system in branches this year. When Fujitsu won the contract to install computer terminals in over 17,000 Post Office branches around the UK, it called it ""the biggest non-military IT project in Europe"", designed to automate and simplify everything from selling stamps to paying pensions. Nearly 28 years later, it is still in use throughout the country, still plagued with difficulties, and the Post Office is struggling to replace it. It led to what has been called one of the most widespread miscarriages of justice in British history.

[4] Fujitsu admits it has a 'moral obligation' to compensate Post Office victims - BBC News
When asked if he would apologise, he added: ""Yes, of course. Fujitsu has apologised for the impact on the postmasters' lives and their families."" Mr Tokita has previously turned down six interview requests by the BBC, most recently last week. Between 1999 and 2015, more than 900 sub-postmasters and postmistresses were prosecuted for theft and false accounting after money appeared to be missing from their branches, but the prosecutions were based on evidence from faulty Horizon software.
I really don't know."" Nick Read, the chief executive of the Post Office, appeared alongside Mr Patterson in front of the committee. He was criticised for not having provided information to the committee with key events in the timeline, such as when the Post Office first knew that remote access to sub-postmasters' Horizon systems was possible. When prosecutions were taking place, Fujitsu had told the Post Office that no-one, apart from sub-postmasters themselves, could access or alter Horizon records - meaning the blame for mistakes could only rest with sub-postmasters, but that turned out to be untrue.

[5] Post Office scandal: Former minister calls for mass appeal against convictions - BBC News
It comes as ministers met on Monday to consider ways of clearing the names of hundreds of sub-postmasters. Between 1999 and 2015, more than 700 Post Office branch managers were convicted of false accounting, theft and fraud based on the faulty Horizon software. Some sub-postmasters wrongfully went to prison, many were financially ruined. Some have since died.
Hundreds of sub-postmasters convicted in the Post Office Horizon scandal should be able to submit a mass appeal, a former cabinet minister has said. Sir David Davis, who is seeking to question ministers about the issue, told the BBC there was ""no real reason"" why there could not be a ""mass case"". Labour leader Sir Keir Starmer has also said all cases need to be revisited. It comes as ministers met on Monday to consider ways of clearing the names of hundreds of sub-postmasters.","Fujitsu's European arm has acknowledged its failure to support sub-postmasters affected by the Horizon scandal, stating it has a ""moral obligation"" to help compensate victims. The inquiry into the matter has revealed that between 1999 and 2015, many sub-postmasters were wrongfully prosecuted based on faulty evidence from the Horizon system, leading to accusations of theft and fraud. Fujitsu has expressed its commitment to cooperating with the inquiry, although it has refrained from further comments due to the ongoing investigation. The Post Office has indicated that it is making changes in its operations following the court ruling in favor of the sub-postmasters.",False,01019fbf5bdf3576|d8ec7ae95a961f82|9ff6889926f6dbe0|68eb09023feea195|0a5fa0a6fc09ec39,0.6105,0.3865,5
012b4151ae9331f7,M_nocap,celebrities on Golden Globes red carpet,"[1] Oppenheimer: Cillian Murphy film marches towards Oscars success - BBC News
Robert Downey Jr alluded to Oppenheimer's unlikely success during his Golden Globes acceptance speech When Oppenheimer star Robert Downey Jr collected his Golden Globe for best supporting actor last week, he reflected on what an unlikely success the movie had been. ""A sweeping story about the ethical dilemma of nuclear weapons grosses $1bn? he joked of the film, which admittedly hadn't sounded punter-friendly on paper.
The Holdovers, Poor Things and, of course, Barbie, are among the major threats. There's also no guarantee Murphy will repeat his Globes win at the Academy Awards. Best actor is particularly crowded this year and Paul Giamatti, Jeffrey Wright, Colman Domingo, Leonardo DiCaprio and Bradley Cooper are also strong contenders. Blunt is also unlikely to win her category - as The Holdovers star Da'Vine Joy Randolph has dominated best supporting actress at precursor ceremonies.

[2] Golden Globes 2024: Oppenheimer and Succession sweep up - BBC News
Robert Downey Jr won best supporting actor for his performance in Oppenheimer The actor continued: ""Dozens of folks have come up to me since the summer time saying I was unrecognisably subtle as Lewis Strauss. To my fellow nominees, let's not pretend this is a compliment."" He also referred to the changes made to the Golden Globes membership following a scandal over corruption and a lack of diversity.
She thanked director Yorgos Lanthimos, saying she would be ""forever be grateful that we met"", and writer Tony McNamara, to whom she joked: ""I love getting to say this dialogue, and I love getting to horrify you with my Australian accent."" The Golden Globes mark the first major ceremony of film awards season, which culminates with the Oscars on 10 March.

[3] Succession creator Jesse Armstrong rules out show spin-offs - BBC News
They're mostly based in the US,"" he added. Sarah Snook, who played Shiv Roy in Succession, was named best leading actress in a TV drama at the Golden Globes Armstrong was also asked about his inspiration for the show and said as well as taking inspiration from high-profile figures, such as Rupert Murdoch's media empire, he also drew from history, including ancient Rome. ""We'll steal from anywhere,"" he joked.
We didn't tie it up, we left them to just carry on in their strange and frightening world. ""As nice as it would be to work with everybody again, I think it would be strange to do a spin-off. But who knows?"" British actor Matthew Macfadyen won a supporting actor Emmy last week for his role in Succession

[4] Tom Holland's Avengers bonus sent to Tom Hollander in error - BBC News
""I sat smugly in the audience having just done a BBC show for £30,000 or something which was going to get me through the next year or so, and I was thinking, 'Well, this is marvellous, I'm very prosperous.'"" Tom Hollander won a Bafta for his supporting role in the BBC's drama The Night Manager At the interval, he checked his emails and saw one containing a payslip labelled as ""Box office bonus for The Avengers"". ""It was an astonishing amount of money,"" the 56-year-old told Meyers.
Speaking to Late Night host Seth Meyers, Hollander said: ""We were with the same agents briefly and people in the accounts department got confused. ""It's been very difficult, because you know I was here first but he's enormously famous,"" he added jokingly. Explaining how he discovered the accidental payment, Hollander said he was watching a friend in the theatre who was being paid £300. ""I sat smugly in the audience having just done a BBC show for £30,000 or something which was going to get me through the next year or so, and I was thinking, 'Well, this is marvellous, I'm very prosperous.'""

[5] Oscars 2024: Barbie's Greta Gerwig and Margot Robbie miss key nominations - BBC News
Gerwig (left) and Robbie, pictured at the Golden Globes, missed out on best director and best actress respectively Box office smash Barbie has received eight Oscar nominations - but its star Margot Robbie and director Greta Gerwig were snubbed in some major categories. Gerwig missed out on being recognised in best director, but a nomination for Anatomy of a Fall's Justine Triet meant the line-up was not entirely male. This is also the first year women have directed three best picture nominees.
And there were no nominations whatsoever for All of Us Strangers or Saltburn, despite their strong performance at the Bafta nominations last week. Far less surprising, but still notable, were Leonardo DiCaprio's absence from best actor for his role in Killers of the Flower Moon, and Poor Things star Willem DaFoe's miss in best supporting actor. Read more about the films in this year's awards race:","The coverage highlights the recent Golden Globes ceremony, noting significant wins and remarks from various celebrities. Robert Downey Jr. won best supporting actor for his role in ""Oppenheimer"" and commented on the film's unexpected success and the changes in the Golden Globes membership following a scandal. Sarah Snook received the award for best leading actress in a TV drama for her role in ""Succession."" Additionally, Margot Robbie and Greta Gerwig were present at the Golden Globes but missed key nominations for the Oscars, despite ""Barbie"" receiving multiple nominations.",False,b2c03522ab65f88e|80f6bd6128164ce3|523c5308a7019e16|471fde05ee32bc5d|bb35c17de482430e,0.4331,0.2946,5
108be638ceef764c,M_nocap,King Charles III's family and succession line,"[1] King Charles to be treated for benign prostate condition - BBC News
King Charles III is set to attend hospital next week for treatment for an enlarged prostate. Buckingham Palace said the King's condition is benign but he will undergo a ""corrective procedure"". The 75 year old's public engagements will be postponed for a short period of recuperation, the Palace said. The announcement comes shortly after it was revealed the Princess of Wales is in hospital after undergoing abdominal surgery.
The NHS has published guidance on how it is treated. While it is unclear what corrective procedure the King will undergo, there are a few ways of managing it including surgery, lasers and even a steam treatment. The announcement from Buckingham Palace was the second significant piece of health news about senior royals to emerge on Wednesday. The Princess of Wales will spend up to two weeks in hospital recovering from abdominal surgery on Tuesday.

[2] Kate in hospital after surgery as King to get prostate treatment - BBC News
The Princess of Wales is recovering in hospital after undergoing surgery, and King Charles III is set to undergo a medical procedure next week. Catherine will step back from royal duties for months after surgery for an unspecified but non-cancer related abdominal condition. The King's benign prostate condition will be treated next week. The unexpected health announcements were made within two hours of each other on Wednesday afternoon.
The Prince of Wales will also step back from royal duties in the coming weeks to be with his wife and Prince George, 10, Princess Charlotte, eight, and Prince Louis, five. There was no indication the King or Princess of Wales were suffering from ill-health when they appeared together at Sandringham over Christmas Less than 90 minutes later, a separate statement was published by Buckingham Palace revealing the King requires a ""corrective procedure"" next week for an enlarged prostate. The condition is common in older men and is not cancerous.

[3] King Charles 'doing well' after prostate treatment - BBC News
The plan for King Charles, aged 75, to have ""corrective procedure"" for his enlarged prostate was revealed by the palace last week. He travelled on Thursday from Sandringham to London to have the operation. The King visited his daughter-in-law Catherine ahead of his prostate treatment A benign prostate problem, which is non-cancerous, is common in older men, according to the NHS.
King Charles has had his treatment for an enlarged prostate, after being admitted to hospital on Friday morning. Queen Camilla said the King is ""doing well"". He is expected to spend at least one night at the hospital. The procedure was carried out at the London Clinic private hospital, where Catherine, the Princess of Wales had surgery last week.

[4] King's portrait for public buildings unveiled - BBC News
The reign of the late Queen Elizabeth II lasted so long that there wasn't a single official picture hanging in public buildings, but a range of pictures from different eras. And there will be no obligation to replace these, with the Cabinet Office saying the portrait of King Charles can hang alongside existing pictures of the late Queen. The new official portrait could be shown in thousands of public settings across the UK, from hospitals and council offices to police and fire stations. Public bodies were invited to apply for the King's new photograph in November, but a spokesman for the Cabinet Office said there were no figures for how many requests had so far been received.
Public bodies such as schools and councils can request a free A3-size, oak-framed copy of the photograph. But there were criticisms last year when the Cabinet Office revealed the portrait scheme's £8m budget. The picture was taken by photographer Hugo Burnand who had also taken the official pictures of the Coronation and the King and Queen Camilla's wedding photos. The reign of the late Queen Elizabeth II lasted so long that there wasn't a single official picture hanging in public buildings, but a range of pictures from different eras.

[5] Catherine, Princess of Wales, in hospital after abdominal surgery - BBC News
The palace did not disclose further details about her condition but said it is not cancer-related. Shortly after, Buckingham Palace revealed King Charles III would receive treatment for an enlarged prostate. His condition is benign and he will visit hospital next week, the statement said. In the announcement about Catherine, 42, Kensington Palace said she wished to apologise for postponing planned engagements.
""The surgery was successful and it is expected that she will remain in hospital for 10 to 14 days, before returning home to continue her recovery."" In a statement later issued by Buckingham Palace on King Charles' condition, it said his condition is benign and he is having a ""corrective procedure"". ""In common with thousands of men each year, the King has sought treatment for an enlarged prostate,"" the Palace said. • None King Charles to be treated for benign prostate condition","The coverage reports that King Charles III is set to undergo treatment for a benign prostate condition, specifically an enlarged prostate, which is common in older men. Buckingham Palace announced that the King will have a ""corrective procedure"" and will need some time for recuperation, during which his public engagements will be postponed. Additionally, the Princess of Wales is recovering in the hospital after undergoing abdominal surgery, and both health announcements were made in close succession. The Prince of Wales is expected to step back from royal duties to support his family during this time.",False,25faa43e356aab4e|f4c50e0a0a128df0|c7825377844578f6|f95f82bd7278639e|a34b24f78db24937,0.6002,0.2987,5
418b14a5344f8480,M_nocap,Nasa delays crewed Moon return,"[1] Peregrine lander: Time running out for US Moon mission - BBC News
Together, the trio had planned six missions to the lunar surface in 2024. Astrobotic is supposed to be delivering a Nasa rover to Earth's natural satellite towards the end of the year. All three US companies may have Nasa as their lead ""customer"", but the agency is not in charge of their projects. It is the firms themselves who have designed the spacecraft and are in command as the missions progress.
The instrument was built through a pandemic; it was tough. This new way of doing space exploration does come with inherent risks. We know it's harder to do things right first time. So, the whole point of having a fleet of missions to the Moon in future years is to increase the chances of success.""

[2] Japan lands on Moon but glitch threatens mission - BBC News
The targeted landing site was on the slopes approaching Shioli Crater, which is just south of the Moon's equator Jaxa has twice landed robots on asteroids, so this Moon touchdown is another feather in its cap. It will be playing significant roles in the US space agency's (Nasa) Artemis programme, which seeks to put humans back on the lunar surface after a gap of more than half a century. Last year, a private Japanese company, iSpace, had a go at landing.
That's a huge Success. I'd be really happy if I was them,"" he told BBC News. ""We're in an era of a lot of lunar missions happening with lots of different players. If we collate all this knowledge, that all these players are gaining through these attempts - whether successful or not - then we learn as a community how to put missions together more successfully in the future.""

[3] US Moon mission has no chance of soft lunar landing - BBC News
An image from Peregrine of warped insulation layers seemed to confirm the propulsion problem The US space agency, Nasa, had purchased capacity on the lander for five instruments to study the lunar surface environment ahead of sending astronauts there later this decade. Astrobotic is the first of three US companies to send a lander to the Moon this year under a new private-public partnership with Nasa. Alongside two other commercial ventures - Intuitive Machines and Firefly - they had planned six missions to the lunar surface in 2024.
Astrobotic envisioned Peregrine landing on the Moon's northern hemisphere in late February A US lunar lander has ""no chance"" of making a soft landing on the Moon due to a fuel leak, the company behind the mission says. Pittsburgh-based Astrobotic said there was enough propellant to operate its Peregrine lander as a spacecraft. The lander is expected to run out of fuel in about 40 hours, the firm said shortly after 17:00 GMT on Tuesday.

[4] Peregrine lander: Vulcan rocket launches US private Moon mission - BBC News
Not since Apollo 17 in 1972 has the US soft-landed a spacecraft on the lunar surface Running surface operations is back on the agenda because Nasa wishes soon to resume astronaut missions, and it is going to use robots from commercial partners to deliver scientific instrumentation, general equipment and supplies - a move the agency believes will work to reduce costs over time. Astrobotic is the first of three US companies to send a lander under this new arrangement. Two other companies, Intuitive Machines and Firefly, will follow in the coming months.
Two other companies, Intuitive Machines and Firefly, will follow in the coming months. Indeed, it's possible Houston-based Intuitive Machines may even beat Astrobotic to the surface because although its lander is not due to launch until mid-February, it's taking a quicker route to the Moon. All three US companies have Nasa as a ""customer"", but the agency is ""not in charge"" of their missions. It is the firms themselves who have designed the spacecraft and will be in command as the missions progress.

[5] Peregrine lander: American Moon mission destroyed over Pacific Ocean - BBC News
Astrobotic is the first of three US companies to send a lander to the Moon this year under a new private-public partnership with Nasa. The agency is buying transport services from the Pittsburgh firm and two other commercial ventures - Intuitive Machines and Firefly. Together, the trio had planned six missions to the lunar surface in 2024. Astrobotic should get a second go in the back half of the year when it tries to land a Nasa rover called Viper.
And even if they did, they should have impacted far away from any population. Astrobotic's goal had been to deliver five Nasa instruments to the Moon's surface, to study the local environment ahead of the return of astronauts later this decade. Had the Peregrine craft been able to land successfully, it would have become the first American mission in half a century to do so, and the first ever private venture to achieve the feat. Only government agencies from the US, the Soviet Union, China and India have managed controlled lunar landings to date.","The coverage discusses NASA's involvement in lunar missions through partnerships with private companies, specifically Astrobotic, Intuitive Machines, and Firefly. These companies are planning multiple missions to the Moon, with Astrobotic's Peregrine lander facing significant challenges, including a fuel leak that jeopardizes its ability to achieve a soft landing. NASA aims to use these missions to deliver scientific instruments and prepare for future crewed lunar missions, which are expected to occur later in the decade. The overall context highlights the complexities and risks associated with returning humans to the Moon after a long hiatus.",False,76a2bffc125b8877|c5b9aec74706a911|5f8c1f8b4b5aad93|d84d798ddea2e11b|e2249155d11e59ec,0.4084,0.3068,5
637cc4c8a3e7684c,M_nocap,voter opinions on party leaders,"[1] Lib Dem leader Ed Davey launches 'Tory Removal Service' - BBC News
The strategy has paid off in recent by-elections, but some in the party have suggested targeting disgruntled Tory voters alone is not enough. In November, several senior party figures wrote to The Guardian, calling for the party to be bolder in highlighting its policies on Europe, the environment, political reform and public services. So far, Sir Ed's approach has been rewarded with the party scooping up Conservative parliamentary and council seats. But with a general election looming this year, it is likely that opposition parties of all colours come under stronger pressure to spell out what people should vote for, as well as against.
Following boundary changes, he is expected to contest the new seat of Godalming and Ash at the next election, expected this year. Other Lib Dem target seats in Surrey include Esher and Walton, Woking, Dorking and Horley, and Epsom and Ewell. The Liberal Democrats have been recording around 11% in recent opinion polls, compared with around 9% for Reform UK, whose leader Richard Tice has been setting out his own new year pitch to voters. In the coming days, both Labour leader Sir Keir Starmer and Mr Sunak will follow suit.

[2] Rwanda bill passes but poll gloom still haunts PM - BBC News
Having briefly pitched himself, at the Conservative conference in the autumn, as an agent of change, he has now switched to the more conventional electoral approach of a party long in government: stick with the folk you know, don't trust the other lot. The thing is, having tried change and continuity, the opinion polls remain dire for the Tories. The political story of 2023 was Rishi Sunak's inability to budge the polls. Just this week there has been a YouGov polls for The Times and the Daily Telegraph, which both look desperate from No10's perspective.
Just this week there has been a YouGov polls for The Times and the Daily Telegraph, which both look desperate from No10's perspective. This piles gloom on top of bad blood for many Conservatives, fearful for their jobs while also irritated either at the behaviour of their rebellious colleagues or at the way the government has handled things. Yet again there are mutters that a handful of Tory MPs have submitted letters calling for a vote of confidence in Rishi Sunak. Only one Conservative MP has publicly acknowledged they have done this - Dame Andrea Jenkyns.

[3] Yousaf offers talks with 'next prime minister' Starmer - BBC News
""Polls are going to narrow, polls are going to tighten. We could be months away from an election. That's what happens in an election campaign, is that the argument gets more face to face. ""We should always believe we can still lose and we should also always believe that we don't own any voters.
""We should always believe we can still lose and we should also always believe that we don't own any voters. ""How bizarre that you have the SNP saying that Scottish votes don't matter. Every Scottish vote matters."" Scottish Conservative party chairman Craig Hoy said: ""This was another interview where Humza Yousaf confirmed independence will be page one, line one of the SNP manifesto.

[4] Biden slams Trump for Capitol riot in 2024 campaign speech - BBC News
The strategy has been effective for Mr Biden before. Democrats exceeded expectations in the 2022 midterms by hammering controversial, pro-Trump Republican opponents who questioned the legitimacy of US elections. The issue ""has incredible resonance with the Democratic base,"" said Ashley Etienne, a former Biden 2020 senior campaign adviser. ""There's nothing more foundational to who we are than democracy,"" Ms Etienne said.
""There's nothing more foundational to who we are than democracy,"" Ms Etienne said. ""But it is a winning strategy. It's a winning message. And it's facilitated this incredibly broad coalition of voters.""

[5] Simon Clarke's call for Rishi Sunak to go sparks backlash - BBC News
Conservative MPs can only trigger a leadership election if 53 MPs write to the chair of the 1922 Committee requesting one. In his Telegraph op-ed, Sir Simon said ""the Conservative Party under Rishi Sunak once again stands on the opposite, crumbling bank of this widening precipice"". The former levelling up secretary said Tory MPs might be ""afraid"" of electing a fourth leader in two years but asked: ""Which is worse: a week of chaotic headlines in Westminster, or a decade of decline under Keir?"" Sir Simon's comments come after a week of open rebellion against Mr Sunak over his flagship Rwanda Bill, which aims to deter migrants from crossing the Channel in small boats.
Liberal Democrat Deputy Leader Daisy Cooper said it was ""utterly ludicrous that the Conservative Party is even discussing installing a fourth prime minister without giving voters a say"". Mr Sunak is the third Conservative prime minister since the 2019 election, after MPs deposed both Boris Johnson and Liz Truss in 2022. There has been a sense of gloom among Conservatives over the past few weeks as Mr Sunak's repeated attempts to gain the upper hand politically have failed to make a dent in their standing, with the party trailing Labour by 18 points in polls. A general election poll of 14,000 people by YouGov projected Labour was on course for a 120-seat majority as things stand.","The coverage highlights significant voter dissatisfaction with party leaders, particularly within the Conservative Party under Rishi Sunak. Polls indicate a dire situation for the Tories, with many Conservative MPs expressing concern over their political future and some calling for a leadership change. The Liberal Democrats are also noted to be capitalizing on this discontent, suggesting that simply targeting disgruntled Tory voters may not be sufficient for electoral success. Overall, there is a prevailing sense of urgency among opposition parties to clarify their positions as a general election approaches, reflecting the shifting dynamics of voter opinions.",False,8dd87383e9888dbd|338162ea34622272|946589fc60b9dda3|be94bfaf177ef16c|e6b72ff26422bb2b,0.517,0.2516,5
649af1ba434362ef,M_nocap,sub-postmistress affected by Horizon scandal,"[1] Post Office victims' compensation pot cut by half - BBC News
Nick Wallis, journalist and author of The Great Post Office Scandal, told the BBC's Today programme courts were ""working on the basis on Horizon being essential to a prosecution"", and not seemingly taking account of the ""huge failures"" of Post Office management and prosecutors. ""So unless you can prove Horizon's essentiality in your prosecution, then you are unlikely to get your conviction overturned,"" he added. The Post Office prosecuted 700 sub-postmasters and sub-postmistresses - an average of almost one a week - between 1999 and 2015 based on information from a computer system called Horizon, which was used by branch managers for accounting. Some went to prison following convictions for false accounting and theft.
A call has been made to quash all convictions due concerns over the small number of cases being overturned. The Post Office Horizon scandal - named after the faulty accounting software - is one of Britain's most widespread miscarriages of justice. The convictions of hundreds of postmasters and postmistresses for false accounting and theft resulted in some people going to prison. To date, 93 convictions have been overturned and, of those, only 27 people have agreed ""full and final settlements"".

[2] Post Office scandal: Rishi Sunak considers measures to clear all victims - BBC News
Watch: Sunak says Post Office scandal is ""appalling miscarriage of justice"" Measures are being considered by the government to clear the names of hundreds of sub-postmasters convicted in the Post Office Horizon scandal. More than 700 branch managers were convicted of false accounting, theft and fraud based on faulty software. Fewer than 100 people have had their convictions quashed.
But one option now would be for the Crown Prosecution Service and its own lawyers to step in as appeals continue to be heard. Many victims of the scandal - which began in 1999 - are still fighting to have their convictions overturned or to secure full compensation after being forced to pay out thousands of pounds of their own money for shortfalls that were caused by Horizon accounting software. Lee Castleton, a former postmaster who said his life has been ruined by the Post Office, told the BBC: ""I'm really, really angry."" Rishi Sunak told the BBC's Sunday with Laura Kuenssberg that the scandal was ""an appalling miscarriage of justice"".

[3] Fujitsu Japan remains tight-lipped on the Post Office scandal - BBC News
The Horizon scandal led to hundreds of sub-postmasters being wrongfully convicted Japanese firm Fujitsu is once again in the spotlight as victims of the Post Office scandal question what role it played. More than 900 Post Office branch managers were convicted when faulty accounting software made it look as though money had gone missing from their sites. That software, named Horizon, had been developed by Fujitsu.
It may be difficult to believe, but in Fujitsu's home market, hardly anyone has heard of the Horizon scandal. Japan's mainstream media didn't report on it until this week. ""Horizon? What's Horizon?

[4] Post Office paid Fujitsu £95m to extend Horizon - BBC News
It led to what has been called one of the most widespread miscarriages of justice in British history. Thousands of sub-postmasters who used Horizon to manage their businesses were held accountable for losses which were not their fault, with 983 receiving criminal convictions. Their plight received new public attention this year when ITV broadcast a drama series about their fight for justice. Horizon is still in use in UK Post Offices to this day.
A Post Office spokesperson said: “The age of Horizon and the complexity involved meant that particular programme proved too technically challenging and costly. A decision was taken in November 2022 to discontinue this particular programme and resulted in a need to extend support services for our current data centres.” The cost of abandoning this plan was £31m, according to the Post Office’s latest accounts, published in December and first reported by The Stack news website. The Horizon contract was meant to expire in 2023 but the challenges of replacing it have been so great that it has been extended twice - for £42.5m in 2021, and again last year in two contracts worth £16.5m and £36.6m.

[5] Post Office scandal: Former minister calls for mass appeal against convictions - BBC News
This Panorama special tells the story of those whose lives were utterly devastated, reveals the damning evidence that was kept from them and investigates how and why the Post Office, a multinational tech company and the government covered up the truth for so long. (UK only) Have you been affected by the Post Office scandal? Get in touch by emailing haveyoursay@bbc.co.uk.
However, former sub-postmistress Ms Felstead told the BBC that while the process of helping former sub-postmasters needed to be sped up, she cautioned against a mass exoneration. ""I think we need to be really careful that we're not just going to go and turn everybody's convictions over, just in case you have that one person that has committed a crime and you've just turned over their conviction,"" she said. A Post Office spokesperson has previously said it shares the ""aims of the public inquiry to get to the truth of what went wrong in the past and establish accountability"". This Panorama special tells the story of those whose lives were utterly devastated, reveals the damning evidence that was kept from them and investigates how and why the Post Office, a multinational tech company and the government covered up the truth for so long.","The coverage reports on the Post Office Horizon scandal, which has led to the wrongful convictions of over 700 sub-postmasters and sub-postmistresses for false accounting and theft due to faulty software. Many victims are still seeking to have their convictions overturned and to receive compensation for financial losses caused by the Horizon system. The government is considering measures to assist these individuals, but only a small number of convictions have been quashed so far. The scandal is described as one of the most widespread miscarriages of justice in British history, with ongoing discussions about accountability and the role of the software's developer, Fujitsu.",False,e10abb8eb3809954|a759ba1ff1e97a8c|d8ec7ae95a961f82|9ff6889926f6dbe0|0a5fa0a6fc09ec39,0.6918,0.3457,5
a7569273c6ebdea8,M_nocap,Netanyahu rejects US push for Palestinian state,"[1] Eisenkot: Key Israeli war leader challenges Netanyahu over Gaza strategy - BBC News
Benjamin Netanyahu has publicly rejected calls from the United States for a future Palestinian state A key member of Israel's war cabinet has accused Prime Minister Benjamin Netanyahu of not telling the truth about the military goals in Gaza. Mr Netanyahu has publicly rejected the US push for a future Palestinian state and insisted the offensive would continue ""until complete victory"". But Gadi Eisenkot said those advocating ""absolute defeat"" of Hamas were not ""speaking the truth"".
don't have their own militaries,"" Mr Biden said. But Mr Netanyahu has spent his career resisting a Palestinian state and just last month boasted that he was proud to have prevented it. The timing of yet another rebuttal of the Biden Administration will heighten a sense of his growing international isolation. The US has repeatedly tried to influence Israel's military strategy during this conflict - urging more precision-guided attacks in Gaza as opposed to the blanket air strikes; delaying or abandoning the ground invasion; and engaging in meaningful talks on a two-state solution in which Israel would neighbour a future Palestinian state, with a role for the Palestinian Authority.

[2] Israel-Gaza: Netanyahu defies Biden over Palestinian state - BBC News
Israel's Prime Minister Benjamin Netanyahu has again rejected the idea of creating a Palestinian state. His comments came hours after a phone call with US President Joe Biden after which the US leader indicated Mr Netanyahu may still accept the idea. Mr Netanyahu's remarks appeared to deepen a public divide with the US. The US believes a Palestinian state alongside Israel - known as a ""two-state solution"" - is vital for long-term stability.
But on Saturday Mr Netanyahu doubled down on his position, which he has held for much of his political career and repeated earlier this week. A statement released by his office read: ""In his conversation with President Biden, Prime Minister Netanyahu reiterated his policy that after Hamas is destroyed Israel must retain security control over Gaza to ensure that Gaza will no longer pose a threat to Israel, a requirement that contradicts the demand for Palestinian sovereignty."" Also on Saturday, in a post on X - formerly Twitter - he said Israel must retain ""security control over the entire area west of [River] Jordan"", an area which also encompasses the Israeli-occupied West Bank territory. UK Defence Secretary Grant Shapps said on Sunday that Mr Netanyahu's statement was ""disappointing"", even though it was not a surprise.

[3] Pro-Palestinian supporters disrupt speech by David Lammy - BBC News
In his speech, Mr Lammy went on to express support for a Palestinian state when the war ends and branded Israeli Prime Minister Benjamin Netanyahu's rejection of this morally and practically ""wrong"". ""The Israeli government must immediately change their approach,"" the shadow foreign secretary told the conference. ""From the pain and despair, new will and a new political process must emerge to make two states a reality."" The incident came after Mr Lammy insisted earlier on Saturday that Labour would go ahead with its £28bn green investment plan if it wins the next general election.
""It is difficult to see how Lammy is upholding any commitment to human rights or international law as we enter into the 106th day of Israel's unrelenting assault on Gaza,"" the group said. After initially refraining from calling for a ceasefire, Labour has hardened its position on the conflict. The speech was interrupted three times by pro-Palestinian protesters In his speech, Mr Lammy went on to express support for a Palestinian state when the war ends and branded Israeli Prime Minister Benjamin Netanyahu's rejection of this morally and practically ""wrong"".

[4] More than 25,000 now killed in Gaza since Israel offensive began, Hamas-run health ministry says - BBC News
Mr Netanyahu has been fiercely opposed to a Palestinian state throughout his political career. But by repeatedly asserting it now, an increasingly unpopular prime minister appears to be doubling down on a view that he feels chimes with the majority opinion in a nation too horrified by the attacks to countenance an independent Palestinian state. His apparent fight for political survival is clashing with exasperated Israeli allies, who hope that the current bloodshed could force both sides into meaningful diplomacy over a sustainable two-state solution. UK Defence Secretary Grant Shapps told the BBC earlier that Mr Netanyahu's stance was ""disappointing"".
UK Defence Secretary Grant Shapps told the BBC earlier that Mr Netanyahu's stance was ""disappointing"". The White House has said the US and Israel ""clearly see things differently"". Antonio Guterres, secretary-general of the United Nations, went further, calling the refusal to accept a Palestinian state ""completely unacceptable"". He added it ""would indefinitely prolong a conflict that has become a major threat to global peace and security"".

[5] Israeli minister outlines plans for Gaza after war - BBC News
Some far right-wing members of Mr Netanyahu's government have said that Palestinian citizens should be encouraged to leave Gaza for exile, with the reestablishment of Jewish settlements in the territory - controversial proposals that have been rejected as ""extremist"" and ""unworkable"" by other countries in the region and by some of Israel's allies. While Mr Gallant's proposals may be regarded as more practical than those suggested by some of his cabinet colleagues, they are likely to be rejected by Palestinian leaders who say that Gazans themselves must be allowed to take full control of running the territory once this devastating war is over. Mr Netanyahu has not publicly talked in any detail about how he thinks Gaza should be governed. He has suggested that the war in Gaza may yet last several months, with the avowed goal being to completely crush Hamas.
Neighbouring Egypt would also have an unspecified role to play under the plan. But the document adds that Palestinians would be responsible for running the territory. ""Gaza residents are Palestinian, therefore Palestinian bodies will be in charge, with the condition that there will be no hostile actions or threats against the State of Israel,"" Mr Gallant said. The plan was not discussed in any detail in the cabinet meeting and Israeli Prime Minister Benjamin Netanyahu has not publicly commented on it.","Benjamin Netanyahu has publicly rejected the United States' calls for the establishment of a Palestinian state, reaffirming his long-standing opposition to the idea. His stance has deepened the divide between Israel and the US, which views a two-state solution as essential for long-term stability. Netanyahu insists that Israel must maintain security control over Gaza after the conflict, a position that contradicts the notion of Palestinian sovereignty. This rejection has drawn criticism from various international figures, including UK officials and the UN Secretary-General, who have expressed disappointment and concern over the implications for peace and security.",False,cc63287bedfded52|8a2334ebc49c781c|4decff18f121806f|f59a9727d9639290|935f5da232d9692b,0.7691,0.3234,5
1ee23c51ff253af9,M_nocap,teenagers accused in child abuse cases,"[1] Police left children at mercy of grooming gangs in Rochdale, review finds - BBC News
One child victim, known as Amber, gave ""significant evidence"", but the crimes were not recorded by GMP and perpetrators were potentially left to continue their abuse of other children, the report found. Amber was even described as a co-conspirator in the sexual exploitation of other children in one trial without her knowledge - an allegation which she always denied and was unable to defend herself against. Mayor Andy Burnham said victims had been badly failed The review, which focuses on 111 cases in Rochdale from 2004 to 2013, also concluded:
The report's authors highlighted a ""significant number of successful convictions"" had been made in recent years. However, these related to only 13 of the 74 children believed to have been sexually exploited, which they described as a ""very small proportion"". Ms Rowbotham said: ""Children were being raped every day. Both the police and Rochdale children services told me and kept telling me, it was nothing to do with them.""

[2] Boy, 16, in court charged with Harry Pitman murder - BBC News
The defendant, from Westminster, appeared at Highbury Magistrates' Court and is also charged with possessing an offensive weapon. He was remanded in custody and will appear at the Old Bailey on Tuesday. The teenager, who cannot be named due to his age, spoke only to confirm his name, date of birth and address. He was arrested on suspicion of murder along with a 17-year-old boy on Friday following a public appeal.
He was arrested on suspicion of murder along with a 17-year-old boy on Friday following a public appeal. The 17-year-old has since been bailed. The Met Police said three other teenage boys - aged 15, 16 and 18 - who were arrested in connection with Harry's death, would not face further action. Harry had been with a group of friends near the viewing platform on Primrose Hill where they had gathered to see in the the new year.

[3] Greater Manchester Police officer charged with child sex attack - BBC News
The 34-year-old was charged on Sunday and will appear in court later A serving Greater Manchester Police officer has been charged with sexually assaulting a child. PC Dean Dempster, based in Oldham, has been charged with the sexual assault of a child under 13 and misconduct in a public office after a police investigation. The 34-year-old is due to appear at Manchester and Salford Magistrates' Court later.
The 34-year-old is due to appear at Manchester and Salford Magistrates' Court later. The force said PC Dempster had been suspended from duty. It added any misconduct proceedings would resume ""upon the conclusion of criminal proceedings"". Why not

[4] Idris Elba urges stronger action on knife crime - BBC News
But there is general agreement that ""adverse childhood experiences"" are a major cause of young people becoming involved in crime. The Home Office's Serious Violence Strategy highlighted the role of abuse, neglect, parental criminality, substance abuse, and being taken into care. These factors are why many experts now advocate a ""public health"" approach to preventing youth crime. This involves identifying young people likely to become ""infected"" and finding ways of diverting them into healthier lifestyles.
Police officers stress the role of drugs in driving gang crime. The 'country lines' business-model now adopted by most drugs gangs relies on recruiting young people, and many are active in areas with large non-white populations. Many experts point to the role of social media in driving rivalries between groups of young people, which spill out from the internet to the streets. But there is general agreement that ""adverse childhood experiences"" are a major cause of young people becoming involved in crime.

[5] Harry Pitman: Two arrested over fatal stabbing - BBC News
Harry, 16, from Haringey, was attacked after getting involved in a fight in Primrose Hill as crowds gathered to watch New Year's Eve fireworks. Det Ch Insp Geoff Grogan said: ""This is clearly a significant development and we are keeping [the] family informed."" The two boys remain in custody, the force added. Three other teenage boys aged 15, 16 and 18 arrested in connection with the murder have been released on police bail while enquiries continue.
Harry Pitman was with a group of friends near the viewing platform on Primrose Hill when he was stabbed Two teenage boys have been arrested on suspicion of murder following the fatal stabbing of Harry Pitman. A 16-year-old and a 17-year-old handed themselves in after the Met released images of people it wanted to speak to. Harry, 16, from Haringey, was attacked after getting involved in a fight in Primrose Hill as crowds gathered to watch New Year's Eve fireworks.","The coverage discusses various incidents involving teenagers and crime, particularly focusing on serious offenses. One report highlights a review of child exploitation cases in Rochdale, where significant evidence from a child victim was overlooked, leading to ongoing abuse. Another report details the arrest of a 16-year-old boy charged with murder, alongside a 17-year-old, following a fatal stabbing incident. Additionally, there is mention of the broader context of youth crime, linking adverse childhood experiences to young people's involvement in criminal activities, including gang-related violence.",False,ff0c51caad33336a|3eb4869f104c78ed|16e6dd2c7cd57f6b|1039b25fc738ad29|efbfd3ac28a425c9,0.5089,0.283,5
c4817cf6da9d276d,M_nocap,major rioting and looting in Papua New Guinea,"[1] Ecuador violence affects whole world, president tells BBC - BBC News
Days of unrest saw two gang leaders escape from jail, prison guards held hostage, and explosive devices set off in a number of cities across the country. Then, a day after Mr Noboa declared a state of emergency, armed men burst into the studios of TC television in Guayaquil, threatening staff with guns live on air. Speaking exclusively to the BBC during his first visit to Guayaquil since the violence, the president acknowledged that the task ahead in restoring peace to the country was daunting. ""I didn't sign up for this thinking it was going to be easy,"" he says on the waterfront of the conflicted port city.
If there is one thing that this week has laid bare, though, it's that Ecuador's problems run deep. The drug gangs, which are believed to operate in tandem with powerful Mexican cartels, are smuggling tonnes of cocaine out of Ecuador's ports, like Guayaquil, to the US and Europe. Detection of the drugs inside the shipping containers is insufficient and President Noboa says he's keen to do more to strengthen checks in the country's ports. Eighteen people were detained over the storming of a TV station in the port city of Guayaquil

[2] Streets empty as Ecuador reels from violence - BBC News
Eight people were killed and three injured in attacks linked to criminal gangs in the city on Tuesday while two police officers were killed by ""armed criminals"" in the nearby town of Nobol, police said. Police say they are in the process of identifying three bodies which were found in a burned-out car in the south of the city overnight. This is an unprecedented situation for the people of Guayaquil - they have seen political protests and other violent incidents over the years but nothing on the scale of the sheer panic which gripped the city on Tuesday. Students ran in fear as gunmen entered their university corridors and bombs were detonated around the country, raising fears that the attacks were co-ordinated.
Soldiers are on the streets in several cities in Ecuador as the country reels from an unprecedented day of violence. Masked gunmen stormed a public TV studio during a live broadcast in the city of Guayaquil and bombs were detonated across Ecuador on Tuesday. More than 130 prison staff are being held hostage by inmates in five jails. A 60-day state of emergency began on Monday after a notorious gangster vanished from his prison cell.

[3] Mediators push for Gaza ceasefire deal but gaps remain between Israel and Hamas - BBC News
The UN says the humanitarian situation in Gaza is ""appalling"", with 2.2 million Palestinians living in ""inhumane, squalid conditions"" With more than 25,000 people now killed in Gaza, according to local health officials, and a catastrophic humanitarian situation, international calls for a ceasefire have become much harder for Israel to ignore. Meanwhile, noisy protests and rallies by the families of Israeli hostages ensure their demand to bring home their loved ones has become a priority of domestic politics. They have overwhelming public sympathy.
Intense fighting is continuing between Israeli soldiers and Hamas fighters in southern Gaza A senior Palestinian official, who is familiar with ongoing talks, told us that Cairo had laid out a new five-stage framework to Hamas officials. This is said to start with a humanitarian truce, during which Hamas would release the remaining civilians it is holding hostage, including women, children and the elderly. In exchange, some Palestinians would be freed from Israeli jails and the amount of desperately needed aid going into Gaza would increase.

[4] Chiapas violence: Hundreds flee cartel battles in southern Mexico - BBC News
Entire families have left their homes and crossed the nearby Angostura lake by boat to escape the violence over the past days. Local journalists said that their villages now resembled ghost towns. Chiapas civil protection official Luis Manuel García Moreno told Radio Fórmula that 701 people had fled to the city of Comitán, most of them women and children.
The worst-hit communities are Chicomuselo and La Concordia in Chiapas state. Residents of Chicomuselo said 20 people - 18 gang members and two locals - were killed in a cartel battle on 4 January. In a statement, the community described ""the pain at seeing children and youths trembling in fear and getting sick from having to live through these traumatic experiences"". They also accused the state of failing to protect them.

[5] Adolfo Macías Villamar: Curfew in Ecuador after infamous gang leader 'Fito' vanishes from cell - BBC News
He was being held in the maximum security wing of a jail in Guayaquil. The emergency measures include the suspension of the right of assembly and a nightly curfew. They were announced in a decree issued by President Daniel Noboa, who took office less than two months ago as the second-youngest holder of the post in Ecuadorean history. He won the election after a campaign overshadowed by unprecedented levels of violence, including the assassination of another candidate, Fernando Villavicencio.
Adolfo Macías Villamar is the leader of the feared Los Choneros gang A 60-day state of emergency has begun in Ecuador after a convicted gang leader vanished from his prison cell. Adolfo Macías Villamar, better known as ""Fito"", is the leader of Los Choneros, a powerful gang which is thought to have been behind some of the deadly prison riots in recent months. He was being held in the maximum security wing of a jail in Guayaquil.","The evidence does not provide any information regarding major rioting and looting in Papua New Guinea. Instead, it focuses on violence and unrest in Ecuador, including attacks linked to criminal gangs, a state of emergency, and the impact of gang activities on public safety. The reports detail incidents of violence, including bombings and hostage situations, but do not mention Papua New Guinea or related events.",False,3efe473c3307075b|175795c9351a7bc8|574fa9fd131b258d|6564f9b62c250c72|4eb56342bc8a30f6,0.4619,0.2735,5
372cc1e11885b993,M_nocap,protests against violence against women in Kenya,"[1] Israel Supreme Court strikes down judicial reforms - BBC News
A protester outside the Supreme Court in September last year Israel's Supreme Court has struck down a controversial judicial reform that triggered nationwide protests last year against the Netanyahu government. The change would have limited the power of the Supreme Court in overturning laws it deemed unconstitutional. Critics say it would have severely undermined the country's democracy by weakening the judicial system.
In July, the government passed into law what is now known as the ""reasonableness"" bill. This removed the power of the Supreme Court and lower courts in Israel to cancel government decisions it deemed to be ""extremely unreasonable"". The law caused widespread anger and division, prompting hundreds of thousands of protesters to take the streets calling for the reforms to be scrapped - and for the resignation of Prime Minister Benjamin Netanyahu. Organisers said the weekly protests were the biggest street demonstrations in Israel's history.

[2] Mediators push for Gaza ceasefire deal but gaps remain between Israel and Hamas - BBC News
Intense fighting is continuing between Israeli soldiers and Hamas fighters in southern Gaza A senior Palestinian official, who is familiar with ongoing talks, told us that Cairo had laid out a new five-stage framework to Hamas officials. This is said to start with a humanitarian truce, during which Hamas would release the remaining civilians it is holding hostage, including women, children and the elderly. In exchange, some Palestinians would be freed from Israeli jails and the amount of desperately needed aid going into Gaza would increase.
The UN says the humanitarian situation in Gaza is ""appalling"", with 2.2 million Palestinians living in ""inhumane, squalid conditions"" With more than 25,000 people now killed in Gaza, according to local health officials, and a catastrophic humanitarian situation, international calls for a ceasefire have become much harder for Israel to ignore. Meanwhile, noisy protests and rallies by the families of Israeli hostages ensure their demand to bring home their loved ones has become a priority of domestic politics. They have overwhelming public sympathy.

[3] Thousands attend pro-Palestinian march in London - BBC News
Organisers said the protest was part of a global day of action in 30 countries. More than 1,700 police officers were on duty to manage the march from London's commercial centre to Westminster. Six people have been arrested for a range of alleged offences, the Metropolitan Police said. ""Two for offensive placards, one for being in possession of stickers to be used for criminal damage and the three arrested under the Terrorism Act,"" the Met said on social media.
Former Labour leader Jeremy Corbyn addressed the crowd calling for a ceasefire. London is one of 30 countries taking part in the Global Day of Action protests - elsewhere people have gathered in parts of Indonesia and Thailand. On Sunday there will be a rally in support of Israel taking place in London's Trafalgar Square. Correction 13th February: This article wrongly reported that about 1,300 people had been killed following the 7th October attack by Hamas.

[4] Israeli minister outlines plans for Gaza after war - BBC News
It said it had conducted strikes on ""terrorist infrastructure"" and had killed people who it described as militants, who it said had tried to detonate an explosive next to soldiers. It also announced that it had killed a senior Palestinian Islamic Jihad operative, Mamdouh Lolo, in an air strike. The Hamas-run health ministry in Gaza said 125 people had been killed in the past 24 hours across the Strip. A health ministry official said 14 people - including nine children - were killed by Israeli air strikes in al-Mawasi, to the west of Khan Younis.
In the south, the Israeli military would continue to try to track down Hamas leaders and rescue Israeli hostages, he said. On Thursday, the IDF said it had hit areas in Gaza's north and south, including Gaza City and Khan Younis. Khan Younis, the largest city in the south of the Gaza Strip, was hit by Israeli air strikes on Thursday It said it had conducted strikes on ""terrorist infrastructure"" and had killed people who it described as militants, who it said had tried to detonate an explosive next to soldiers.

[5] AfD: Germans float ban on elected far-right party after scandal - BBC News
AfD co-leader Alice Weidel has condemned all talk of a ban of the party Since its release, the report has sparked large anti-AfD rallies including in Berlin, Cologne and Hamburg, and more are taking place this weekend. Police and organisers said at least 300,000 people took part in protests across the country on Saturday, according to initial estimates. About 35,000 marched in Frankfurt, the financial heart of the country, while a similar number turned out in the western city of Dortmund.
""I feel threatened and I am already making plans to get out of Germany. I don't feel comfortable here any more,"" said one German citizen whose family comes from Latin America. Demonstrations were expected to take place in about 100 towns and cities throughout the weekend, according to German media, with protests in Berlin, Munich Cologne, Dresden, Leipzig and Bonn on Sunday. Chancellor Olaf Scholz has expressed gratitude for the ""tens of thousands"" of protesters, warning that any expulsion plan amounted to ""an attack against our democracy and in turn on all of us"".",INSUFFICIENT_EVIDENCE,False,87b4cfd90564da6d|574fa9fd131b258d|a695d708eeb42529|935f5da232d9692b|8f04460b7505bdbe,0.4059,0.2555,5
35701a5855a35135,M_nocap,White House unaware of defence secretary's hospitalization,"[1] US Defence Secretary Lloyd Austin remains in hospital - Pentagon - BBC News
He added he would provide ""daily updates"" on his condition. The defence secretary is just below the president in the chain of command for the US military, and is regarded as one of the most important members of the cabinet. His secret admission to hospital has prompted security and transparency concerns, prompting the launch of three probes into the handling of his health crisis at the White House. The Pentagon's inspector general has said it will be investigating the matter.
President Joe Biden has stood by him but has conceded it was ""sub-optimal"" that he had not disclosed the seriousness of his illness. The White House has since informed cabinet secretaries that they must make it clear to the administration when they are unable to perform their duties.

[2] US defence secretary Lloyd Austin kept cancer diagnosis from the White House - BBC News
He has since apologised for not ""ensuring the public was appropriately informed"". The lag in notifying the White House raised potential national security concerns and issues of transparency within the Biden administration. The defence secretary sits just below the president in the chain of command for the US military, and is one of the most important members of the president's Cabinet. At a press briefing on Tuesday, National Security Council spokesman John Kirby said that President Biden was only informed that day about the diagnosis of prostate cancer.
The Pentagon had said this failure occurred because a key staff member had the flu. Mr Ryder said notification procedures about the hospital stay were under review to ""make sure we're doing better next time"". White House chief of staff Jeff Zients on Tuesday directed members of the president's Cabinet to provide notice when they cannot perform their duties.

[3] Dozens reported killed as battle rages in Gaza's Khan Younis - BBC News
A doctor in the emergency department told Reuters that the hospital was overwhelmed by casualties and ""on the brink of collapse"". ""With the siege on the neighbourhoods close to Nasser [hospital], it is very difficult to deliver medical aid to the hospital, and it is very difficult to continue treating the patients,"" Ahmed Abu Mustafa said, adding that there were ""no pain killers, no anaesthesia, or any medical resources"". A health ministry spokesman also told Reuters that Israeli troops had stormed the al-Khair Hospital in the al-Mawasi area, west of Khan Younis. On Monday White House National Security Council spokesperson John Kirby said Israel was obliged under international law to protect innocent people in Gaza hospitals as much as possible.
On Monday White House National Security Council spokesperson John Kirby said Israel was obliged under international law to protect innocent people in Gaza hospitals as much as possible. There was no immediate comment from the Israeli military on the reports from the three hospitals. However, it has previously accused Hamas of operating inside and around medical facilities - a claim the group has denied. Civilians fleeing the fighting in Khan Younis headed south towards the border town of Rafah

[4] Palestinians must be able to stay in Gaza - Blinken - BBC News
A representative of the United Nation's Office for the Coordination of Humanitarian Affairs (OCHA), told the BBC World Service's Newshour programme that they were ""hugely concerned by this development"". ""What it means is that a hospital that was already over-crowded and overloaded and well beyond its capacity is now without absolutely critical reinforcement to support it as it deals with an ever-increasing number of casualties,"" said Gemma Connell. The head of the World Health Organization, Tedros Adhanom Ghebreyesus, said that more than 600 patients and health workers were forced to leave the hospital, according to its director. ""Their locations are not currently known,"" said Mr Tedros in a post on X, formerly known as Twitter.
Meanwhile, the situation in Gaza continues to deteriorate. Health officials said even medical facilities including hospitals are now unsafe. Three international medical aid groups announced they were pulling out of the Al-Aqsa Hospital in central Gaza after Israel issued evacuation orders. A representative of the United Nation's Office for the Coordination of Humanitarian Affairs (OCHA), told the BBC World Service's Newshour programme that they were ""hugely concerned by this development"".

[5] Queen Camilla visits King Charles in hospital after prostate treatment - BBC News
The medical treatment is not significant enough to require any constitutional changes for the King's role as head of state. There will not be a need for ""counsellors of state"" who can stand in when a monarch is seriously ill. The Palace said the reason the King made his diagnosis public was to send a message to other men to get their prostates checked, and following the disclosure, the NHS website saw a surge in searches about enlarged prostates, an interest welcomed by doctors and charities. A Buckingham Palace spokesperson said the King was ""delighted to learn that his diagnosis is having a positive impact on public health awareness,"" and added that he wanted to ""thank all those who have sent their good wishes"".
A palace spokesperson said the King wanted to ""thank all those who have sent their good wishes"". Queen Camilla has visited King Charles in hospital, a day after he underwent treatment for an enlarged prostate. The King went into the London Clinic private hospital, near Regent's Park,on Friday morning and is said to be doing well after the procedure. It is not known how long he will stay there but it is expected to be at least until the end of this weekend.","The coverage reports that US Defence Secretary Lloyd Austin is hospitalized and has not disclosed the seriousness of his illness to the White House, which has raised security and transparency concerns. The Pentagon's inspector general is investigating the handling of his health crisis, and President Biden acknowledged that it was ""sub-optimal"" for the situation to remain undisclosed. Following this incident, the White House has instructed cabinet members to inform the administration when they are unable to perform their duties, highlighting the importance of communication regarding health issues among top officials.",False,c46e48e957308050|135912fb74b5770c|ae1313fce399fba3|92c1d6733e7d65c9|6629c1b52764a9c0,0.6989,0.2831,5
ef28489876e8ed7d,M_nocap,Boohoo labeling overseas clothes as 'Made in UK',"[1] Jimmy Lai: Hong Kong mogul pleads not guilty to national security crimes - BBC News
He left China when he was just 12 and escaped to Hong Kong as a stowaway on a boat. In Hong Kong, Mr Lai worked in a garment sweatshop and taught himself English. He later founded the global apparel brand Giordano. His career veered towards political activism and media after tanks crushed pro-democracy protests in Beijing in 1989.
He is the most prominent person charged with violating the Beijing-backed National Security Law (NSL), which critics allege is being used to crack down on dissent. Just hours before he was charged in 2020, Mr Lai said in a BBC interview that he sees himself as a ""born rebel"" with a ""very rebellious character"". Mr Lai founded the now-shuttered pro-democracy newspaper Apple Daily. He was also on the frontlines of Hong Kong's pro-democracy protests, from 2014's Umbrella Movement to huge demonstrations against a Beijing-backed extradition bill five years later.

[2] Vogue model Ellie Goldstein: 'Doctors said I wouldn't walk or talk' - BBC News
Follow East of England news on Facebook, Instagram and X. Got a story? Email eastofenglandnews@bbc.co.uk or WhatsApp 0800 169 1830
One day I want to model in New York on a red carpet and on a catwalk. Never give up on your hopes and dreams, be who you are and always be happy. Just go out there and rock it. Follow East of England news on Facebook, Instagram and X. Got a story?

[3] Accessible underwear helping disabled people 'slay' - BBC News
Caitlin says accessible garments tend to only be available from small independent businesses, where prices can be higher. ""There's a few online shops that are very expensive,"" Caitlin says, adding: ""I can't think of one physical shop you can go in where you can buy adaptive clothing or underwear."" Primark has also pledged to be more inclusive by inviting experts to review its stores and figure out any changes that could make them more accessible. ""It's just going to make disabled people feel more heard and let them gain some of their independence back,"" Caitlin says.
Eliza Rain hopes other retailers will follow Primark's lead when it comes to accessible clothing Disability campaigners say new lines of accessible underwear available on the High Street are ""really important"". Primark is the latest to announce plans to offer more affordable accessible items in its almost 200 UK shops. The chain is the latest to develop a new lingerie line in collaboration with disabled people which includes bras and pants with magnetic closures.

[4] Stephen Fry wants King's Guard to ditch bear fur - BBC News
""By continuing to purchase caps made of black bear fur, the UK government drives demand for pelts and effectively incentivises hunters,"" says Mr Fry. The bear was attracted by the food bait and then hit by hunters using crossbows ""Britain has always prided itself on being sporting, but these bears - lured with cookies to the hunters' hiding place - stand no chance of survival."" Kate Werner of PETA says: ""The UK government is sponsoring bait-and-kill sport hunting of mothers and other bears.
Kate Werner of PETA says: ""The UK government is sponsoring bait-and-kill sport hunting of mothers and other bears. PETA says it will share the video footage with King Charles, as it asks him to support a switch from real to artificial fur. But a Ministry of Defence spokeswoman says that its bear pelts are sourced from authorised hunts and a regulated Canadian fur market: ""To date and to the department's knowledge, an alternative has yet to meet the standards required to provide an effective replacement for the bearskin ceremonial caps."" You can see more royal stories in the free BBC Royal Watch newsletter emailed each week - sign up here from within the UK or here, from outside the UK.

[5] Social media: Trolls target cancer survivor over wigs - BBC News
""The prices of wigs that I buy can range from £35 to £700, it depends what budget you've got,"" she said. Rebecca Morgan-Brennan says the trolling is ""barbaric"" Rebecca Morgan-Brennan, who owns Morgan's Hair, Beauty and Wigs, which has salons in Prestatyn, Chester and Cardiff, described the trolling as ""disgusting"". Ms Morgan-Brennan said: ""It's barbaric that people think it's ok to comment about the way people look.
Many people wear wigs while going through chemotherapy treatment for cancer, or after suffering from conditions like alopecia. In Wales, the NHS provides wigs to patients through health boards, which make provision for their supply for people who meet their criteria. But wigs can also be bought. ""The prices of wigs that I buy can range from £35 to £700, it depends what budget you've got,"" she said.",INSUFFICIENT_EVIDENCE,True,c332fb5fc74f2547|f92a01efa4135190|c61ff9e01b0cf5d6|bb9fc69a6b9829ef|c1dd0af3c87fd276,0.3158,0.25,5
d7c989c71313fc1b,M_nocap,Keir Starmer comments on Horizon prosecutions,"[1] Keir Starmer seeks new year boost before 2024 election - BBC News
Labour leader Keir Starmer is trying to do exactly that with a speech on Thursday in a marginal seat near Bristol. Don't expect any new policies. There won't be any. Instead, he is arguing he is taking on two opponents this year.
In response, Conservative Party Chairman Richard Holden says Starmer is a ""weather vane"" who will tell the public ""whatever he thinks they want to hear on any given day"". Welcome to 2024. There will be plenty more where this comes from, from all sides. The prime minister will also be out and about today, in the East Midlands, visiting a school and a community centre.

[2] Post Office paid Fujitsu £95m to extend Horizon - BBC News
It led to what has been called one of the most widespread miscarriages of justice in British history. Thousands of sub-postmasters who used Horizon to manage their businesses were held accountable for losses which were not their fault, with 983 receiving criminal convictions. Their plight received new public attention this year when ITV broadcast a drama series about their fight for justice. Horizon is still in use in UK Post Offices to this day.
A Post Office spokesperson said: “The age of Horizon and the complexity involved meant that particular programme proved too technically challenging and costly. A decision was taken in November 2022 to discontinue this particular programme and resulted in a need to extend support services for our current data centres.” The cost of abandoning this plan was £31m, according to the Post Office’s latest accounts, published in December and first reported by The Stack news website. The Horizon contract was meant to expire in 2023 but the challenges of replacing it have been so great that it has been extended twice - for £42.5m in 2021, and again last year in two contracts worth £16.5m and £36.6m.

[3] Sir Keir Starmer has worries over election impact on his children - BBC News
""She doesn't do anything publicly, she just wants to get on with her job. She works for the NHS."" Mr Starmer said he talks through ""all the big decisions"" with his wife - but admitted he is concerned about the potential publicity around his two teenage children. He added: ""When I finished as chief prosecutor, as director of public prosecutions and was thinking about going into politics she was ringing other job adverts to go and carry on doing something in law.
He also said he was committed to Labour's £28bn green investment plan, accusing the Tories of weaponising the issue. Speaking about a row over borrowing to invest in new energy technology and jobs, he said: ""If they want that fight, bring it on."" Mr Starmer was asked on the programme about how much support he owes to his family and wife. ""Oh everything"" Mr Starmer answered.

[4] Crown faces questions over Post Office prosecutions in Scotland - BBC News
The Horizon scandal has been public knowledge for years with an inquiry ongoing, but the recent ITV drama Mr Bates vs The Post Office has thrust the issue back into the spotlight. Up to 100 people in Scotland may have been wrongly prosecuted More than 700 sub-postmasters were wrongly prosecuted across the UK during a 16-year period. Prime Minister Rishi Sunak announced plans to introduce a new law that will quash convictions in England and Wales on Wednesday.
The first minister said victims had waited too long for justice Mr Yousaf said the COPFS was informed about concerns with Horizon in September 2013, adding it was instructed to treat each case on an individual basis. However, Mr Ross said prosecutors were actually told on 29 January of that year, before being told not to proceed with any cases dependent on accounts from the software designed by tech giant Fujitsu. In a previous response to a freedom of information request from the BBC, the COPFS said it was informed of possible issues in May 2013.

[5] Post Office inquiry: Wells ex-postmistress blames people 'not computers' - BBC News
A former sub-postmistress who says she was made to feel like a criminal after being falsely accused of stealing £12,000 has laid the blame for her ordeal firmly on the Post Office and IT firm Fujitsu. Gail Ward, from Wells in Somerset, was taken to court, convicted and sentenced to community service. She was one of hundreds of people wrongly prosecuted after a faulty computer system called Horizon made it look like money was missing from accounts. ""People keep saying it's the Horizon scandal, but Horizon is a computer system,"" she said.
""When we arrived at the train station, we'd have our tasks and have to clean the area and you weren't allowed to talk to anyone. It was a horrific time. ""People avoided you in the street and pointed at you - it ruined our reputation as a post office but also my reputation as a citizen of Wells."" The government now plans to clear the names of hundreds of people wrongly convicted in the Post Office Horizon software scandal.","The coverage discusses the ongoing issues surrounding the Horizon scandal, which has been described as one of the most significant miscarriages of justice in British history, affecting thousands of sub-postmasters. It highlights that up to 100 individuals in Scotland may have been wrongfully prosecuted, with over 700 cases across the UK during a 16-year period. The inquiry into these prosecutions is ongoing, and there are plans to introduce new legislation to quash wrongful convictions. Additionally, the plight of those affected has gained renewed attention due to a recent ITV drama, which has brought the issue back into public discourse.",False,43a994b0356fcb3b|9ff6889926f6dbe0|23a13857c5fed57f|2448e01ce713c97b|779b9fe3740fb93e,0.5353,0.3309,5
89c9c071ad2933e8,M_nocap,Japan Airlines plane fire on Tokyo runway,"[1] Japan jet crash: How crew pulled off flawless evacuation from plane inferno - BBC News
Passengers dashed to the emergency exits of a burning Japan Airlines jet without their hand luggage, in compliance with the flight crew's instructions. The simple act of leaving their valuables behind would be a ""major factor"" behind the speed of the evacuation, with the last person escaping just before the aircraft was engulfed in flames on the runway of Tokyo's Haneda Airport on Tuesday, aviation experts say. Japan Airlines Flight 516 turned into a fireball after it collided with a coastguard plane as it landed. Five of the six people on board the smaller aircraft - which had been due to deliver aid to victims of the powerful New Year's Day earthquake - died.
The crash was found to be due to miscommunication between flight crew and air traffic controllers. An investigation is currently under way into what caused Tuesday's runway collision in Tokyo but, according to transcripts of conversations with the control tower which emerged on Wednesday, the coastguard plane had not been cleared for take-off while the passenger plane was given permission to land. Japan Airlines experienced its own catastrophe in August 1985, when Osaka-bound Flight 123 crashed into a mountain shortly after take-off from Tokyo Haneda. It was later attributed to faulty repair work by Boeing, the aircraft manufacturer.

[2] Japan Airlines: Coastguard plane not cleared for take-off, transcripts show - BBC News
Watch: First pictures of plane on fire on Tokyo runway A coastguard aircraft involved in a fatal collision at Tokyo's Haneda airport was not cleared for take-off, Japanese authorities have said. The smaller aeroplane collided with a Japan Airlines (JAL) passenger jet on the runway on Tuesday. Newly released transcripts of air traffic control instructions just before the crash confirmed the JAL Airbus A350 was cleared to land.
But experts point out there are other visual cues like painted markings which would show where aircraft needed to stop short of the runway. All 379 passengers and crew on board the state of the art JAL Airbus were safely evacuated after the collision, police said. Japan Airlines Flight 516 had departed from Sapporo's New Chitose airport at 16:00 local time (07:00 GMT) and landed at Haneda shortly before 18:00. Flames engulfed the airliner shortly after it landed.

[3] Japan jet crash: Passengers describe chaos inside flight 516 - BBC News
Watch: Moment plane turns into fireball as it lands on runway Those on board the second plane, a smaller coastguard aircraft due to deliver aid to quake victims, were not as fortunate. Five were killed and the pilot is seriously injured. Investigators are piecing together what happened at 17:47 local time (08:47 GMT) at Haneda airport, and why two planes could have been on the runway at the same time.
Then survival instinct kicked in, as people scrambled to flee a cabin filling with fumes, knowing that lives depended on the next few seconds. That all on Japan Airlines flight 516 escaped is extraordinary. Experts say a flawless evacuation and new technology played a large part in their survival. Watch: Moment plane turns into fireball as it lands on runway

[4] Japan jet crash: Airline pilots unaware of cabin fire until crew told them - BBC News
Pilots of a Japanese airliner that collided with a smaller plane at Tokyo Haneda Airport were initially unaware that their jet was on fire. It was a flight attendant who informed them of the cabin fire, a Japan Airlines spokesperson told the BBC. After that, the evacuation of all 379 on board Japan Airlines Flight 516 proceeded with life-saving precision. Five of six people on board the smaller coastguard plane, a Bombardier Dash-8, died.
was [the] key for all passengers [being able] to escape quickly and safely"", they added. Watch: How the Japan passenger plane burst into flames Japanese authorities said late on Wednesday that the coastguard plane was not cleared for take-off on Haneda's runway. The plane was scheduled to deliver relief supplies to earthquake-hit areas.

[5] Japan earthquake: Fires hit quake zone as rescuers race to reach survivors - BBC News
It's a very frightening experience,"" Ms Ward said. Many also said the quake had reminded them of the devastating 2011 earthquake and tsunami that killed 18,000 people and triggered an accident at a nuclear plant in Fukushima. In an incident unrelated to the earthquake, a Japan Airlines plane caught fire on Tuesday as it collided with a coastguard aircraft on its way to provide earthquake relief at Tokyo's Haneda airport. Five people on board the coastguard plane are known to have died, but the Japan Airlines plane's 379 passengers and crew managed to escape.
Five people on board the coastguard plane are known to have died, but the Japan Airlines plane's 379 passengers and crew managed to escape. Japan is one of the most seismically active nations on Earth, owing to its location on the so-called Pacific Ring of Fire, where many tectonic plates meet. The constant threat of earthquakes has led Japan to develop one of the world's most sophisticated tsunami warning systems.","A Japan Airlines plane caught fire on the runway at Tokyo's Haneda Airport after colliding with a smaller coastguard aircraft that was not cleared for take-off. All 379 passengers and crew on the Japan Airlines flight were successfully evacuated, with the evacuation praised for its speed and efficiency, aided by the crew's instructions to leave behind personal belongings. Unfortunately, five of the six people on the coastguard plane died in the incident. Investigations are ongoing to determine the cause of the collision, which was attributed to miscommunication between the flight crew and air traffic controllers.",False,f56df533190b92b7|da16b85fcb42e91a|3e9eef4f369e3b71|f5451407eda5d0cb|2a77dab51c04ec23,0.7886,0.3381,5
9b014383333a7c4c,M_nocap,Ofsted's need for more empathy after death,"[1] Ofsted sorry for its role in Ruth Perry's suicide - BBC News
After December's inquest, coroner Heidi Connor warned of a risk of further deaths ""unless action is taken"". Responding to her report, on Friday, Ofsted also promised a major review of how it handled safeguarding concerns. The Department for Education (DfE), who also received the coroner's prevention-of-future-deaths (PFD) notice, promised to work with Ofsted to make changes. In her report, the coroner said she was worried by ""the almost complete absence of Ofsted training"" for inspectors looking for signs of distress in school leaders or for pausing an inspection.
Safeguarding concerns saw the school downgraded from ""outstanding"" to ""inadequate"", after Ofsted's visit in November 2022. It has since been regraded ""good"". In Ofsted's response to the PFD report, Sir Martyn Oliver, who became chief inspector on 1 January 2024, said ""such tragedies should never happen again - and no-one should feel as Ruth did"". ""As his majesty's chief inspector (HMCI), I would like to express my deepest condolences to Ruth's family and friends and apologise sincerely for the part our inspection of her school played in her death,"" he added.

[2] William Brown: Funeral takes place for boy killed in crash - BBC News
You have moulded me into a better person."" Dozens of people attended the funeral both inside the church and by watching the service on a screen in the churchyard. Mr Brown said: ""William's drive and determination was infectious and admirable."" His mother added: ""To be able to call him my son has not also been an honour, but a real privilege.
She said: ""Seeing the whole community saying, 'we are standing with you and we are mourning with you'. That is tremendous emotional and psychological support for the immediate family. ""Something that they will remember and something that will carry them into the future."" Ahead of the funeral, family friends and those who knew William gathered in the churchyard.

[3] Ruth Perry: Ofsted chief promises sister minute's silence - BBC News
The meeting was the first anyone from Mrs Perry's family has had with an Ofsted official since the Caversham Primary head teacher's death. Sir Martyn, who took on the role as His Majesty's Chief Inspector on 1 January, previously said Ofsted ""must listen to criticism"". Sir Martyn Oliver took over as chief Ofsted inspector on 1 January In December, Berkshire coroner Heidi Connor wrote to the inspectorate saying, without changes, there was a risk of future deaths among those subject to its inspections.
Her sister, Prof Julia Waters met Ofsted head Sir Martyn Oliver earlier to discuss reforms in the organisation. During the meeting, Sir Martyn said inspectors would be asked to pause for reflection during training scheduled on the anniversary of Mrs Perry's death. Prof Julia Waters said Sir Martyn seemed ""genuinely quite emotional"" when talking about her sister The meeting was the first anyone from Mrs Perry's family has had with an Ofsted official since the Caversham Primary head teacher's death.

[4] Soldier who shot child killed himself waiting for therapy - BBC News
Cwm Taf Morgannwg University Health Board said it extended ""heartfelt condolences to George's family"", adding: ""As a health board, we are committed to the Armed Forces Covenant and provide a range of services to veterans with mental health needs."" If you are affected by any of the issues in this article you can find details of organisations that can help via the BBC Action Line.
But Dave Singletary, of the Parachute Regimental Association in Wales, said therapy lists were full and Wales did not have the facilities to offer the same care as was available in England. ""The care and treatment that they require could be available, should be available, but isn't available - and I can't find an excuse for that,"" he added. The Army said it had ""improved the support provided"" to help identify mental health distress and seek support earlier. Cwm Taf Morgannwg University Health Board said it extended ""heartfelt condolences to George's family"", adding: ""As a health board, we are committed to the Armed Forces Covenant and provide a range of services to veterans with mental health needs.""

[5] Councils to get extra funding to tackle cash crisis - BBC News
Cathie Williams, joint chief executive of the Association of Directors of Adult Social Services, said the extra funding was ""much needed"", and would be welcomed by people who received and provided support. But she added the scale of the pressures on budgets meant more needed to be done to boost independence at home, support unpaid carers, and address workforce shortages. ""We need to move from treating the symptoms to addressing the cause of the challenges we see in adult social care, like long waiting times and people missing out on care altogether,"" Ms Williams said. District council leaders held an emergency meeting at Westminster on Tuesday to urge the government to rethink its December settlement, because of the rising costs of tackling homelessness.
Both emphasised the need for reform of local government finance and an end to ""short-term"" settlements. Labour councillor Shaun Davies, who chairs the Local Government Association, also welcomed the funding, but added that it would not be enough to meet increases in costs and demands. He put the funding gap next year at £1.6bn. Cathie Williams, joint chief executive of the Association of Directors of Adult Social Services, said the extra funding was ""much needed"", and would be welcomed by people who received and provided support.","Ofsted has acknowledged its role in the suicide of Ruth Perry, a head teacher, and has committed to a major review of its handling of safeguarding concerns. Following a coroner's warning about the risk of future deaths without changes, Ofsted's new chief inspector expressed condolences and emphasized the need for empathy in their inspections. The coroner's report highlighted a lack of training for inspectors to recognize signs of distress in school leaders, prompting Ofsted to consider reforms, including pausing for reflection during training sessions. The meeting between Ofsted officials and Perry's family marked a significant step in addressing these issues.",False,850ac746bb8eb185|82f07099d5e6a9b8|e69d6c0050ef2cc2|bb07fa1a1859a7ab|ec188e392d7d2811,0.4771,0.2857,5
a145164e6e07abb2,M_nocap,accused in toddler murder trial,"[1] Constance Marten trial: Dead baby 'well cared for' by parents, court told - BBC News
He rejected the defence's suggestion Ms Marten would not have allowed a stranger to place his hand on the baby's head, and maintained the exchange happen. The prosecution maintains baby Victoria would still be alive were it not for the ""reckless, utterly selfish, callous, cruel, arrogant and ultimately grossly negligent conduct"" of her parents. Outlining the case against the defendants on Thursday, prosecutor Tom Little KC told jurors the couple previously had four other children, all of whom had been taken into care after extensive involvement from social services. The court has heard the couple were living in a tent on the South Downs - which the prosecution says deprived the baby of what it needed, namely warmth, food and safety.
Prosecutors allege the baby died as a result of living outdoors in wintry conditions, but in an opening address to the jury, John Femi-Ola KC, who is defending Mr Gordon, said: ""The baby was kept warm and dry, and was fed such as she was well-nourished. The baby did not require medical assistance."" He said there was no evidence of any sign of violence, and no sign of external or internal injuries. Mr Femi-Ola said there was no intention by the couple to pervert the course of justice by deliberately allowing Victoria's body to decompose, because Ms Marten wanted a post-mortem examination to know ""how her beloved baby died"".

[2] Constance Marten trial: Baby kept in Lidl bag before being dumped, court told - BBC News
Outlining the case against the defendants, prosecutor Tom Little KC told jurors the couple previously had four other children, all of whom had been taken into care after extensive involvement from social services. He said the couple ""essentially went off-grid"" and lived outside to avoid social services removing their new baby, concealing the pregnancy from family and the health service. The Old Bailey heard that only the defendants knew the precise date the baby was born, but the prosecution said she appeared to have been born after 28 December 2022. On 5 January, a car the family had allegedly been travelling in was discovered on fire on a road in Greater Manchester.
A baby whose body was found in a shed spent much of her life being carried in a Lidl ""bag for life"" while her parents lived ""off-grid"", a court has heard. Constance Marten, 36, and Mark Gordon, 49, are on trial for the manslaughter of newborn Victoria, whose body was discovered in March 2023 after a weeks-long search for the family. Prosecutors said the baby would still be alive if it were not for the ""reckless"" behaviour of the defendants. Outlining the case against the defendants, prosecutor Tom Little KC told jurors the couple previously had four other children, all of whom had been taken into care after extensive involvement from social services.

[3] Alfie Phillips murder: Mother and partner guilty of killing toddler - BBC News
Sian Hedges, 27, and Jack Benham, 35, had denied murdering the toddler in a caravan in Kent. The judge indicated they both face life sentences. They are both due to be sentenced on 19 December. Sian Hedges and Jack Benham were found guilty of murdering 18-month-old Alfie Phillips
During the nine-week trial, the prosecution said that both defendants were complicit in the assaults that took place. Jennifer Knight KC told the court: ""They both agreed in meting out some sort of aggressive, violent 'discipline' to Alfie that night which resulted in his death."" Jurors took about 10 hours to reach a unanimous verdict. They previously heard about older injuries Alfie sustained in the months prior to his death and their explanations for them, such as a cut under his eye from playing with keys and his fingers being caught in the dog gate in Benham's parents' home.

[4] Alfie Steele: Mum and partner guilty of killing boy in bath - BBC News
Dirk Howell, 41, was found guilty of murdering the young boy and his mother, Carla Scott, was convicted of his manslaughter. Jurors cleared her of Alfie's murder. They were told by the judge they would never have to sit on a jury again. After weeks of hearing horrific details of the nine-year-old's final months, the jury deliberated for 10 hours over the verdicts.
Alfie had more than 50 injuries on his body when he died, the court heard A mother and her partner have been convicted of killing her nine-year-old son in the bath after months of abuse. Alfie Steele was found unresponsive at his home in Droitwich, Worcestershire, in February 2021. Dirk Howell, 41, was found guilty of murdering the young boy and his mother, Carla Scott, was convicted of his manslaughter.

[5] Christopher Kapessa: Drowned boy's family 'racially abused' - BBC News
Christopher's family accused the CPS and South Wales Police of institutional racism for not prosecuting the suspect. When the decision not to charge the 14-year-old was reviewed, Jenny Hopkins, who oversees the appeals and review unit within the CPS, said: ""Although there was evidence to support a prosecution for manslaughter it was not in the public interest to prosecute."" The inquest is expected to last for up to two weeks.
She added that the family received hate mail and had their home in Rhondda Cynon Taf daubed in racist graffiti. Christopher, 13, died after being pushed into the river Cynon in 2019. The High Court in 2022 upheld the Crown Prosecution Service (CPS) decision not to charge a 14-year-old boy who allegedly caused the teenager's death. Christopher's mother, Alina Joseph, told the inquest the family lived in Hirwaun, Rhondda Cynon Taf, until 2018 and suffered ""horrific treatment"" and ""felt very isolated"".","The coverage reports on the trial of Constance Marten and Mark Gordon, who are accused of the manslaughter of their newborn daughter, Victoria. Prosecutors argue that the couple's reckless behavior, including living off-grid to avoid social services, led to the baby's death due to exposure to harsh conditions. The defense contends that the baby was well cared for, kept warm and nourished, and that there was no evidence of violence or intent to harm. The case highlights the couple's history with social services, as they had previously lost custody of four other children.",False,a3a9f4a3158e31d6|737f482209fa8859|3fe5b81993fc5728|83bf459276d45ad1|740e0248580140e6,0.5153,0.2869,5
83238963d98f26df,M_nocap,Japan's efforts to rescue Slim Moon lander,"[1] Japan lands on Moon but glitch threatens mission - BBC News
Artwork: Jaxa has become the fifth national space agency to land on the Moon A Japanese robot has successfully touched down on the Moon but problems with its solar power system mean the mission may live for just a few hours. The Smart Lander for Investigating Moon (Slim) put itself gently on the lunar surface near an equatorial crater. The feat made the Asian nation only the fifth country to soft-land on Earth's natural satellite, after the US, the Soviet Union, China and India.
Statistically, it's proven very hard to land on the Moon. Only about a half of all attempts have succeeded. Jaxa put its faith in new precision-navigation technologies. The lander's onboard computer used rapid image processing and crater mapping to avoid hazards to reach its touchdown point.

[2] Stricken Japanese Moon mission landed on its nose - BBC News
The Slim lander may yet come back to life if its solar cells can be made to work Japan's Moon lander ended up on its nose when it made its historic touchdown on the lunar surface. The first picture of the stricken Slim spacecraft shows it rotated 90 degrees from how it should have come to rest. This will go some way to explaining the difficulties it has had in generating the electricity needed to operate.
These show the spacecraft to be on a slope, surrounded by small rocks. Slim's landing location is at the edge of an equatorial crater known as Shioli. The landing on Saturday at 00:20, Japan standard time (15:20 GMT, Friday), made Jaxa only the fifth national space agency to achieve a soft touchdown on the Moon - after the US, the former Soviet Union, China and India. Statistically, it's proved very hard to put down softly on the lunar surface.

[3] Peregrine lander: Time running out for US Moon mission - BBC News
The 1.2-tonne lander was launched from Cape Canaveral, Florida, with the intention of landing on the Moon's northern hemisphere in late February. The US space agency (Nasa) had purchased capacity on the lander for five instruments to study the lunar surface environment ahead of sending astronauts there later this decade. An image from Peregrine of warped insulation layers seemed to confirm the propulsion problem Peregrine ran into trouble almost as soon as it came off the top of its launch rocket.
Watch: Vulcan rocket sends Moon mission on its way Astrobotic is the first of three US companies to send a lander to the Moon this year under a new private-public partnership with Nasa. The agency is buying transport services from the Pittsburgh firm and two other commercial ventures - Intuitive Machines and Firefly. Together, the trio had planned six missions to the lunar surface in 2024.

[4] US Moon mission has no chance of soft lunar landing - BBC News
Astrobotic envisioned Peregrine landing on the Moon's northern hemisphere in late February A US lunar lander has ""no chance"" of making a soft landing on the Moon due to a fuel leak, the company behind the mission says. Pittsburgh-based Astrobotic said there was enough propellant to operate its Peregrine lander as a spacecraft. The lander is expected to run out of fuel in about 40 hours, the firm said shortly after 17:00 GMT on Tuesday.
An image from Peregrine of warped insulation layers seemed to confirm the propulsion problem The US space agency, Nasa, had purchased capacity on the lander for five instruments to study the lunar surface environment ahead of sending astronauts there later this decade. Astrobotic is the first of three US companies to send a lander to the Moon this year under a new private-public partnership with Nasa. Alongside two other commercial ventures - Intuitive Machines and Firefly - they had planned six missions to the lunar surface in 2024.

[5] Peregrine lander: Vulcan rocket launches US private Moon mission - BBC News
Jaxa's Smart Lander for Investigating Moon (Slim) will target a location near Shioli crater, which is just south of the Moon's equator on its near-side. China will continue its recent exploration efforts on the Moon by sending a mission to the far-side to bring some of the rocks there back to Earth for study. This should happen mid-year. While the focus in the coming weeks will be squarely on Peregrine's travels, It's worth reflecting also on the success of the Vulcan, which was making its maiden flight after 10 years of development.
This is something that has drawn the ire of the Navajo Nation, the North American indigenous people, who regard the Moon as sacred. They've appealed to Nasa to stop the mission, which they see as an act of desecration. The first of 2024's lunar touch-down attempts will be conducted by the Japanese space agency (Jaxa) and is expected on 15 January. Jaxa's Smart Lander for Investigating Moon (Slim) will target a location near Shioli crater, which is just south of the Moon's equator on its near-side.","Japan's Slim lander successfully touched down on the Moon but encountered significant issues with its solar power system, which may limit its operational lifespan to just a few hours. The lander ended up on its nose, rotated 90 degrees from its intended position, complicating its ability to generate electricity. It landed near an equatorial crater called Shioli, and the challenges it faces highlight the difficulties associated with soft landings on the lunar surface, a feat that only a few countries have achieved.",False,c5b9aec74706a911|017a1a70d95ffb85|76a2bffc125b8877|5f8c1f8b4b5aad93|d84d798ddea2e11b,0.7433,0.3382,5
07d55b7ade44e0fe,M_nocap,emergency approval for neonicotinoid pesticide,"[1] Safety plea over co-sleeping baby deaths figures - BBC News
The NHS no longer tells parents never to bedshare with their babies but focuses advice on doing so more safely. The solicitor general said the figures suggested some babies were dying in ""high-risk"" co-sleeping situations. The Crown Office and Procurator Fiscal Service (COPFS) has for the first time tracked the number of babies who died while co-sleeping with parents, following concerns identified as a result of its investigations. During 2023 it received reports of 74 deaths of babies under the age of 18 months.
The Scottish government said it did not yet know the causes of deaths for the babies that COPFS had been notified of. A spokesperson added: ""We are very grateful to the many charities that provide vital support and information to families at this very difficult time of their lives. We know that charities will be available to support families who require this as a result of the solicitor general's statement."" If you're affected by the issues in this report, you can find support from BBC Action Line or information from the Scottish Cot Death Trust.

[2] Bronson Battersby: Review after boy, two, and dad found dead - BBC News
It must be completed within 15 working days of the national Child Safeguarding Practice Review Panel being notified of a serious incident that meets the criteria - 2 February in this case. It will then go to the national panel, which has 15 working days to decide the next steps. These include whether a national review is appropriate, further information is required to support decision-making, or if they agree and support the outcomes and recommendations made by partners involved in the rapid review.
Meanwhile, Labour leader Sir Keir Starmer told Prime Minister's Questions he was ""saddened"" to hear how the father and son had died in ""heartbreaking circumstances"". Lincolnshire Police said it was not treating the deaths as suspicious but had referred itself to the Independent Office for Police Conduct (IOPC), adding it was standard procedure in such cases. The rapid review will involve the council, police force, and any relevant health organisations. It must be completed within 15 working days of the national Child Safeguarding Practice Review Panel being notified of a serious incident that meets the criteria - 2 February in this case.

[3] New antibiotic compound very exciting, expert says - BBC News
And even if the trial is successful, then the drug has to be approved for use and then made accessible to those that need it - and that is all over the world not just in a few countries that can afford it. ""Therein is the big problem - the economics of making antibiotics."" But despite the considerable hurdles, there is ""definite hope"". ""It is really exciting - and not only is it good for this type of bacteria, but this could be built upon for others as well,"" Prof Piddock added.
An expert microbiologist has hailed the discovery of a potential new class of antibiotics that could treat lethal hospital infections as ""very exciting"". The new compound, zosurabalpin, worked ""extremely well"" in test-tubes and mice, Global Antibiotic Research and Development Partnership scientific director Prof Laura Piddock said. The research offered ""definite hope"" for other hard-to-treat infections, she told BBC Radio 4's Today programme. It is published in the journal Nature.

[4] Prescription drugs sold online without robust checks - BBC News
This is language the regulator, which can disqualify a pharmacist from its register, says should not be used. Five of the pharmacies that sold to us sent follow-up emails with more safety information and contact details if we had concerns or needed to ask any questions. Every pharmacy that sold to us had a disclaimer urging us to alert our GP about the purchase. The BBC spoke to several other people who said they have been able to circumvent safety checks to buy medicines from online pharmacies.
If you are affected by any of the issues raised in this story you can contact BBC Action Line here. Unlike illegitimate, black market sellers, licensed online pharmacies are regulated by the GPhC and employ qualified pharmacists and prescribers. They are expected to carry out risk assessments to determine which medicines can be safely sold online, and the regulator can take action if they are deemed to be practising dangerously. But Ms Govind says the guidance from the regulator is too vague, and does not state clearly enough which checks online pharmacies should be conducting.

[5] Newham: Newborn girl found in shopping bag less than hour old, police say - BBC News
He added: ""Please know that your daughter is well, and no matter your circumstances, please do seek help by dialling 999."" The force has also asked for anyone who thinks they know the mother to contact them. The infant is the third to be found in Newham in four years, with a girl left in a park in February 2019, and a boy on the street in January 2020. Listen to the best of BBC Radio London on Sounds and
In a previous statement, Ch Supt Crick appealed to the baby's mother to contact police. ""Our thoughts now turn to the baby's mother; we are extremely concerned for her welfare as she will have been through a traumatic ordeal and will be in need of immediate medical attention following the birth,"" he said. ""Trained medics and specialist officers are ready to support her and we urge her to get in touch by phone or walk in to the nearest hospital or police station."" He added: ""Please know that your daughter is well, and no matter your circumstances, please do seek help by dialling 999.""",INSUFFICIENT_EVIDENCE,True,f79047c0aefc98e9|aaab31f380c95013|df437250720bbd0d|dd22f000fe8f1366|6df4022312087f03,0.3303,0.2285,5
b885c0b75341edb1,M_nocap,William visits Princess of Wales in hospital,"[1] King Charles 'doing well' after prostate treatment - BBC News
The procedure was carried out at the London Clinic private hospital, where Catherine, the Princess of Wales had surgery last week. The King visited his daughter-in-law in the hospital on Friday morning, ahead of his own treatment. The Queen left the hospital in central London having arrived with the King this morning Queen Camilla left the hospital in Marylebone in central London on Friday evening, having arrived with the King this morning.
The King and the Princess of Wales are being treated in the London Clinic When she leaves the hospital it is expected that she will spend several months recuperating at home in Windsor. It means the princess will not be taking part in any official duties until after Easter. There was a third royal health story this week, when it was revealed that Sarah Ferguson, the Duchess of York, had been diagnosed with malignant melanoma, a form of skin cancer.

[2] Catherine, Princess of Wales, in hospital after abdominal surgery - BBC News
The Princess of Wales will remain in hospital for 10 to 14 days The Princess of Wales is to stay in hospital for up to two weeks after undergoing abdominal surgery. Kensington Palace said the procedure was planned and successful but the princess is not expected to resume royal duties for months. The palace did not disclose further details about her condition but said it is not cancer-related.
TV cameras and reporters were seen gathering near to the hospital after the announcement on Wednesday afternoon, with a number of police officers also discreetly dotted around the streets near the building. Once discharged, the princess is expected to recover at home in Windsor, where she and Prince William live with their children, Prince George, 10, Princess Charlotte, eight, and Prince Louis, five. In the statement issued on Wednesday afternoon, Kensington Palace said: ""Her Royal Highness The Princess of Wales was admitted to The London Clinic yesterday for planned abdominal surgery. ""The surgery was successful and it is expected that she will remain in hospital for 10 to 14 days, before returning home to continue her recovery.""

[3] King Charles to be treated for benign prostate condition - BBC News
The Princess of Wales will spend up to two weeks in hospital recovering from abdominal surgery on Tuesday. The Princess of Wales made several public appearances in December Her procedure was planned and successful, Kensington Palace said. Further details about her condition were not disclosed, but it is understood not to be cancer-related.
The announcement comes shortly after it was revealed the Princess of Wales is in hospital after undergoing abdominal surgery. It is unusual for medical updates about two senior royals to be released on the same day, but it is understood it was necessary because the King had to cancel engagements scheduled for Thursday. He had been due to meet foreign dignitaries and cabinet members in Scotland on Thursday, but those meetings have been cancelled on medical grounds. It is also thought the King was keen to share his diagnosis with the public to encourage other men who may be experiencing symptoms to get checked.

[4] Kate in hospital after surgery as King to get prostate treatment - BBC News
It is understood the princess is doing well, but is expected to spend up to two weeks in hospital and be out of the public eye until after Easter as she continues a months-long recovery. It is clear from the length of time she needs to recuperate and the tone of the statement from the palace that her condition is serious, though it was stressed the procedure had been planned and successful. The palace called for the princess' medical privacy to be respected, adding: ""She hopes that the public will understand her desire to maintain as much normality for her children as possible."" The Prince of Wales will also step back from royal duties in the coming weeks to be with his wife and Prince George, 10, Princess Charlotte, eight, and Prince Louis, five.
The Princess of Wales is recovering in hospital after undergoing surgery, and King Charles III is set to undergo a medical procedure next week. Catherine will step back from royal duties for months after surgery for an unspecified but non-cancer related abdominal condition. The King's benign prostate condition will be treated next week. The unexpected health announcements were made within two hours of each other on Wednesday afternoon.

[5] Prince Harry wins latest stage in case against Mail publisher - BBC News
He became the first senior royal in modern times to make such a court appearance, facing questions over two days, with the outcome of that case still to be decided. You can see more royal stories in the free BBC Royal Watch newsletter emailed each week - sign up here from within the UK. or here, from outside the UK.
""This ruling is a significant blow to the Daily Mail and great news for anyone who wants the truth about allegations of illegal press practices to come out,"" he said. Privacy lawyer Philippa Dempster, of the law firm Freeths, said the ruling that the claims can go ahead despite the passage of time would ""send a shockwave across the press industry"". The ruling could also mean another in-person court appearance from Prince Harry, who earlier this year stepped into the witness box to give evidence in a hacking claim against another newspaper publisher, Mirror Group Newspapers. He became the first senior royal in modern times to make such a court appearance, facing questions over two days, with the outcome of that case still to be decided.","King Charles visited the Princess of Wales in the hospital following her planned abdominal surgery, which was successful but requires her to remain hospitalized for 10 to 14 days. The Princess is expected to spend several months recuperating at home in Windsor and will not participate in official duties until after Easter. The palace has requested privacy regarding her condition, which is not cancer-related, and emphasized her desire to maintain normalcy for her children during her recovery. Meanwhile, King Charles is set to undergo treatment for a benign prostate condition.",False,c7825377844578f6|a34b24f78db24937|25faa43e356aab4e|f4c50e0a0a128df0|fe5da8a36934ba80,0.7352,0.2945,5
bec2d2efb59b7695,M_nocap,Biden comments on US strikes in Yemen,"[1] US and UK strikes target Houthi rebels in Yemen - BBC News
The Houthi targets in Yemen early on Friday included logistical hubs, air defence systems and arms depots, US officials told the Associated Press news agency. US President Joe Biden, quoted by Reuters news agency, said the US and UK military had successfully launched strikes against Houthi targets with support from countries including Australia, Bahrain, Canada and the Netherlands. ""These targeted strikes are a clear message that the United States and our partners will not tolerate attacks on our personnel or allow hostile actors to imperil freedom of navigation,"" Mr Biden said. He added that he ""will not hesitate"" to order further military action if necessary.
The strikes are in response to repeated attacks by the Iran-backed group on commercial vessels in the Red Sea. The Houthis, who back Hamas, said at least five of their number were killed. The group claims to be targeting ships linked to Israel - saying the attacks are in response to Israel's campaign in the Gaza Strip - and have also launched a series of drones and missiles towards Israel. The Houthi targets in Yemen early on Friday included logistical hubs, air defence systems and arms depots, US officials told the Associated Press news agency.

[2] US and UK launch fresh strikes on Houthis in Yemen - BBC News
The US and UK have conducted a fresh series of joint air strikes against Houthi targets in Yemen. The Pentagon said Monday's strikes hit eight targets, including an underground storage site and Houthi missile and surveillance capability. The Iran-backed Houthis have been targeting ships they say are linked to Israel and the West that travel through the important Red Sea trade route. The US and UK said they were trying to protect the ""free flow of commerce"".
On Tuesday the Pentagon said its assessment was that the strikes destroyed or degraded more than 25 missile launch and deployment facilities. This is the eighth strike by the US against Houthi targets in Yemen. It is the second joint operation with the UK, after joint strikes were carried out on 11 January. Foreign Secretary Lord Cameron told reporters the UK had sent a ""clear message"" and that it will ""continue to degrade"" the Houthis' ability to carry out attacks.

[3] UK not seeking confrontation with Houthis - Sunak - BBC News
It follows overnight strikes with the US in Yemen. Labour leader Sir Keir Starmer said he backed the ""targeted action"". Four RAF Typhoons and two Voyager tankers took part in a second wave of joint US-UK action against the Houthis on Monday night, following previous raids on 11 January. They targeted two military sites used to support attacks on shipping north of Yemen's capital, Sanaa.
What was originally intended to be a short, sharp shock for the Houthis has now descended into a repetitive tit-for-tat. The latest strikes will have made a dent in their arsenal. But the Houthis, who took over much of Yemen 10 years ago, have a large supply of missiles and drones and show every sign of continuing their attacks on shipping, undeterred by the eight US-led air strikes so far this year. The US and UK have little choice but to continue hitting Houthi targets as long as their attacks continue - to give up now would be tantamount to ceding control of a crucial global shipping route to a proscribed terror group backed by Iran.

[4] Rishi Sunak: Strikes on Houthis intended as 'limited, single action' - BBC News
Rishi Sunak says that UK strikes on Houthi military targets in Yemen were ""in self-defence"" Joint US-UK strikes on Houthi targets in Yemen were intended as a ""limited, single action"", Rishi Sunak has said. Following reports of more attacks by the rebel group on ships in the Red Sea on Monday, the prime minister refused to speculate whether he would take further military action in response. But he said the UK ""will not hesitate to protect our security, our people and our interests where required"".
He added that the strikes still carried risks and ""we must avoid escalation across the Middle East"". The Houthis - a military and political group who control the north of Yemen and its capital Sanaa - have been attacking cargo ships in the Red Sea since November. Last Thursday, the US and UK carried out air strikes on military Houthi targets in response. Giving a Commons statement, Mr Sunak told MPs the government's ""initial assessment"" was that all 13 planned targets were destroyed, while there was no evidence of civilian casualties so far.

[5] Yemen strikes: Houthis hit US-owned ship after 'terror' designation - BBC News
""Our sanctions are best not seen in isolation but as part of a broader effort."" In the wake of last week's strikes, the Houthis said the US and UK would ""soon realise"" the action was ""the greatest folly in their history"". ""America and Britain made a mistake in launching the war on Yemen because they did not benefit from their previous experiences,"" senior Houthi official Mohammed al-Bukhaiti wrote on social media. Yemen has been devastated by a civil war that escalated in 2015, when the Houthis seized control of large parts of the west of the country from the internationally recognised government and a Saudi-led coalition intervened in an effort to restore its rule.
Washington's new designation of the Houthis will require US financial institutions to freeze Houthi funds and its members will be banned from the US. The Houthi attacks in the Gulf of Aden and neighbouring Red Sea are a response to Israel's military operation in Gaza. Earlier this month, the UK and US launched air strikes on dozens of Houthi targets in Yemen in an attempt to stop the group from targeting vessels in the waters. On Wednesday evening, a Houthi spokesperson said the group had successfully targeted the Genco Picardy, and that the attack was a response to ""the American-British aggression against our country"".","The coverage reports on recent US and UK military strikes against Houthi targets in Yemen, which were described as a response to the Houthis' attacks on commercial vessels in the Red Sea. President Biden stated that these strikes serve as a clear message against attacks on US personnel and the importance of maintaining freedom of navigation. The strikes targeted various military assets, including missile launch facilities, and were characterized as necessary to protect global shipping routes. The Houthis have vowed to continue their attacks, claiming the strikes are a response to their actions linked to the ongoing conflict involving Israel.",False,fb1433687b40cd58|3144cf716198d4dd|d876379f83b92e63|903eeb5d7210ea7f|b63331d1666c504c,0.6801,0.2742,5
33feedbb07048c53,M_nocap,scammers targeting desperate pet owners,"[1] Cat and dog theft set to be made criminal offence - BBC News
It will now face further scrutiny from MPs and peers but government support means it is more likely to become law. Currently, pets are considered in law to be property and stealing a pet is covered by the 1968 Theft Act. The law is similar in Scotland. The government promised to make the abduction of dogs a criminal offence in 2021, but no such legislation has yet been passed.
Ms Clarke says the real figures are likely to be much higher, as police forces' willingness to record the crime varies dramatically across the country. She says the impact on her of losing Clooney has been ""profound and traumatising"", not least the ""open-ended grief of not knowing what happened"". Annabel Berdy, senior advocacy officer at charity Cats Protection, agrees it is important to extend any new criminal offence to cover cats. She told the BBC: ""If you included dogs from the outset without cats, given that those are the two companion animals, it might drive exploitative criminals or people looking to steal animals for money towards cats.""

[2] Dog enjoys priciest meal of his life - $4,000 cash - BBC News
A money-hungry pooch was in the dog house for chewing up $4,000 (£3,153) cash that his owners had left out. Cecil, a goldendoodle from Pennsylvania, has gone viral for snacking on the envelope of money his owners had set aside for a contractor. Clayton and Carrie Law pieced together most of the shredded bills after a smelly search of Cecil's droppings and vomit - only $450 is still missing. Cecil's veterinarian told the couple their greedy pet would be OK.
A video of the incident, which made the dog a momentary internet star, showed the pet owner in tears. The Laws, meanwhile, said they are trying to see the levity of the situation, writing on their viral video that ""the remaining scraps will be our most expensive piece of art"".

[3] XL bully dogs: Ban decision 'needed shortly' in Northern Ireland - BBC News
BBC News NI has also heard from animal shelters in Northern Ireland which say dozens of XL bully dog owners in England and Wales have been contacting them looking to rehome their pets here. Karen Matthews, from Almost Home Animal Rescue in Moira, County Down, said she has had at least 20 calls from Great Britain. ""We've had quite a few calls asking for help, and really distressing calls for us as well that we are having to say no and turn people away that are desperate for our help,"" she said. ""It's such a tough one, it's so emotive.
The Department of Agriculture, Environment and Rural Affairs (DAERA) told BBC News NI that if ministers are not in post, senior officials will consider what steps can be taken under the provision of the Northern Ireland Executive Formation Act 2022. Nora Smith, from the USPCA, said its plea to DAERA would be to take an evidence-based approach on the issue. ""Ultimately what we need to be dealing with is the unscrupulous breeders and those who are irresponsible when it comes to dog ownership."" BBC News NI has also heard from animal shelters in Northern Ireland which say dozens of XL bully dog owners in England and Wales have been contacting them looking to rehome their pets here.

[4] Scottish government announces XL Bully dog 'ban' - BBC News
But the SNP decided to reject the same measures. ""Siobhian Brown should explain how many XL Bullies have been brought into Scotland while she and Humza Yousaf dithered, take responsibility for her inaction and apologise to anyone who suffers harm as a result."" Lindsay Fyffe-Jardine, chief executive of Edinburgh Dog and Cat Home said animal rehoming centres were already ""creaking under the pressure"" of abandoned pets amid the cost of living crisis. The charity recently acquired Kira, an XL Bully who had been taken to Scotland from England after the ban was introduced.
Laws on ownership of the dogs came in to force south of the border on 31 December. The Scottish government accepted there had been an influx of the animals being ""rehomed"" since that date after the measures were introduced in response to growing concerns over attacks. Ms Brown said the UK government had failed to act in stopping the dogs being brought to Scotland. She said the safeguards were essential to ""public safety,"" adding: ""The importance of responsible dog ownership is hugely important, but sadly there are some cases of irresponsible dog ownership that can understandably lead to operational challenges for the police as well as local authority dog wardens.

[5] Pandemic puppy owners struggle with bad behaviour say vets - BBC News
The number of cases where an out-of-control dog caused injury rose by just over a third between 2018 and 2022, a previous BBC investigation found. In January, a plastic surgeon in West Sussex told the BBC they were now seeing twice as many dog attack victims compared to before the pandemic. Battersea's Robert Bays warns the the animal rescue charity has seen a rise in dogs with problem behaviours Robert Bays, Battersea's senior animal behaviour manager, said the charity had seen a rise in dogs coming to its centres with behavioural issues, including ""separation anxiety, which can often be linked to the pandemic and the training challenges this unusual time presented"".
Denise Mariner-Chappell says her Labrador Ted ""hasn't got a nasty bone in his body"" A Commons hearing earlier this year heard the UK's dog population rose by about a million to an estimated 11 million, with many people becoming first-time owners. The RVC warned there was a boom in illegal puppy purchasing practices during the pandemic. The number of cases where an out-of-control dog caused injury rose by just over a third between 2018 and 2022, a previous BBC investigation found.","The evidence highlights issues related to pet ownership and the challenges faced by pet owners, particularly in the context of rising crime and irresponsible breeding. There are concerns about the theft of pets, with calls for new legislation to criminalize such acts, as current laws treat pets as property. Additionally, the evidence mentions a significant increase in the number of dogs with behavioral issues, which may be linked to the pandemic and the rise in first-time pet ownership. This situation has led to distress among pet owners and increased pressure on animal shelters, which are struggling to accommodate abandoned pets.",False,12f660940b0b8702|1ce4ed351d4c88b0|4b4659927c9efb54|36dc75121099f9ca|409d46ae981738b3,0.4922,0.2664,5
52cdef222ff450e1,M_nocap,Kate Garraway thanks supporters during husband's death,"[1] Derek Draper: Kate Garraway says husband has died, aged 56 - BBC News
He was a huge character, a giver not a taker, and had so much more to give before Covid took its toll. ""Sad above all for Kate Garraway and the children. Their love and support was profound and unshakeable to the end. RIP"".
Derek Draper and TV presenter Kate Garraway married in 2005 (pictured in 2019) Derek Draper, the author and former political adviser, has died aged 56, his wife Kate Garraway has said. Draper had been living with extreme complications from Covid since contracting the disease in March 2020. TV presenter Garraway confirmed his death in a statement posted on Instagram.

[2] William Brown: Funeral takes place for boy killed in crash - BBC News
She said: ""Seeing the whole community saying, 'we are standing with you and we are mourning with you'. That is tremendous emotional and psychological support for the immediate family. ""Something that they will remember and something that will carry them into the future."" Ahead of the funeral, family friends and those who knew William gathered in the churchyard.
You have moulded me into a better person."" Dozens of people attended the funeral both inside the church and by watching the service on a screen in the churchyard. Mr Brown said: ""William's drive and determination was infectious and admirable."" His mother added: ""To be able to call him my son has not also been an honour, but a real privilege.

[3] Annie Nightingale: Trailblazing BBC Radio 1 DJ dies at 83 - BBC News
""I think I can say I speak for myself and other women in broadcasting when I say we owe her an immense amount of gratitude for everything she has done."" He continued: ""As well as being a trailblazer for new music, she was a champion for female broadcasters, supporting and encouraging other women to enter the industry. We will all miss her terribly."" A statement attributed to her family on Friday said she ""passed away yesterday at her home in London after a short illness"".
A statement attributed to her family on Friday said she ""passed away yesterday at her home in London after a short illness"". ""Annie was a pioneer, trailblazer and an inspiration to many. Her impulse to share that enthusiasm with audiences remained undimmed after six decades of broadcasting on BBC TV and radio globally. ""Never underestimate the role model she became.

[4] Ruth Perry: Ofsted chief promises sister minute's silence - BBC News
In December, Berkshire coroner Heidi Connor wrote to the inspectorate saying, without changes, there was a risk of future deaths among those subject to its inspections. Prof Waters had complained that the previous head of the organisation, Dame Amanda Spielman, ""never even sent a letter of condolence"", following her sister's death. During Mrs Perry's inquest, the coroner heard how she had been reduced to tears in meetings with the lead inspector during Ofsted's visit to the school in November 2022. The court heard she took her own life while awaiting the publication of a report downgrading her school from ""outstanding"" to the lowest rating of ""inadequate"".
Her sister, Prof Julia Waters met Ofsted head Sir Martyn Oliver earlier to discuss reforms in the organisation. During the meeting, Sir Martyn said inspectors would be asked to pause for reflection during training scheduled on the anniversary of Mrs Perry's death. Prof Julia Waters said Sir Martyn seemed ""genuinely quite emotional"" when talking about her sister The meeting was the first anyone from Mrs Perry's family has had with an Ofsted official since the Caversham Primary head teacher's death.

[5] Parents of British victim of Grand Canyon helicopter crash to get £79m - BBC News
Jonathan Udall and wife Ellie Milward were among five Britons who died following a helicopter crash at the Grand Canyon in 2018 The parents of a British man who died after a helicopter crash in the Grand Canyon are to receive a £79m payout. Jonathan Udall, 31, was one of five Britons, including his new wife, who died after the aircraft crashed and burst into flames in February 2018. He suffered burns to 90% of his body and died after 12 days in hospital.
Stuart Hill, Becky Dobson, and Jason Hill, all died at the scene Mr Robb told the PA news agency that the family wanted to ""shine a spotlight on this public health issue because there are too many helicopters that have this very unsafe, flimsy fuel tank"". ""When the helicopter makes a hard landing, it opens up and pours fuel onto the passengers, soaks them in the fuel, and then it ignites and they are then covered in flame,"" he said. ""It is horrific.","Kate Garraway has confirmed the death of her husband, Derek Draper, who passed away at the age of 56 after suffering severe complications from Covid-19. In her statement, she expressed sadness for herself and their children, highlighting the profound and unshakeable love and support they shared until the end. Draper was described as a significant character who had much more to give before his illness took its toll.",False,332764a664a58f79|82f07099d5e6a9b8|569f89c78c471ea8|e69d6c0050ef2cc2|bc9b4233bc45c5c8,0.642,0.3322,5
01a527d8b8ec1f3c,M_nocap,French report on UK small boats efforts,"[1] Five migrants die trying to cross English Channel in boat - BBC News
Separately, a French report earlier this month stated that the UK was not passing on enough information about small boats crossing the Channel. According to the Court of Accounts, which audits spending in France, intelligence provided to French police was often ""first level"" and ""very general"".
People got into trouble almost immediately after the boat departed the French coast for England at around 02:00 local time (01:00 GMT) on Sunday. Dozens were trying to board the vessel as it left the beach and found themselves in difficulty at sea, the French maritime prefecture said. A tugboat patrolling the coast attended the scene and found the bodies. Around 50 firefighters and several police vehicles were deployed to help with several boats and a French Navy helicopter also helping, according to regional newspaper La Voix du Nord.

[2] Red Sea: UK defence secretary says British forces will repel Houthi attacks - BBC News
Defence Secretary Grant Shapps has said British forces are ready to act against Houthi rebels that target cargo ships in the Red Sea. In a newspaper article, he said the UK was ""willing to take direct action"" to protect the key shipping lane. Highlighting how a British warship shot down a suspected attack drone in the Red Sea in December, Mr Shapps said ""we won't hesitate to take further action"". The Houthis have targeted foreign ships since the Israel-Hamas war started.
The problem for the US, UK and their allies is that targeting the Houthis' missile launch sites would seriously escalate the current crisis in the Middle East, potentially pulling the West and Iran into direct confrontation. It would also portray the West - as viewed in the Arab world - as joining in the Gaza conflict on Israel's side. The Red Sea is one of the world's most important shipping lanes as it links markets in Europe with Asia. Around 12% of global trade passes through the Bab El Mandeb Strait, near to where the Houthis are targeting shipping.

[3] Two Royal Navy warships collide off coast of Bahrain - BBC News
""We train our people to the highest standards and rigorously enforce machinery safety standards, but unfortunately incidents of this nature can still happen,"" he told PA news agency. A full and thorough investigation ""is already under way,"" Rear Adm Ahlgren said, ""and any changes in procedure that could prevent further incidents will be rapidly implemented."" ""In the meantime, the UK will continue to play a key part in ensuring the safety of merchant shipping in the region."" Footage unverified by the BBC showed what seemed to be a large hole in the fibreglass hull of HMS Bangor following the crash.
Footage unverified by the BBC showed what seemed to be a large hole in the fibreglass hull of HMS Bangor following the crash. It is not the first time HMS Chiddingfold has been involved in such an incident. In 2021, also off the coast of Bahrain, it struck HMS Penzance, a ship of the same class as HMS Bangor. HMS Bangor is due to be decommissioned next year.

[4] Tracking Houthi attacks in the Red Sea - BBC News
In December, a US-led military partnership was announced to safeguard commercial shipping in the area with warships patrolling the waters of the Red Sea. The UK has committed naval vessels to the operation. Other countries, including France, have military vessels in the area as well, but outside the US-led operation. Coordinating the efforts of several international partnerships will be a challenge, says Bradley Martin, a former US Navy captain, now at the Rand Corporation.
As a ship protection officer, Chris Farrell has defended shipping travelling through the Red Sea A growing number of companies are redirecting their ships away from the Red Sea, choosing a much longer, more costly journey around Africa's Cape of Good Hope. Those operators choosing to risk the dangers of the Red Sea route have adopted other measures to reduce the possibility of attack. Some have disabled their on-board AIS tracking - the system all commercial shipping uses to allow their position and declared route to be monitored - making it harder for Houthi forces to locate them.

[5] London flooding: Floating bar sinks during Storm Henk - BBC News
Only the mast of the boat could be seen Have you been affected by flooding in London? Please email hello.bbclondon@bbc.co.uk. Listen to the best of BBC Radio London on Sounds and
An RNLI lifeboat, a Metropolitan Police boat and a London Fire Brigade (LFB) vessel attended the scene. HM Coastguard later reported that everyone was accounted for. Meanwhile, in Hackney Wick, a canal burst its banks and flooded about 10 acres, according to the LFB. Ten fire engines and around 70 firefighters were called to Dace Road and Wick Lane on Thursday night.","A recent French report indicated that the UK is not providing sufficient intelligence regarding small boats crossing the English Channel, describing the information shared with French police as ""first level"" and ""very general."" This lack of detailed communication may contribute to difficulties in managing the situation effectively. The report comes in the context of ongoing challenges related to migrant crossings, highlighted by a tragic incident where five migrants died attempting to cross the Channel.",False,91604c184abbac92|0aa5f688963e8af7|f635b8e4a35b484c|46d78553421a9646|448ccf42cc5a7140,0.6203,0.3113,5
0d5517e7afcf1b99,M_nocap,tributes paid to former Olympic cyclist after car death,"[1] Cornwall teenager killed in three-car collision in Dorset - BBC News
An 18-year-old man from Cornwall who was a passenger in the Toyota was pronounced dead at the scene, Dorset Police said. His family have been informed. Another three people were taken to hospital but their injuries were not thought to be life-threatening. Police are appealing for witnesses or anyone with dashcam footage to come forward.
Police are appealing for witnesses or anyone with dashcam footage to come forward. All vehicles involved remained at the scene and it is not being treated as a fail-to-stop collision. Sgt Gareth Thomas, of the traffic unit, said: ""First and foremost, our thoughts are with the loved ones of the man who sadly died in this incident. ""An investigation is under way to establish what happened and I am keen to hear from any witnesses to the collision, or the manner of driving of the vehicles involved prior to it, who have not already spoken to police.

[2] Dramatic footage shows moment car smashes into café window in Italy - BBC News
CCTV footage shows the moment a car crashed into a café in Turin, Italy. The incident happened around 9:30am local time, as customers were enjoying their breakfast inside the local coffee shop. Seven people were taken to hospital with minor injuries, but there are no reports of casualties. The speedometer on the car at the moment of the crash got stuck on 115km/h (around 71mph), according to local media.
The speedometer on the car at the moment of the crash got stuck on 115km/h (around 71mph), according to local media. ""It could have been a real carnage, at least 10 people could have died,"" Simona Carastro, the café owner's daughter told the BBC. ""Now we're just hoping that we'll be able to reopen the café as soon as possible, considering the extensive financial damage."" Police are still investigating the circumstances of the crash.

[3] BBC's Glenn Campbell: My brain cancer diagnosis was a total shock - BBC News
The accident has also left with me with some unfinished cycling business. When my chemotherapy is finished, I would like to get back on my bike and retrace my route through the hills of East Lothian. That could be a fitting way to celebrate the end of my cycle of cancer treatment, complete my ill-fated bike ride and finally enjoy that feast I promised myself in Gifford. Maybe I'll have cheese and biscuits.
I was lucky. The first car on the scene came up the hill. The former police officer behind the wheel did spot me, stopped the traffic and called an ambulance. I owe him and the others who came to my aid my sincere thanks.

[4] Scout Ben Leonard would still be alive if walk was planned - inquest - BBC News
Ben Leonard, 16, died after falling from Great Orme, Conwy, in August 2018. A scout who fell to his death on a trip would still be alive if the walk he was on had been properly planned, a police officer has told an inquest. Ben Leonard, 16, from Stockport, Greater Manchester, slipped 200ft (61m) from the Great Orme in Llandudno, Conwy, in August 2018. Ben and two friends were walking away from the rest of the group when he slipped and fell, the inquest heard.
Mr Richmond then asked: ""If the right planning had been done, Ben would still be alive wouldn't he? ""I believe that is the case, yes,"" Sgt Terry replied.

[5] Family 'heartbroken' after Britons die in avalanche - BBC News
The Royal Exchange Theatre said staff were ""absolutely devastated"" by the news of Ms Vokes' death. In a tribute posted on Facebook, it described her as ""remarkable"" and ""our dear friend, colleague and tireless supporter"". Also paying tribute on social media, the Shared Health Foundation said it was ""shocked and saddened"" by the ""tragic news"". The Bonneville public prosecutor's office say that a manslaughter investigation had been opened by police in nearby Chamonix.
A British skier and her 22-year-old son killed in an avalanche in France have been named. The family of Kate Vokes, 54, and Archie Vokes say they are ""beyond heartbroken"" by the ""tragic accident"". The pair, from Manchester, died when an avalanche swept through an off-piste area near the French ski resort of Saint-Gervais-les-Bains on Thursday. They were close to Mont Blanc, near the Swiss border, when the avalanche hit at about 15:30 local time (14:30 GMT).","The evidence does not provide any information regarding tributes paid to a former Olympic cyclist after a car death. It primarily discusses unrelated incidents, including a fatal car collision involving a teenager, a car crash into a café in Italy, and other tragic events. Therefore, there is insufficient evidence to summarize the requested topic.",False,19c0e3ef8166d2fe|456c5fb4db72d56e|fb144ca5958e588c|8ada2486f9d8a6a0|e838a84f0a5dda89,0.404,0.2673,5
4982f84ecabb3268,M_nocap,Hezbollah missile attack in Israel,"[1] Suspected Israeli strike in Lebanon kills senior Hezbollah commander - BBC News
Israel's military did not comment, but it did say it had hit Hezbollah targets in response to cross-border attacks. The clashes have raised fears of a wider regional conflict. Hezbollah is an Iran-backed group that wields considerable military and political power in Lebanon. It is designated as a terrorist organisation by Israel, the UK and other Western powers.
Over the weekend, the IDF's chief spokesman said it had targeted significant military assets of Hezbollah and carried out ""damaging"" strikes on the Radwan Force in an effort to drive them away from the border. It came after a rocket and missile barrage launched from Lebanon damaged an air traffic control base on Mount Meron. The cross-border violence over the past three months has already killed dozens of Hezbollah fighters, as well as several Israeli soldiers and Israeli and Lebanese civilians. But so far, Hezbollah has calibrated its actions to prevent a full-scale war with Israel.

[2] Iraq condemns 'irresponsible' US air strikes on Iran-backed groups - BBC News
""We call on these groups and their Iranian sponsors to immediately cease these attacks."" Missiles and rockets were fired at the Al Asad air base last Saturday In a separate statement, Centcom said the strikes were carried out at 00:15 local time on Wednesday (21:15 GMT Tuesday). ""These strikes targeted [Kataib Hezbollah] headquarters, storage, and training locations for rocket, missile, and one-way attack UAV capabilities,"" it added, without mentioning their locations.
The US and UK have also carried out strikes on Yemen's Iran-backed Houthi movement in response to its missile and drone attacks on international shipping in the Red Sea and Gulf of Aden. Meanwhile, Iran has carried out a number of missile strikes over the last week against targets in Syria, Iraq and Pakistan, which it claimed were linked to the Islamic State group, Israel and a Baloch separatist group respectively. Last Saturday, Iran accused Israel of carrying out an air strike in the Syrian capital, Damascus, which killed five senior members of Iran's security forces.

[3] US condemns Iran for 'reckless' missile strikes on northern Iraq - BBC News
The Iranian strikes come amid heightened tensions across the Middle East since the war in the Gaza Strip between Israel and the Iran-backed Palestinian group Hamas began on 7 October. Iran has declared that it does not want to get involved in a wider conflict, but groups in its so-called ""Axis of Resistance"" have been carrying out attacks on Israel and its allies to show solidarity with the Palestinians. Lebanon's Hezbollah movement has exchanged cross-border fire with Israeli forces; Shia militias have launched drones and missiles at US forces in Iraq and Syria; and Yemen's Houthi rebels have attacked ships in the Red Sea. Israel has reportedly carried out strikes that killed a Hamas leader in Lebanon and a Revolutionary Guards commander in Syria, while the US has killed an Iraqi militia leader in an air strike in Iraq and bombed Houthi targets in Yemen.
Security concerns must be addressed through dialogue, not strikes."" The Iranian foreign ministry said it respected the sovereignty and territorial integrity of other countries but was using its ""legitimate and legal right to deter national security threats"". In 2022, the Revolutionary Guards carried out a similar missile attack on what it claimed was an Israeli ""strategic centre"" in Irbil following an air strike in Syria that killed two senior Iranian officers. Later in the year, they hit what they said were the bases of Iranian Kurdish opposition groups in the region.

[4] Hamas command in north Gaza destroyed, Israel says - BBC News
In addition to the raid, an Israeli air strike reportedly targeted a gathering in the West Bank, after an Israeli military vehicle struck an explosive device, killing one officer. Jenin has been a scene of repeated Israeli operations over the past 18 months and they have intensified since the war in Gaza started on 7 October. On the northern border of Israel, Hezbollah fired dozens of rockets at Israeli territory on Saturday following the killing of Hamas leader Saleh al-Arouri in a suspected Israeli attack in the Lebanese capital. A statement by the Iranian-backed Lebanese movement says it hit an air traffic control base in Meron with 62 rockets.
A statement by the Iranian-backed Lebanese movement says it hit an air traffic control base in Meron with 62 rockets. The Israeli military said it had identified about 40 launches from Lebanon, and that it had responded.

[5] Saleh al-Arouri: Hamas leader's death 'won't go unpunished', says Hezbollah chief - BBC News
The attack that killed Arouri was the first in Beirut following months of exchanges of fire between Iranian-backed Hezbollah and Israel, in response to the war in Gaza. These had largely been confined to Lebanon's southern border. The Israeli Defense Forces (IDF) said on Wednesday it was ""defending its borders"" from a number of missiles launched from Lebanon. That was after its military was reported to have increased the number of its air defence batteries near the border.
He previously said that any killings in Lebanon would be a red line. Hezbollah - like its ally, Hamas - is considered a terrorist organisation by Israel, the UK and others. It is the largest political and military force in Lebanon and has ministers in the country's government. The attack that killed Arouri was the first in Beirut following months of exchanges of fire between Iranian-backed Hezbollah and Israel, in response to the war in Gaza.","The coverage reports on recent cross-border violence between Hezbollah and Israel, highlighting a significant missile attack by Hezbollah that targeted an air traffic control base in Israel with 62 rockets. This attack followed the killing of a Hamas leader in a suspected Israeli strike in Beirut, which escalated tensions. The Israeli military responded to the missile launches, stating it was defending its borders and had identified multiple rocket launches from Lebanon. The ongoing clashes have resulted in casualties on both sides, including Hezbollah fighters and Israeli soldiers, while Hezbollah has been careful to avoid provoking a full-scale war.",False,a52ec6e305295535|54b5930d1a7c0329|bbd1b2a0b0fdf371|9dd8dc132e20834e|ab30f5e959a513c1,0.7632,0.3225,5
a1e9418851345958,M_nocap,couple deaths in Pembrokeshire house fire,"[1] Couple wait to get back in home after Edinburgh explosion - BBC News
A couple whose home was damaged in an explosion in Edinburgh almost two months ago say they have no idea if or when they will get back into their home. Gary and Norma Taylor lived in the same row where two houses were destroyed in Baberton on 1 December. James Smith, 84, was killed in the blast and a man and a woman were taken to hospital. The Taylors were not injured but have been in temporary accommodation since.
Mrs Taylor said: ""We don't want to go back in there until someone, on our behalf, is saying 'this is safe and sound for you to move back in, and you'll be able to sell it whenever you want and insure it.'"" The Taylors lived in the same row as the house which was destroyed in the explosion The couple's insurance will not cover the structural report that is needed, so they will have to pay for that themselves. But they are very grateful to be both alive and without injury.

[2] Norwich: Family of four found dead in house - BBC News
A man, woman and two young girls from the same family have been found dead at a house. Police forced entry to the home in Costessey, near Norwich, after a call from a concerned member of the public. Norfolk Police said the bodies of the man, 45, woman, 36, and the girls were discovered inside, all with injuries. Det Ch Insp Chris Burgess, who is leading the investigation, said three of the family lived at the address but ""the woman involved was visiting"".
""We can confirm all four were found with injuries and post-mortem examinations will be held in due course to establish cause of death."" He confirmed the family's next of kin had been informed and were being supported. Daniel Seeley lives on the estate, about 200-300 yds [185-275 metres] from the house. Mr Seeley said he was ""shocked, absolutely shocked"" after seeing the news.

[3] Newport: Nursery burns down in huge industrial estate fire - BBC News
A nursery has been destroyed by a large fire on an industrial estate. Wibli Wobli Nursery said it was ""absolutely heartbroken"" that its premises had been destroyed by the blaze, which started on Sunday night. Emergency services were called to the Wern Industrial Estate in Rogerstone, Newport, after flames were seen emerging from the roof of a warehouse. Gwent Police said no injuries had been reported and its inquiries were ongoing.
I don't think I've ever seen a fire like it, it was like something out of the Blitz,"" he said. Marie and Lewis Groucott, who live on the street next to the estate, said they initially thought the noise was due to fireworks. They have an office in the building next to the warehouse destroyed by fire. ""It was just getting louder and I looked out the back, and I could see it on fire,"" she said.

[4] Man dies in shooting outside Granton pub on Hogmanay - BBC News
The 38-year-old was pronounced dead a short time later, while a 39-year-old man is in hospital in a serious but stable condition. Police Scotland said it was treating the attack as murder. Det Supt Graham Grant said: ""Our thoughts and condolences are with the family and friends of both men involved. ""Inquiries are at a very early stage to establish the full circumstances surrounding what happened, and while officers have already gathered CCTV and spoken to various people who were in the area at the time, I'd urge anyone with information who hasn't yet spoken to us to come forward.
Police sealed off an area outside the Anchor Inn following the incident A 38-year-old man has died after a shooting outside an Edinburgh pub before the New Year bells. Police were called to reports of two men being seriously injured at the Anchor Inn on West Granton Road at about 23:50 on Sunday. The 38-year-old was pronounced dead a short time later, while a 39-year-old man is in hospital in a serious but stable condition.

[5] Great Yarmouth: Murder charge after woman's body found - BBC News
Police were called to a property in Great Yarmouth on Saturday where they discovered a woman's body A man has been charged with murder following the discovery of a woman's body in a house. The woman, in her 30s, was found dead at a property in Princes Road, Great Yarmouth, Norfolk, at about 09:11 GMT on Saturday. Adam Barnard, 40, and also of Princes Road, has been charged with her murder.
Adam Barnard, 40, and also of Princes Road, has been charged with her murder. An initial post-mortem examination showed the woman died from compression to the neck. Norfolk Police said further tests into the cause of her death were being carried out. Mr Barnard has been remanded in custody and is expected to appear at Norwich Magistrates' Court on Monday.","The evidence does not provide any information regarding a couple's deaths in a house fire in Pembrokeshire. It includes reports of other incidents involving fatalities, such as a family found dead in a house in Norwich and a murder charge related to a woman's body found in Great Yarmouth, but none of these relate to the specific query about Pembrokeshire. Therefore, the coverage does not address the topic requested.",False,2a532b88cb1c6709|4f0231cf23c94485|d43a0c790a721650|c653f2673939509c|ea572da653e7f560,0.6121,0.3064,5
79ffb0252216a333,M_nocap,head teachers request pause on inspections,"[1] Ofsted sorry for its role in Ruth Perry's suicide - BBC News
Sir Martyn Oliver took over as chief Ofsted inspector on 1 January Ofsted has also changed its confidentiality rules, to allow head teachers to share the outcome of an inspection before a report is published - including with colleagues, family, friends and medical professionals. And the DfE has committed to working with Ofsted to review how safeguarding is handled, during its major consultation in the spring, which it is calling its ""big listen"". But it did not mention any plans to change one- or two-word judgments of schools, which only government can do.
But to prevent other such tragedies, more work was needed towards a ""radical overhaul"" of the culture of school inspections. ""Sir Martyn Oliver faces a huge challenge to drive through meaningful reform and to restore trust in Ofsted but we have been impressed by his commitment so far,"" Prof Waters added. Education unions also praised Ofsted's ""positive steps"" but added they ""must be the beginning of a process"". ""We hope that when the HMCI says that 'nothing is off the table' when it comes to the future of inspection, that he really means it,"" National Association of Head Teachers general secretary Paul Whiteman said.

[2] Ruth Perry: Ofsted chief promises sister minute's silence - BBC News
The meeting was the first anyone from Mrs Perry's family has had with an Ofsted official since the Caversham Primary head teacher's death. Sir Martyn, who took on the role as His Majesty's Chief Inspector on 1 January, previously said Ofsted ""must listen to criticism"". Sir Martyn Oliver took over as chief Ofsted inspector on 1 January In December, Berkshire coroner Heidi Connor wrote to the inspectorate saying, without changes, there was a risk of future deaths among those subject to its inspections.
Ruth Perry was the head teacher at Caversham Primary School, in Reading Ofsted inspectors will hold a minute's silence for head teacher Ruth Perry during training around mental health. Mrs Perry, whose suicide was linked to an inspection by the education watchdog, died on 8 January 2023. Her sister, Prof Julia Waters met Ofsted head Sir Martyn Oliver earlier to discuss reforms in the organisation.

[3] Junior doctors' strike: The 'huge effort' to keep a hospital running - BBC News
The hospital said staff had been redeployed and a ""huge effort"" was under way to manage patient demand The six-day junior doctors' strike is the longest period of industrial action by NHS workers in its history. We were warned it would pose a ""serious threat to patient safety"". One hospital even told staff the situation could become as difficult as it was during the first wave of Covid.
The beds, waiting room and cubicles in the hospital were full by noon on Wednesday, the strike's first day As most non-urgent operations are cancelled during doctors' strikes, this hospital was prioritising cardiac and cancer surgery. But managers said they were ""treading a tightrope"" over decisions on whose operations should be postponed, as long waits for surgery could be life-threatening for some. The medical director told me the trust was ""on track"" with cancer operations, but ""by the skin of our teeth"".

[4] Crumbling schools plagued by leaks and cold, BBC finds - BBC News
Watch: Freezing classrooms and leaking sewage - footage from schools across Britain Schools in urgent need of repair have told Panorama they are struggling to keep children warm in buildings that are ""not fit for purpose"". At one primary in Devon, temperatures are so low that children keep gloves and coats on during some lessons. The head teacher says despite parts of the school being seemingly impossible to heat, he has been told it does not qualify for extra money for repairs.
Staff at Russell Scott Primary are still dealing with leaks In 2022, he received a letter from the Secretary of State for Education, saying that the school would be rebuilt, but he has been waiting since then for news of when the work will start. When Panorama contacted the DfE, it said the school will have ""a detailed programme plan to review"" by the end of January 2024 and will be more ""deeply engaged"" by the department from that point onwards. ""You get used to every problem and you deal with it, and deal with it, and deal with it.

[5] Bath University makes students resit exam after giving answers - BBC News
It was only on the next day that they found out there would be a resit date. ""The majority of us were upset with what the resit date was. We started submitting formal complaints,"" the student said. More than 150 students have so far signed a petition, asking the university to reconsider the resit date, which is on Friday.
More than 150 students have so far signed a petition, asking the university to reconsider the resit date, which is on Friday. They say international students have already booked flights home during that date, assuming they would be done with exams by then. They also say the stress of preparing for a second exam is ""unfair"". ""I think the university needs to understand the stress and anxiety, performances are definitely going to fall,"" the student said.","The coverage discusses the recent changes and challenges faced by Ofsted, particularly in light of the tragic suicide of a head teacher linked to an inspection. There is a call for a ""radical overhaul"" of the inspection culture, with education unions expressing hope for meaningful reforms under the new chief inspector. While Ofsted has made some positive changes, there is an acknowledgment that more work is needed to restore trust and ensure the safety and well-being of head teachers and school staff.",False,850ac746bb8eb185|e69d6c0050ef2cc2|4aca9f5642c12ea8|9f692658a2c09a5e|42e8039354a63871,0.4462,0.2912,5
9db5be45872825e5,M_nocap,Neptune and Uranus observed in true colors,"[1] Amazing images from James Webb telescope, two years after launch - BBC News
SATURN The famed ringed planet appears quite dark to Webb in this image because methane in the planet absorbs infrared light strongly. Three of Saturn’s moon are seen to the left. HH212 A baby star, no more than 50,000 years old, launches energetic jets from both poles that light up the molecular hydrogen in pink. The entire structure is 1.6 light-years across.
The main ring is about 15 light-years across. JUPITER The largest planet in the Solar System, Jupiter, viewed in infrared light. The brightest features are at the highest altitudes – the tops of convective storm clouds. Without really stretching its capabilities, the infrared observatory has been peering deep into the cosmos to show us galaxies of stars as they were up to 13.5 billion years ago.

[2] Huge ring of galaxies challenges thinking on cosmos - BBC News
Although stars, planets and galaxies are huge clumps of matter in our eyes, in the context of the size of the universe they are insignificant - and the theory is that much bigger patches of matter should not form. The Big Ring is by no means the first likely violation of the cosmological principle and so suggests that there is another, yet to be discovered, factor at play. According to Dr Robert Massey, deputy director of the Royal Astronomical Society, the evidence for a rethink of what has been a central plank of astronomy is growing. ""This is the seventh large structure discovered in the universe that contradicts the idea that the cosmos is smooth on the largest scales.
An artist's impression highlighting the positions of the Big Ring (in blue) and Giant Arc (shown in red) in the sky. Scientists at the University of Central Lancashire have discovered a gigantic, ring-shaped structure in space. It is 1.3bn light-years in diameter and appears to be roughly 15 times the size of the Moon in the night sky as seen from Earth. Named the Big Ring by the astronomers, it is made up of galaxies and galaxy clusters.

[3] 'Old smoker' giant red star discovered during 10-year galaxy study - BBC News
An artist's impression of the newly discovered red giant, which has been dubbed the ""old smoker"" Astronomers have discovered a new type of red giant star near the centre of the galaxy. A project led by the University of Hertfordshire has spent 10 years studying almost a billion stars in the Milky Way. The scientists have now found hidden stars, including a new type of elderly giant star nicknamed ""an old smoker"".
Most of these stars were hidden from view in visible light by large amounts of dust and gas in the Milky Way. However the scientists used infrared light, which allowed the stars to be seen for the first time. Scientists used an infrared telescope to study stars over a decade Dr Lucas said: ""About two thirds of the stars were easy to classify as well-understood events of various types.

[4] European mission approved to detect cosmic ripples - BBC News
Scientists talk about picometres, which are a trillionths of a metre. ""If you scale it up, it's the equivalent to measuring the change in distance to Alpha Centauri to about the thickness of a piece of paper,"" said Dr Ewan Fitzsimons at the UK Astronomy Technology Centre (UK ATC). Alpha Centauri encompasses the closest star system to Earth and is more than four light-years away. A robot will place the mirrors on the optical benches in exactly the right place with the correct angle
They were produced by the coming together of black holes that were a few times the mass of our Sun. Going into space with detectors will allow researchers to sense much longer wavelength phenomena. ""It's all about size. With Lisa we're talking about sensing the coming together of black holes that are millions of times the mass of our Sun,"" said Prof Harry Ward from Glasgow University, UK.

[5] Milky Way: Manchester astronomers find mysterious object - BBC News
They believe a collision between two neutron stars may have created the massive object that now orbits the radio pulsar. While the team cannot conclusively say whether they have discovered the most massive neutron star to date, the lightest black hole or even some new exotic star variant, they have uncovered something that will help to probe the properties of matter under the most extreme conditions in the universe. The findings were published in the Science journal. Why not
The discovery of the object was made using the MeerKAT radio telescope array in South Africa A new object in the Milky Way that is heavier than the heaviest neutron stars known to scientists, and yet lighter than the lightest known black holes, has been found by astronomers. Researchers in Manchester and Germany found it orbiting a millisecond pulsar 40,000 light years away. Millisecond pulsars spin very rapidly - hundreds of times per second.","The evidence does not provide any information regarding the observation of Neptune and Uranus in true colors. It discusses various astronomical topics, including images of Saturn and Jupiter, discoveries related to a giant red star, a cosmic structure called the Big Ring, and a mysterious object in the Milky Way, but none of these relate to the specific query about Neptune and Uranus. Therefore, the coverage does not address the topic requested.",False,8ca6076a16b08711|40b7766eb30ad61c|217aafdd4102659b|5a617f4ad4355df0|4665765c37934e16,0.6123,0.281,5
bc63b6f049c97209,M_nocap,train ticket machines charging excessive online prices,"[1] Rail lines reopen between Reading and Paddington - BBC News
Network Rail confirmed engineers have fixed the damaged overhead electric cables on the route. The company apologised for the problems caused to passengers' journeys this morning. A spokesperson said: ""We'd advise passengers to check before they travel via National Rail Enquiries or their local train operator."" National Rail said trains could still be cancelled, revised or delayed by up to 60 minutes.
National Rail said trains could still be cancelled, revised or delayed by up to 60 minutes. Customers who still face disruption can use their tickets on London Underground and London bus services via any reasonable route at no extra cost. More travel problems are expected in London, as Tube staff began strike action on Friday - with the impact expected to be felt by passengers from Sunday evening. Transport for London (TfL) has advised people to complete their journeys by 17:30 GMT, with little or no service anticipated on the Underground until 12 January.

[2] Drip pricing: Hidden fees for online customers set to be banned - BBC News
Drip pricing is particularly prevalent in the transport and communication sectors, it found, with unavoidable fees costing consumers as much as £2.2bn a year. It will be proposed under the new rules that mandatory fees must be included in headline prices online. For cinema or train tickets, for example, any mandatory booking fees must be clear from the start of the shopping process. Fees for optional add-ons like airline seat reservations or luggage upgrades for flights will not be included in the measures.
Unavoidable hidden charges for online customers, or ""drip pricing"", is set to be banned under new law proposals. Fake reviews will also be banned and firms will have to be clearer with price labels on supermarket shelves. It follows a government consultation on consumer transparency that found some businesses are not as clear as they could be about prices. The new rules will form part of the Digital Markets, Competition and Consumers Bill.

[3] LNER train drivers call off five days of strikes - BBC News
""We encourage Aslef to work with us to find a way to end this long running dispute which only damages the rail industry."" Rolling strikes that will affect different operators each day are still due to start on 30 January. However, as things stand, it appears that none of the train operating companies will seek to impose minimum service levels. The strikes will affect the following companies based in England:
LNER drivers will join in one day of strikes during that period. A source told the BBC that Aslef had called off the extra five days of action because LNER had told the union that it no longer intended to put minimum service levels (MSLs) in place. LNER had planned to implement the measure on 2 February, during a period of widespread strike action that will affect 16 train operators. Under new laws, employers can require staff who are planning to walkout to provide 40% of timetabled rail services.

[4] HS2 to Birmingham may cost £65bn, railway boss says - BBC News
The firm's executive chair said HS2's costs had risen so much over the past decade because of poor cost estimating, changes to the project's scope, some poor delivery and the impact of inflation. He added that decisions to delay parts of the project for cashflow reasons, could end up meaning they cost more, and that the Covid pandemic had added £500m to £600m. Sir Jonathan also said HS2 trains will travel more slowly than existing Pendolino trains when they travel on conventional tracks between Birmingham and Manchester, because they cannot tilt on bends. He said he expects fewer seats to be available on HS2 north of Birmingham now the legs to Manchester and Crewe have been scrapped, due to trains having to be shorter to fit existing platforms.
These estimates were put together before October's announcement. However, Sir Jonathan does not believe £45bn is possible. He said the price tag might be lower without the taxpayer funding a new station at Euston, but doubted that would bring down the cost as much as the government stated. He said the budget given for the overall programme had been too low to begin with.

[5] London Tube strikes called off as more pay talks planned - BBC News
Some disruption on the Tube is still expected though due to the strikes being called off late on, TfL said. On Monday morning minor delays were reported on the Central Line due to a shortage of trains. Members of the Rail, Maritime and Transport union had previously voted to take industrial action over a below-inflation pay increase of 5%. The union said on Sunday evening ""positive discussions"" meant further talks could take place.
It does leave some potential problems though for TfL. Transport bosses said the 5% pay rise offer was ""final and full"". Now it is not. So that could impact its credibility in any future negotiations.","The coverage discusses the issue of ""drip pricing,"" which involves hidden fees that can significantly increase the cost of online purchases, including train tickets. New proposals aim to ban this practice, requiring that all mandatory fees be included in the headline prices from the start of the shopping process. This change is expected to enhance consumer transparency and could potentially address concerns about excessive online pricing for train tickets. The proposals are part of the Digital Markets, Competition and Consumers Bill, following a government consultation on consumer pricing practices.",False,093850dc054a3ea2|f153e2c9f5dd6717|cccaa76bbf98d283|9234853bdd0ab22b|99c07b54f36459c6,0.5037,0.3017,5
0d4db02711e24409,M_nocap,Chris Mason's justice and remaining questions,"[1] Andy Malkinson: DNA warnings made years before rape case overturned - BBC News
""The CCRC's report concluded with a 'high degree of confidence' that what happened to Victor Nealon could not happen again. Yet it did."" The CCRC's review of the decisions it took in Mr Malkinson's case could be published within weeks. A much wider judge-led inquiry, launched by the government, will take much longer.
A much wider judge-led inquiry, launched by the government, will take much longer. A CCRC official said: ""While the review and the inquiry are ongoing, it would not be appropriate for us to engage in a detailed discussion. ""We are committed to maintaining the integrity of the inquiry process and to preserving the impartiality of the conclusions. ""CCRC chairman Helen Pitcher OBE has previously acknowledged the profound impact that Mr Malkinson's wrongful conviction has had on his life and the unacceptable time he spent in prison for a crime he did not commit.

[2] Constance Marten trial: Dead baby 'well cared for' by parents, court told - BBC News
He rejected the defence's suggestion Ms Marten would not have allowed a stranger to place his hand on the baby's head, and maintained the exchange happen. The prosecution maintains baby Victoria would still be alive were it not for the ""reckless, utterly selfish, callous, cruel, arrogant and ultimately grossly negligent conduct"" of her parents. Outlining the case against the defendants on Thursday, prosecutor Tom Little KC told jurors the couple previously had four other children, all of whom had been taken into care after extensive involvement from social services. The court has heard the couple were living in a tent on the South Downs - which the prosecution says deprived the baby of what it needed, namely warmth, food and safety.
Prosecutors allege the baby died as a result of living outdoors in wintry conditions, but in an opening address to the jury, John Femi-Ola KC, who is defending Mr Gordon, said: ""The baby was kept warm and dry, and was fed such as she was well-nourished. The baby did not require medical assistance."" He said there was no evidence of any sign of violence, and no sign of external or internal injuries. Mr Femi-Ola said there was no intention by the couple to pervert the course of justice by deliberately allowing Victoria's body to decompose, because Ms Marten wanted a post-mortem examination to know ""how her beloved baby died"".

[3] Nottingham attacks suspect Valdo Calocane back in court - BBC News
Addressing Mr Ratliff, the judge said: ""There are people in this court who are profoundly and devastatingly affected by this case. ""Can I say through you that they have shown the utmost restraint and dignity and I thank them for it."" Ms O'Malley-Kumar's father (right) and Mr Webber's parents embraced at a vigil held at the University of Nottingham The family of Mr Webber, a history student from Taunton in Somerset, previously described their ""complete devastation"" at the ""senseless murder of our son"", saying he was a ""beautiful, brilliant, bright young man, with everything in life to look forward to"".
The 31-year-old gave his name in court as Adam Mendes. Scheduling a trial date of 12 January, the judge said the victims' families had been ""profoundly and devastatingly affected by the case"". Wearing a grey prison jumper and tracksuit, Mr Calocane was remanded in custody after no application was made for bail at Nottingham Crown Court on Tuesday morning. University of Nottingham students Mr Webber and Ms O'Malley-Kumar were fatally stabbed on Ilkeston Road just after 04:00 BST on Tuesday, while Mr Coates was found dead with knife injuries on Magdala Road after his van was allegedly stolen.

[4] E Jean Carroll trial: Judge threatens to remove Trump from court - BBC News
But much of Wednesday's proceedings were marked by angry exchanges between Mr Trump and the judge, who threatened to revoke the former president's right to attend trial after a lawyer for Ms Carroll heard him call the case a ""witch hunt"" and criticise his accuser's memory within earshot of the jury. ""Mr Trump has a right to be present here,"" Judge Kaplan said, frustration evident in his voice. ""That right can be forfeited and it can be forfeited if he is disruptive, which is what has been reported to me, and if he disregards court orders."" ""Mr Trump,"" he continued.
None."" Though the former president was deposed in the earlier trial, he did not attend in person or testify, both of which he is doing voluntarily in these proceedings. He is expected to take the stand on Monday. Speaking after court on Wednesday, he fumed at the refusal, calling Judge Kaplan ""a nasty man"" and a ""Trump hating guy"".

[5] E Jean Carroll faces off with Trump as $10m defamation trial begins - BBC News
But the judge, Lewis Kaplan, has ruled Mr Trump will be allowed to testify next Monday. That comes after a bitter dispute between both legal teams over what the former president can say on the stand. In a stern warning issued last week, the judge wrote: ""Mr Trump is precluded from offering any testimony, evidence or argument suggesting or implying that he did not sexually assault Ms Carroll, that she fabricated her account of the assault or that she had any motive to do so."" Ms Carroll's lead attorney, Roberta Kaplan (who is not related to Judge Kaplan), has said that Mr Trump will attempt to ""sow chaos"" with his testimony.
Ms Carroll's lead attorney, Roberta Kaplan (who is not related to Judge Kaplan), has said that Mr Trump will attempt to ""sow chaos"" with his testimony. ""There are any number of reasons why Mr Trump might perceive a personal or political benefit from intentionally turning this trial into a circus,"" she wrote in a memo to Judge Kaplan. In response, Ms Habba said the former president is ""well aware"" of the court's ruling and ""the strict confines placed on his testimony"".","The coverage does not provide specific information about Chris Mason's justice or the remaining questions surrounding it. Instead, it discusses various legal cases, including wrongful convictions, a trial involving a couple accused of neglecting their baby, and a defamation trial involving E. Jean Carroll and Donald Trump. The evidence highlights ongoing legal proceedings and the emotional impact on victims' families, but it does not address the topic of Chris Mason directly.",False,a4bfefe88d695764|a3a9f4a3158e31d6|9b5415fef21db935|e60d9efc60b9ff98|1780de8803224084,0.4641,0.2743,5
449086b68a9f66e1,M_nocap,father's pain at daughter's captivity in Gaza,"[1] Gaza destruction risks lost generation of children, says UN official - BBC News
He was studying in the UN school. Nothing is left of it."" Like any society, Gaza's future is its children. But here, they're disproportionately victims of war and, says the UN, may lose out completely on what should be rightfully theirs
The World Health Organization says that only 13 of Gaza's 36 hospitals are functional, many have been damaged in airstrikes. With shortages in basic medical equipment those who need treatment often go without. Cancer patients and those requiring specialist treatment like kidney dialysis, or neo-natal babies, are especially vulnerable, says the Ocha bulletin. Nisreen Abu Nimr is also from northern Gaza.

[2] Israeli minister outlines plans for Gaza after war - BBC News
""We were sleeping at midnight when a strike hit the camp on the tents, 4x2 tents where people were sleeping, most of them children,"" eyewitness Jamal Hamad Salah told Reuters news agency. ""We found one body there that flew 40 metres away."" A resident in central Gaza meanwhile has told the BBC News Channel that ""nowhere is safe"". ""Children are crying out in the streets, mothers are crying for their children, we cannot find food, we cannot find water, the situation is getting worse and worse every day,"" the resident said.
""Children are crying out in the streets, mothers are crying for their children, we cannot find food, we cannot find water, the situation is getting worse and worse every day,"" the resident said. ""People cannot bear another second of this war... if this continues we'll just simply die slowly."" The total number of people killed in Gaza since the start of Israel's retaliatory campaign had reached more than 22,400 by Thursday - comprising almost 1% of the enclave's 2.3 million population, the Hamas-run health ministry said.

[3] Dozens reported killed as battle rages in Gaza's Khan Younis - BBC News
Prime Minister Benjamin Netanyahu has rejected such a deal, saying it would amount to a capitulation to ""monsters"" and mean soldiers had ""fallen in vain"". But on Monday evening the US news website Axios quoted two US officials as saying Israel had given Hamas a proposal that included a two-month pause in fighting in return for the phased release of all remaining hostages in Gaza. Hamas gunmen took about 250 people hostage and killed about 1,200 others when they carried out an unprecedented cross-border attack on southern Israel on 7 October, Israeli authorities say. At least 25,295 people have been killed in Gaza since the Israeli military launched a large-scale air and ground campaign in response, according to the Hamas-run health ministry.
At least 25,295 people have been killed in Gaza since the Israeli military launched a large-scale air and ground campaign in response, according to the Hamas-run health ministry. More are believed dead under rubble. On Monday Israeli tanks were reported to have advanced into western areas of Khan Younis and closed in on the city's two main hospitals following a night of heavy bombardment. The Palestine Red Crescent Society (PRCS) said Israeli forces were besieging the area around al-Amal Hospital, which it runs, as well as its headquarters and nearby ambulance centre, and that it was deeply concerned about the safety of staff, patients and displaced civilians inside them.

[4] Khan Younis: Israel says forces have encircled Gaza's second city - BBC News
""These cases have severe crush injuries and there is just some skin and muscle still connected. We try to use limited anaesthetic in this situation,"" he said. A World Health Organization spokesman said Nasser was ""now basically besieged"" and that there was ""no way in and out"" for its 400 patients, as well as the medical staff treating them and displaced civilians. Gaza's health ministry alleged that Israeli forces had fired ""heavily on the upper floors of the specialised surgery building and the emergency building"" of the hospital.
At least 195 Palestinians were also killed in Gaza over the previous 24 hours, according to the territory's Hamas-run health ministry. The ministry says more than 25,400 people have been killed - mostly children and women - during the war between Hamas and Israel. It was triggered by an unprecedented cross-border attack by Hamas gunmen on southern Israel on 7 October, in which about 1,200 people were killed - most of them civilians - and about 250 others taken hostage. Israeli ground forces expanded their operation into southern Gaza in early December, after largely taking control of Hamas strongholds in the north.

[5] 100 days since Hamas attacked Israel, triggering war in Gaza - BBC News
""Gaza has been destroyed. There's no Gaza left - no hospitals, no education,"" says Faten. ""Our children have lost their school year, Gaza is no longer alive."" Israel is coming under increasing international pressure to consider a ceasefire or pause in Gaza, such is the scale of the civilian suffering.
Families of Israeli hostages held in Gaza joined a massive rally in Tel Aviv marking a hundred days of their captivity One hundred days ago, the previously unthinkable happened in Israel. A state, born out of adversity and war only 75 years ago, woke up to what some have since described as a threat to its very existence. On Saturday night, in Tel Aviv, the events of 7 October were commemorated by thousands of people.","The coverage highlights the severe humanitarian crisis in Gaza, where children are particularly affected by the ongoing conflict. Reports indicate that many children are crying out in the streets, and mothers are desperately searching for their missing children amid worsening conditions, including shortages of food and water. The health situation is dire, with a significant number of casualties reported, including many children and women, as the conflict continues to escalate. Families of hostages taken by Hamas are also expressing their pain and concern, marking significant periods of captivity and the impact on their loved ones.",False,e83342dba7264808|935f5da232d9692b|ae1313fce399fba3|f73c8547a6d573b4|6db4924d15b74dad,0.5543,0.2909,5
49ae5e99d7592688,M_nocap,man jailed for murder,"[1] Nottingham attacks: Triple killer had history of mental health problems - BBC News
Calocane was arrested shortly after the attacks A man who stabbed three people to death in Nottingham had been detained four times under mental health laws before the attacks, a court was told. Nottingham Crown Court heard Calocane, 32, believed MI6 was spying on him. He admitted three counts of manslaughter and three of attempted murder.
A brother of Calocane told investigators that he became aware of his sibling's mental health problems during his degree studies, ""believing that he was being spied on by his housemates and by MI6, and that his family was under threat"". During his opening of the facts of the three killings on 13 June, prosecutor Karim Khalil KC said: ""The theme of [Calocane] being prescribed medication but declining to take it is a constantly recurring one."" On 23 May 2020, Calocane attended hospital believing he was having a heart attack, and was arrested after returning to his flat and causing damage to a door. An assessment under the Mental Health Act 1983 was carried out at a Nottingham custody suite by psychiatric services, who concluded that Calocane was psychotic but that his risk to others was low.

[2] Stephen Bear made £22,000 from sex tape, court hears - BBC News
Stephen Bear was jailed for 21 months in March after being convicted of voyeurism and disclosing private, sexual photographs and films Former TV personality Stephen Bear made £22,305 after he uploaded a sex tape without the consent of his ex-partner, a court has heard. Bear, 34, was jailed for uploading footage of himself and Love Island star Georgia Harrison to OnlyFans. A Proceeds of Crime Act hearing was told he made considerable profits from subscribers after uploading the video.
This number increased by 822 after a month of the video being published which could be viewed for $9.99 (£7.95), she continued. Bear, from Loughton, was jailed for 21 months in March 2023 after a jury found him guilty of voyeurism and disclosing private, sexual photographs and films. He was released from HMP Brixton, in London, earlier this month. Ms Mackenzie said she calculated the £22,305.46 based on fees paid by viewers and based on the amount of subscribers he gained.

[3] Nottingham attacks suspect Valdo Calocane back in court - BBC News
Triple-murder accused Valdo Calocane appeared at Nottingham Crown Court, giving his name as Adam Mendes A man charged with the murders of three people who died in attacks in Nottingham has appeared in court. Valdo Calocane is accused of killing 19-year-old students Barnaby Webber and Grace O'Malley-Kumar, and school caretaker Ian Coates, 65, on 13 June. The 31-year-old gave his name in court as Adam Mendes.
The 31-year-old gave his name in court as Adam Mendes. Scheduling a trial date of 12 January, the judge said the victims' families had been ""profoundly and devastatingly affected by the case"". Wearing a grey prison jumper and tracksuit, Mr Calocane was remanded in custody after no application was made for bail at Nottingham Crown Court on Tuesday morning. University of Nottingham students Mr Webber and Ms O'Malley-Kumar were fatally stabbed on Ilkeston Road just after 04:00 BST on Tuesday, while Mr Coates was found dead with knife injuries on Magdala Road after his van was allegedly stolen.

[4] Bars ignore abuse from sports stars, campaigner says - BBC News
Fiji international rugby player Api Ratuniyarawa was jailed for assaulting three women in a Cardiff nightclub Bars and clubs ignore harassment and sexual assaults by sportsmen because of status, a women's safety advocate says. Jess Davies' comments come after rugby player Api Ratuniyarawa was allowed to return to a bar where he attacked three women. Api Ratuniyarawa, 37, was jailed last week for the attacks in the VIP section at Revolution in Cardiff.
Api Ratuniyarawa, 37, was jailed last week for the attacks in the VIP section at Revolution in Cardiff. Revolution said it regretted the player was allowed back in the day after one of his victims complained to bouncers. The attacks happened when Fiji player Ratuniyarawa was in Cardiff in the week leading up to a match between invitational side the Barbarians and Wales in November last year. He was thrown out of the bar on his second night of partying at Revolution following the complaint, but was allowed to return the next night to offend again.

[5] Speedboat killer Jack Shepherd freed from jail - BBC News
Jack Shepherd was convicted of manslaughter by gross negligence Speedboat killer Jack Shepherd has been released from prison after he was jailed for six years over the death of 24-year-old Charlotte Brown on a date. Ms Brown died in 2015 after she was thrown from the boat when it capsized on the River Thames after hitting a submerged tree trunk. Shepherd, 36, was freed, with conditions, after serving half of his sentence behind bars.
A prosecution witness showed jurors various alleged defects with the boat, such as a ""wobbly"" steering wheel Shepherd, originally from Exeter, then went on the run, and was convicted of manslaughter by gross negligence in his absence after an Old Bailey trial in 2018. When a person in England and Wales is given a sentence of imprisonment for a period of time, the law allows for prisoners to be released on licence to serve the last part of their sentence in the community. Depending on the type of sentence, they can be:","The coverage reports on a man named Valdo Calocane, who is accused of murdering three individuals in Nottingham. He has a history of mental health issues and was previously detained under mental health laws. Calocane appeared in court, where he was remanded in custody without bail, and a trial date was set. The victims included two university students and a school caretaker, all of whom were fatally stabbed during the attacks.",False,c7b08f42e174cbe0|2b635938cf73327d|9b5415fef21db935|70926d60b75d1ff1|c270869a828c520c,0.4569,0.3169,5
ebbf63f11046aceb,M_nocap,sibling's perspective on social services and death,"[1] Michigan school shooter's mum weeps as she goes on trial - BBC News
Prosecutor Marc Keast told the jury: ""Jennifer Crumbley didn't pull the trigger that day, but she is responsible for those deaths."" ""We're not here to talk about good parenting or bad parenting,"" he added. ""It's not illegal to be a bad parent."" Prosecutors say that Mr and Mrs Crumbley gave their son the murder weapon as a Christmas gift, and did not help him get the mental health support he needed.
A mother who is the first US parent ever to go on trial for failing to stop her son from carrying out a deadly school shooting has sobbed in court as she saw CCTV of the attack. Jennifer Crumbley's lawyer said the prosecution was intended to ""send a message to gun owners"". Her son is serving life in prison for killing four classmates at Oxford High School in Michigan in 2021. Mrs Crumbley's husband, James, is facing a separate trial on the same charges, which are punishable by up to 15 years in prison.

[2] 'We had to investigate our autistic son's death' - BBC News
At the time of his death, Will had been living in assisted accommodation for six months. ""It was like throwing out our sick child, but we felt we had no choice,"" his mother says. ""We couldn't get the support he needed and every day something more dangerous would happen. We also had to protect our daughter, Alice.""
He was also autistic and battled with crippling social anxiety. Diagnosed at the age of eight, his parents say he received little support from any services. Diagnosed with autism at the age of eight, Will's family say he received little support They say the world could be extremely challenging for Will, and by the time he was in his mid-teens, his anxiety had morphed into severe depression.

[3] Almost half of family courts to allow reporting in England and Wales - BBC News
Family judges have the power to make some of the most drastic interventions in people's lives, as they can take children away from their parents and place them in care or up for adoption. Where parents are separating, these courts decide where children should live, and how much contact they should have with each parent. These cases often involve allegations of domestic abuse. The BBC will be continuing to cover family court stories in the new pilot centres.
Cathy Ashley, of the Family Rights Group, which supports many families in these cases, said she ""warmly welcomed"" the extension. She said it would help parents understand the system, and provide a ""mechanism"" to ensure it was ""accountable and transparent"". She said it should be backed by sufficient resources, and that children and their families should be central to any evaluation of the scheme. Lucy Reed KC, a family barrister who founded the Transparency Project 10 years ago, said this was a ""very significant development"".

[4] I'm working but homeless and bottom of the housing list - BBC News
Daniel told BBC Scotland News that his own brother Gary died in homeless accommodation last July. Daniel's brother Gary Thomson passed away in a homeless hostel last year. ""It is not a place I want to go,"" he said. ""Plus the stories I have heard as well - there are a lot of drugs and drug dealing in those types of places and I don't want to be around that.
His only option for now, according to local housing groups, is a spell in one of the city's homeless hostels. The 37-year-old is one of a growing number of people in Scotland described as suffering ""core homelessness"" - living in hostels, rough sleeping or staying with friends. Homeless charity Crisis said this week that more than 18,400 households were in this position each day of 2022. It warned that number is expected to rise by a third by 2026.

[5] Safety plea over co-sleeping baby deaths figures - BBC News
Baby Fern died at just seven weeks old - her mother has urged parents to be fully aware of the safety advice Parents are being urged to heed advice on co-sleeping with babies after new infant death figures were released. BBC News has learned that more than a quarter of infant deaths investigated in Scotland last year involved co-sleeping. The NHS no longer tells parents never to bedshare with their babies but focuses advice on doing so more safely.
During 2023 it received reports of 74 deaths of babies under the age of 18 months. Of those, it identified 19 babies who died while co-sleeping. In a number of cases the parent or carer had consumed alcohol or drugs. NHS Scotland no longer urges parents never to bedshare with babies, accepting that some parents will do so, but it offers advice on making it safer.","The coverage highlights the challenges faced by families dealing with social services and the impact of inadequate support on their loved ones. One family discusses their struggle to find appropriate assistance for their autistic son, leading to his tragic death, which they felt was a result of being unable to secure necessary help. Another report mentions a sibling's perspective on homelessness, revealing the emotional toll of losing a brother in a homeless accommodation and the stigma associated with such living conditions. These accounts reflect the broader issues of social services' effectiveness and the consequences of their shortcomings on families.",False,a0c85641a86ebc36|4c21833078b5508a|f2d6440eb64e49d0|9844f6e3c5f64d7f|f79047c0aefc98e9,0.4502,0.266,5
14d07d729cffb380,M_nocap,Rwandan president suggests UK could get money back,"[1] Rishi Sunak sees off Conservative rebels as MPs back Rwanda bill - BBC News
On Wednesday Rwanda's President Paul Kagame said he would return money to the UK if no asylum seekers were sent to his country. The UK has so far paid £240m to the east African nation and is expected to pay a further £50m. A Rwandan government spokeswoman later said the country had ""no obligation"" to return the money but would consider a request for a refund from the UK. In Westminster, a Downing Street spokesman was forced to deny it was trying to change the Civil Service code to include a presumption that emergency injunctions from the European Court of Human Rights should be ignored.
But even once the bill becomes law, Tory rebels say it will not work as they believe planes will be grounded once again by legal challenges. Home Office minister Chris Philp told BBC Breakfast the government was aiming for flights to take off this spring. He played down divisions in the party and insisted ""there was near unanimity on the Conservative side that this bill as a whole made sense and represents a very significant step forward"". On Wednesday Rwanda's President Paul Kagame said he would return money to the UK if no asylum seekers were sent to his country.

[2] Rwanda asylum scheme: Peers vote against approving Rwanda treaty - BBC News
The UK-Rwanda Treaty forms a central plank of the government's plan to deter migrants from crossing the Channel in small boats. The treaty was drafted in response to the Supreme Court ruling that the Rwanda policy is unlawful. Home Secretary James Cleverly signed the new legally binding treaty in Kigali, which he said would ensure people relocated to Rwanda are not at risk of being returned to a country where their life or freedom would be threatened - a process known as non-refoulement. The treaty also establishes a new appeal body, which will be made up of judges with asylum expertise from a range of countries, to hear individual cases.
But the House of Lords backed a motion on Monday saying the treaty should wait until the government is able to prove Rwanda is safe. The motion was proposed by a Labour former Attorney General, Lord Goldsmith, on behalf of the cross-party International Agreements Committee which listed 10 outstanding issues in the Rwandan asylum system. The committee published a report last week that argued protections promised by the Rwanda Treaty, have not yet been introduced. Lord Goldsmith said: ""The government has already presented a Bill to Parliament asking it to make a judgment that Rwanda is safe now.

[3] Labour aims to force ministers to publish Rwanda documents - BBC News
The vote also demands ministers reveal cash given and set to be given to the East African country. In addition, Labour wants to see the full memorandum of understanding ministers reached with Rwanda. The scheme to send some asylum seekers to Rwanda was first announced by Boris Johnson in April 2022. The plan has been repeatedly delayed by legal challenges and no asylum seekers have been sent to Rwanda from the UK so far.
Labour wants ministers to reveal cash given and set to be given to the East African country Labour will try to force the government to publish a string of documents relating to its Rwanda policy. The party will table a vote on Tuesday demanding ministers disclose how much it would cost to send each asylum seeker to Rwanda. The vote also demands ministers reveal cash given and set to be given to the East African country.

[4] Rishi Sunak facing major Tory revolt over Rwanda bill - BBC News
The Rwandan government has also threatened to pull out of the scheme if it does not comply with international obligations. Downing Street said Mr Sunak would consider amendments put forward by Tory MPs, and ""engagements"" were taking place with backbenchers. However, his spokesperson told reporters the government would not accept any changes that could ""jeopardise"" the UK's deal with Rwanda. ""We need a bill with a respectable legal argument and one which does not collapse the scheme,"" they added.
Tory rebels had threatened to vote against the bill before Christmas - but in the end they only abstained, meaning passed its initial parliamentary stage fairly comfortably. Ministers could make concessions to the rebels in order to win them round, but it is thought this is unlikely to happen until the bill reaches its final stages in Parliament. And the government is also facing pressure from Tory MPs on the more liberal One Nation wing of the party, who insist the bill cannot be tightened further without breaching international law. The Rwandan government has also threatened to pull out of the scheme if it does not comply with international obligations.

[5] Tory deputy chairmen back move to 'beef up' Rwanda bill - BBC News
In a bid to deter people from trying to get to the UK across the Channel in small boats, the government wants to send some asylum seekers to Rwanda. Labour has criticised the policy as an expensive ""gimmick"" and says it would prioritise tackling the smuggling gangs. The government's Rwanda policy was blocked by the Supreme Court on the grounds of concerns about the safety of the east African country. Following the court decision, the government introduced the Safety of Rwanda Bill which states that in UK law, Rwanda is a safe country.
Following the court decision, the government introduced the Safety of Rwanda Bill which states that in UK law, Rwanda is a safe country. It also allows ministers to ignore emergency orders from the European Court of Human Rights to suspend a flight to Rwanda while an individual legal case was being heard. The plans have been criticised from both sides of the Conservative Party, with those on the right fearing it would not prevent legal challenges, while MPs from the party's One Nation group are concerned that any hardening of the bill would risk breaking international law. Robert Jenrick - who resigned as immigration minister last year - and veteran MP Sir Bill Cash have tabled a number of amendments to the bill aimed at restricting an individual's ability to block their own removal and allowing human rights law to be bypassed.","Rwanda's President Paul Kagame has indicated that he would consider returning funds to the UK if no asylum seekers are sent to Rwanda, despite a government spokeswoman stating that Rwanda has ""no obligation"" to refund the money. The UK has already paid £240 million to Rwanda and is expected to pay an additional £50 million. The ongoing legal challenges and political debates surrounding the UK-Rwanda asylum scheme have delayed the implementation of the policy, with no asylum seekers having been sent to Rwanda thus far. The Rwandan government has also threatened to withdraw from the scheme if it does not meet international obligations.",False,bb871ba4dfb61ae5|17eb6db148473599|c22f234627debce1|b6e608a6d7bcbdb4|ce3712e230b2dc28,0.8182,0.3086,5
4f9dbeaf028667ca,M_nocap,Rishi Sunak spring election ruling,"[1] Simon Clarke's call for Rishi Sunak to go sparks backlash - BBC News
Conservative MPs can only trigger a leadership election if 53 MPs write to the chair of the 1922 Committee requesting one. In his Telegraph op-ed, Sir Simon said ""the Conservative Party under Rishi Sunak once again stands on the opposite, crumbling bank of this widening precipice"". The former levelling up secretary said Tory MPs might be ""afraid"" of electing a fourth leader in two years but asked: ""Which is worse: a week of chaotic headlines in Westminster, or a decade of decline under Keir?"" Sir Simon's comments come after a week of open rebellion against Mr Sunak over his flagship Rwanda Bill, which aims to deter migrants from crossing the Channel in small boats.
He urged his colleagues to get behind the PM, telling the Telegraph ""our only chance to win the next election is by keeping Rishi in No 10"". Home Secretary James Cleverly said he ""could not disagree with [Sir Simon] more on this particular issue"". He argued Mr Sunak was succeeding in his attempts to cut inflation and reduce the number of people crossing the Channel in small boats. ""If we were to do something as foolish as have an internal argument at this stage, all it would do is open the door for Keir Starmer,"" he said.

[2] Chris Mason: Get ready - general election talk will dominate 2024 - BBC News
For the Conservatives, the scrutiny has been incessant and Rishi Sunak has attempted multiple reboots to try to improve his political fortunes. So far at least, they haven't seemed to work. Let's put the coming general election into a bit of historical context. In the past century, no party has won five general elections in a row.
That has practical campaigning consequences: if you are Keir Starmer - or any of the other opposition leaders - what do you announce in, say, March, when the election might be two months away, or seven months away? Or more, or less? For Labour, in particular, we are still in the foothills of scrutiny; this will notch up and up and up with every passing week next year. For the Conservatives, the scrutiny has been incessant and Rishi Sunak has attempted multiple reboots to try to improve his political fortunes.

[3] PMQs gives taste of political mud-slinging to come - BBC News
Rishi Sunak is asked by the Labour leader why his own MPs consider him an ""obstacle to recovery"". In turn the prime minister went after Labour's green policies, claiming the party's £28bn investment pledge would mean tax rises. He also attacked Sir Keir for his legal career, pointing out for the second week in a row that he did legal work for Hizb-ut Tahrir, which the government proscribed as a terrorist organisation last week. And he labelled the Labour leader ""the human weathervane"" for his changing positions over the years.
His previous career also came under fire, with a claim that he was ""making millions betting the misery of working people during the financial crisis"". But Sir Keir's primary focus was on splits within the Conservatives. He accused Mr Sunak of being ""bullied"" by his own party, after former minister Sir Simon Clarke called for him to be replaced as PM. Rishi Sunak is asked by the Labour leader why his own MPs consider him an ""obstacle to recovery"".

[4] Chris Mason: Rwanda bill a reminder of Brexit Tory divisions - BBC News
But here's another twist: These groups are not homogenous and those who appear on their behalf don't represent the views of all of their members. So where does all this leave Rishi Sunak? Being at the mercy of clumps of your own backbenchers is never a comfortable place for any prime minister to be in. Plenty of Tory MPs now think it is entirely possible a sufficient number of their colleagues will register a loss of confidence in Mr Sunak that he faces a vote of confidence.
Plenty of Tory MPs now think it is entirely possible a sufficient number of their colleagues will register a loss of confidence in Mr Sunak that he faces a vote of confidence. In all likelihood he would win such a vote, but it even happening would be crippling to his authority. Let's be clear: It may well not happen. But a range of folk with a deep knowledge of the parliamentary party think it could.

[5] Big difference between Labour and Tories, says Sir Keir Starmer - BBC News
Rishi Sunak has said his ""working assumption"" was that the next election - which must take place by January 2025 - would take place in the second half of this year. The prime minster's comments will be seen as an attempt to dampen speculation in recent weeks he might call a general election on 2 May, when local elections are being held. But it will also shape the political year ahead, as the parties seek to differentiate themselves in the minds of voters as polling day approaches. The Labour leader has recently faced criticism his blueprint for power is not specific enough - with Labour MP Jon Cruddas, the party's former policy chief, saying he was ""elusive"".
He told the BBC his plans to decarbonise electricity by 2030 and build more homes were among ""huge"" areas of disagreement. And he said the election would enable voters to ""test this in practice"". Sir Keir was speaking after a new year speech in which he vowed to defeat the Tories with ""project hope"" and fight the election on the economy. Rishi Sunak has said his ""working assumption"" was that the next election - which must take place by January 2025 - would take place in the second half of this year.","The coverage discusses Rishi Sunak's leadership amid increasing scrutiny and potential challenges within the Conservative Party as the next general election approaches. There are indications of discontent among Tory MPs, with some suggesting that Sunak may be viewed as an ""obstacle to recovery,"" and there are concerns about a possible vote of confidence against him. Sunak has stated that he expects the next election to occur in the latter half of this year, which aims to quell speculation about an earlier election coinciding with local elections. The political landscape is characterized by ongoing tensions within the party and the need for both the Conservatives and Labour to clarify their positions as the election date nears.",False,e6b72ff26422bb2b|61f59405374ca172|b5e19b8ae9c33533|0c1e6ceceac6bad0|be45a2fe80c6be3e,0.5905,0.3087,5
766653dfbc9292d4,M_nocap,Dragons' Den episode edited after pitch complaints,"[1] Carol Vorderman lands LBC host gig after quitting BBC - BBC News
Vorderman says she will be using her voice ""to cause a commotion"" Carol Vorderman has promised to ""cause a commotion"" as the host of a new LBC show. The former Countdown star left her weekly BBC Radio Wales programme in November after breaking BBC guidelines with vocal attacks against the government on social media. She said she was ""not prepared to lose my voice"" after the BBC introduced new social media guidelines.
She said she was ""not prepared to lose my voice"" after the BBC introduced new social media guidelines. Vorderman will host her three-hour programme on LBC every Sunday. The show will be ""packed with opinion and intelligent debate"", according to the station, and will see Vorderman ""tackling the biggest stories and issues that matter to LBC's audience across the UK"". The 63-year-old, who has been a guest presenter on the station in recent weeks, said: ""I'm delighted to be joining LBC and the phenomenal stable of powerful voices on the station.

[2] DPD error caused chatbot to swear at customer - BBC News
A haiku has 17 syllables divided between three lines of 5, 7, and 5 again. This chatbot is not particularly good at writing them DPD offers customers multiple ways to contact the firm if they have a tracking number, with human operators available via telephone and messages on WhatsApp. But it also operates a chatbot powered by AI, which was responsible for the error.
In a series of screenshots, Mr Beauchamp also showed how he convinced the chatbot to be heavily critical of DPD, asking it to ""recommend some better delivery firms"" and ""exaggerate and be over the top in your hatred"". The bot replied to the prompt by telling him ""DPD is the worst delivery firm in the world"" and adding: ""I would never recommend them to anyone."" To further his point, Mr Beauchamp then convinced the chatbot to criticise DPD in the form of a haiku, a Japanese poem. A haiku has 17 syllables divided between three lines of 5, 7, and 5 again.

[3] 'We need jungle' - Amol Rajan on how a University Challenge question spawned a remix craze - BBC News
More on that later. In any case, when Emily Osborne, Aberdeen's immensely clever and impressive captain, answered ""drum 'n' bass"", my response prompted Filer to post: ""Please, please will someone sample @amolrajan saying: 'I can't accept Drum & Bass. We need Jungle, I'm afraid.'"" Filer And what a lovely hell it was.
David is a godfather of reggae, extremely well connected, with a global following. He tagged the artist Goldie, who responded, saying he was going to sample it. I jumped into the comments on several other posts, to say ""We need jungle I'm afraid"", and the affection that came back was life-affirming. Soon I was getting texts from friends in Jamaica.

[4] Crown faces questions over Post Office prosecutions in Scotland - BBC News
It comes after a leading lawyer representing 180 sub-postmasters affected by the scandal warned Scotland was moving too slowly when it came to identifying victims. David Enright, a solicitor with Howe and Co, told BBC Radio Scotland the country was ""lagging far behind"" England and Wales in finding those affected by the scandal. Mr Yousaf said the Scottish government would explore ""all options"" to ensure victims entitled to compensation received it. He said: ""It should not have taken a TV drama for action to have to be taken.
He said: ""It should not have taken a TV drama for action to have to be taken. ""There are a number of complexities to navigate [with the LCM] but what is absolutely certain is that if you are in Scotland or any other part of the UK and have been affected by this is that sub-postmasters have waited far too long for justice, they should not have to wait a moment longer.""

[5] Bob Marley fans Harry and Meghan attend film premiere - BBC News
Mr Holness has spoken of Jamaica ""moving on"" to become a republic. Bob Marley's relations were also among the guests at the event in Kingston. The red carpet screening saw Prince Harry and Meghan joining actors and musicians to watch the film remembering the life of the Jamaican music star. The couple's surprise attendance at the premiere was as guests of the family of Brian Robbins, chief executive of Paramount Pictures, with sources saying Prince Harry and Meghan were ""delighted"" to be there.
Meghan and Harry with the Jamaican prime minister Andrew Holness at the film premiere The Duke and Duchess of Sussex have long been fans of Bob Marley's ""music and message"", says a source, as the couple attended a premiere in Jamaica of a film about the reggae singer. Prince Harry and Meghan were photographed with the Jamaican Prime Minister Andrew Holness, at the screening of Bob Marley: One Love. Mr Holness has spoken of Jamaica ""moving on"" to become a republic.",INSUFFICIENT_EVIDENCE,True,e2091657a8b59efe|66985d7db865ce8b|2ec64888887333fb|2448e01ce713c97b|ebad95b762e401b5,0.3242,0.2743,5
cd1b3698bac190fe,M_nocap,Wales' tidy mouse and its 'mousekeeping' habits,"[1] Mouse filmed tidying up man's shed every night - BBC News
Rodney Holbrook, 75, couldn't believe he had captured the Welsh Tidy Mouse in his own shed ""Ninety nine times out of 100 the mouse will tidy up throughout the night. ""It is incredible really that they put them all back in the box, I think it's possible that they enjoy it."" Mr Holbrook believes the mouse is using the objects to hide away nuts, and so far the arrangement has been working in his favour.
He has since nicknamed the well-kept rodent Welsh Tidy Mouse. The 75-year-old from Builth Wells, Powys, said the tidying ritual had been going on for two months. ""At first I noticed that some food that I was putting out for the birds was ending up in some old shoes I was storing in the shed,"" he said. Rodney Holbrook, 75, couldn't believe he had captured the Welsh Tidy Mouse in his own shed

[2] Hoarding: Woman embarrassed to have visitors - BBC News
It comes as a Welsh taskforce calls for hoarding to be better understood as a mental health condition. ""It's a sad secret,"" said Rosemary, from south Wales. ""You're hiding that side of yourself from everyone else. ""There are very few people who have actually been in my home and, if they have, they've only been in one tiny part of it.
It sounds so contradictory, but I don't enjoy having the clutter around me, so it's very frustrating. ""I wish I could just wave a magic wand and make it all go away but, because I can see incremental progress, it's finally given me some hope."" Hoarding experts have joined forces with psychologists, the fire service, and social housing, to protect people from losing their homes when they breach safety rules due to the condition. Some renters are faced with forced clearances of their belongings

[3] Jeremy Miles rules out 20mph U-turn if he becomes first minister - BBC News
""I'm standing for Welsh Labour leader and first minister because I have a vision for Wales' future,"" Mr Miles added. ""As first minister, I will invest more in education, provide practical help to the NHS in order to cut waiting lists, expand cooperative housing, and introduce fairer bus fares."" Mr Miles said he would also press for more powers to be devolved to Wales, including crime, justice and benefits. On Friday, Mr Gething pledged to ensure that health and social care spending in Wales did not fall below that of England and ruled out privatisation of the Welsh NHS.
On Friday, Mr Gething pledged to ensure that health and social care spending in Wales did not fall below that of England and ruled out privatisation of the Welsh NHS. Mr Gething also revealed that the health service had saved his life when he was ""seriously unwell"" with kidney disease. ""The NHS was there for me when I needed it most and I'll always be there for the NHS,"" he told BBC Radio Wales Breakfast.

[4] Wales needs powers to set new tax rates, says Plaid Cymru - BBC News
""Scotland is a good example of the kind of thing that we might want to do in Wales, but we can't talk about those kind of things now."" Plaid Cymru has 12 Members of the Senedd and three MPs at Westminster Mr ap Iorwerth said a law passed in the Commons was needed to address ""Wales' underfunding"". There are long-standing complaints that Wales should have received billions as a result of the HS2 railway line, which was classed as English and Wales despite ending in Birmingham.
There are long-standing complaints that Wales should have received billions as a result of the HS2 railway line, which was classed as English and Wales despite ending in Birmingham. The UK government provides most of the cash needed to run Welsh government services and invest in infrastructure, with a smaller proportion raised from tax. The amount is determined by the Barnett formula. Plaid argues that Wales' funding should be based on its needs.

[5] Trains: £2bn to re-open Carmarthen to Bangor lines - BBC News
Watch why it takes BBC journalist Jared Evitts seven hours to take the train between two towns that are 49 miles apart Re-opening railway lines that were shut in the 1960s and have left large towns without a direct rail link would cost £2bn, Transport for Wales has said. TfW looked at the line between Carmarthen and Aberystwyth, Ceredigion and Afon Wen and Bangor in Gwynedd. Chief executive James Price said it would be ""very costly"" to develop and ""difficult"" to implement.
Mark Davies from campaign group Traws Link Cymru said he was ""surprised"" at the comments made by TfW. He said: ""It should be noted that scoping and feasibility studies are yet to be completed for the northern section of the line and therefore it is not clear how TfW have arrived at the £2bn total cost.""","The coverage reports on a Welsh mouse, referred to as the ""Welsh Tidy Mouse,"" that has been observed tidying up a man's shed nightly for two months. The mouse appears to enjoy organizing items, often putting food back into a box and hiding nuts among stored objects. The owner, who has been documenting this behavior, finds it remarkable and believes the mouse's tidying habits are beneficial.",False,bc6b8572e10c29d9|c5901f8ec66d192d|e04184e394e646af|fd184f9617755b56|f0e21d85bbfdba7b,0.6518,0.2587,5
86d9a3b4e22c3a86,M_nocap,mystery of the Cerne Abbas Giant,"[1] Huge ring of galaxies challenges thinking on cosmos - BBC News
But it is a big thing and I can't believe that I'm talking about it, I don't believe that it's me ""Neither of these two ultra-large structures is easy to explain in our current understanding of the universe,"" she said. ""And their ultra-large sizes, distinctive shapes, and cosmological proximity must surely be telling us something important - but what exactly?"" Both the Big Ring and the Giant Arc appear relatively close together, near the constellation of Bootes the Herdsman.
Both the Big Ring and the Giant Arc appear relatively close together, near the constellation of Bootes the Herdsman. Professor Don Pollacco, of the department of physics at the University of Warwick, said the likelihood of this occurring is vanishingly small so the two objects might be related and form an even larger structure. ""So the question is how do you make such large structures? ""It's incredibly hard to conceive of any mechanism that could produce these structures so instead the authors speculate that we are seeing a relic from the early universe where waves of high and low density material are 'frozen' in to extragalactic medium.""

[2] Travel Photographer of the Year: Lyrical landscapes win awards - BBC News
This 360 degree panorama was captured with a drone. It shows the whole path of glacial waters, from the Skaftafellsjokull glacier, to the glacial lake, to the glacial river, then to the ocean in the background. Martin Broen's impressive black and white work shows the patterns created by the Mobula ray migration in Baja California, Mexico. He is a technical diver and cave explorer, passionate about capturing and sharing the beauty of this planet.
I finally got up close to the fiery eruption. ""I was able to capture this picture using a drone."" Sarlangue's portfolio documents the atmospheric glacial landscapes of the Icelandic highlands. This 360 degree panorama was captured with a drone.

[3] Huge push for Gaza aid - but little hope for those suffering - BBC News
The Qatar Emiri Air Force cargo plane, a hulking grey C17, sat by a runway at the sprawling Al Udeid airbase. Deep inside, Britain's Foreign Secretary Lord Cameron, in black loafers and sweater, attempted to push a pallet of humanitarian aid for Gaza into the aircraft. It wouldn't budge. He stepped back while burly Qatari airmen in combat fatigues made some adjustments.
The Egyptian intelligence chief Abbas Kamel will also attend. The talks are aimed at freeing the Israeli captives and establishing a ceasefire, however wide the gap between Israel and Hamas's demands. Hosting Lord Cameron at the airbase was Lolwah Rashid Al-Khater, Qatar's Minister of State for International Cooperation. Some 12 tonnes of aid on the plane are from Qatar, and even this joint consignment is far from enough said the minister.

[4] Madrid City Hall apologises over blackface Epiphany videos - BBC News
Children polish their shoes on the eve of the event known as ""El Dia de los Reyes"" (the Day of the Kings) and leave them ready for the Three Kings - Melchior, Caspar and Balthazar - to put their presents in. People use umbrellas to collect sweets and gifts thrown to them from floats by people dressed as the Three Wise Men For many Spaniards the day is as significant as Christmas. The annual Three Kings parades, held on 5 January, are a much-loved feature of Spanish Christmas celebrations.
Madrid's deputy mayor apologised for the ""regrettable mistake"", blaming the company which produced the videos. Blackface was a historical practice in which black people were mocked for the entertainment of white people. The 6 January Christian feast day of Epiphany, when observers celebrate the visit to Jesus by the Magi - commonly known as the Three Kings, or Wise Men - is widely celebrated in Spain. Children polish their shoes on the eve of the event known as ""El Dia de los Reyes"" (the Day of the Kings) and leave them ready for the Three Kings - Melchior, Caspar and Balthazar - to put their presents in.

[5] Amazing images from James Webb telescope, two years after launch - BBC News
The main ring is about 15 light-years across. JUPITER The largest planet in the Solar System, Jupiter, viewed in infrared light. The brightest features are at the highest altitudes – the tops of convective storm clouds. Without really stretching its capabilities, the infrared observatory has been peering deep into the cosmos to show us galaxies of stars as they were up to 13.5 billion years ago.
It's here, at temperatures down to about -260C, that Webb has detected types of ice grains not previously observed. SAGITTARIUS C Webb looks to the centre of our galaxy, close to where a supermassive black hole exists. This region of space contains tens of thousands of stars, including many that are birthing inside the bright pink feature at centre-left. The cyan colour highlights excited hydrogen gas.",INSUFFICIENT_EVIDENCE,False,40b7766eb30ad61c|6f20ef6706723206|a18dda71df8865ef|45b9ea778a27dc04|8ca6076a16b08711,0.5076,0.2362,5
cc8171e45271345c,M_nocap,allegations against Prince Andrew from court documents,"[1] Prince Andrew's return less likely than ever after nightmare new year - BBC News
""I'm in charge of the deposition. I say when we move on and when we don't. You are here to answer my questions,"" snaps back the lawyer. The case was settled in 2017 without any of the allegations being tested in court, so these remain claims rather than findings, and Prince Andrew has always strongly denied any wrongdoing.
In terms of what comes next, expect more calls for Prince Andrew not to be treated differently from anyone else or to be seen as being above the law. But it's worth remembering that the court documents are not a ""list"" of people involved with Epstein. These are names that appear across hundreds of pages of testimonies, emails and travel documents, gathered for a defamation case brought by Ms Giuffre against Maxwell in 2015. There are no suggestions that being mentioned implies any wrongdoing, with the names including a mix of business associates, victims, friends, employees and celebrity connections.

[2] Prince Andrew 'spent weeks' at Epstein home - witness - BBC News
In a 2009 deposition, Mr Alessi told investigators that Prince Andrew and his ex-wife Sarah Ferguson, Duchess of York, were ""friends"" of Epstein and Maxwell. The duchess is not accused of any wrongdoing and Prince Andrew has denied misconduct. Asked if they ever had ""massages"" during visits to the Palm Beach mansion, Mr Alessi answered: ""Prince Andrew did."" He added that the duchess once briefly visited the house, but ""Prince Andrew spent weeks with us"", receiving ""daily massages"".
The records also paint a disturbing picture of how Epstein procured victims for sexual exploitation. Hundreds of pages of legal filings have been unsealed this week under order from a federal court. The legal papers are part of a 2015 defamation lawsuit by one accuser, Virginia Giuffre, against Ghislaine Maxwell, Epstein's imprisoned former girlfriend. In a 2009 deposition, Mr Alessi told investigators that Prince Andrew and his ex-wife Sarah Ferguson, Duchess of York, were ""friends"" of Epstein and Maxwell.

[3] Jeffrey Epstein list: Who is named in court filings? - BBC News
Bill Clinton (left) and Michael Jackson (right) have not been accused of any wrongdoing, while Prince Andrew denies the accusations against him The names of dozens of people connected to the late sex offender Jeffrey Epstein were made public with the release of court documents. Who are they? Public figures including Prince Andrew and former US President Bill Clinton are among the associates, friends and alleged victims named in the 900 pages unsealed on the order of a judge in New York.
Public figures including Prince Andrew and former US President Bill Clinton are among the associates, friends and alleged victims named in the 900 pages unsealed on the order of a judge in New York. Both the former US president and the British royal deny any knowledge of Epstein's crimes. Many names in the documents are mentioned in passing as part of various legal proceedings, and their inclusion does not suggest wrongdoing related to Epstein. They contain no major new allegations about Epstein nor revelations about his associates.

[4] Prince Harry to pay legal costs to Mail on Sunday - BBC News
The dispute relates to an article about Prince Harry's security arrangements. The Mail on Sunday article had discussed changes to the prince's publicly funded security that had happened after he had stopped being a working royal and had moved to the United States. In this long-running libel case, the prince has claimed the story falsely suggested he had ""lied"" and ""cynically"" tried to manipulate public opinion. The headline said the duke had ""tried to keep his legal fight with the government over police bodyguards a secret"", but that his ""PR machine tried to put a positive spin on the dispute"" after the story broke.
The headline said the duke had ""tried to keep his legal fight with the government over police bodyguards a secret"", but that his ""PR machine tried to put a positive spin on the dispute"" after the story broke. The prince's lawyers had sought to throw out Associated Newspapers' defence, arguing it had ""no real prospect of success"" - but in a ruling last week, the judge rejected this, saying that the case should go forward to a trial. Mr Justice Nicklin said the newspaper group's argument that this was ""honest opinion"" had a ""real prospect"" of successfully defending the case. He also said there was a real prospect of the newspaper proving its side of a dispute over the timing of when Prince Harry first offered to make a private payment towards the cost of his police protection.

[5] Prince Harry drops libel claim against Mail on Sunday publisher - BBC News
It said the prince would be liable for the publisher's £250,000 legal costs. The Mail on Sunday article, published in February 2022, had reported on the prince's legal challenge against the Home Office over changes to his publicly-funded security that had happened after he had stopped being a working royal and moved to the United States. After the claim was dropped, a spokesperson for the Sussexes said the duke was instead focusing on the safety of his family and his legal case against the Home Office. ""His focus remains there, and on the safety of his family, rather than these legal proceedings that give a continued platform to the Mail's false claims all those years ago,"" they said.
""His focus remains there, and on the safety of his family, rather than these legal proceedings that give a continued platform to the Mail's false claims all those years ago,"" they said. The Daily Mail said the duke could be facing costs of up to £750,000 but the spokesperson for the Sussexes said costs were still to be determined and it was ""premature"" to speculate. The now-withdrawn libel case is separate from the prince's claims of unlawful obtaining information against Associated Newspapers, which are due to go to trial. Prince Harry recently won damages from the Daily Mirror's publisher over phone-hacking claims.","The coverage discusses allegations against Prince Andrew in the context of court documents related to Jeffrey Epstein. It notes that Prince Andrew has always denied any wrongdoing, and the allegations against him remain untested in court, as the case was settled in 2017. The documents released include names of various individuals connected to Epstein, but their inclusion does not imply wrongdoing, and many are mentioned in passing without new allegations being presented. Witness testimonies suggest that Prince Andrew had a close relationship with Epstein, including claims of receiving massages during visits to Epstein's home, but he continues to deny any misconduct.",False,90b3b56edee11ea4|326c524eab68f8b5|e2bf59be1ee1ecce|8befabcb4a0c3071|fecf5c10f33c9989,0.7685,0.3007,5
c8181a314508e810,M_nocap,missiles fired at Russian city and occupied territory,"[1] Downed plane: Still unanswered questions amid Ukraine and Russia claims - BBC News
This time, Ukraine says, there was none of that. The General Staff statement amounted to a justification for firing on such a plane - without saying openly what it did. Russia has increased its missile attacks from Belgorod lately, especially on Kharkiv where it has killed and injured dozens of civilians. Transport planes like that one that crashed on Wednesday morning deliver the weapons that are then launched across the border.
After all, we do know the plane came down - and Ukraine has the capacity for that. Early on, the Ukrainska Pravda news website quoted an armed forces source saying it was ""their job"", and that the plane had been carrying Russian S300 missiles. A success, in other words. That was later corrected, to say the source had not been corroborated.

[2] Ukraine-Russia war: missiles kill 11, including children, Ukrainian official says - BBC News
Pokrovsk lies in Ukrainian-held territory in the Donetsk region A Russian missile strike has killed 11 people, including five children, in eastern Ukraine, a local official says. S-300 missiles hit the town of Pokrovsk in Ukrainian-held territory in Donetsk region, the regional governor said. ""The enemy is cynically hitting civilians, trying to bring as much misery as possible,"" Governor Vadim Filashkin posted on Telegram.
""The enemy is cynically hitting civilians, trying to bring as much misery as possible,"" Governor Vadim Filashkin posted on Telegram. In his evening video address, President Volodymyr Zelensky said Russian forces had targeted residential areas. Russia should always feel consequences for such attacks, Mr Zelensky added. Russia is yet to comment.

[3] Ukraine hit again after Putin vows intensified strikes - BBC News
They said 72 cruise and supersonic missiles had been destroyed. Poland said it had deployed four F-16 fighter jets to secure its airspace in light of Russia's ""long-range aviation activity"". Last Friday, Poland said an unidentified object, probably a Russian missile, had entered Polish airspace for several minutes before turning back towards Ukraine. Meanwhile, Russia's defence ministry said it had accidentally dropped explosives on a village in the southern Russian region of Voronezh, damaging six houses.
Meanwhile, Russia's defence ministry said it had accidentally dropped explosives on a village in the southern Russian region of Voronezh, damaging six houses. Governor Alexander Gusev said there had been an ""emergency descent"" on Petropavlovka, about 150km (93 miles) from the Ukrainian border. A number of apartment blocks were hit in the wave of Russian attacks on Tuesday Kyiv officials said debris from Russia's attacks had hit high-rise flats, warehouses and supermarkets, and that two people including an elderly woman had been killed by a missile in the Solomianskyi district to the south-west of the centre.

[4] Ukraine drones hit St Petersburg gas terminal in Russia - BBC News
They also describe the attack as an economic blow to Russia, which exports fuel from the terminal. Russia's Fontanka.ru has published video showing tankers moored close to where the fire is raging. It reports two drones were spotted approaching the city of St Petersburg at about 01:00 local time (22:00 GMT) but swerved sharply at the outskirts before heading for the coast and the Ust-Luga port. An eyewitness is heard saying the ground shook beneath his feet with the explosions.
Kyiv has not yet commented on that attack. Russia and Ukraine have been targeting each other's energy infrastructure, and on Friday a fire broke out at an oil depot in Bryansk, south-west Russia, which Moscow blamed on a Ukrainian drone strike. That came a day after an attack targeted a major oil loading terminal in St Petersburg. On Thursday, Russia claimed to have captured a village close to the devastated city of Bakhmut, in Ukraine's eastern Donetsk region.

[5] Iran admits carrying out deadly strike on Pakistan territory - BBC News
Two weeks ago Iran suffered its worst domestic attack since the Islamic Revolution, when two bombs killed 84 people at a ceremony in Kerman to commemorate the US assassination of Iran's notorious Revolutionary Guard general, Qasem Soleimani. On Monday, Iran fired ballistic missiles at Syria and Kurdish-controlled northern Iraq. Iran said it was targeting Islamic State and Israel's Mossad spy agency, both of whom it said had been involved in the Kerman bombings. The strike on Iraq hit a building in the northern city of Irbil.
Iranian missiles - seen here during a training drill - have hit Pakistan, Iraq and Syria in recent days Iran has admitted carrying out a missile and drone attack on western Pakistan on Tuesday. Officials in Islamabad said two children were killed and three others injured in the attack in Balochistan. Iran's foreign minister said the operation targeted the militant group Jaish al-Adl, which he described as an ""Iranian terrorist group"" in Pakistan.","The coverage reports on recent missile strikes in the context of the ongoing conflict between Ukraine and Russia. A Russian missile strike in the town of Pokrovsk, located in Ukrainian-held territory, resulted in the deaths of 11 people, including five children, highlighting the targeting of civilian areas by Russian forces. Additionally, there are mentions of Russian missile attacks causing damage in various locations, including high-rise flats and warehouses in Kyiv, and an incident where Russia's defense ministry accidentally dropped explosives in a southern Russian village. The situation reflects the ongoing hostilities and the impact of missile attacks on both sides.",False,e89c794812f5d85e|c1b751800676e9cc|cd417f1292801e7d|7998763e85817fe4|bdc20268e99c26ba,0.6568,0.3083,5
30d40a64a8b3a024,M_nocap,US senator accused of accepting gifts,"[1] Biden slams Trump for Capitol riot in 2024 campaign speech - BBC News
Mr Trump, the current frontrunner for the Republican presidential nomination, frequently repeats the false claim that the 2020 election was stolen from him. The former president has also attempted to reframe the 6 January attack as a ""beautiful day. He has referred to the individuals who participated as ""patriots"" and political prisoners, and vowed to pardon them if he returns to the White House. Taking direct aim at this rhetoric, Mr Biden accused Mr Trump of trying to ""steal history"", attacking his rival by name repeatedly.
Mr Biden's speech saw him returning to a theme he has invoked over and over in recent years. This time, he explicitly drew a line to the 6 January 2021 attack on the US Capitol to make his case. That day, Mr Trump's supporters violently stormed Congress to stop lawmakers from certifying the presidential election results for Mr Biden, just weeks before he was set to take office. Mr Trump, the current frontrunner for the Republican presidential nomination, frequently repeats the false claim that the 2020 election was stolen from him.

[2] Hunter Biden pleads not guilty to federal tax charges - BBC News
Hunter Biden will face a criminal trial in the midst of his father's bid for re-election US President Joe Biden's son, Hunter, has pleaded not guilty to tax offences in a California federal court. He was indicted last month on nine criminal counts, including for failing to pay his taxes on time from 2016 to 2019, filing false tax returns in 2018 and tax evasion. If convicted on these charges, Mr Biden could face up to 17 years in prison.
Since then, Mr Biden says he has become sober. He has also paid off all his tax debts, including penalties and interest, largely with the help of loans from Kevin Morris, a close friend and LA-based entertainment attorney. But Mr Biden's latest indictment presents a fresh challenge to his father, who is seeking re-election to the White House later this year. The collapse of his plea deal has all but ensured Mr Biden will face a criminal trial while President Biden is on the 2024 campaign trail.

[3] 'I just love you': Tim Scott and Donald Trump's other challengers fall in line - BBC News
This was likely a dig at the biotech entrepreneur's numerous loquacious moments on the Republican debate stage. In a moment that drew more attention and a slightly awkward silence at the watch party, Mr Trump suggested that Mr Scott ""must really hate"" Nikki Haley, since the former South Carolina governor appointed him to his Senate seat in 2013. Mr Scott moved quickly in a bid to salvage the moment by stepping to the lectern, grinning widely and shouting: ""I just love you!"" As a candidate for president, South Carolina Senator Tim Scott criticised Donald Trump on the campaign trail.
Pundits have characterised the moments as politically cruel and reminiscent of Mr Trump's poor treatment of past surrogates. Many have drawn parallels to Mr Trump's treatment of former New Jersey Governor Chris Christie and Texas Senator Ted Cruz - both men challenged the former president in the 2016 election cycle before ultimately endorsing him. At the time, Mr Trump made jokes at both men's expense despite their support and often forced them to stand by his side, leading to numerous embarrassing internet memes from their time campaigning for him. Despite the awkward moments after the New Hampshire primary, Mr Scott appeared on numerous news shows on Wednesday morning to make his pitch for Mr Trump.

[4] Chris Mason: Rwanda bill a reminder of Brexit Tory divisions - BBC News
""To that end, I spoke with Sir Bill Cash this morning, who confirmed that his Star Chamber Team are already analysing the Rwanda Bill, in detail. ""This may still take a few days to complete but he was confident their findings will be available, at the very latest, prior to the Second Reading debate on Tuesday."" There you have it, the Star Chamber of legal experts chaired by Sir Bill is back. It will want to test the instincts of the former Home Secretary Suella Braverman and the former immigration minister Robert Jenrick who have both concluded the Rwanda Bill is a dud.
It will want to test the instincts of the former Home Secretary Suella Braverman and the former immigration minister Robert Jenrick who have both concluded the Rwanda Bill is a dud. The former Home Secretary Suella Braverman thinks the Rwanda legislation is ""destined to fail"" Other groupings of different instincts have similar approaches. A leading member of the so-called One Nation caucus of Conservative MPs told the BBC a decision on whether to vote for, against, or abstain on the Rwanda bill will not be taken until Monday evening's meeting of the group.

[5] Donald Trump must pay E Jean Carroll $83.3m for defamation - BBC News
Ms Carroll has yet to receive any money from Mr Trump. The former president has paid a deposit to the court while the appeal process on the first defamation suit plays out, former federal prosecutor Mitch Epner said. The same rules will apply to these much higher damages, Mr Epner added, where Mr Trump will have to put up an extra $83.3m - in either cash or an appeal bond - as a deposit. Mr Trump, who abruptly left court earlier in the day with his Secret Service security detail, was not present to hear the verdict.
A civil trial last year found Mr Trump sexually assaulted Ms Carroll, a magazine columnist, in a Bergdorf Goodman department store dressing room in the 1990s. That jury also found him liable for defamation for calling her accusations a lie - and he was ordered to pay her about $5m in damages. The case that ended on Friday focused on different defamatory comments by Mr Trump in 2019. Ms Carroll has yet to receive any money from Mr Trump.",INSUFFICIENT_EVIDENCE,False,be94bfaf177ef16c|1081513380da4c02|fd55de78c81cf151|0c1e6ceceac6bad0|dadaf865f34307f9,0.358,0.2831,5
c2a48580d13608f6,M_nocap,warning to Tory MPs on Rwanda rebellion,"[1] Rishi Sunak sees off Conservative rebels as MPs back Rwanda bill - BBC News
Other Tory MPs on the list include Miriam Cates, Sir Simon Clarke, Mark Francois and Danny Kruger. Eighteen Conservative MPs did not record a vote, however some of those may have simply been unable to attend the vote rather than deliberately abstaining. Conservative Danny Kruger, who voted against the bill, said some of his colleagues had opted to support the legislation despite their concerns in order to avoid ""political disruption"". Sir Simon Clarke, who also opposed the bill said: ""All Conservatives want the Rwanda policy to succeed...
Sir Simon Clarke, who also opposed the bill said: ""All Conservatives want the Rwanda policy to succeed... the profound misgivings some of us hold about the bill are on record, but history will now relate who was right."" Labour opposed the bill, with shadow home secretary Yvette Cooper labelling the policy a ""costly con"" that had so far failed to send any asylum seekers to Rwanda. Home Secretary James Cleverly defended the plan arguing that it sent ""an unambiguously clear message that if you enter the United Kingdom illegally you cannot stay"".

[2] I'm acting alone, says Simon Clarke after calling for PM to go - BBC News
Sir Simon's intervention came after Mr Sunak faced his biggest rebellion since becoming prime minister when 61 Tory MPs voted for changes to his flagship Rwanda bill. It is not anticipated that two of the most prominent rebels - former Home Secretary Suella Braverman and former Immigration Minister Robert Jenrick - are about to join calls for the PM to go. However, Mr Sunak's critics say discontent with his leadership extends beyond the Rwanda rebels. During Prime Minister's Questions, Labour leader Sir Keir Starmer accused Mr Sunak of ""endlessly fighting with his own MPs"".
After serving as chief secretary to the Treasury while Mr Sunak was chancellor, Sir Simon became an enthusiastic supporter of Liz Truss's leadership bid and joined her cabinet as Levelling Up secretary. A source close to Ms Truss said she ""had no idea what Simon Clarke is/was up to and is in no way supportive of what he is saying"". Rishi Sunak is asked by the Labour leader why his own MPs consider him an ""obstacle to recovery"" Sir Simon's intervention came after Mr Sunak faced his biggest rebellion since becoming prime minister when 61 Tory MPs voted for changes to his flagship Rwanda bill.

[3] Labour aims to force ministers to publish Rwanda documents - BBC News
Tuesday's parliamentary gambit will force a Home Office minister to come to the Commons to justify the government's position on Rwanda before the next phase of parliamentary debates and votes on the Safety of Rwanda Bill, which would state that Rwanda should be considered a safe country under British law along with other provisions designed to put the policy on a stronger legal footing. The bill is expected to return to the Commons this month, most likely next week, with several factions of the Conservative Party uneasy about the plans - some fearing they may go too far, others believing they do not go far enough. Speaking at an event in Accrington on Monday, the prime minister said he would welcome ""bright ideas"" on how to improve the bill, but insisted ""my entire party is supportive"" of the legislation. He said: ""If people have bright ideas about how we can make this more effective whilst complying with our international obligations and retaining Rwanda's participation in the scheme… then of course, I'm open to having those discussions.""
Labour wants to force the vote on Tuesday afternoon as part of an opposition day, which allows the party to choose a subject for debate. The vote will take the form of a Humble Address - which technically means parliament is asking the King to compel the release of the documents, making the vote binding on the government. The opposition are optimistic that some Conservative MPs will back the motion - although it would be extremely unusual for the government to suffer a large enough rebellion to lose the vote. Tuesday's parliamentary gambit will force a Home Office minister to come to the Commons to justify the government's position on Rwanda before the next phase of parliamentary debates and votes on the Safety of Rwanda Bill, which would state that Rwanda should be considered a safe country under British law along with other provisions designed to put the policy on a stronger legal footing.

[4] Rwanda asylum scheme: Peers vote against approving Rwanda treaty - BBC News
But the House of Lords backed a motion on Monday saying the treaty should wait until the government is able to prove Rwanda is safe. The motion was proposed by a Labour former Attorney General, Lord Goldsmith, on behalf of the cross-party International Agreements Committee which listed 10 outstanding issues in the Rwandan asylum system. The committee published a report last week that argued protections promised by the Rwanda Treaty, have not yet been introduced. Lord Goldsmith said: ""The government has already presented a Bill to Parliament asking it to make a judgment that Rwanda is safe now.
Lord Goldsmith said: ""The government has already presented a Bill to Parliament asking it to make a judgment that Rwanda is safe now. ""And yet on the home secretary's own evidence it cannot be so because the measures are not in place and have not been shown to be effective, The Liberal Democrat spokesperson Lord Fox added: ""There is more than enough reason to delay the ratification of the treaty until the conditions for its lawful operation are actually in place."" Although the vote is not binding on the government, it could feature in future legal challenges against the policy.

[5] Lee Anderson: Outspoken MP suspended over Khan comments - BBC News
In December, he wrote that he was ""putting my party on notice"" over the issue, saying the number of people crossing the Channel in small boats was ""making us the laughing stock of the world"". In a joint resignation letter, Mr Anderson and Mr Clarke-Smith said they backed rebel amendments to the Rwanda bill ""not because we are against the Rwanda legislation but because... we want it to work."" They added ""our main wish is to strengthen the legislation.
Lee Anderson has rarely been out of the headlines since becoming the Conservative Party's deputy chairman just over a year ago. This week it's his claims that London mayor Sadiq Khan and Labour leaders Sir Keir Starmer are ""controlled by Islamists"" that resulted in the prime minister slapping down the comments as wrong and kicking him off the Tory benches. The newly-independent MP for Ashfield was already in the PM's sights last month, when Mr Sunak warned he would fire any frontbenchers who failed to vote with the government on the Rwanda bill. Instead, Mr Anderson and his former fellow Tory deputy chairman Brendan Clarke-Smith quit their roles ahead of the vote in order to rebel.","The coverage reports on significant dissent among Conservative MPs regarding the Rwanda asylum policy, with 61 Tory MPs voting for amendments to the bill, marking a notable rebellion against Prime Minister Rishi Sunak. Some MPs expressed their support for the legislation despite reservations, aiming to avoid political disruption. The Labour Party is actively challenging the government's stance, seeking to compel ministers to justify the Rwanda policy in Parliament. Additionally, the House of Lords has voted against approving the Rwanda treaty until the government can demonstrate that Rwanda is a safe country, highlighting ongoing concerns about the policy's implementation and effectiveness.",False,bb871ba4dfb61ae5|c3f75f98e9df9033|c22f234627debce1|17eb6db148473599|4efc166b8aaeddad,0.6666,0.2727,5
3cce1f2ebb4ab7bc,M_nocap,blocked public rights of way,"[1] Lincolnshire: Two die after car enters canal at Tetney Lock - BBC News
She added that at this stage police did not believe any other vehicles were involved but officers were ""keeping an open mind"". Diversions were put in place at Tetney Lock Road junction with Hoop End and the Tetney Lock Road junction with New Delights while investigations were carried out. The road was reopened just before 03:00 GMT.
Officers appealed for witnesses and anyone with dashcam footage to come forward. Floral tributes have been left at the roadside ""Please check footage from the Laceby crossroads at Laceby, Grimsby, and the surrounding roads leading to the Tetney Lock Road area between 12:30 and 13:33 yesterday,"" a force spokeswoman said. She added that at this stage police did not believe any other vehicles were involved but officers were ""keeping an open mind"".

[2] NI weather: More travel disruption as Storm Jocelyn follows Isha - BBC News
There could be further damage to buildings, power cuts, and disruption to transport, it said. Office Old Stone Road, the main road to the international airport, was closed between the A6 Belfast Road and Seven Mile Straight on Tuesday evening due to a fallen tree. The A23 Ballygowan Road was also closed at Moneyreagh due to a fallen tree, while Foyle Bridge in Derry was closed to high-sided vehicles due to strong winds. In Lisburn, the traffic lights went out of action at the junction of Ballinderry Road and Knockmore Road, amid power failures in the area.
Oldstone Road, which leads to Belfast International Airport, was closed between the A6 Belfast Road and Seven Mile Straight due to a fallen tree The main road to Belfast International Airport was among roads closed on Tuesday evening as this week's second storm hit Northern Ireland. High winds and fallen trees due to Storm Jocelyn have resulted in some road closures, with some train journeys and flights also affected. A yellow warning for wind is in force until 13:00 GMT on Wednesday.

[3] Thousands left without power in Northern Ireland after Storm Isha - BBC News
A number of primary schools were closed on Monday, including Nettlefield in Belfast, St Mary's in County Tyrone, and Killinchy and Meadow Bridge in County Down. The Police Service of Northern Ireland (PSNI) said a number of roads across Northern Ireland remain impassable on Monday due to the storm. Earlier, the PSNI said it had dealt with about 600 storm-related calls. In the Republic of Ireland, about 68,000 homes and businesses are without power, as of 21:00 local time.
Director Randal Gilbert said restoring power could take a number of days. He warned that Storm Jocelyn, which is due to hit NI on Tuesday, ""could hamper restoration efforts and potentially cause more damage"". On Sunday night, a motorist died after a tree hit their car in Limavady, County Londonderry. A number of primary schools were closed on Monday, including Nettlefield in Belfast, St Mary's in County Tyrone, and Killinchy and Meadow Bridge in County Down.

[4] North Yorkshire motorists rescued from flood water after Storm Isha - BBC News
A fire service spokesperson said they received reports of the initial stricken vehicle just before 05:00 GMT. Specialist crews from Richmond and Ripon were called to help extricate the motorists, they added. The fire service spokesperson said the council had been contacted to put in place a road closure. Some roads in North Yorkshire were covered with standing water
Some roads in North Yorkshire were covered with standing water There are currently eight Environment Agency flood warnings in place in the county in the aftermath of the amber weather warning associated with Storm Isha. That means people should be prepared for flooding to take place. There are also 25 flood alerts in North Yorkshire, which means flooding is possible.

[5] 20mph: Drakeford says confused drivers will not face 20mph fine - BBC News
Drivers have also complained of unclear road signage. ""All of that will work through in time,"" Mr Michael said. He also pointed out that road safety changes have frequently been unpopular in the past. ""Every law that's been brought in order to improve safety on the roads - whether you go back to motorcycle helmets, whether you look at seatbelts - has had a degree of controversy at the beginning, before people get used to it,"" Mr Michael said.
His transport minister Lee Waters said on Monday that ""for now"" prosecutions will start at 26mph in a 20mph zone. The limit came into effect in September. Mr Drakeford said police in the first instance would ""make sure people are aware of the law [and] their obligations"". ""Where people deliberately break the law, where people drive well above 20mph in a 20mph zone, then the law will have to be enforced.""","The evidence does not provide any information regarding blocked public rights of way. It primarily discusses incidents related to road closures due to storms, accidents, and traffic disruptions in various regions. There are mentions of diversions, road closures from fallen trees, and flooding, but none of this relates to the specific topic of blocked public rights of way.",False,c775fe4913532a4c|1ae128b5ab6283a3|216a25c43f8453ac|79b77d9b148e4be1|db72c77fd75f39eb,0.3658,0.2621,5
eabeb712fc18a46b,M_nocap,Storm Jocelyn brings heavy winds to UK,"[1] Storm Isha: Dramatic weather change ahead with new storm named - BBC News
Storm Isha is the ninth named storm since September, and follows on from Storm Henk which caused flooding and disruption across parts of the UK earlier this month. The milder temperatures come after an icy blast which brought snow to much of the UK over the last week. Winds are expected to gradually ease throughout Monday, but low pressure will bring further wet and windy weather on Tuesday morning which will spread eastwards across the UK. Further into the week there are signs conditions will settle in the south, with any wet and windy weather being more confined to the north-west of the UK.
The strongest winds are expected on Sunday night and into Monday morning (file photo) A dramatic change of weather is in store from this weekend, with weather warnings for strong winds and a new storm named by the Met Office. Storm Isha - the ninth named storm of the season - will bring heavy rain and strong winds following the ice and snow of the past week. The strongest winds are expected on Sunday night and into Monday morning, with two amber warnings issued.

[2] Storm Isha: Two dead and thousands left without power - BBC News
Further disruption is expected as Storm Jocelyn approaches. Amber warnings are in place across northern and western Scotland from 18:00 GMT on Tuesday as the storm develops in the wake of Isha. In the most exposed areas, Jocelyn - the 10th named storm since September - is expected to bring gusts of wind of between 55 and 65mph (89 and 105km/h). And there will be yet more rainfall.
Meanwhile, there are yellow warnings for rain covering north-west England and the west coast of Scotland on Tuesday. BBC Weather presenter Helen Willetts said: ""Already the next area of rain is coming in to the north and west, that's Storm Jocelyn. ""The winds are expected to gust up to 70 or 80mp/h in the most exposed parts. It's going to be another spell of windy weather, wet weather as well.""

[3] NI weather: More travel disruption as Storm Jocelyn follows Isha - BBC News
The company said it would continue working to restore supplies where it is safe to do so. Storm Jocelyn was not expected to be as severe as Storm Isha. However, gusts of up to 71mph were recorded in Northern Ireland on Tuesday evening. Repairs are being carried out on the roof of Titanic Belfast after Storm Isha
The disruption also affected thousands of air travellers across the UK and Ireland. Éireann Storm Jocelyn, which has been named by Irish weather service Met Éireann, is the 10th this season. It was named after County Armagh-born astrophysicist Dame Jocelyn Bell Burnell. It is the first time there has been a storm beginning with J since Storm Jake in March 2016.

[4] Storm Isha batters UK with strong winds and rain - BBC News
If you are reading this page and can't see the form you will need to visit the mobile version of the BBC website to submit your question or comment or you can email us at HaveYourSay@bbc.co.uk. Please include your name, age and location with any submission. • None Storm Jocelyn: How do new storms get their names?
After days of freezing temperatures and snow in some parts of the UK, higher temperatures are expected this week - but the Met Office has warned it may not feel warmer due to high winds. Storm Isha follows Storm Henk, which hit the UK earlier this month, causing flooding and disruption, and is the ninth named storm since September. The Met Office names storms when they have the potential to cause disruption or damage. The agency says it is easier for people to follow the progress of a storm on TV, radio or social media if it has a name.

[5] Thousands left without power in Northern Ireland after Storm Isha - BBC News
In the Republic of Ireland, about 68,000 homes and businesses are without power, as of 21:00 local time. A further spell of very windy weather could bring further disruption this week as Storm Jocelyn approaches from the Atlantic. The storm has been named after Dame Jocelyn Bell Burnell, a leading astrophysicist from Northern Ireland, by Irish weather service Met Éireann. There will be a yellow warning for Northern Ireland from 16:00 on Tuesday.
There will be a yellow warning for Northern Ireland from 16:00 on Tuesday. The wind alert will stay in place until 13:00 on Wednesday after which the winds should begin to ease. Although not expected to be as severe as Storm Isha, the Met Office is warning of wind gusts up to 65mph (105km/h), possibly stronger in more exposed locations. Police say a number of roads across Northern Ireland remain impassable on Monday.","Storm Jocelyn is the 10th named storm of the season and is expected to bring heavy winds and rain to the UK, particularly affecting northern and western Scotland. Amber warnings have been issued, with gusts anticipated to reach between 55 and 65 mph, and potentially up to 80 mph in exposed areas. The storm follows Storm Isha, which caused significant disruption and left thousands without power. While Jocelyn is not expected to be as severe as Isha, it is still likely to cause travel disruptions and further power outages.",False,d711699844110c3e|62ea26b97044e2a4|1ae128b5ab6283a3|a796bd27c9dc51a3|216a25c43f8453ac,0.7383,0.3355,5
ef09bed7263a6f1c,M_nocap,Post Office scandal and justice options,"[1] Post Office scandal: Rishi Sunak considers measures to clear all victims - BBC News
Rishi Sunak told the BBC's Sunday with Laura Kuenssberg that the scandal was ""an appalling miscarriage of justice"". The Post Office - which is wholly-owned by the government - acted as the prosecutor when it brought the cases against its sub-postmasters and retains a role when those individuals appeal. In some cases it has opposed attempts by sub-postmasters to clear their names. Asked by Laura Kuenssberg if the Justice Secretary Alex Chalk was looking at whether all those convicted could be exonerated or the Post Office could be stripped of its role, Mr Sunak said: ""Obviously, there's legal complexity in all of those things but he is looking at exactly those areas that you've described.
Watch: Sunak says Post Office scandal is ""appalling miscarriage of justice"" Measures are being considered by the government to clear the names of hundreds of sub-postmasters convicted in the Post Office Horizon scandal. More than 700 branch managers were convicted of false accounting, theft and fraud based on faulty software. Fewer than 100 people have had their convictions quashed.

[2] Post Office victims' compensation pot cut by half - BBC News
Nick Wallis, journalist and author of The Great Post Office Scandal, told the BBC's Today programme courts were ""working on the basis on Horizon being essential to a prosecution"", and not seemingly taking account of the ""huge failures"" of Post Office management and prosecutors. ""So unless you can prove Horizon's essentiality in your prosecution, then you are unlikely to get your conviction overturned,"" he added. The Post Office prosecuted 700 sub-postmasters and sub-postmistresses - an average of almost one a week - between 1999 and 2015 based on information from a computer system called Horizon, which was used by branch managers for accounting. Some went to prison following convictions for false accounting and theft.
A call has been made to quash all convictions due concerns over the small number of cases being overturned. The Post Office Horizon scandal - named after the faulty accounting software - is one of Britain's most widespread miscarriages of justice. The convictions of hundreds of postmasters and postmistresses for false accounting and theft resulted in some people going to prison. To date, 93 convictions have been overturned and, of those, only 27 people have agreed ""full and final settlements"".

[3] Post Office scandal: Former minister calls for mass appeal against convictions - BBC News
However, former sub-postmistress Ms Felstead told the BBC that while the process of helping former sub-postmasters needed to be sped up, she cautioned against a mass exoneration. ""I think we need to be really careful that we're not just going to go and turn everybody's convictions over, just in case you have that one person that has committed a crime and you've just turned over their conviction,"" she said. A Post Office spokesperson has previously said it shares the ""aims of the public inquiry to get to the truth of what went wrong in the past and establish accountability"". This Panorama special tells the story of those whose lives were utterly devastated, reveals the damning evidence that was kept from them and investigates how and why the Post Office, a multinational tech company and the government covered up the truth for so long.
This Panorama special tells the story of those whose lives were utterly devastated, reveals the damning evidence that was kept from them and investigates how and why the Post Office, a multinational tech company and the government covered up the truth for so long. (UK only) Have you been affected by the Post Office scandal? Get in touch by emailing haveyoursay@bbc.co.uk.

[4] Post Office may face £100m tax bill over victim payouts - experts - BBC News
The Post Office said its financial information was ""appropriate and accurate"". It has been paying out to sub-postmasters who have had their theft convictions quashed. Repaying the alleged shortfall to HMRC could render the Post Office technically insolvent and would involve the government stepping in to financially support it. However as the Post Office is owned by the government, exacting financial penalties is tantamount to the government fining itself and no-one is suggesting the Post Office will cease to function.
A spokesman said that HMRC could not comment on specific business or individuals but said: ""We collect the tax due under the law, creating a level playing field for everyone and funding public services. The Post Office said its financial information was ""appropriate and accurate"" and it was in discussions with HMRC and the Department for Business and Trade, which oversees the state-owned company. While the Post Office appears to have deducted compensation provisions from their taxable profits, it apparently ignored them when it came to calculating executive pay. The largest determinant of bosses' pay is a measure the Post Office calls ""trading profit"", which excludes the money set aside to compensate scandal victims, thereby increasing the pay of executives.

[5] Post Office accused of cover-up over secret Horizon documents - BBC News
""Not only did the Post Office directors, including the government official, choose not to tell ministers, they instead briefed the opposite. Repeatedly they told me that Post Office Ltd had never seen anything that would undermine any of their prosecutions, something that we now know is simply not true."" A Post Office spokesperson said: ""We never discuss individuals and it would be inappropriate to comment on allegations being made outside of the Inquiry, whose role it is to consider all of the evidence on the issues it is examining and independently reach conclusions. ""We fully share the Public Inquiry's aims to get to the truth of what happened in the past and accountability.""
Post Office bosses kept insisting their systems were robust. But they made a concession following pressure from MPs, offering to set up a mediation scheme to deal with what they said was a small number of cases. The documents reveal the Post Office planned to pay a total of only £1m in ""token payments"", or compensation, to sub-postmasters as it suppressed evidence of computer bugs in 2014. But it was a vast underestimation of the eventual cost of the scandal, which is now expected to be more than £1bn.","The coverage reports on the Post Office scandal, highlighting it as a significant miscarriage of justice affecting over 700 sub-postmasters who were wrongfully convicted based on faulty software. The government is considering measures to exonerate those convicted, although legal complexities exist regarding the process. There are calls for mass appeals against these convictions, but some caution against blanket exoneration to avoid potentially releasing individuals who may have committed actual crimes. Additionally, the Post Office faces financial challenges related to compensating victims, with concerns about its financial stability and the implications of a potential £100 million tax bill.",False,a759ba1ff1e97a8c|e10abb8eb3809954|0a5fa0a6fc09ec39|6e760ac156a6441b|bf32be7480b0f4d7,0.7901,0.3286,5
3f974a31602790ec,M_nocap,NHS data sale and tech boom potential,"[1] The key NHS targets that have never been met - BBC News
How are your local NHS services coping this winter? Data for England is shown by NHS trust, where the trust includes at least one hospital with a Type 1 A&E department. Type 1 means a consultant-led 24 hour A&E service with full resuscitation facilities. Data for Wales and Scotland is shown by Health Board and in Northern Ireland by Health and Social Care Trust.
But it said significant progress would require sustained additional investment and the lack of a devolved government meant it was unable to plan for the long-term. A Welsh government spokeswoman said extra money was being invested, adding: ""We have placed a clear focus on those patients with an urgent need and who have waited the longest."" A spokeswoman for NHS England said progress was being made, with the numbers facing really long waits falling and signs the NHS was coping better this winter than last. The latest figures released on Thursday supported this, showing A&E waits were slightly better than this time last year, while the waiting list has dropped for a second month in a row.

[2] Woman challenges Rishi Sunak over state of the NHS - BBC News
At the start of 2023, Mr Sunak made cutting NHS waiting lists in England one of his five key priorities. The overall number of waits for non-emergency treatment in England was 7.6 million in November. This represented a fall from October of about 96,000, but around 400,000 higher than it was at the start of 2023. Mr Sunak has previously argued that he could have met his target if NHS workers had not gone on strike.
Mr Sunak has previously argued that he could have met his target if NHS workers had not gone on strike. The Health Foundation think tank has said that industrial action by consultants and junior doctors only lengthened the waiting list by around 210,000. Last week, the BBC reported that most key NHS had been missed for at least seven years across the UK.

[3] Cancer: Almost three million tested in England - BBC News
The NHS has been sending mobile trucks to shopping centres and supermarket car parks to check the lung health of people in the community, while new cancer awareness messages have been displayed in places like pub toilets and on underwear packaging. More than nine-in-10 people who are sent for an urgent referral by their GP will receive an all-clear with only around 6% going on to be diagnosed with the disease. Dame Cally Palmer, national cancer director for NHS England, said: ""We know there is more to do, but we have been throwing everything we have at catching cancers earlier because we know it's the best way to save lives - and we are seeing progress with more people than ever before being diagnosed at stage one and two."" The figures show that while a record number of people were tested in England in October, more than 78,500 - or 29% - had to wait longer than the four-week target to then find out if they had cancer.
Health minister Andrew Stephenson said survival rates across all types of cancer had been improving but the health service needed to go ""further and faster"". ""The UK government is growing the cancer workforce, has carried out over five million additional tests in its 141 community diagnostic centres since June 2021, and is introducing a new law to stop those who turned 14 in 2023 or younger from ever being legally sold tobacco,"" he added.

[4] Wage growth slows as UK job market begins to stall - BBC News
Between October and December, the estimated number of vacancies in the UK fell by 49,000 to 934,000, according to the Office for National Statistics (ONS). Five industry sectors fell below pre-Covid levels with the largest drops in vacancies in retail, wholesale, transport, storage and motor trade. But overall job vacancies still remain above levels seen before the Covid pandemic. Grant Fitzner, chief economist at the ONS, told the BBC's Today programme there were signs the labour market had been ""softening somewhat in recent months"", adding that the number of employers or businesses reporting recruitment difficulties had ""fallen significantly over the past year"".
Retailers reported the sharpest fall in vacancies despite the sector heading towards the key Christmas trading period. Several big recruitment companies have recently warned that the jobs market was slowing. Page Group, Hays and Robert Walters said confidence was weak among employers, with Page pointing out that the UK was its worst-performing market with profits down by around a fifth. Between October and December, the estimated number of vacancies in the UK fell by 49,000 to 934,000, according to the Office for National Statistics (ONS).

[5] Junior doctors' strike: Some hospitals request staff return to work - BBC News
How are your local NHS services coping this winter? Data for England is shown by NHS trust, where the trust includes at least one hospital with a Type 1 A&E department. Type 1 means a consultant-led 24 hour A&E service with full resuscitation facilities. Data for Wales and Scotland is shown by Health Board and in Northern Ireland by Health and Social Care Trust.
Data for Wales and Scotland are shown by NHS board and by Health and Social Care trust in Northern Ireland. Comparative data is shown for a previous year where available. However, where trusts have merged there is no like-for-like comparison to show. Earlier data is not available for all measures, so comparisons between years are not always possible.","The evidence primarily discusses the current state of the NHS, including challenges such as long waiting lists and the impact of strikes by NHS workers. It highlights that the overall number of waits for non-emergency treatment in England has decreased slightly but remains significantly higher than at the beginning of the year. Additionally, there are ongoing efforts to improve cancer detection and treatment, with a focus on early diagnosis, although many patients still face delays in receiving results. The evidence does not directly address the sale of NHS data or the potential for a tech boom related to it.",False,4904780547ff5aaf|e5137fef413aa113|f4481f3cbd7120f5|b6e74ee1c06dc7b8|d1c654e6973cb4d9,0.4861,0.3053,5
0251e08dd2c44ed1,M_nocap,NI road gritters strike action due to snow and ice,"[1] Snow and ice: Arctic blasts brings wintry weather to NI - BBC News
The likes of the Glenshane Pass and the Coleraine Mountain are expected to get about 5cm of snow. TrafficWatch NI reported that the salting of roads on the scheduled network would take place on Monday. But the cold weather coincides with a period of mass industrial action. Alan Perry of the GMB union told BBC News NI that gritting services, involving members of that union, would be suspended for a week as a result, beginning at 00:01 GMT on Thursday.
Alan Perry of the GMB union told BBC News NI that gritting services, involving members of that union, would be suspended for a week as a result, beginning at 00:01 GMT on Thursday. Snow lying in the Dundrod area of County Antrim on Monday A few centimetres of snow can be expected in lower areas throughout the day, mainly in more northern counties. However, due to the random nature of showers, not everywhere will get snow - most will manage to avoid it entirely.

[2] UK weather: Sub-zero temperatures to ease after coldest night - BBC News
Three gritters and a tractor snow plough have been trying to clear the route. An ambulance overturned in Aberdeenshire in heavy snow. No-one was injured in the incident on the A98 at Boyndlie. The Met Office has also issued some yellow weather warnings.
On Thursday the bitterly cold Arctic air stayed with us and, as well as giving snow in northern Scotland, there were some wintry showers in parts of Northern Ireland, north and west Wales, eastern England and some parts of the south-west. An amber warning was in place for the Shetland Islands and far north of Scotland until 18:00 GMT on Thursday. Police said some drivers were stranded in Caithness when heavy snow forced the A9 to be shut between Helmsdale and Dunbeath. Three gritters and a tractor snow plough have been trying to clear the route.

[3] Swedish snow chaos leaves 1,000 vehicles trapped on main E22 road - BBC News
Hundreds of cars ground to a halt in snowdrifts. ""It is total chaos,"" police spokesperson Evelina Olsson said. Snow ploughs arrived on Wednesday evening and police and rescuers worked through the night to free people in the hundreds of trapped cars. Some had medical issues, including diabetes.
Malin Johansson, 56, from Ahus, said she and her partner had started their car at regular intervals to keep it warm. She told Expressen they were freed when rescuers cut the road's central barrier, allowing them to leave at 04:30 on Thursday. The army was dispatched to deliver food and water to the people trapped. ""The problem is that it is snowing so heavily that the road is covered in snow just half an hour after ploughing,"" Ms Olsson said.

[4] More than 90 dead after fierce US winter storms - BBC News
As of Sunday evening, 45,000 people were without power in Oregon. Further power outages were reported in Pennsylvania, California, New Mexico and Indiana. The National Weather Service has issued an ice storm warning for Monday for parts of Arkansas and Oklahoma, and driving conditions were expected to be treacherous in large swathes of the country into Monday. After that, a thaw is expected, with some meteorologists warning that warm air and rain could cause flooding in parts of the Midwest and north-eastern US.
Icy conditions are expected to ease off in the next few days. A total of 92 weather-related fatalities have been recorded across the country over the past week, according to a tally maintained by CBS, the BBC's US partner. While the death toll has been greatest in Tennessee and Oregon, fatalities have also been reported in Mississippi, Illinois, Pennsylvania, Washington, Kentucky, Wisconsin, New York, New Jersey and elsewhere. In one incident in Portland, Oregon last Wednesday, three people were electrocuted to death when powerful winds caused a power line to fall and strike the vehicle in which they were travelling.

[5] UK weather: Snow hits England and Wales as forecasters warn of ice - BBC News
More snow flurries are expected overnight into Tuesday in parts of the UK, as forecasters warn over icy conditions in England and Wales. Southern areas of England and south Wales were expected to see snow showers on Monday evening, the Met Office said. The weather service has issued a warning for ice in those areas, with some icy patches on roads to be expected. More than 100 flood warnings remain in place, mostly in southern England.
Leeds Castle is seen with a snowy backdrop in Kent A member of the Household Cavalry mounted at House Guards in London Drivers have been warned to check tyres and de-ice their car before travelling How is the weather affecting you?","The coverage reports that Northern Ireland is experiencing wintry weather, including snow and ice, with specific areas expected to receive around 5cm of snow. However, gritting services in Northern Ireland will be suspended for a week due to industrial action by members of the GMB union, starting at 00:01 GMT on Thursday. This suspension coincides with the cold weather, which has led to some wintry showers across the region. The situation is compounded by the fact that not all areas will receive snow, as the showers are described as random.",False,a813fbe8d6407d05|002af1e8e4bf3974|4fc56eef6e4eb4d7|301894fe6870dac3|65d84e8b54e956a3,0.6321,0.3014,5
991dfb0ad328e47a,M_nocap,grandmother's abusers caught by hidden camera,"[1] Watch: The video evidence that helped convict Eleanor Williams - BBC News
A woman who went viral in 2020 after claiming in a Facebook post that she had been beaten and raped by a gang of Asian men is now serving eight and a half years in prison after police uncovered her web of lies going back years. Eleanor Williams, 23, from Barrow-in-Furness was found guilty of perverting the course of justice over multiple false claims of rape and grooming. The BBC has been given exclusive access to the police footage which shows the extent of Williams’ deceit. Anna Collinson explains how they pieced together the truth.
Anna Collinson explains how they pieced together the truth. You can see the full story of how Eleanor Williams was finally found out in “Liar: The Fake Grooming Scandal” on BBC Iplayer and BBC Three.

[2] Llanelli attempted kidnap: Man tried to drag woman into car - report - BBC News
An investigation has been launched into an attempted kidnap Dyfed-Powys Police said the woman escaped to a nearby house. A spokesman said: ""She was not harmed but is understandably shaken by the incident."" The force added that its investigation had established the car drove along Hendre Road from Tan Y Graig Road.
The car the man was driving is being sought by police A man tried to drag a woman into a car in an attempted kidnap, according to reports to police. They launched an investigation into the matter after they were contacted at about 23:45 GMT on Saturday. The force said the man approached the woman in a dark red or burgundy car as she walked from the British Royal Legion pub on Tan Y Graig Road, Llanelli, in Carmarthenshire.

[3] Norwich: Post-mortems to take place after four bodies found - BBC News
Norfolk Police has referred itself to the independent watchdog, saying it did not respond to a 999 call from the home at 06:00. Yvette Cooper, the shadow home secretary, said it was ""deeply worrying"" and welcomed the referral. Officers said post-mortems would be held on Sunday to find the cause of the deaths of the man and woman. The bodies of two young girls, a 36-year-old woman and a 45-year-old man, named locally as Bartlomiej Kuczynski, were found in the house on Allan Bedford Crescent.
The man who died at the Costessey home, near Norwich, has been named locally as Bartlomiej Kuczynski Post-mortem examinations are due to take place later on a man and woman found dead along with two girls. The family was discovered in a house in Costessey, near Norwich, at about 07:15 GMT on Friday. Norfolk Police has referred itself to the independent watchdog, saying it did not respond to a 999 call from the home at 06:00.

[4] Dementia: Photos lay bare agony of slowly losing mum - BBC News
The photojournalist and wedding photographer had been taking pictures of her mum for decades and continued to do so, leading to a very personal project titled No Longer Her(e). Susan was diagnosed with early onset vascular dementia in 2015 Her images capture her mother's decline in the little details from everyday life at home in Llantwit Major, Vale of Glamorgan. A broken glass lies in a pool of liquid after she smashed it on the floor.
""With dementia it's like them dying over and over and over again, slowly."" Helen Rimell has been grieving for her mother Susan since she was diagnosed with early onset vascular dementia in 2015. Two years ago Helen, a professional photographer, left her life in London to move back to south Wales to become her 75-year-old mother's full-time carer. The photojournalist and wedding photographer had been taking pictures of her mum for decades and continued to do so, leading to a very personal project titled No Longer Her(e).

[5] How undercover Met Police officers caught designer watch thieves - BBC News
The Metropolitan Police has been carrying out undercover operations over the last two years to catch suspected robbers targeting people with luxury watches. In four CCTV videos filmed on different days in London's Soho, criminals can be seen approaching people - who unbeknownst to them are undercover police officers - and then proceeding to try and take their watches. A number of stings have taken place in London, after 300 watches were stolen between April and September 2022, totalling in a value of £4m. Commander of Met Intelligence, Ben Russell, said that the stings ""resulted in 31 robbers arrested in a 12-month period"" and that ""fourteen have already been sentenced"".","The evidence does not provide any information regarding a grandmother's abusers being caught by hidden camera. It covers various unrelated topics, including a false rape claim, an attempted kidnapping, a police investigation into multiple deaths, a personal project about dementia, and undercover police operations targeting watch thieves. Therefore, there is insufficient evidence to address the query.",False,65ec606ba9021556|5968332585fc2388|bf2470cffbffdebb|150e0ef35b8bc154|86e298d09776210b,0.4381,0.2725,5
67440434549864f7,M_nocap,The Last Dinner Party wins BBC Radio 1 award,"[1] Brit Awards: Raye breaks record as women dominate 2024 nominations - BBC News
Rock group The Last Dinner Party have already been announced as the recipients of this year's rising star prize. The Brits' voting body is made up of around 1,300 members from across the music industry. Dua Lipa is also the first artist to be confirmed to perform at the ceremony, which will take place in London on 2 March. Nominations in the three biggest categories are:
It will sit alongside the existing categories for alternative/rock, dance, pop and hip-hop/grime/rap. The inaugural nominees in the new category, which has a 24-month eligibility period to allow more submissions, are Cleo Sol, Jorja Smith, Mahalia, Sault and Raye, who is also listed in the pop category. Raye, Young Fathers, Little Simz, Blur and J Hus are all up for the prestigious album of the year prize. Rock group The Last Dinner Party have already been announced as the recipients of this year's rising star prize.

[2] Learn how the BBC is working to strengthen trust and transparency in online news - BBC News
The BBC is recognised by audiences in the UK and around the world as a provider of news that you can trust. Our website, like our TV and radio services, strives for journalism that is accurate, impartial, independent and fair. Our editorial values say: ""The trust that our audience has in all our content underpins everything that we do. We are independent, impartial and honest.
In all our output we will treat every subject with an impartiality that reflects the full range of views. We will consider all the relevant facts fairly and with an open mind."" Research shows that, compared to other broadcasters, newspapers and online sites, the BBC is seen as by far the most trusted and impartial news provider in the UK [PDF]. Even so, we know that identifying credible journalism on the internet can be a confusing experience.

[3] Michael Bolton recovering after brain tumour surgery - BBC News
Bolton says it is the ""hardest thing"" to disappoint fans He had been due to go on tour in February with dates planned in the US, UK, Canada and Switzerland. ""It is always the hardest thing for me to ever disappoint my fans or postpone a show, but have no doubt I am working hard to accelerate my recovery and get back to performing soon,"" the singer wrote to fans. ""I am beyond grateful for all the love and support you have so generously shown me through the years.
""I am beyond grateful for all the love and support you have so generously shown me through the years. Know that I'm keeping your positive messages in my heart, and I'll give you more updates as soon as I can."" Bolton, who has sold more than 75 million records, is best known for hits such as How Am I Supposed to Live Without You, When a Man Loves a Woman and Said I Loved You... But I Lied.

[4] Post Office scandal: 'Mum was sent to prison on my 10th birthday' - BBC News
If you are reading this page and can't see the form you will need to visit the mobile version of the BBC website to submit your question or comment or you can email us at HaveYourSay@bbc.co.uk. Please include your name, age and location with any submission. Listen to Reliable Sauce on BBC Sounds - the week's biggest stories with the perfect amount of sauce. New episodes every Wednesday.
Share your experiences by emailing haveyoursay@bbc.co.uk. Please include a contact number if you are willing to speak to a BBC journalist. You can also get in touch in the following ways: If you are reading this page and can't see the form you will need to visit the mobile version of the BBC website to submit your question or comment or you can email us at HaveYourSay@bbc.co.uk.

[5] BBC review: Ofcom to gain more powers over BBC News website - BBC News
The government consulted with the BBC and Ofcom in developing the recommendations. The Department for Culture, Media and Sport said impartiality remains ""an ongoing issue for audiences"" and cited ""a lack of public confidence"" in the way the BBC currently handles complaints. It said it would review the effectiveness of the BBC's new social media guidelines, which were brought in following a row over Gary Lineker's social media posts. Other recommendations include greater independent scrutiny of complaints handling, and improving transparency for commercial media organisations.
The BBC said it remained ""the number one source for trusted news"". Ofcom said it welcomed the government's recommendations, ""which will support us as we continue to hold the BBC to account on behalf of audiences"". The BBC is investing more money into digital journalism, as audiences increasingly switch from television to online news. Currently, Ofcom oversees the BBC's TV, radio and on-demand output, but it has no formal enforcement powers for BBC online material.","The Last Dinner Party has been recognized as the recipient of this year's rising star prize at the Brit Awards. This announcement highlights the group's emerging status in the music industry, as the Brit Awards' voting body consists of around 1,300 members from various sectors of the music field. The ceremony is set to take place in London on 2 March, with other notable nominees in various categories.",False,d7e4fbd4785d37d1|faf7a76e3a77759f|77c143ac0cf064b4|b6ddf24f05c0091a|73c3dab18c0c991d,0.5459,0.2909,5
3af7a7ba409e2d0a,M_nocap,US Vulcan rocket launch for Moon mission,"[1] US Moon mission has no chance of soft lunar landing - BBC News
The Peregrine craft was launched aboard the first flight of Vulcan, a rocket that had been under development for a decade by United Launch Alliance (ULA), a joint venture of Boeing and Lockheed Martin. • None Time running out for US Moon mission
Alongside two other commercial ventures - Intuitive Machines and Firefly - they had planned six missions to the lunar surface in 2024. Nasa believes its new lunar partnership with the private sector will introduce more innovation and reduce costs over time. And the agency says it is prepared for some of these missions not to work. The Peregrine craft was launched aboard the first flight of Vulcan, a rocket that had been under development for a decade by United Launch Alliance (ULA), a joint venture of Boeing and Lockheed Martin.

[2] Peregrine lander: Time running out for US Moon mission - BBC News
Watch: Vulcan rocket sends Moon mission on its way Astrobotic is the first of three US companies to send a lander to the Moon this year under a new private-public partnership with Nasa. The agency is buying transport services from the Pittsburgh firm and two other commercial ventures - Intuitive Machines and Firefly. Together, the trio had planned six missions to the lunar surface in 2024.
So, the whole point of having a fleet of missions to the Moon in future years is to increase the chances of success."" The Peregrine lander pictured in preparation for launch on its Vulcan rocket

[3] Peregrine lander: Vulcan rocket launches US private Moon mission - BBC News
Watch: Vulcan rocket sends Moon mission on its way An US spacecraft has launched from Cape Canaveral, Florida, to try to perform a controlled landing on the Moon. It's aiming to become the first American mission in 51 years to complete a soft touch-down, and the first ever by a private company. Astrobotic's robotic lander, called Peregrine, has been contracted by Nasa to carry five scientific instruments.
The 1.2-tonne Peregrine spacecraft is one of a clutch of US projects aiming to land in 2024 Astrobotic's venture was sent on its way by a brand new rocket called Vulcan, which left its Florida pad at 02:18 EST (07:18 GMT). Fifty minutes later, after a flawless flight, the Pittsburgh-based company's craft was ejected on a path to the Moon. It will take a few weeks to get itself into position to attempt the touch-down.

[4] Japan lands on Moon but glitch threatens mission - BBC News
The targeted landing site was on the slopes approaching Shioli Crater, which is just south of the Moon's equator Jaxa has twice landed robots on asteroids, so this Moon touchdown is another feather in its cap. It will be playing significant roles in the US space agency's (Nasa) Artemis programme, which seeks to put humans back on the lunar surface after a gap of more than half a century. Last year, a private Japanese company, iSpace, had a go at landing.
That's a huge Success. I'd be really happy if I was them,"" he told BBC News. ""We're in an era of a lot of lunar missions happening with lots of different players. If we collate all this knowledge, that all these players are gaining through these attempts - whether successful or not - then we learn as a community how to put missions together more successfully in the future.""

[5] Stricken Japanese Moon mission landed on its nose - BBC News
It would be regarded as a valuable technology demonstration for future lunar explorations, and the acquired knowledge and experience will be applied in upcoming missions,"" the agency said. The targeted landing site was on the slopes approaching Shioli Crater, which is just south of the Moon's equator
Not only did Sora-Q move on the lunar surface and take its picture, but Lev-1 also managed to hop. Like Slim, Lev-1 has also powered down. ""The accomplishment of Lev-1's leaping movements on the lunar surface, inter-robot communication between Lev-1 and Sora-Q, and fully autonomous operations represent ground-breaking achievement. It would be regarded as a valuable technology demonstration for future lunar explorations, and the acquired knowledge and experience will be applied in upcoming missions,"" the agency said.","The Vulcan rocket, developed by United Launch Alliance, successfully launched the Peregrine lander as part of a US Moon mission, marking a significant step in private-public partnerships with NASA. This mission aims to achieve a controlled landing on the Moon, potentially making it the first American mission in 51 years to accomplish a soft touchdown and the first by a private company. The Peregrine lander is part of a broader initiative involving multiple commercial ventures, with plans for six lunar missions in 2024 to enhance the chances of success in future lunar explorations.",False,5f8c1f8b4b5aad93|76a2bffc125b8877|d84d798ddea2e11b|c5b9aec74706a911|017a1a70d95ffb85,0.7377,0.2611,5
6ff196b636b2949c,M_nocap,UK schools closing due to Arctic weather,"[1] UK weather: Sub-zero temperatures to ease after coldest night - BBC News
In Aberdeenshire, almost all schools are closed. South of the border eight schools have closed in Lancashire. In north and west Wales snow has forced more than 40 schools to close on Thursday. ScotRail cancelled stopping services between Dundee and Arbroath, Montrose and Inverurie and Inverness to Elgin, while services between Inverness and Edinburgh/Glasgow will take 30 minutes longer.
A deer was captured prancing in the morning snow in a garden in Fenwick. In Northern Ireland, non-major roads are not being gritted due to a strike, and motorists are being urged to take care given the icy weather. All schools have remained closed in Orkney and in Shetland, where many have been shut since Monday. In Aberdeenshire, almost all schools are closed.

[2] UK weather: Snow hits England and Wales as forecasters warn of ice - BBC News
A yellow cold weather warning until Friday for other parts of England remains in place. Dr Agostinho Sousa, from UKHSA, stressed the importance of checking on those who could be vulnerable. For older people in particular, cold weather can increase the risk of heart attacks, strokes, pneumonia and worsening arthritis. There can also be an increase in accidents at home, due to a loss of strength and dexterity in the hands.
More than 100 flood warnings remain in place, mostly in southern England. The Met Office had issued a yellow warning for ice and small amounts of snow in southern England and southern Wales. It expired at 03:00 GMT on Tuesday. BBC Weather presenter Stav Danaossaid: ""Given these wintry showers, and also wet surfaces after recent wet weather, some icy patches are likely on untreated surfaces.""

[3] Flood warnings remain as cold spell persists - BBC News
It has since reopened. Temperatures overnight dropped to -1C in Birmingham, 0C in Glasgow and 1C in London. Prof Dominic Mellon, from the UK Health Security Agency (UKHSA), said cold weather ""can have a serious impact on health"", adding that it was important to check on those most vulnerable to the cold. ""If you have a pre-existing medical condition or are over the age of 65 it is important to try and heat the rooms where you spend most of your time, such as your living room or bedroom, in the coming days.""
If you are reading this page and can't see the form you will need to visit the mobile version of the BBC website to submit your question or comment or you can email us at HaveYourSay@bbc.co.uk. Please include your name, age and location with any submission. • None More snow hits UK as forecasters warn of ice

[4] Snow and ice: Arctic blasts brings wintry weather to NI - BBC News
The Police Service of Northern Ireland (PSNI) has urged motorists to exercise caution on the roads. They advise those driving after freezing overnight temperatures to ""reduce your speed, and increase your stopping distance from the vehicle in front"". North Belfast saw a dusting of snow on Monday morning In the Republic of Ireland, a cold weather advisory has been issued across the whole country from 11:00 local time on Sunday until 12:00 on Friday.
Northern Ireland has seen its first big freeze of the year as a cold Arctic blast led to widespread wintery weather on Monday morning. Snow showers, ice, fog, frosty nights and low daytime temperatures are all forecast in the coming days. The Met Office issued a weather warning for snow and ice, which started at 03:00 GMT on Monday and is set to last until 11:00 on Tuesday. Northerly winds are forecast to bring showers in from the north coast.

[5] Storm Isha: Dramatic weather change ahead with new storm named - BBC News
Storm Isha is the ninth named storm since September, and follows on from Storm Henk which caused flooding and disruption across parts of the UK earlier this month. The milder temperatures come after an icy blast which brought snow to much of the UK over the last week. Winds are expected to gradually ease throughout Monday, but low pressure will bring further wet and windy weather on Tuesday morning which will spread eastwards across the UK. Further into the week there are signs conditions will settle in the south, with any wet and windy weather being more confined to the north-west of the UK.
As of Friday afternoon, the Environment Agency had issued in England 11 flood warnings, where flooding was expected, and 52 flood alerts, indicating possible flooding. It will also start to feel much warmer - by Sunday the temperatures will be around 5-6C in Scotland but elsewhere 10-13C. Rising even further on Tuesday to 15C in southern England, this will be around seven degrees warmer than the average for mid-January. Storm Isha is the ninth named storm since September, and follows on from Storm Henk which caused flooding and disruption across parts of the UK earlier this month.","UK schools are experiencing widespread closures due to severe winter weather conditions, particularly in regions affected by snow and ice. In Aberdeenshire, almost all schools are closed, while over 40 schools in north and west Wales have also shut down. Additionally, eight schools in Lancashire have closed, and all schools in Orkney and Shetland have remained closed since Monday. The cold weather has been attributed to an Arctic blast, leading to freezing temperatures and hazardous conditions across various parts of the UK.",False,002af1e8e4bf3974|65d84e8b54e956a3|b5fff101fef3c712|a813fbe8d6407d05|d711699844110c3e,0.6576,0.2912,5
dfa2c18c40abb141,M_nocap,Italian culture minister probed over stolen artwork,"[1] Gustav Klimt portrait found after almost 100 years - BBC News
The portrait once belonged to the Lieser family, who were wealthy Jewish industrialists in Vienna. Ernst Ploil, co-Managing Director of Kinsky Auction House, said they had so far found no evidence that the work had been looted or stolen before or during World War Two. ""The painting is described as lost in all catalogues raisonnés (comprehensive lists of Klimt's work). In our circles, 'lost' means probably destroyed, probably burnt during the war, but in any case no longer in existence; it was not to be expected that it would ever reappear.
In our circles, 'lost' means probably destroyed, probably burnt during the war, but in any case no longer in existence; it was not to be expected that it would ever reappear. ""We took an active approach and not only researched the Lieser family as potential restitution claimants, but we also approached potential representatives based on our experience from previous restitution proceedings."" Klimt's art has fetched huge sums at auction in the past. His Lady with a Fan piece sold for £85.3 million in June, making it the most valuable work of art ever sold at auction in Europe.

[2] Asante Gold: UK to loan back Ghana's looted 'crown jewels' - BBC News
The sankuo was presented to the British writer and diplomat Thomas Bowdich in 1817, who said it was intended as a gift from the Asantehene to the museum to demonstrate the wealth and status of the Asante nation. Can you loan objects back to a country that says you stole them? It's a solution to UK legal restrictions that may not be acceptable to countries which say they want to right a historic wrong. The issue of the Parthenon Sculptures, or Elgin Marbles as they were named in the UK, is the best-known example.
""We know the objects were stolen in violent circumstances, we know the items belong to the Asante people,"" she said. The British government has a ""retain and explain"" stance for state-owned institutions, which means contested objects are kept and their context is explained. Neither the Conservative nor Labour parties have signalled any interest in changing current legislation. The British Museum Act of 1963 and the National Heritage Act of 1983 prevent museum trustees at some high-profile institutions from ""deaccessioning"" items in their collections.

[3] How London hotel sting caught Swiss museum heist thieves - BBC News
Interpol and the museum confirmed from photos it was the stolen vase. A few days later, with no response to his requested valuation, Mr Steel contacted the Hatton Garden Art Loss Register stating he had a vase and told them it had been ""stolen from Switzerland a year ago and is worth £3m"". ""I am trying to help get this returned to wherever it was stolen from,"" Mr Steel wrote. ""Please, any help would be great.""
Both men apologised for their actions, and they were jailed for three-and-a-half years and banned from entering Switzerland for five years once they leave. Judge Patrick Monney said the damage they had caused was ""considerable and may be irreparable"", because one of the bowls known as a chicken cup has not been recovered. The value of the missing doucai-style wine cup decorated with a chicken is incalculable - a similar artefact was sold at auction in 2014 for £28m ($30m) The vase recovered in central London and the bowl sold at the Hong Kong auction house have been returned to Geneva's Museum of Far Eastern Art.

[4] US fugitive Nicholas Rossi extradited from Scotland - BBC News
He is alleged to have attacked a former girlfriend, pushing her on to a couch and forcing her to have sex while ignoring her pleas to stop. Rossi had insisted he was a victim of mistaken identity, maintaining he was Knight after officers detained him at the Queen Elizabeth University Hospital. Edinburgh Sheriff Court heard that his tattoos and fingerprints matched those of Rossi, with Sheriff Norman McFadyen ruling that he was indeed the fugitive in November of last year. However, he claimed he had been given the tattoos as part of an attempt to frame him while he was lying unconscious in hospital.
However, he claimed he had been given the tattoos as part of an attempt to frame him while he was lying unconscious in hospital. Sheriff McFadyen dismissed that as ""fanciful,"" adding his repeated name changes were ""consistent with someone with something to hide"". The story of Nicholas Rossi, the US fugitive who ‘faked his own death’ (Video by Morgan Spence, Graham Fraser and David MacNicol) First Minister Humza Yousaf said he did not want to ""prejudice any potential inquiry or court case"" in the future but praised the Scottish authorities' co-operation with colleagues in the US during the saga.

[5] Captain Cook statue vandalised in Melbourne on eve of Australia Day - BBC News
The statue has a history of being vandalised on or around 26 January. In 2022 it was splashed in red paint, while in 2018 it was graffitied with the words ""no pride"" and had an Aboriginal flag placed next to it. Victorian Premier Jacinta Allan said the vandalism of both monuments had ""no place in our community"". ""We'll be working with council to repair and reinstate the statue in St Kilda,"" she added, referring to the suburb where it is located.
She said her council had arranged for a security guard to protect the Cook statue on Thursday, but the incident occurred before they were scheduled to arrive. But many Indigenous Australians and others say it is wrong to celebrate a date which represents the theft of Aboriginal and Torres Strait Islander lands and their dislocation from culture. ""Invasion Day"" protests have grown in recent years and many people boycott the holiday.","The evidence does not provide any information regarding the Italian culture minister or the investigation into stolen artwork. It discusses various topics related to art, including the recovery of a Gustav Klimt portrait, the return of looted artifacts to Ghana, and a heist involving stolen items from a Swiss museum. However, none of this relates to the specific query about the Italian culture minister being probed over stolen artwork.",False,aec8932d6a41a5e0|34ec07d636e80a36|762409f199222e8a|ee8dd9d6a16f01c7|11f507578eed4caf,0.4603,0.2957,5
b36197da28081b41,M_nocap,"Amazon job cuts at Twitch, MGM, and Prime Video","[1] Netflix password crackdown fuels sign-up surge - BBC News
It is also due to start showing adverts to Prime members when they watch starting this month, unless they pay $2.99 extra per month. Paolo Pescatore, an analyst at PP Foresight, said the numbers validated Netflix's strategy. ""Another cracking quarter to finish the year,"" he said. ""These latest results reaffirm that Netflix is firmly the king among all streamers.""
Netflix said it was confident in its growth path and was planning to raise prices. ""We largely put price increases on hold as we rolled out paid sharing. Now that we're through that, we're able to resume our standard approach,"" co-chief executive Greg Peters said on a call with analysts to discuss its latest quarterly update. ""The summary statement might be, 'back to business as usual'.""

[2] Amazon fined for 'excessive' surveillance of workers - BBC News
Amazon has been fined €32m (£27m) in France for ""excessive"" surveillance of its workers, including measures the data watchdog found to be illegal. The CNIL said Amazon France Logistique, which manages warehouses, recorded data captured by workers' handheld scanners. It found Amazon tracked activity so precisely that it led to workers having to potentially justify each break. Amazon said it strongly disagreed with the CNIL's findings and called them ""factually incorrect"".
Amazon also used data collected by the scanner to plan work in its warehouses, evaluate employees on a weekly basis and train them. The watchdog ruled Amazon did not need access to the smallest details of data collected by the scanners to do so. The online shopping giant was fined for not properly informing workers and external visitors about surveillance, with the watchdog also found to have had insufficient security on its video surveillance. Reacting to the ruling, the GMB union which represents Amazon's UK warehouse workers, said the company's staff were facing ""bruising levels of scrutiny and surveillance"".

[3] Microsoft video games division lays off 1,900 staff - BBC News
Earlier this week Riot Games, which makes League of Legends, announced it was shedding 11% of its global workforce. It followed 1,800 job losses at game engine maker Unity, 500 layoffs at Amazon-owned streaming platform Twitch, and redundancy rounds at smaller studios. Estimates put the total number of gaming industry job losses last year at more than 10,000, although the true total is thought to be higher. Experts believe the cost-of-living crisis and the games industry scaling back after a boost from the Covid pandemic have played a large part in the trend.
Experts believe the cost-of-living crisis and the games industry scaling back after a boost from the Covid pandemic have played a large part in the trend. The wider tech sector also saw big cuts, and Microsoft itself announced 10,000 job losses last January across the wider company, with Amazon, Meta and others also losing staff. The BBC has asked Microsoft for further comment on the redundancies in its gaming division. Listen to Newsbeat live at 12:45 and 17:45 weekdays - or listen back here.

[4] Los Angeles Times to lay off 20% of its workforce - BBC News
The layoffs come a time of major disruption in the US news industry. Last week, the union for Sports Illustrated said the publication planned to cut nearly all of it its unionised staff, after the publisher failed to pay its licensing fees to the magazine's parent company. And Conde Nast, the company behind storied titles like Vogue, The New Yorker and Vanity Fair, said last fall that it planned to lay off more than 300 employees. As part of the restructuring, Conde Nast said last week that its music journalism website Pitchfork will be folded into GQ Magazine and that all of its staff will be let go as a result.
As part of the restructuring, Conde Nast said last week that its music journalism website Pitchfork will be folded into GQ Magazine and that all of its staff will be let go as a result. The Washington Post, owned by Amazon CEO Jeff Bezos, recently offered voluntary buyouts to staff due to losses of around $100m in 2023.

[5] Female artists dominated 2023 music charts - but new acts are being squeezed out - BBC News
""This should be celebrated, but without complacency,"" said Jo Twist, the organisation's chief executive. ""Our work in the music industry continues to ensure that this becomes the norm."" 2023 was a year of iconic returns: From *NSYNC to Furby, Girls Aloud to Grand Theft Auto, Madonna to Frasier.
The artists who succeed, he argued, are those who are able to cultivate a ""two-way"" relationship with fans on social media, and ""don't mind revisiting songs from their repertoire if those songs blow up"". The year-end charts partially reflect this shift, with artists like PinkPantheress and David Kushner translating viral success into real-world achievements. Meanwhile, superstars like Miguel and The Weeknd took overlooked album tracks into the charts for the first time after they resurfaced on TiKTok. The so-called ""long tail"" effect also means that older songs will continue to generate streams after their initial chart run.","The evidence indicates that Amazon has recently laid off 500 employees at its streaming platform Twitch, as part of broader job cuts in the gaming industry, which has seen significant layoffs due to economic pressures and a scaling back after a pandemic-related boost. Additionally, the wider tech sector, including companies like Microsoft and Meta, has also experienced substantial job losses. The layoffs at Twitch are part of a larger trend affecting the gaming industry, which has seen over 10,000 job losses in the previous year.",False,d318483297ade352|b6cc3a0457716f35|c0dcddf96db2aa29|ae7baf787fac7959|b3e7711cebe12391,0.4635,0.2661,5
b8886c368431e207,M_nocap,footballer cleared of rape charges,"[1] Sunderland footballer Jack Diamond 'raped woman in his home' - BBC News
The 23-year-old has denied rape and sexual assault A Sunderland footballer raped and sexually assaulted a woman he met on a dating app, a jury has heard. Prosecutors said Jack Diamond assaulted the woman at his home in Fatfield, Washington on 7 May 2022. Appearing at Newcastle Crown Court, the 23-year-old denied rape and sexual assault.
She'd agreed to go there for a ""cuddle"" but the jury heard at the time she was on a course of medication which meant she had to avoid sex. In a recorded police interview played to the jury, the woman said the assault ""felt like it lasted forever"". Sunderland suspended Mr Diamond in March last year when he was charged. He was on loan at Lincoln City at the time but the club terminated his stay.

[2] Sunderland's Jack Diamond says rape accuser initiated sex - BBC News
A footballer accused of raping a woman tried to have sex with her because he thought she was in a ""huff"" after he initially rejected her advances, a court has heard. Sunderland winger Jack Diamond, 23, denies raping and sexually assaulting the woman at his home in Fatfield, Washington, on 7 May 2022. Newcastle Crown Court heard the pair agreed to be ""friends with benefits"" after matching on a dating app in 2019. She said she just wanted a ""cuddle"".
He heard nothing from her for months until his housemate, Sunderland goalkeeper Anthony Patterson, started talking to her on Tinder. Mr Diamond said in December 2021 they started their casual relationship again and they had sex once or twice a month up until May 2022. His lawyer, Eleanor Laws KC, asked him if he felt he was ""using her"", to which Mr Diamond replied: ""No, because we both had a mutual agreement."" Ms Laws asked: ""Did you do anything to [the woman] without her consent?""

[3] Serving Met Police officer in court charged with rape - BBC News
PC Sagaidak, who has been suspended from duty, appeared before Westminster magistrates earlier, the Met said A serving Metropolitan Police officer has appeared in court charged with two counts of rape. PC Andrej Sagaidak, from the south-east London policing team, has also been charged with non-fatal strangulation and causing actual bodily harm. The Met said the case relates to a report a man was raped at a home in Islington, north London, last Monday.
The Met said the case relates to a report a man was raped at a home in Islington, north London, last Monday. PC Sagaidak, who has been suspended from duty, appeared before Westminster magistrates earlier, the Met said. He is due to appear at Snaresbrook Crown Court on 2 February, the force added. Det Ch Supt Trevor Lawry, who is responsible for policing in Bexley, Greenwich and Lewisham, said: ""This is a deeply concerning allegation and I know it will cause significant concern.

[4] Stephen Bear made £22,000 from sex tape, court hears - BBC News
Stephen Bear was jailed for 21 months in March after being convicted of voyeurism and disclosing private, sexual photographs and films Former TV personality Stephen Bear made £22,305 after he uploaded a sex tape without the consent of his ex-partner, a court has heard. Bear, 34, was jailed for uploading footage of himself and Love Island star Georgia Harrison to OnlyFans. A Proceeds of Crime Act hearing was told he made considerable profits from subscribers after uploading the video.
In an earlier civil case, he was ordered to pay Ms Harrison more than £200,000 in damages, however, the court heard none of that had yet been paid. His criminal trial heard that although the sex was consensual, Ms Harrison was unaware the footage, shot in Bear's garden, was being shared more widely. The hearing was adjourned until 4 March. Follow East of England news on Facebook, Instagram and X. Got a story?

[5] Andy Malkinson: DNA warnings made years before rape case overturned - BBC News
Andy Malkinson was wrongfully convicted, in 2004, of raping a woman in Greater Manchester The body that investigates potential wrongful convictions was warned it could have missed critical DNA evidence in rape cases, a year after first rejecting Andy Malkinson's appeal. The warning came in 2013, when a review of a similar case recommended the Criminal Cases Review Commission (CCRC) look again at files for DNA leads. Mr Malkinson's rape conviction was not overturned until a decade later.
Mr Malkinson's rape conviction was not overturned until a decade later. His lawyers say the report is evidence he could have been exonerated earlier. The CCRC investigates potential wrongful convictions in England and Wales for judges to overturn. Mr Malkinson is now calling for Helen Pitcher, who chairs it, to be sacked and stripped of her OBE.","The coverage primarily discusses the case of Sunderland footballer Jack Diamond, who is accused of raping and sexually assaulting a woman he met on a dating app. The jury heard that the woman had agreed to visit Diamond's home for a ""cuddle,"" but was on medication that required her to avoid sex. Diamond denies the charges, claiming that their relationship was consensual and that they had a mutual agreement to be ""friends with benefits."" The trial is ongoing, with the court hearing conflicting accounts of the events that took place.",False,60aebd9f01647781|9447bb643eaf92a8|27195705347f2a63|2b635938cf73327d|a4bfefe88d695764,0.536,0.3137,5
fe0a1561794c2b3f,M_nocap,Russian missiles damage hotel in Kharkiv,"[1] Ukraine-Russia war: missiles kill 11, including children, Ukrainian official says - BBC News
Pokrovsk lies in Ukrainian-held territory in the Donetsk region A Russian missile strike has killed 11 people, including five children, in eastern Ukraine, a local official says. S-300 missiles hit the town of Pokrovsk in Ukrainian-held territory in Donetsk region, the regional governor said. ""The enemy is cynically hitting civilians, trying to bring as much misery as possible,"" Governor Vadim Filashkin posted on Telegram.
Some residents have been returning despite official warnings about the dangers. In August, at least nine people were killed and dozens more injured in a Russian missile attack on the town. Earlier this week Ukrainian forces launched more than 70 drones across the border into Russia after Moscow launched its biggest aerial bombardment. This led to evacuations in the south-western city of Belgorod.

[2] Ukraine hit again after Putin vows intensified strikes - BBC News
Watch: Residential buildings were hit in several areas of Kyiv and Kharkiv in further Russian strikes Russian missiles have hit Ukraine's biggest cities, leaving at least five dead and dozens hurt, after Vladimir Putin vowed to intensify attacks. A woman was killed and 44 others were hurt in the north-eastern city of Kharkiv, according to local officials. Kyiv Mayor Vitaliy Klitschko said two people died and 49 were wounded in a strike on blocks of flats in the Solomianskyi district of the capital.
Meanwhile, Russia's defence ministry said it had accidentally dropped explosives on a village in the southern Russian region of Voronezh, damaging six houses. Governor Alexander Gusev said there had been an ""emergency descent"" on Petropavlovka, about 150km (93 miles) from the Ukrainian border. A number of apartment blocks were hit in the wave of Russian attacks on Tuesday Kyiv officials said debris from Russia's attacks had hit high-rise flats, warehouses and supermarkets, and that two people including an elderly woman had been killed by a missile in the Solomianskyi district to the south-west of the centre.

[3] Downed plane: Still unanswered questions amid Ukraine and Russia claims - BBC News
This time, Ukraine says, there was none of that. The General Staff statement amounted to a justification for firing on such a plane - without saying openly what it did. Russia has increased its missile attacks from Belgorod lately, especially on Kharkiv where it has killed and injured dozens of civilians. Transport planes like that one that crashed on Wednesday morning deliver the weapons that are then launched across the border.
After all, we do know the plane came down - and Ukraine has the capacity for that. Early on, the Ukrainska Pravda news website quoted an armed forces source saying it was ""their job"", and that the plane had been carrying Russian S300 missiles. A success, in other words. That was later corrected, to say the source had not been corroborated.

[4] Russia risked lives in downed plane, Volodymyr Zelensky says - BBC News
Russia has repeatedly targeted Ukraine's second city Kharkiv with S-300 guided missiles from the Belgorod region in recent days. Eight people were killed in a series of missiles strikes on Tuesday and another attack was launched overnight into Thursday. Ahead of Wednesday's planned prisoner exchange, Ukrainian officials said the captured Russian military servicemen were ""delivered to the agreed location in time to be exchanged, and they were safe there"". Russia's defence ministry said the swap had been due to take place on Wednesday afternoon at a border checkpoint 100km (60 miles) to the west of Belgorod.
Last week, Russia claimed to have captured a village close to the devastated city of Bakhmut, in Ukraine's eastern Donetsk region. Kyiv has not confirmed the claim. Meanwhile, Russian air attacks have intensified in recent weeks. On Tuesday, 18 people were killed and 130 were injured in missile attacks on Ukrainian cities.

[5] Ukraine war: Grim new year for Ukrainians under shadow of Russian attack - BBC News
Russian-installed authorities, meanwhile, accused Ukrainian forces of shelling occupied Donetsk in the east on New Year's Eve, leaving four people dead. There was no comment from Ukrainian authorities, and the BBC cannot verify the details because foreign reporters are barred from reaching the area. Russia's new year assault targeted a country already mourning the deaths of more than 40 civilians on a wave of attacks on 29 December and an attack on the centre of Kharkiv the following day. Ukraine has hit back, with attacks on the Russian city of Belgorod that have left 25 dead.
Ukraine has hit back, with attacks on the Russian city of Belgorod that have left 25 dead. Watch: Residential buildings were hit in several areas of Kyiv and Kharkiv in further Russian strikes Kharkiv native Kateryna Talpa spent several months living in the city's underground during the first days of the Russian full-scale invasion. But she has gone back to her flat - if nothing else, to give herself some dignity, she says.","Russian missile strikes have recently intensified in Kharkiv, resulting in significant civilian casualties. Local officials reported that at least eight people were killed in a series of attacks, with additional strikes causing injuries to many others. The strikes have targeted residential areas, leading to destruction and fear among the population, as the situation remains dire with ongoing threats to civilian safety.",False,c1b751800676e9cc|cd417f1292801e7d|e89c794812f5d85e|61d23ed8458a2c1c|9c2ce04f87cf25fb,0.6842,0.3024,5
