test_id,config,query,evidence,summary,abstained,retrieved_ids,top_s_text,top_s_img,n_hits,image_paths,stratum,gold_rank_text,gold_rank_mm
bdbd051eed422090,B1,Why have shipping costs jumped 250% due to Red Sea attacks?,"[1] US and UK strikes target Houthi rebels in Yemen - BBC News
The threat has become so great that major shipping companies have ceased sailing in the region and insurance costs have risen 10-fold since early December. The International Chamber of Shipping says 20% of the world's container ships are now avoiding the Red Sea and using the much longer route around the southern tip of Africa instead.
On 9 January, HMS Diamond, along with US warships, successfully repelled the largest attack from the Houthis in the Red Sea to date. On the same day, the Houthis said they targeted a US ship providing support to Israel - the 26th attack on commercial shipping in the Red Sea since 19 November. Houthi attacks in the Red Sea have increased 500% between November and December. The threat has become so great that major shipping companies have ceased sailing in the region and insurance costs have risen 10-fold since early December.

[2] Iran must tell Houthis to cease and desist, says Grant Shapps - BBC News
The threat has become so great that major shipping companies have ceased sailing in the region and insurance costs have risen 10-fold since early December. The International Chamber of Shipping says 20% of the world's container ships are now avoiding the Red Sea and using the much longer route around the southern tip of Africa instead. Correction 13th February: This article wrongly reported that about 1,300 people had been killed following the 7th October attack by Hamas. This was based on counting those who later died from their injuries in addition to the figure of more than 1,200.
Israel's retaliatory strikes and ground offensive in Gaza has since led to more than 23,000 people there being killed. Iranian proxies in Syria and Iraq have also regularly been launching attacks on US military bases in the region since the war broke out. Houthi attacks in the Red Sea increased 500% between November and December last year. The threat has become so great that major shipping companies have ceased sailing in the region and insurance costs have risen 10-fold since early December.

[3] Resigning ex-minister Chris Skidmore wrong on climate, says Jeremy Hunt - BBC News
Some of the world's biggest shipping companies diverting journeys away from the Red Sea - a shorter route through the Bab al-Mandab Strait and Suez Canal - as a result, meaning global supply chains could face severe disruption. The US, UK and 10 other countries have warned rebels in Yemen they will face consequences if they continue to attack commercial shipping in the Red Sea. Mr Hunt said attacks on Red Sea shipping lanes ""may have an impact"" on the British economy. ""We obviously have to monitor what's happening in the Red Sea very, very carefully, but I would say the overall picture is one in which the British economy has been much more resilient than what people predicted,"" Mr Hunt said.
Iranian-backed Houthi rebels have declared support for Hamas in the war it launched against Israel in October. Since November, the rebels have attacked commercial shipping in the Red Sea more than 20 times using missiles, drones, fast boats and helicopters. They have claimed - often falsely - the ships were linked to Israel. Some of the world's biggest shipping companies diverting journeys away from the Red Sea - a shorter route through the Bab al-Mandab Strait and Suez Canal - as a result, meaning global supply chains could face severe disruption.

[4] Inflation risk from Red Sea disruption, warns economist - BBC News
Inflation is at risk of rising again, according to a leading economist, following attacks on ships using a vital trade route through the Red Sea. Mohamed El-Erian said while disruption to shipments was not as severe as during Covid, he warned it would push up prices and hit economic growth. Several shipping firms have stopped vessels using the Red Sea route after attacks by Houthi rebels in Yemen. Last week, the US and UK launched military strikes against the Houthis.
The attacks continued on Monday despite intervention by Western powers, when a US-owned cargo ship was struck by a missile off the south coast of Yemen, according to British maritime security firm Ambrey. Major shipping firms are now re-routing their vessels around Africa's Cape of Good Hope, which can add 12 days for cargo travelling between Singapore and northern Europe. The delay could be even longer, as much as 18 days, for vessels sailing between Singapore to the east Mediterranean, according to Hapag-Lloyd, the shipping giant. Inflation - which measures the pace at which prices are rising - has fallen sharply in the UK from highs of 11.1% in October 2022 to 3.9% in the year to November.

[5] UK economic growth rebounds in November - BBC News
Another source of uncertainty for the economy is the potential impact of the continuing attacks on shipping in the Red Sea by Houthi rebels. The attacks - which have now led to air strikes by the US and UK - mean many of the world's major shipping firms have been avoiding the key route for global trade. However, the alternative route, around Africa's Cape of Good Hope, adds about 3,500 nautical miles to the journey, making trips longer and more expensive. Companies such as Next and Ikea have said they are expecting delays in receiving their goods.
Inflation has slowed to 3.9% in the year to November. While that remains higher that the Bank's 2% target, calls for interest rate cuts from some are intensifying. However, Bank of England governor Andrew Bailey has repeatedly said it is too early speculate about possible cuts. Another source of uncertainty for the economy is the potential impact of the continuing attacks on shipping in the Red Sea by Houthi rebels.","Shipping costs have surged significantly due to increased attacks by Houthi rebels in the Red Sea, which have risen by 500% between November and December. Major shipping companies have stopped using the Red Sea route, opting instead for the longer and more expensive journey around Africa's Cape of Good Hope, which can add up to 12 to 18 days to shipping times. This disruption has led to a tenfold increase in insurance costs and has raised concerns about inflation and economic growth, as the delays and rerouting of vessels are expected to impact global supply chains.",False,fb1433687b40cd58|fd015c669080def2|dee5e1ac995532a2|459ad668d09adb30|cd9f2431d5e0c25d,0.7136,0.2897,5,,visual_rescue,11,4
bdbd051eed422090,M_nocap,Why have shipping costs jumped 250% due to Red Sea attacks?,"[1] Iran must tell Houthis to cease and desist, says Grant Shapps - BBC News
The threat has become so great that major shipping companies have ceased sailing in the region and insurance costs have risen 10-fold since early December. The International Chamber of Shipping says 20% of the world's container ships are now avoiding the Red Sea and using the much longer route around the southern tip of Africa instead. Correction 13th February: This article wrongly reported that about 1,300 people had been killed following the 7th October attack by Hamas. This was based on counting those who later died from their injuries in addition to the figure of more than 1,200.
Israel's retaliatory strikes and ground offensive in Gaza has since led to more than 23,000 people there being killed. Iranian proxies in Syria and Iraq have also regularly been launching attacks on US military bases in the region since the war broke out. Houthi attacks in the Red Sea increased 500% between November and December last year. The threat has become so great that major shipping companies have ceased sailing in the region and insurance costs have risen 10-fold since early December.

[2] Inflation risk from Red Sea disruption, warns economist - BBC News
Inflation is at risk of rising again, according to a leading economist, following attacks on ships using a vital trade route through the Red Sea. Mohamed El-Erian said while disruption to shipments was not as severe as during Covid, he warned it would push up prices and hit economic growth. Several shipping firms have stopped vessels using the Red Sea route after attacks by Houthi rebels in Yemen. Last week, the US and UK launched military strikes against the Houthis.
The attacks continued on Monday despite intervention by Western powers, when a US-owned cargo ship was struck by a missile off the south coast of Yemen, according to British maritime security firm Ambrey. Major shipping firms are now re-routing their vessels around Africa's Cape of Good Hope, which can add 12 days for cargo travelling between Singapore and northern Europe. The delay could be even longer, as much as 18 days, for vessels sailing between Singapore to the east Mediterranean, according to Hapag-Lloyd, the shipping giant. Inflation - which measures the pace at which prices are rising - has fallen sharply in the UK from highs of 11.1% in October 2022 to 3.9% in the year to November.

[3] US and UK strikes target Houthi rebels in Yemen - BBC News
The threat has become so great that major shipping companies have ceased sailing in the region and insurance costs have risen 10-fold since early December. The International Chamber of Shipping says 20% of the world's container ships are now avoiding the Red Sea and using the much longer route around the southern tip of Africa instead.
On 9 January, HMS Diamond, along with US warships, successfully repelled the largest attack from the Houthis in the Red Sea to date. On the same day, the Houthis said they targeted a US ship providing support to Israel - the 26th attack on commercial shipping in the Red Sea since 19 November. Houthi attacks in the Red Sea have increased 500% between November and December. The threat has become so great that major shipping companies have ceased sailing in the region and insurance costs have risen 10-fold since early December.

[4] Resigning ex-minister Chris Skidmore wrong on climate, says Jeremy Hunt - BBC News
Some of the world's biggest shipping companies diverting journeys away from the Red Sea - a shorter route through the Bab al-Mandab Strait and Suez Canal - as a result, meaning global supply chains could face severe disruption. The US, UK and 10 other countries have warned rebels in Yemen they will face consequences if they continue to attack commercial shipping in the Red Sea. Mr Hunt said attacks on Red Sea shipping lanes ""may have an impact"" on the British economy. ""We obviously have to monitor what's happening in the Red Sea very, very carefully, but I would say the overall picture is one in which the British economy has been much more resilient than what people predicted,"" Mr Hunt said.
Iranian-backed Houthi rebels have declared support for Hamas in the war it launched against Israel in October. Since November, the rebels have attacked commercial shipping in the Red Sea more than 20 times using missiles, drones, fast boats and helicopters. They have claimed - often falsely - the ships were linked to Israel. Some of the world's biggest shipping companies diverting journeys away from the Red Sea - a shorter route through the Bab al-Mandab Strait and Suez Canal - as a result, meaning global supply chains could face severe disruption.

[5] Yemen: US shoots down missile from Houthi-run area fired towards warship - BBC News
Since 19 November, they have carried out at least 27 attacks on cargo ships in the Red Sea, a major route for global maritime trade. The group has said it was targeting vessels heading to, or owned by, Israel, as an act of solidarity with the people of Gaza. However, some of the ships they have hit have no clear connection to Israel. The attacks have led major shipping companies to divert vessels away from the Red Sea, instead taking a longer route around southern Africa.
The attacks have led major shipping companies to divert vessels away from the Red Sea, instead taking a longer route around southern Africa. This has already had an impact on the global economy - with shipping giant Maersk telling the BBC it was being felt ""down to the end consumer"". Tesla and Volvo Cars have suspended some of their car production, UK grocery giant Tesco has warned some prices may go up and Ikea has said supplies could be affected. The Houthi attacks have been ""causing major disruption to a vital trade route and driving up commodity prices"", UK Prime Minister Rishi Sunak has said.","Shipping costs have surged significantly due to increased attacks by Houthi rebels in the Red Sea, which have risen by 500% between November and December. Major shipping companies have ceased operations in the region, leading to a 10-fold increase in insurance costs and forcing 20% of the world's container ships to reroute around the southern tip of Africa, adding significant delays to shipping times. This disruption is expected to impact global supply chains and contribute to rising inflation, as companies like Maersk report that the effects are being felt by consumers. The situation has prompted military responses from the US and UK, aiming to deter further attacks on commercial shipping.",False,fd015c669080def2|459ad668d09adb30|fb1433687b40cd58|dee5e1ac995532a2|7ba134ad943ceff6,0.7136,0.2897,5,,visual_rescue,11,4
bdbd051eed422090,M,Why have shipping costs jumped 250% due to Red Sea attacks?,"[1] Iran must tell Houthis to cease and desist, says Grant Shapps - BBC News
The threat has become so great that major shipping companies have ceased sailing in the region and insurance costs have risen 10-fold since early December. The International Chamber of Shipping says 20% of the world's container ships are now avoiding the Red Sea and using the much longer route around the southern tip of Africa instead. Correction 13th February: This article wrongly reported that about 1,300 people had been killed following the 7th October attack by Hamas. This was based on counting those who later died from their injuries in addition to the figure of more than 1,200.
Israel's retaliatory strikes and ground offensive in Gaza has since led to more than 23,000 people there being killed. Iranian proxies in Syria and Iraq have also regularly been launching attacks on US military bases in the region since the war broke out. Houthi attacks in the Red Sea increased 500% between November and December last year. The threat has become so great that major shipping companies have ceased sailing in the region and insurance costs have risen 10-fold since early December.
[IMAGE 1: ""The UK defence secretary says the world is ""running out of patience"" with attacks.""]

[2] Inflation risk from Red Sea disruption, warns economist - BBC News
Inflation is at risk of rising again, according to a leading economist, following attacks on ships using a vital trade route through the Red Sea. Mohamed El-Erian said while disruption to shipments was not as severe as during Covid, he warned it would push up prices and hit economic growth. Several shipping firms have stopped vessels using the Red Sea route after attacks by Houthi rebels in Yemen. Last week, the US and UK launched military strikes against the Houthis.
The attacks continued on Monday despite intervention by Western powers, when a US-owned cargo ship was struck by a missile off the south coast of Yemen, according to British maritime security firm Ambrey. Major shipping firms are now re-routing their vessels around Africa's Cape of Good Hope, which can add 12 days for cargo travelling between Singapore and northern Europe. The delay could be even longer, as much as 18 days, for vessels sailing between Singapore to the east Mediterranean, according to Hapag-Lloyd, the shipping giant. Inflation - which measures the pace at which prices are rising - has fallen sharply in the UK from highs of 11.1% in October 2022 to 3.9% in the year to November.
[IMAGE 2: ""Attacks on global shipping could push up prices and quash interest rate cuts, a leading economist says.""]

[3] US and UK strikes target Houthi rebels in Yemen - BBC News
The threat has become so great that major shipping companies have ceased sailing in the region and insurance costs have risen 10-fold since early December. The International Chamber of Shipping says 20% of the world's container ships are now avoiding the Red Sea and using the much longer route around the southern tip of Africa instead.
On 9 January, HMS Diamond, along with US warships, successfully repelled the largest attack from the Houthis in the Red Sea to date. On the same day, the Houthis said they targeted a US ship providing support to Israel - the 26th attack on commercial shipping in the Red Sea since 19 November. Houthi attacks in the Red Sea have increased 500% between November and December. The threat has become so great that major shipping companies have ceased sailing in the region and insurance costs have risen 10-fold since early December.
[IMAGE 3: ""The large-scale strikes - including on the capital, Sanaa - come after repeated Houthi attacks on Red Sea shipping.""]

[4] Resigning ex-minister Chris Skidmore wrong on climate, says Jeremy Hunt - BBC News
Some of the world's biggest shipping companies diverting journeys away from the Red Sea - a shorter route through the Bab al-Mandab Strait and Suez Canal - as a result, meaning global supply chains could face severe disruption. The US, UK and 10 other countries have warned rebels in Yemen they will face consequences if they continue to attack commercial shipping in the Red Sea. Mr Hunt said attacks on Red Sea shipping lanes ""may have an impact"" on the British economy. ""We obviously have to monitor what's happening in the Red Sea very, very carefully, but I would say the overall picture is one in which the British economy has been much more resilient than what people predicted,"" Mr Hunt said.
Iranian-backed Houthi rebels have declared support for Hamas in the war it launched against Israel in October. Since November, the rebels have attacked commercial shipping in the Red Sea more than 20 times using missiles, drones, fast boats and helicopters. They have claimed - often falsely - the ships were linked to Israel. Some of the world's biggest shipping companies diverting journeys away from the Red Sea - a shorter route through the Bab al-Mandab Strait and Suez Canal - as a result, meaning global supply chains could face severe disruption.
[IMAGE 4: ""The chancellor ""profoundly"" disagrees with Chris Skidmore who quit as an MP over government energy plans.""]

[5] Yemen: US shoots down missile from Houthi-run area fired towards warship - BBC News
Since 19 November, they have carried out at least 27 attacks on cargo ships in the Red Sea, a major route for global maritime trade. The group has said it was targeting vessels heading to, or owned by, Israel, as an act of solidarity with the people of Gaza. However, some of the ships they have hit have no clear connection to Israel. The attacks have led major shipping companies to divert vessels away from the Red Sea, instead taking a longer route around southern Africa.
The attacks have led major shipping companies to divert vessels away from the Red Sea, instead taking a longer route around southern Africa. This has already had an impact on the global economy - with shipping giant Maersk telling the BBC it was being felt ""down to the end consumer"". Tesla and Volvo Cars have suspended some of their car production, UK grocery giant Tesco has warned some prices may go up and Ikea has said supplies could be affected. The Houthi attacks have been ""causing major disruption to a vital trade route and driving up commodity prices"", UK Prime Minister Rishi Sunak has said.
[IMAGE 5: ""A fighter jet downs the missile from a Houthi-run area following US-UK strikes in Yemen.""]","Shipping costs have surged significantly due to increased attacks by Houthi rebels in the Red Sea, which have risen by 500% between November and December. Major shipping companies have ceased operations in the region, leading to a 10-fold increase in insurance costs and forcing 20% of the world's container ships to reroute around the southern tip of Africa, adding substantial delays to shipping times. This disruption is expected to impact global supply chains and contribute to rising inflation, as companies like Maersk report that the effects are being felt by consumers. The situation has prompted military responses from the US and UK, aiming to deter further Houthi attacks on commercial shipping.",False,fd015c669080def2|459ad668d09adb30|fb1433687b40cd58|dee5e1ac995532a2|7ba134ad943ceff6,0.7136,0.2897,5,,visual_rescue,11,4
bdbd051eed422090,M_vision,Why have shipping costs jumped 250% due to Red Sea attacks?,"[1] Iran must tell Houthis to cease and desist, says Grant Shapps - BBC News
The threat has become so great that major shipping companies have ceased sailing in the region and insurance costs have risen 10-fold since early December. The International Chamber of Shipping says 20% of the world's container ships are now avoiding the Red Sea and using the much longer route around the southern tip of Africa instead. Correction 13th February: This article wrongly reported that about 1,300 people had been killed following the 7th October attack by Hamas. This was based on counting those who later died from their injuries in addition to the figure of more than 1,200.
Israel's retaliatory strikes and ground offensive in Gaza has since led to more than 23,000 people there being killed. Iranian proxies in Syria and Iraq have also regularly been launching attacks on US military bases in the region since the war broke out. Houthi attacks in the Red Sea increased 500% between November and December last year. The threat has become so great that major shipping companies have ceased sailing in the region and insurance costs have risen 10-fold since early December.
[IMAGE 1: ""The UK defence secretary says the world is ""running out of patience"" with attacks.""]

[2] Inflation risk from Red Sea disruption, warns economist - BBC News
Inflation is at risk of rising again, according to a leading economist, following attacks on ships using a vital trade route through the Red Sea. Mohamed El-Erian said while disruption to shipments was not as severe as during Covid, he warned it would push up prices and hit economic growth. Several shipping firms have stopped vessels using the Red Sea route after attacks by Houthi rebels in Yemen. Last week, the US and UK launched military strikes against the Houthis.
The attacks continued on Monday despite intervention by Western powers, when a US-owned cargo ship was struck by a missile off the south coast of Yemen, according to British maritime security firm Ambrey. Major shipping firms are now re-routing their vessels around Africa's Cape of Good Hope, which can add 12 days for cargo travelling between Singapore and northern Europe. The delay could be even longer, as much as 18 days, for vessels sailing between Singapore to the east Mediterranean, according to Hapag-Lloyd, the shipping giant. Inflation - which measures the pace at which prices are rising - has fallen sharply in the UK from highs of 11.1% in October 2022 to 3.9% in the year to November.
[IMAGE 2: ""Attacks on global shipping could push up prices and quash interest rate cuts, a leading economist says.""]

[3] US and UK strikes target Houthi rebels in Yemen - BBC News
The threat has become so great that major shipping companies have ceased sailing in the region and insurance costs have risen 10-fold since early December. The International Chamber of Shipping says 20% of the world's container ships are now avoiding the Red Sea and using the much longer route around the southern tip of Africa instead.
On 9 January, HMS Diamond, along with US warships, successfully repelled the largest attack from the Houthis in the Red Sea to date. On the same day, the Houthis said they targeted a US ship providing support to Israel - the 26th attack on commercial shipping in the Red Sea since 19 November. Houthi attacks in the Red Sea have increased 500% between November and December. The threat has become so great that major shipping companies have ceased sailing in the region and insurance costs have risen 10-fold since early December.
[IMAGE 3: ""The large-scale strikes - including on the capital, Sanaa - come after repeated Houthi attacks on Red Sea shipping.""]

[4] Resigning ex-minister Chris Skidmore wrong on climate, says Jeremy Hunt - BBC News
Some of the world's biggest shipping companies diverting journeys away from the Red Sea - a shorter route through the Bab al-Mandab Strait and Suez Canal - as a result, meaning global supply chains could face severe disruption. The US, UK and 10 other countries have warned rebels in Yemen they will face consequences if they continue to attack commercial shipping in the Red Sea. Mr Hunt said attacks on Red Sea shipping lanes ""may have an impact"" on the British economy. ""We obviously have to monitor what's happening in the Red Sea very, very carefully, but I would say the overall picture is one in which the British economy has been much more resilient than what people predicted,"" Mr Hunt said.
Iranian-backed Houthi rebels have declared support for Hamas in the war it launched against Israel in October. Since November, the rebels have attacked commercial shipping in the Red Sea more than 20 times using missiles, drones, fast boats and helicopters. They have claimed - often falsely - the ships were linked to Israel. Some of the world's biggest shipping companies diverting journeys away from the Red Sea - a shorter route through the Bab al-Mandab Strait and Suez Canal - as a result, meaning global supply chains could face severe disruption.
[IMAGE 4: ""The chancellor ""profoundly"" disagrees with Chris Skidmore who quit as an MP over government energy plans.""]

[5] Yemen: US shoots down missile from Houthi-run area fired towards warship - BBC News
Since 19 November, they have carried out at least 27 attacks on cargo ships in the Red Sea, a major route for global maritime trade. The group has said it was targeting vessels heading to, or owned by, Israel, as an act of solidarity with the people of Gaza. However, some of the ships they have hit have no clear connection to Israel. The attacks have led major shipping companies to divert vessels away from the Red Sea, instead taking a longer route around southern Africa.
The attacks have led major shipping companies to divert vessels away from the Red Sea, instead taking a longer route around southern Africa. This has already had an impact on the global economy - with shipping giant Maersk telling the BBC it was being felt ""down to the end consumer"". Tesla and Volvo Cars have suspended some of their car production, UK grocery giant Tesco has warned some prices may go up and Ikea has said supplies could be affected. The Houthi attacks have been ""causing major disruption to a vital trade route and driving up commodity prices"", UK Prime Minister Rishi Sunak has said.
[IMAGE 5: ""A fighter jet downs the missile from a Houthi-run area following US-UK strikes in Yemen.""]","Shipping costs have surged significantly due to increased attacks by Houthi rebels in the Red Sea, which have risen by 500% between November and December. Major shipping companies have ceased operations in the region, leading to a 10-fold increase in insurance costs and forcing vessels to reroute around the southern tip of Africa, adding significant transit time. This disruption is impacting global supply chains and contributing to rising prices, with economists warning of potential inflation risks as a result. The situation has prompted military responses from the US and UK to protect commercial shipping in the area.",False,fd015c669080def2|459ad668d09adb30|fb1433687b40cd58|dee5e1ac995532a2|7ba134ad943ceff6,0.7136,0.2897,5,data/images/fd015c669080def2.jpg|data/images/459ad668d09adb30.jpg|data/images/fb1433687b40cd58.jpg|data/images/dee5e1ac995532a2.jpg|data/images/7ba134ad943ceff6.jpg,visual_rescue,11,4
637cc4c8a3e7684c,B1,What do voters think of party leaders?,"[1] Lib Dem leader Ed Davey launches 'Tory Removal Service' - BBC News
The strategy has paid off in recent by-elections, but some in the party have suggested targeting disgruntled Tory voters alone is not enough. In November, several senior party figures wrote to The Guardian, calling for the party to be bolder in highlighting its policies on Europe, the environment, political reform and public services. So far, Sir Ed's approach has been rewarded with the party scooping up Conservative parliamentary and council seats. But with a general election looming this year, it is likely that opposition parties of all colours come under stronger pressure to spell out what people should vote for, as well as against.
Following boundary changes, he is expected to contest the new seat of Godalming and Ash at the next election, expected this year. Other Lib Dem target seats in Surrey include Esher and Walton, Woking, Dorking and Horley, and Epsom and Ewell. The Liberal Democrats have been recording around 11% in recent opinion polls, compared with around 9% for Reform UK, whose leader Richard Tice has been setting out his own new year pitch to voters. In the coming days, both Labour leader Sir Keir Starmer and Mr Sunak will follow suit.

[2] Lee Anderson: Outspoken MP suspended over Khan comments - BBC News
Many of Mr Anderson's former fellow Tory MPs in the Midlands and north of England love his outspoken style. They think he reflects the concerns of real voters - the people they want to hold on to at the next general election.
Lee Anderson has rarely been out of the headlines since becoming the Conservative Party's deputy chairman just over a year ago. This week it's his claims that London mayor Sadiq Khan and Labour leaders Sir Keir Starmer are ""controlled by Islamists"" that resulted in the prime minister slapping down the comments as wrong and kicking him off the Tory benches. The newly-independent MP for Ashfield was already in the PM's sights last month, when Mr Sunak warned he would fire any frontbenchers who failed to vote with the government on the Rwanda bill. Instead, Mr Anderson and his former fellow Tory deputy chairman Brendan Clarke-Smith quit their roles ahead of the vote in order to rebel.

[3] Lee Anderson resigns as deputy Tory chair to rebel over Rwanda bill - BBC News
With strong support from the right of the party, there had been speculation the prime minister would choose not to sack them as they held party, not government, positions. But in their letter, they acknowledged their ""important roles"" meant they were bound by collective responsibility - so are expected to vote with the government or resign. Labour said the resignations showed Mr Sunak was ""too weak to lead his party and too weak to lead the country"". ""These resignations show that even senior Tories think that the Conservatives have failed and is yet more evidence of the total Tory chaos over their failing Rwanda gimmick - yet they are still making the taxpayer pay the extortionate price,"" the party's national campaign coordinator, Pat McFadden, said.
Despite Mr Sunak suffering his biggest rebellion since becoming PM, No 10 is still confident the bill as a whole will pass in a vote due on Wednesday. If some 30 Tories joined the opposition in voting down the bill, it could fail. The legislation seeks to revive the government's plan to send some asylum seekers to Rwanda and deter people from crossing the Channel in small boats. At least four Conservative MPs - including former ministers Robert Jenrick and Suella Braverman - have publicly said they are prepared to vote against the bill if it is not improved, with reports that more could join them.

[4] Taiwan election: It's not war young voters worry about - it's jobs - BBC News
""The government must dutifully face society's problems and stop its empty talk."" Lev Nachman, a political scientist at the National Chengchi University, said this election all three parties have offered similar proposals to help young voters, but whoever wins must make solving economic issues their top priority. ""It will be a bubble that will pop, if they do not."" But in some ways that's already happening.
A recent survey of 15,000 Taiwanese by Commonwealth Magazine saw most stating that economic development should be their next president's top priority, over national security and cross-strait relations. It was especially crucial for respondents aged between 20 and 39. After eight years in power, the Democratic Progressive Party (DPP) is coming under fire for failing to adequately improve people's lives, especially younger Taiwanese. Rising house prices and rentals, stagnating incomes, a significant youth unemployment rate, and an annual GDP growth hovering around 2% have worried many.

[5] Stormont crisis: DUP meets but officers make no decision - BBC News
It is facing pressure to say if it will back a new deal to end the impasse. But for now the deadlock continues. Party leader Sir Jeffrey Donaldson is a member of the party officer board, along with 11 others whose support is critical if the party's Stormont boycott is to end. The DUP said on Friday evening it understood there was ""considerable interest"" in the meeting, but it would ""not give a running commentary on our position, save to say, we will continue to engage with the government"".
I think the key for him is going to be the margin of support that he has. He wants to be in a position where, when he goes to sell a deal, he has everybody lined up behind him. He can't really afford some big hitters in the party pulling in a very different direction. The DUP's meeting came after a day of mass industrial action from public sector workers across Northern Ireland.","The coverage indicates that voters have varying opinions on party leaders, particularly in the context of upcoming elections. For instance, some Conservative MPs appreciate Lee Anderson's outspoken style, believing it resonates with the concerns of real voters, while others criticize the leadership for being weak and chaotic, especially regarding the Rwanda bill. In the Liberal Democrats, there are calls for the party to be bolder in presenting its policies, suggesting that voters are looking for clear alternatives as the general election approaches. Additionally, young voters in Taiwan prioritize economic issues over national security, indicating a shift in what they expect from their leaders.",False,8dd87383e9888dbd|4efc166b8aaeddad|2efe72bdc83c02aa|a4d7952a653e95b2|71fa12078ec38ca9,0.4882,0.2429,5,,visual_rescue,6,2
637cc4c8a3e7684c,M_nocap,What do voters think of party leaders?,"[1] Lib Dem leader Ed Davey launches 'Tory Removal Service' - BBC News
The strategy has paid off in recent by-elections, but some in the party have suggested targeting disgruntled Tory voters alone is not enough. In November, several senior party figures wrote to The Guardian, calling for the party to be bolder in highlighting its policies on Europe, the environment, political reform and public services. So far, Sir Ed's approach has been rewarded with the party scooping up Conservative parliamentary and council seats. But with a general election looming this year, it is likely that opposition parties of all colours come under stronger pressure to spell out what people should vote for, as well as against.
Following boundary changes, he is expected to contest the new seat of Godalming and Ash at the next election, expected this year. Other Lib Dem target seats in Surrey include Esher and Walton, Woking, Dorking and Horley, and Epsom and Ewell. The Liberal Democrats have been recording around 11% in recent opinion polls, compared with around 9% for Reform UK, whose leader Richard Tice has been setting out his own new year pitch to voters. In the coming days, both Labour leader Sir Keir Starmer and Mr Sunak will follow suit.

[2] Rwanda bill passes but poll gloom still haunts PM - BBC News
Just this week there has been a YouGov polls for The Times and the Daily Telegraph, which both look desperate from No10's perspective. This piles gloom on top of bad blood for many Conservatives, fearful for their jobs while also irritated either at the behaviour of their rebellious colleagues or at the way the government has handled things. Yet again there are mutters that a handful of Tory MPs have submitted letters calling for a vote of confidence in Rishi Sunak. Only one Conservative MP has publicly acknowledged they have done this - Dame Andrea Jenkyns.
Having briefly pitched himself, at the Conservative conference in the autumn, as an agent of change, he has now switched to the more conventional electoral approach of a party long in government: stick with the folk you know, don't trust the other lot. The thing is, having tried change and continuity, the opinion polls remain dire for the Tories. The political story of 2023 was Rishi Sunak's inability to budge the polls. Just this week there has been a YouGov polls for The Times and the Daily Telegraph, which both look desperate from No10's perspective.

[3] Chris Mason: Crunch day for the Rwanda asylum bill - BBC News
Every Conservative MP's view is being accounted for. And there is an awareness that for every MP who wakes up on Wednesday morning with a rebellion hangover, a queasiness at having defied the prime minister, some might find they like the taste of rebelling. And so, boy, there is plenty of persuading, reassuring and phone calling to do. And - even if the government does win - the policy then heads to the House of Lords, where it can expect to bump into more opposition.
But the big moment will come later, assuming no amendments are passed, when MPs get the chance to vote on the government's Rwanda plan in its entirety. How many of those 60 rebels are actually willing to vote the whole thing down? If they did, they would kill the government's policy outright, and inflict a colossal reputational hit on the prime minister, in the year of a general election. So far, very few Conservative MPs have explicitly committed to voting against the bill at what is known as Third Reading, expected on Wednesday night.

[4] Lee Anderson: Outspoken MP suspended over Khan comments - BBC News
Many of Mr Anderson's former fellow Tory MPs in the Midlands and north of England love his outspoken style. They think he reflects the concerns of real voters - the people they want to hold on to at the next general election.
Lee Anderson has rarely been out of the headlines since becoming the Conservative Party's deputy chairman just over a year ago. This week it's his claims that London mayor Sadiq Khan and Labour leaders Sir Keir Starmer are ""controlled by Islamists"" that resulted in the prime minister slapping down the comments as wrong and kicking him off the Tory benches. The newly-independent MP for Ashfield was already in the PM's sights last month, when Mr Sunak warned he would fire any frontbenchers who failed to vote with the government on the Rwanda bill. Instead, Mr Anderson and his former fellow Tory deputy chairman Brendan Clarke-Smith quit their roles ahead of the vote in order to rebel.

[5] Simon Clarke's call for Rishi Sunak to go sparks backlash - BBC News
Conservative MPs can only trigger a leadership election if 53 MPs write to the chair of the 1922 Committee requesting one. In his Telegraph op-ed, Sir Simon said ""the Conservative Party under Rishi Sunak once again stands on the opposite, crumbling bank of this widening precipice"". The former levelling up secretary said Tory MPs might be ""afraid"" of electing a fourth leader in two years but asked: ""Which is worse: a week of chaotic headlines in Westminster, or a decade of decline under Keir?"" Sir Simon's comments come after a week of open rebellion against Mr Sunak over his flagship Rwanda Bill, which aims to deter migrants from crossing the Channel in small boats.
Liberal Democrat Deputy Leader Daisy Cooper said it was ""utterly ludicrous that the Conservative Party is even discussing installing a fourth prime minister without giving voters a say"". Mr Sunak is the third Conservative prime minister since the 2019 election, after MPs deposed both Boris Johnson and Liz Truss in 2022. There has been a sense of gloom among Conservatives over the past few weeks as Mr Sunak's repeated attempts to gain the upper hand politically have failed to make a dent in their standing, with the party trailing Labour by 18 points in polls. A general election poll of 14,000 people by YouGov projected Labour was on course for a 120-seat majority as things stand.","Voter sentiment towards party leaders appears to be largely negative, particularly for the Conservative Party under Rishi Sunak. Recent polls indicate a significant gap between the Conservatives and Labour, with the Tories trailing by 18 points, leading to concerns among Conservative MPs about their job security and the party's future. There are indications of internal dissent, with some MPs calling for a vote of confidence in Sunak, reflecting dissatisfaction with his leadership. Meanwhile, the Liberal Democrats are attempting to capitalize on this discontent, suggesting that opposition parties need to clarify their policies to attract voters.",False,8dd87383e9888dbd|338162ea34622272|86a0d467b8b056f4|4efc166b8aaeddad|e6b72ff26422bb2b,0.4882,0.2537,5,,visual_rescue,6,2
637cc4c8a3e7684c,M,What do voters think of party leaders?,"[1] Lib Dem leader Ed Davey launches 'Tory Removal Service' - BBC News
The strategy has paid off in recent by-elections, but some in the party have suggested targeting disgruntled Tory voters alone is not enough. In November, several senior party figures wrote to The Guardian, calling for the party to be bolder in highlighting its policies on Europe, the environment, political reform and public services. So far, Sir Ed's approach has been rewarded with the party scooping up Conservative parliamentary and council seats. But with a general election looming this year, it is likely that opposition parties of all colours come under stronger pressure to spell out what people should vote for, as well as against.
Following boundary changes, he is expected to contest the new seat of Godalming and Ash at the next election, expected this year. Other Lib Dem target seats in Surrey include Esher and Walton, Woking, Dorking and Horley, and Epsom and Ewell. The Liberal Democrats have been recording around 11% in recent opinion polls, compared with around 9% for Reform UK, whose leader Richard Tice has been setting out his own new year pitch to voters. In the coming days, both Labour leader Sir Keir Starmer and Mr Sunak will follow suit.
[IMAGE 1: ""The party leader has begun the new year campaigning in seats held by senior ministers in Surrey.""]

[2] Rwanda bill passes but poll gloom still haunts PM - BBC News
Just this week there has been a YouGov polls for The Times and the Daily Telegraph, which both look desperate from No10's perspective. This piles gloom on top of bad blood for many Conservatives, fearful for their jobs while also irritated either at the behaviour of their rebellious colleagues or at the way the government has handled things. Yet again there are mutters that a handful of Tory MPs have submitted letters calling for a vote of confidence in Rishi Sunak. Only one Conservative MP has publicly acknowledged they have done this - Dame Andrea Jenkyns.
Having briefly pitched himself, at the Conservative conference in the autumn, as an agent of change, he has now switched to the more conventional electoral approach of a party long in government: stick with the folk you know, don't trust the other lot. The thing is, having tried change and continuity, the opinion polls remain dire for the Tories. The political story of 2023 was Rishi Sunak's inability to budge the polls. Just this week there has been a YouGov polls for The Times and the Daily Telegraph, which both look desperate from No10's perspective.
[IMAGE 2: ""Rishi Sunak wasn't defeated over his key policy, but there are no certainties for the PM as the bill heads to the Lords.""]

[3] Chris Mason: Crunch day for the Rwanda asylum bill - BBC News
Every Conservative MP's view is being accounted for. And there is an awareness that for every MP who wakes up on Wednesday morning with a rebellion hangover, a queasiness at having defied the prime minister, some might find they like the taste of rebelling. And so, boy, there is plenty of persuading, reassuring and phone calling to do. And - even if the government does win - the policy then heads to the House of Lords, where it can expect to bump into more opposition.
But the big moment will come later, assuming no amendments are passed, when MPs get the chance to vote on the government's Rwanda plan in its entirety. How many of those 60 rebels are actually willing to vote the whole thing down? If they did, they would kill the government's policy outright, and inflict a colossal reputational hit on the prime minister, in the year of a general election. So far, very few Conservative MPs have explicitly committed to voting against the bill at what is known as Third Reading, expected on Wednesday night.
[IMAGE 3: ""Rishi Sunak is about to find out how many of his MPs are willing to vote down his flagship policy.""]

[4] Lee Anderson: Outspoken MP suspended over Khan comments - BBC News
Many of Mr Anderson's former fellow Tory MPs in the Midlands and north of England love his outspoken style. They think he reflects the concerns of real voters - the people they want to hold on to at the next general election.
Lee Anderson has rarely been out of the headlines since becoming the Conservative Party's deputy chairman just over a year ago. This week it's his claims that London mayor Sadiq Khan and Labour leaders Sir Keir Starmer are ""controlled by Islamists"" that resulted in the prime minister slapping down the comments as wrong and kicking him off the Tory benches. The newly-independent MP for Ashfield was already in the PM's sights last month, when Mr Sunak warned he would fire any frontbenchers who failed to vote with the government on the Rwanda bill. Instead, Mr Anderson and his former fellow Tory deputy chairman Brendan Clarke-Smith quit their roles ahead of the vote in order to rebel.
[IMAGE 4: ""The MP for Ashfield is known for his controversial views but supporters believe he connects with voters.""]

[5] Simon Clarke's call for Rishi Sunak to go sparks backlash - BBC News
Conservative MPs can only trigger a leadership election if 53 MPs write to the chair of the 1922 Committee requesting one. In his Telegraph op-ed, Sir Simon said ""the Conservative Party under Rishi Sunak once again stands on the opposite, crumbling bank of this widening precipice"". The former levelling up secretary said Tory MPs might be ""afraid"" of electing a fourth leader in two years but asked: ""Which is worse: a week of chaotic headlines in Westminster, or a decade of decline under Keir?"" Sir Simon's comments come after a week of open rebellion against Mr Sunak over his flagship Rwanda Bill, which aims to deter migrants from crossing the Channel in small boats.
Liberal Democrat Deputy Leader Daisy Cooper said it was ""utterly ludicrous that the Conservative Party is even discussing installing a fourth prime minister without giving voters a say"". Mr Sunak is the third Conservative prime minister since the 2019 election, after MPs deposed both Boris Johnson and Liz Truss in 2022. There has been a sense of gloom among Conservatives over the past few weeks as Mr Sunak's repeated attempts to gain the upper hand politically have failed to make a dent in their standing, with the party trailing Labour by 18 points in polls. A general election poll of 14,000 people by YouGov projected Labour was on course for a 120-seat majority as things stand.
[IMAGE 5: ""Several ex-cabinet ministers criticise Sir Simon Clarke, after he says Rishi Sunak should be replaced as PM.""]","Voter sentiment towards party leaders appears to be largely negative, particularly for the Conservative Party under Rishi Sunak. Recent polls indicate a significant gap between the Conservatives and Labour, with the Tories trailing by 18 points, leading to concerns among Conservative MPs about their electoral prospects. There are also signs of discontent within the party, as some MPs have called for a vote of confidence in Sunak, reflecting a lack of confidence in his leadership. Meanwhile, the Liberal Democrats are attempting to capitalize on this dissatisfaction by targeting disillusioned Conservative voters, although there are calls within their party to more clearly articulate their own policies.",False,8dd87383e9888dbd|338162ea34622272|86a0d467b8b056f4|4efc166b8aaeddad|e6b72ff26422bb2b,0.4882,0.2537,5,,visual_rescue,6,2
637cc4c8a3e7684c,M_vision,What do voters think of party leaders?,"[1] Lib Dem leader Ed Davey launches 'Tory Removal Service' - BBC News
The strategy has paid off in recent by-elections, but some in the party have suggested targeting disgruntled Tory voters alone is not enough. In November, several senior party figures wrote to The Guardian, calling for the party to be bolder in highlighting its policies on Europe, the environment, political reform and public services. So far, Sir Ed's approach has been rewarded with the party scooping up Conservative parliamentary and council seats. But with a general election looming this year, it is likely that opposition parties of all colours come under stronger pressure to spell out what people should vote for, as well as against.
Following boundary changes, he is expected to contest the new seat of Godalming and Ash at the next election, expected this year. Other Lib Dem target seats in Surrey include Esher and Walton, Woking, Dorking and Horley, and Epsom and Ewell. The Liberal Democrats have been recording around 11% in recent opinion polls, compared with around 9% for Reform UK, whose leader Richard Tice has been setting out his own new year pitch to voters. In the coming days, both Labour leader Sir Keir Starmer and Mr Sunak will follow suit.
[IMAGE 1: ""The party leader has begun the new year campaigning in seats held by senior ministers in Surrey.""]

[2] Rwanda bill passes but poll gloom still haunts PM - BBC News
Just this week there has been a YouGov polls for The Times and the Daily Telegraph, which both look desperate from No10's perspective. This piles gloom on top of bad blood for many Conservatives, fearful for their jobs while also irritated either at the behaviour of their rebellious colleagues or at the way the government has handled things. Yet again there are mutters that a handful of Tory MPs have submitted letters calling for a vote of confidence in Rishi Sunak. Only one Conservative MP has publicly acknowledged they have done this - Dame Andrea Jenkyns.
Having briefly pitched himself, at the Conservative conference in the autumn, as an agent of change, he has now switched to the more conventional electoral approach of a party long in government: stick with the folk you know, don't trust the other lot. The thing is, having tried change and continuity, the opinion polls remain dire for the Tories. The political story of 2023 was Rishi Sunak's inability to budge the polls. Just this week there has been a YouGov polls for The Times and the Daily Telegraph, which both look desperate from No10's perspective.
[IMAGE 2: ""Rishi Sunak wasn't defeated over his key policy, but there are no certainties for the PM as the bill heads to the Lords.""]

[3] Chris Mason: Crunch day for the Rwanda asylum bill - BBC News
Every Conservative MP's view is being accounted for. And there is an awareness that for every MP who wakes up on Wednesday morning with a rebellion hangover, a queasiness at having defied the prime minister, some might find they like the taste of rebelling. And so, boy, there is plenty of persuading, reassuring and phone calling to do. And - even if the government does win - the policy then heads to the House of Lords, where it can expect to bump into more opposition.
But the big moment will come later, assuming no amendments are passed, when MPs get the chance to vote on the government's Rwanda plan in its entirety. How many of those 60 rebels are actually willing to vote the whole thing down? If they did, they would kill the government's policy outright, and inflict a colossal reputational hit on the prime minister, in the year of a general election. So far, very few Conservative MPs have explicitly committed to voting against the bill at what is known as Third Reading, expected on Wednesday night.
[IMAGE 3: ""Rishi Sunak is about to find out how many of his MPs are willing to vote down his flagship policy.""]

[4] Lee Anderson: Outspoken MP suspended over Khan comments - BBC News
Many of Mr Anderson's former fellow Tory MPs in the Midlands and north of England love his outspoken style. They think he reflects the concerns of real voters - the people they want to hold on to at the next general election.
Lee Anderson has rarely been out of the headlines since becoming the Conservative Party's deputy chairman just over a year ago. This week it's his claims that London mayor Sadiq Khan and Labour leaders Sir Keir Starmer are ""controlled by Islamists"" that resulted in the prime minister slapping down the comments as wrong and kicking him off the Tory benches. The newly-independent MP for Ashfield was already in the PM's sights last month, when Mr Sunak warned he would fire any frontbenchers who failed to vote with the government on the Rwanda bill. Instead, Mr Anderson and his former fellow Tory deputy chairman Brendan Clarke-Smith quit their roles ahead of the vote in order to rebel.
[IMAGE 4: ""The MP for Ashfield is known for his controversial views but supporters believe he connects with voters.""]

[5] Simon Clarke's call for Rishi Sunak to go sparks backlash - BBC News
Conservative MPs can only trigger a leadership election if 53 MPs write to the chair of the 1922 Committee requesting one. In his Telegraph op-ed, Sir Simon said ""the Conservative Party under Rishi Sunak once again stands on the opposite, crumbling bank of this widening precipice"". The former levelling up secretary said Tory MPs might be ""afraid"" of electing a fourth leader in two years but asked: ""Which is worse: a week of chaotic headlines in Westminster, or a decade of decline under Keir?"" Sir Simon's comments come after a week of open rebellion against Mr Sunak over his flagship Rwanda Bill, which aims to deter migrants from crossing the Channel in small boats.
Liberal Democrat Deputy Leader Daisy Cooper said it was ""utterly ludicrous that the Conservative Party is even discussing installing a fourth prime minister without giving voters a say"". Mr Sunak is the third Conservative prime minister since the 2019 election, after MPs deposed both Boris Johnson and Liz Truss in 2022. There has been a sense of gloom among Conservatives over the past few weeks as Mr Sunak's repeated attempts to gain the upper hand politically have failed to make a dent in their standing, with the party trailing Labour by 18 points in polls. A general election poll of 14,000 people by YouGov projected Labour was on course for a 120-seat majority as things stand.
[IMAGE 5: ""Several ex-cabinet ministers criticise Sir Simon Clarke, after he says Rishi Sunak should be replaced as PM.""]","Voter sentiment towards party leaders appears to be largely negative, particularly for the Conservative Party under Rishi Sunak. Polls indicate a significant gap between the Conservatives and Labour, with the Tories trailing by 18 points, leading to concerns among Conservative MPs about their future and Sunak's leadership. There are signs of unrest within the party, with some MPs calling for a vote of confidence in Sunak and expressing dissatisfaction with his handling of key policies. Meanwhile, the Liberal Democrats are attempting to capitalize on this discontent, suggesting that opposition parties need to clarify their positions as the general election approaches.",False,8dd87383e9888dbd|338162ea34622272|86a0d467b8b056f4|4efc166b8aaeddad|e6b72ff26422bb2b,0.4882,0.2537,5,data/images/8dd87383e9888dbd.jpg|data/images/338162ea34622272.jpg|data/images/86a0d467b8b056f4.jpg|data/images/4efc166b8aaeddad.jpg|data/images/e6b72ff26422bb2b.jpg,visual_rescue,6,2
ef09bed7263a6f1c,B1,What options are ministers considering to speed up justice in the Post Office scandal?,"[1] Chris Mason: A TV drama may help deliver change for sub-postmasters - BBC News
But there is a growing feeling that the public mood, prompted by the drama, leaves those in government with no alternative but to act, be seen to act, and to do so quickly. And so government lawyers have been exploring the possibility of carefully written, very specific legislation to specifically address the Post Office scandal, and nothing else. Significantly, two former justice secretaries, the Conservative Sir Robert Buckland, in a letter to The Times, and Labour's Lord Falconer, talking to the BBC, have said a new law is needed and would command widespread support. The current Justice Secretary, Alex Chalk, is examining the practicalities and legal niceties of what is possible.
An idea that is being explored is passing a new law that would exonerate the hundreds of sub-postmasters desperate to clear their names. Senior folk I speak to in government fret about two elements of this idea: firstly, intervening in the judicial process isn't what MPs are conventionally meant to do. Secondly, they worry about it creating a hostage to fortune; an unintended consequence for a future, currently unforeseen separate issue. But there is a growing feeling that the public mood, prompted by the drama, leaves those in government with no alternative but to act, be seen to act, and to do so quickly.

[2] Post Office scandal: Rishi Sunak considers measures to clear all victims - BBC News
Rishi Sunak told the BBC's Sunday with Laura Kuenssberg that the scandal was ""an appalling miscarriage of justice"". The Post Office - which is wholly-owned by the government - acted as the prosecutor when it brought the cases against its sub-postmasters and retains a role when those individuals appeal. In some cases it has opposed attempts by sub-postmasters to clear their names. Asked by Laura Kuenssberg if the Justice Secretary Alex Chalk was looking at whether all those convicted could be exonerated or the Post Office could be stripped of its role, Mr Sunak said: ""Obviously, there's legal complexity in all of those things but he is looking at exactly those areas that you've described.
Fewer than 100 people have had their convictions quashed. The prime minister said the government was reviewing options - including stripping the Post Office of its role in the appeal process. The Post Office had the power to decide on bringing the original prosecutions and its appointed lawyers presented the evidence in court. But one option now would be for the Crown Prosecution Service and its own lawyers to step in as appeals continue to be heard.

[3] Fujitsu admits it has a 'moral obligation' to compensate Post Office victims - BBC News
Post Office minister Kevin Hollinrake told the committee that he wanted to reduce the amount of bureaucracy involved, but acknowledged there were ""a lot of moving parts"" with the various compensation schemes. ""I think it's incumbent on all of us involved in this process to try and accelerate every part of the process,"" he said. Have you been personally affected by the Post Office scandal? Share your experiences by emailing haveyoursay@bbc.co.uk.
It has been described as the most widespread miscarriage of justice in British history, but to date only 93 convictions have been overturned and thousands of people are still waiting for compensation settlements more than 20 years on. On Tuesday, Scotland's top law official apologised to victims. Lord Advocate Dorothy Bain said the Crown Office and Procurator Fiscal Service (COPFS), which has sole responsibility for prosecuting cases in Scotland, had been misled by the Post Office. In England and Wales, the Post Office carried out most of the prosecutions itself.

[4] The power of Mr Bates vs The Post Office in bringing about justice - BBC News
Since the series began airing on 1 January, more than 100 new potential victims have contacted lawyers, some of whom were former sub-postmasters prosecuted by the Post Office. Westminster has tried to keep pace, with Prime Minister Rishi Sunak calling the case an ""appalling miscarriage of justice"" in an interview with the BBC's Laura Kuenssberg on Sunday. The government is now under pressure to overturn wrongful convictions and deal with compensation, with ex-Post Office boss Paula Vennells agreeing to hand back her CBE in response to the public outcry. It marks a long-awaited breakthrough for victims.
The fight for justice in the decades since has seen Wallis publish his own book on the scandal (serialised in the Daily Mail), alongside investigations by BBC Panorama, Computer Weekly and Private Eye amongst others. But 25 years on from the first convictions for theft and fraud, it is the four-part ITV drama Mr Bates vs The Post Office that has renewed mass public interest in the scandal like never before. Watched by nine million viewers so far according to ITV figures, the mini-series centres on the story of sub-postmaster Alan Bates, played by actor Toby Jones, who led and won a legal battle paving the way for dozens of convictions to be overturned. Since the series began airing on 1 January, more than 100 new potential victims have contacted lawyers, some of whom were former sub-postmasters prosecuted by the Post Office.

[5] Post Office scandal: The ordinary lives devastated by a faulty IT system - BBC News
More than 900 people who ran post offices were prosecuted after faulty computer software made it look like money was missing from their branches. While victims of the scandal have now been promised swift exoneration and compensation by the government, hundreds of people's lives have already been ruined. It has been described as the biggest miscarriage of justice in UK history. Some lost their jobs, businesses and homes; they were left financially ruined.
Have you been personally affected by the Post Office scandal? Share your experiences by emailing haveyoursay@bbc.co.uk. Please include a contact number if you are willing to speak to a BBC journalist. You can also get in touch in the following ways:","Ministers are considering various options to expedite justice for victims of the Post Office scandal, which has been described as a significant miscarriage of justice. Government lawyers are exploring the possibility of specific legislation aimed at exonerating the hundreds of sub-postmasters affected. Prime Minister Rishi Sunak has acknowledged the legal complexities involved and mentioned that the Justice Secretary is reviewing options, including potentially stripping the Post Office of its role in the appeal process. Additionally, there is a push to reduce bureaucracy in compensation schemes to accelerate the process for victims awaiting settlements.",False,08323bf4e890657c|a759ba1ff1e97a8c|68eb09023feea195|deddf51749a18dab|9e7bb9f5d26a3936,0.6363,0.3452,5,,visual_rescue,8,2
ef09bed7263a6f1c,M_nocap,What options are ministers considering to speed up justice in the Post Office scandal?,"[1] Post Office scandal: Rishi Sunak considers measures to clear all victims - BBC News
Rishi Sunak told the BBC's Sunday with Laura Kuenssberg that the scandal was ""an appalling miscarriage of justice"". The Post Office - which is wholly-owned by the government - acted as the prosecutor when it brought the cases against its sub-postmasters and retains a role when those individuals appeal. In some cases it has opposed attempts by sub-postmasters to clear their names. Asked by Laura Kuenssberg if the Justice Secretary Alex Chalk was looking at whether all those convicted could be exonerated or the Post Office could be stripped of its role, Mr Sunak said: ""Obviously, there's legal complexity in all of those things but he is looking at exactly those areas that you've described.
Fewer than 100 people have had their convictions quashed. The prime minister said the government was reviewing options - including stripping the Post Office of its role in the appeal process. The Post Office had the power to decide on bringing the original prosecutions and its appointed lawyers presented the evidence in court. But one option now would be for the Crown Prosecution Service and its own lawyers to step in as appeals continue to be heard.

[2] Chris Mason: A TV drama may help deliver change for sub-postmasters - BBC News
But there is a growing feeling that the public mood, prompted by the drama, leaves those in government with no alternative but to act, be seen to act, and to do so quickly. And so government lawyers have been exploring the possibility of carefully written, very specific legislation to specifically address the Post Office scandal, and nothing else. Significantly, two former justice secretaries, the Conservative Sir Robert Buckland, in a letter to The Times, and Labour's Lord Falconer, talking to the BBC, have said a new law is needed and would command widespread support. The current Justice Secretary, Alex Chalk, is examining the practicalities and legal niceties of what is possible.
An idea that is being explored is passing a new law that would exonerate the hundreds of sub-postmasters desperate to clear their names. Senior folk I speak to in government fret about two elements of this idea: firstly, intervening in the judicial process isn't what MPs are conventionally meant to do. Secondly, they worry about it creating a hostage to fortune; an unintended consequence for a future, currently unforeseen separate issue. But there is a growing feeling that the public mood, prompted by the drama, leaves those in government with no alternative but to act, be seen to act, and to do so quickly.

[3] The power of Mr Bates vs The Post Office in bringing about justice - BBC News
Since the series began airing on 1 January, more than 100 new potential victims have contacted lawyers, some of whom were former sub-postmasters prosecuted by the Post Office. Westminster has tried to keep pace, with Prime Minister Rishi Sunak calling the case an ""appalling miscarriage of justice"" in an interview with the BBC's Laura Kuenssberg on Sunday. The government is now under pressure to overturn wrongful convictions and deal with compensation, with ex-Post Office boss Paula Vennells agreeing to hand back her CBE in response to the public outcry. It marks a long-awaited breakthrough for victims.
The fight for justice in the decades since has seen Wallis publish his own book on the scandal (serialised in the Daily Mail), alongside investigations by BBC Panorama, Computer Weekly and Private Eye amongst others. But 25 years on from the first convictions for theft and fraud, it is the four-part ITV drama Mr Bates vs The Post Office that has renewed mass public interest in the scandal like never before. Watched by nine million viewers so far according to ITV figures, the mini-series centres on the story of sub-postmaster Alan Bates, played by actor Toby Jones, who led and won a legal battle paving the way for dozens of convictions to be overturned. Since the series began airing on 1 January, more than 100 new potential victims have contacted lawyers, some of whom were former sub-postmasters prosecuted by the Post Office.

[4] Fujitsu admits it has a 'moral obligation' to compensate Post Office victims - BBC News
Post Office minister Kevin Hollinrake told the committee that he wanted to reduce the amount of bureaucracy involved, but acknowledged there were ""a lot of moving parts"" with the various compensation schemes. ""I think it's incumbent on all of us involved in this process to try and accelerate every part of the process,"" he said. Have you been personally affected by the Post Office scandal? Share your experiences by emailing haveyoursay@bbc.co.uk.
It has been described as the most widespread miscarriage of justice in British history, but to date only 93 convictions have been overturned and thousands of people are still waiting for compensation settlements more than 20 years on. On Tuesday, Scotland's top law official apologised to victims. Lord Advocate Dorothy Bain said the Crown Office and Procurator Fiscal Service (COPFS), which has sole responsibility for prosecuting cases in Scotland, had been misled by the Post Office. In England and Wales, the Post Office carried out most of the prosecutions itself.

[5] Post Office victims' compensation pot cut by half - BBC News
Nick Wallis, journalist and author of The Great Post Office Scandal, told the BBC's Today programme courts were ""working on the basis on Horizon being essential to a prosecution"", and not seemingly taking account of the ""huge failures"" of Post Office management and prosecutors. ""So unless you can prove Horizon's essentiality in your prosecution, then you are unlikely to get your conviction overturned,"" he added. The Post Office prosecuted 700 sub-postmasters and sub-postmistresses - an average of almost one a week - between 1999 and 2015 based on information from a computer system called Horizon, which was used by branch managers for accounting. Some went to prison following convictions for false accounting and theft.
We have consistently tried to manage those fears and have successfully done so when people have come forward. However, it remains an ongoing battle."" Professor Chris Hodges, chair of Horizon Compensation Advisory Board, said in a letter to the government an unwillingness to appeal was due to a ""deep distrust of authority"", evidence being lost or destroyed and issues with compensation if a Post Office manager is not granted a retrial. Nick Wallis, journalist and author of The Great Post Office Scandal, told the BBC's Today programme courts were ""working on the basis on Horizon being essential to a prosecution"", and not seemingly taking account of the ""huge failures"" of Post Office management and prosecutors.","Ministers are considering various options to expedite justice for victims of the Post Office scandal, which has been described as a significant miscarriage of justice. Prime Minister Rishi Sunak mentioned that the Justice Secretary is exploring the possibility of exonerating all those convicted and potentially removing the Post Office's role in the appeal process. Additionally, there is discussion about creating specific legislation aimed at addressing the scandal directly, which could facilitate the exoneration of hundreds of sub-postmasters. The government is under pressure to act quickly, influenced by public sentiment and recent media portrayals of the issue.",False,a759ba1ff1e97a8c|08323bf4e890657c|deddf51749a18dab|68eb09023feea195|e10abb8eb3809954,0.6363,0.3452,5,,visual_rescue,8,2
ef09bed7263a6f1c,M,What options are ministers considering to speed up justice in the Post Office scandal?,"[1] Post Office scandal: Rishi Sunak considers measures to clear all victims - BBC News
Rishi Sunak told the BBC's Sunday with Laura Kuenssberg that the scandal was ""an appalling miscarriage of justice"". The Post Office - which is wholly-owned by the government - acted as the prosecutor when it brought the cases against its sub-postmasters and retains a role when those individuals appeal. In some cases it has opposed attempts by sub-postmasters to clear their names. Asked by Laura Kuenssberg if the Justice Secretary Alex Chalk was looking at whether all those convicted could be exonerated or the Post Office could be stripped of its role, Mr Sunak said: ""Obviously, there's legal complexity in all of those things but he is looking at exactly those areas that you've described.
Fewer than 100 people have had their convictions quashed. The prime minister said the government was reviewing options - including stripping the Post Office of its role in the appeal process. The Post Office had the power to decide on bringing the original prosecutions and its appointed lawyers presented the evidence in court. But one option now would be for the Crown Prosecution Service and its own lawyers to step in as appeals continue to be heard.
[IMAGE 1: ""The justice secretary is looking into steps to help hundreds of wrongly convicted sub-postmasters.""]

[2] Chris Mason: A TV drama may help deliver change for sub-postmasters - BBC News
But there is a growing feeling that the public mood, prompted by the drama, leaves those in government with no alternative but to act, be seen to act, and to do so quickly. And so government lawyers have been exploring the possibility of carefully written, very specific legislation to specifically address the Post Office scandal, and nothing else. Significantly, two former justice secretaries, the Conservative Sir Robert Buckland, in a letter to The Times, and Labour's Lord Falconer, talking to the BBC, have said a new law is needed and would command widespread support. The current Justice Secretary, Alex Chalk, is examining the practicalities and legal niceties of what is possible.
An idea that is being explored is passing a new law that would exonerate the hundreds of sub-postmasters desperate to clear their names. Senior folk I speak to in government fret about two elements of this idea: firstly, intervening in the judicial process isn't what MPs are conventionally meant to do. Secondly, they worry about it creating a hostage to fortune; an unintended consequence for a future, currently unforeseen separate issue. But there is a growing feeling that the public mood, prompted by the drama, leaves those in government with no alternative but to act, be seen to act, and to do so quickly.
[IMAGE 2: ""The Post Office scandal has been catapulted up the political agenda, our political editor writes.""]

[3] The power of Mr Bates vs The Post Office in bringing about justice - BBC News
Since the series began airing on 1 January, more than 100 new potential victims have contacted lawyers, some of whom were former sub-postmasters prosecuted by the Post Office. Westminster has tried to keep pace, with Prime Minister Rishi Sunak calling the case an ""appalling miscarriage of justice"" in an interview with the BBC's Laura Kuenssberg on Sunday. The government is now under pressure to overturn wrongful convictions and deal with compensation, with ex-Post Office boss Paula Vennells agreeing to hand back her CBE in response to the public outcry. It marks a long-awaited breakthrough for victims.
The fight for justice in the decades since has seen Wallis publish his own book on the scandal (serialised in the Daily Mail), alongside investigations by BBC Panorama, Computer Weekly and Private Eye amongst others. But 25 years on from the first convictions for theft and fraud, it is the four-part ITV drama Mr Bates vs The Post Office that has renewed mass public interest in the scandal like never before. Watched by nine million viewers so far according to ITV figures, the mini-series centres on the story of sub-postmaster Alan Bates, played by actor Toby Jones, who led and won a legal battle paving the way for dozens of convictions to be overturned. Since the series began airing on 1 January, more than 100 new potential victims have contacted lawyers, some of whom were former sub-postmasters prosecuted by the Post Office.
[IMAGE 3: ""Mr Bates vs The Post Office is not the only TV series to have helped renew public interest in an issue.""]

[4] Fujitsu admits it has a 'moral obligation' to compensate Post Office victims - BBC News
Post Office minister Kevin Hollinrake told the committee that he wanted to reduce the amount of bureaucracy involved, but acknowledged there were ""a lot of moving parts"" with the various compensation schemes. ""I think it's incumbent on all of us involved in this process to try and accelerate every part of the process,"" he said. Have you been personally affected by the Post Office scandal? Share your experiences by emailing haveyoursay@bbc.co.uk.
It has been described as the most widespread miscarriage of justice in British history, but to date only 93 convictions have been overturned and thousands of people are still waiting for compensation settlements more than 20 years on. On Tuesday, Scotland's top law official apologised to victims. Lord Advocate Dorothy Bain said the Crown Office and Procurator Fiscal Service (COPFS), which has sole responsibility for prosecuting cases in Scotland, had been misled by the Post Office. In England and Wales, the Post Office carried out most of the prosecutions itself.
[IMAGE 4: ""Bosses including the global CEO of the firm behind the faulty Horizon IT system apologise to victims.""]

[5] Post Office victims' compensation pot cut by half - BBC News
Nick Wallis, journalist and author of The Great Post Office Scandal, told the BBC's Today programme courts were ""working on the basis on Horizon being essential to a prosecution"", and not seemingly taking account of the ""huge failures"" of Post Office management and prosecutors. ""So unless you can prove Horizon's essentiality in your prosecution, then you are unlikely to get your conviction overturned,"" he added. The Post Office prosecuted 700 sub-postmasters and sub-postmistresses - an average of almost one a week - between 1999 and 2015 based on information from a computer system called Horizon, which was used by branch managers for accounting. Some went to prison following convictions for false accounting and theft.
We have consistently tried to manage those fears and have successfully done so when people have come forward. However, it remains an ongoing battle."" Professor Chris Hodges, chair of Horizon Compensation Advisory Board, said in a letter to the government an unwillingness to appeal was due to a ""deep distrust of authority"", evidence being lost or destroyed and issues with compensation if a Post Office manager is not granted a retrial. Nick Wallis, journalist and author of The Great Post Office Scandal, told the BBC's Today programme courts were ""working on the basis on Horizon being essential to a prosecution"", and not seemingly taking account of the ""huge failures"" of Post Office management and prosecutors.
[IMAGE 5: ""The firms has now set aside £244m following over estimations on the number of people who might apply.""]","Ministers are considering various options to expedite justice for victims of the Post Office scandal, which has been described as a significant miscarriage of justice. Prime Minister Rishi Sunak indicated that the Justice Secretary, Alex Chalk, is exploring the possibility of exonerating all those wrongfully convicted and potentially removing the Post Office's role in the appeal process. There is also discussion about creating specific legislation aimed at addressing the scandal directly, with some government officials expressing urgency due to public pressure. Additionally, efforts are being made to reduce bureaucratic hurdles in compensation processes for victims.",False,a759ba1ff1e97a8c|08323bf4e890657c|deddf51749a18dab|68eb09023feea195|e10abb8eb3809954,0.6363,0.3452,5,,visual_rescue,8,2
ef09bed7263a6f1c,M_vision,What options are ministers considering to speed up justice in the Post Office scandal?,"[1] Post Office scandal: Rishi Sunak considers measures to clear all victims - BBC News
Rishi Sunak told the BBC's Sunday with Laura Kuenssberg that the scandal was ""an appalling miscarriage of justice"". The Post Office - which is wholly-owned by the government - acted as the prosecutor when it brought the cases against its sub-postmasters and retains a role when those individuals appeal. In some cases it has opposed attempts by sub-postmasters to clear their names. Asked by Laura Kuenssberg if the Justice Secretary Alex Chalk was looking at whether all those convicted could be exonerated or the Post Office could be stripped of its role, Mr Sunak said: ""Obviously, there's legal complexity in all of those things but he is looking at exactly those areas that you've described.
Fewer than 100 people have had their convictions quashed. The prime minister said the government was reviewing options - including stripping the Post Office of its role in the appeal process. The Post Office had the power to decide on bringing the original prosecutions and its appointed lawyers presented the evidence in court. But one option now would be for the Crown Prosecution Service and its own lawyers to step in as appeals continue to be heard.
[IMAGE 1: ""The justice secretary is looking into steps to help hundreds of wrongly convicted sub-postmasters.""]

[2] Chris Mason: A TV drama may help deliver change for sub-postmasters - BBC News
But there is a growing feeling that the public mood, prompted by the drama, leaves those in government with no alternative but to act, be seen to act, and to do so quickly. And so government lawyers have been exploring the possibility of carefully written, very specific legislation to specifically address the Post Office scandal, and nothing else. Significantly, two former justice secretaries, the Conservative Sir Robert Buckland, in a letter to The Times, and Labour's Lord Falconer, talking to the BBC, have said a new law is needed and would command widespread support. The current Justice Secretary, Alex Chalk, is examining the practicalities and legal niceties of what is possible.
An idea that is being explored is passing a new law that would exonerate the hundreds of sub-postmasters desperate to clear their names. Senior folk I speak to in government fret about two elements of this idea: firstly, intervening in the judicial process isn't what MPs are conventionally meant to do. Secondly, they worry about it creating a hostage to fortune; an unintended consequence for a future, currently unforeseen separate issue. But there is a growing feeling that the public mood, prompted by the drama, leaves those in government with no alternative but to act, be seen to act, and to do so quickly.
[IMAGE 2: ""The Post Office scandal has been catapulted up the political agenda, our political editor writes.""]

[3] The power of Mr Bates vs The Post Office in bringing about justice - BBC News
Since the series began airing on 1 January, more than 100 new potential victims have contacted lawyers, some of whom were former sub-postmasters prosecuted by the Post Office. Westminster has tried to keep pace, with Prime Minister Rishi Sunak calling the case an ""appalling miscarriage of justice"" in an interview with the BBC's Laura Kuenssberg on Sunday. The government is now under pressure to overturn wrongful convictions and deal with compensation, with ex-Post Office boss Paula Vennells agreeing to hand back her CBE in response to the public outcry. It marks a long-awaited breakthrough for victims.
The fight for justice in the decades since has seen Wallis publish his own book on the scandal (serialised in the Daily Mail), alongside investigations by BBC Panorama, Computer Weekly and Private Eye amongst others. But 25 years on from the first convictions for theft and fraud, it is the four-part ITV drama Mr Bates vs The Post Office that has renewed mass public interest in the scandal like never before. Watched by nine million viewers so far according to ITV figures, the mini-series centres on the story of sub-postmaster Alan Bates, played by actor Toby Jones, who led and won a legal battle paving the way for dozens of convictions to be overturned. Since the series began airing on 1 January, more than 100 new potential victims have contacted lawyers, some of whom were former sub-postmasters prosecuted by the Post Office.
[IMAGE 3: ""Mr Bates vs The Post Office is not the only TV series to have helped renew public interest in an issue.""]

[4] Fujitsu admits it has a 'moral obligation' to compensate Post Office victims - BBC News
Post Office minister Kevin Hollinrake told the committee that he wanted to reduce the amount of bureaucracy involved, but acknowledged there were ""a lot of moving parts"" with the various compensation schemes. ""I think it's incumbent on all of us involved in this process to try and accelerate every part of the process,"" he said. Have you been personally affected by the Post Office scandal? Share your experiences by emailing haveyoursay@bbc.co.uk.
It has been described as the most widespread miscarriage of justice in British history, but to date only 93 convictions have been overturned and thousands of people are still waiting for compensation settlements more than 20 years on. On Tuesday, Scotland's top law official apologised to victims. Lord Advocate Dorothy Bain said the Crown Office and Procurator Fiscal Service (COPFS), which has sole responsibility for prosecuting cases in Scotland, had been misled by the Post Office. In England and Wales, the Post Office carried out most of the prosecutions itself.
[IMAGE 4: ""Bosses including the global CEO of the firm behind the faulty Horizon IT system apologise to victims.""]

[5] Post Office victims' compensation pot cut by half - BBC News
Nick Wallis, journalist and author of The Great Post Office Scandal, told the BBC's Today programme courts were ""working on the basis on Horizon being essential to a prosecution"", and not seemingly taking account of the ""huge failures"" of Post Office management and prosecutors. ""So unless you can prove Horizon's essentiality in your prosecution, then you are unlikely to get your conviction overturned,"" he added. The Post Office prosecuted 700 sub-postmasters and sub-postmistresses - an average of almost one a week - between 1999 and 2015 based on information from a computer system called Horizon, which was used by branch managers for accounting. Some went to prison following convictions for false accounting and theft.
We have consistently tried to manage those fears and have successfully done so when people have come forward. However, it remains an ongoing battle."" Professor Chris Hodges, chair of Horizon Compensation Advisory Board, said in a letter to the government an unwillingness to appeal was due to a ""deep distrust of authority"", evidence being lost or destroyed and issues with compensation if a Post Office manager is not granted a retrial. Nick Wallis, journalist and author of The Great Post Office Scandal, told the BBC's Today programme courts were ""working on the basis on Horizon being essential to a prosecution"", and not seemingly taking account of the ""huge failures"" of Post Office management and prosecutors.
[IMAGE 5: ""The firms has now set aside £244m following over estimations on the number of people who might apply.""]","Ministers are considering various options to expedite justice for victims of the Post Office scandal, which has been described as a significant miscarriage of justice. Prime Minister Rishi Sunak mentioned that the Justice Secretary is exploring the possibility of exonerating all those wrongfully convicted and potentially removing the Post Office's role in the appeal process. Additionally, there is discussion about creating specific legislation aimed at addressing the scandal directly, with a sense of urgency driven by public sentiment. The government is also under pressure to streamline compensation processes for the victims, as many are still awaiting settlements.",False,a759ba1ff1e97a8c|08323bf4e890657c|deddf51749a18dab|68eb09023feea195|e10abb8eb3809954,0.6363,0.3452,5,data/images/a759ba1ff1e97a8c.jpg|data/images/08323bf4e890657c.jpg|data/images/deddf51749a18dab.jpg|data/images/68eb09023feea195.jpg|data/images/e10abb8eb3809954.jpg,visual_rescue,8,2
020d3d213643f8ec,B1,Why are Israeli troops pushing deep into Khan Younis?,"[1] Khan Younis: Israel says forces have encircled Gaza's second city - BBC News
The troops had ""engaged in close-quarters combat, directed [air] strikes, and used intelligence to co-ordinate fire, resulting in the elimination of dozens of terrorists"", it added. Israeli forces have pushed into the remaining parts of Khan Younis, seen as a stronghold of Hamas The IDF also ordered residents of western Khan Younis to move immediately to the al-Mawasi area, on the Mediterranean coast, for their own safety. However, some witnesses said tanks had blocked the road leading there, preventing them from joining the estimated million people currently sheltering to the south in Rafah, on the border with Egypt.
Israeli ground forces expanded their operation into southern Gaza in early December, after largely taking control of Hamas strongholds in the north. Within days they were said to have reached the ""heart"" of Khan Younis, where hundreds of thousands of people who had fled northern areas were sheltering. But the troops have since faced fierce resistance from Hamas's Khan Younis Brigade. It is considered to be one of the two strongest in the group, which is designated as a terrorist organisation by Israel, the UK and other countries.

[2] Israel-Gaza: Netanyahu defies Biden over Palestinian state - BBC News
Israeli forces have continued to push into southern Gaza, saying they are searching for top Hamas officials they believe are hiding in Khan Younis, the Strip's second biggest city. The Israel Defense Forces said they had raided a tunnel in Khan Younis that had been used to hold hostages, although they were not there when it was discovered. While the focus of the fighting is now in southern Gaza, there have been renewed clashes around the northern town of Jabalia, as Palestinian fighters reportedly advanced while Israel tried to move its soldiers and tanks south. Almost three months since Israel launched its ground invasion of Gaza, its army - vastly superior to Hamas in strength and equipment - is still facing significant resistance across the territory.
Just do it, Bibi. Just do it. Bring the hostages back home."" Israeli forces have continued to push into southern Gaza, saying they are searching for top Hamas officials they believe are hiding in Khan Younis, the Strip's second biggest city.

[3] Khan Younis: UN says 12 killed at Gaza shelter as fighting rages - BBC News
A picture taken from Rafah shows smoke billowing over Khan Younis during Israeli bombardment on Thursday The IDF also said on Wednesday afternoon that its troops had ""launched a divisional manoeuvre on West Khan Younis"" that was targeting Hamas ""outposts, infrastructure, and command and control centres"". ""Dismantling Hamas' military framework in western Khan Yunis is the heart of the logic behind the operation."" The IDF added that Hamas ""exploits the civilian population, exploits shelters and hospitals"" - something the group has denied.
""The IDF is also examining the possibility that the strike was a result of Hamas fire."" Vedant Patel of the US state department repeated Washington's calls for the protection of civilians in Gaza. ""We deplore today's attack on the UN's Khan Younis training centre,"" she said, and called it ""incredibly concerning"". A picture taken from Rafah shows smoke billowing over Khan Younis during Israeli bombardment on Thursday

[4] Dozens reported killed as battle rages in Gaza's Khan Younis - BBC News
Ambulances were also trapped and unable to reach the wounded. Khan Younis has been a recent focus of Israeli forces, who are convinced top Hamas commanders are holed up there. On Sunday, the Israeli military said it had found an underground compound in the city where it believed about 20 Israeli hostages had been held. Meanwhile in Israel, a number of hostages' families on Monday interrupted a finance committee meeting at the Israeli parliament in Jerusalem, to call for the government to do more to secure their release.
A doctor at Nasser Hospital in Khan Younis said it was overwhelmed by casualties and ""on the brink of collapse"" Dozens of people are reported to have been killed in intense Israeli strikes on Khan Younis in the south Gaza Strip, as battles between soldiers and Hamas fighters rage on the ground. Residents said tanks had surrounded a hospital and university where thousands of displaced people were sheltering. Ambulances were also trapped and unable to reach the wounded.

[5] Intense Israeli strikes in south Gaza city as hostages sent medicine - BBC News
The UN says that the war has displaced around 85% of Gaza's 2.3 million people, many of whom have been forced to cram into shelters and are struggling to get basic supplies. In a joint statement, a number of UN special rapporteurs said: ""Currently every single person in Gaza is hungry, a quarter of the population are starving and struggling to find food and drinkable water, and famine is imminent."" Israel's Defence Minister, Yoav Gallant, has said that the intense stage of Israel's military operations against Hamas would ""soon"" wind down in the south of Gaza, including Khan Younis, where it is thought local leaders of the armed group may be hiding. He said that the military had already switched to more targeted action in the north, where it began its ground offensive.
We carried a few blankets and walked for 5km (3.1 miles) to reach the entrance to the city of Rafah, and now we are in the street, not knowing where to go."" On Wednesday the Jordanian army said its military field hospital in Khan Younis had been badly damaged as a result of Israeli shelling in the area. The Jordanian army said it held Israel responsible for a ""flagrant breach of international law"". The UN says that the war has displaced around 85% of Gaza's 2.3 million people, many of whom have been forced to cram into shelters and are struggling to get basic supplies.","Israeli troops are pushing deep into Khan Younis, which is viewed as a stronghold of Hamas, to search for top Hamas officials believed to be hiding there. The Israel Defense Forces (IDF) have engaged in close-quarters combat and conducted airstrikes, resulting in significant casualties among Hamas fighters. The operation aims to dismantle Hamas' military infrastructure in the area, which includes targeting command centers and outposts. Despite the IDF's superior strength, they are encountering fierce resistance from Hamas forces, complicating their efforts in the region.",False,f73c8547a6d573b4|8a2334ebc49c781c|2b3782a177cc58d4|ae1313fce399fba3|9df4118168d7d7c3,0.7465,0.2856,5,,visual_harm,5,7
020d3d213643f8ec,M_nocap,Why are Israeli troops pushing deep into Khan Younis?,"[1] Khan Younis: Israel says forces have encircled Gaza's second city - BBC News
The troops had ""engaged in close-quarters combat, directed [air] strikes, and used intelligence to co-ordinate fire, resulting in the elimination of dozens of terrorists"", it added. Israeli forces have pushed into the remaining parts of Khan Younis, seen as a stronghold of Hamas The IDF also ordered residents of western Khan Younis to move immediately to the al-Mawasi area, on the Mediterranean coast, for their own safety. However, some witnesses said tanks had blocked the road leading there, preventing them from joining the estimated million people currently sheltering to the south in Rafah, on the border with Egypt.
Israeli ground forces expanded their operation into southern Gaza in early December, after largely taking control of Hamas strongholds in the north. Within days they were said to have reached the ""heart"" of Khan Younis, where hundreds of thousands of people who had fled northern areas were sheltering. But the troops have since faced fierce resistance from Hamas's Khan Younis Brigade. It is considered to be one of the two strongest in the group, which is designated as a terrorist organisation by Israel, the UK and other countries.

[2] Israel-Gaza: Netanyahu defies Biden over Palestinian state - BBC News
Israeli forces have continued to push into southern Gaza, saying they are searching for top Hamas officials they believe are hiding in Khan Younis, the Strip's second biggest city. The Israel Defense Forces said they had raided a tunnel in Khan Younis that had been used to hold hostages, although they were not there when it was discovered. While the focus of the fighting is now in southern Gaza, there have been renewed clashes around the northern town of Jabalia, as Palestinian fighters reportedly advanced while Israel tried to move its soldiers and tanks south. Almost three months since Israel launched its ground invasion of Gaza, its army - vastly superior to Hamas in strength and equipment - is still facing significant resistance across the territory.
Just do it, Bibi. Just do it. Bring the hostages back home."" Israeli forces have continued to push into southern Gaza, saying they are searching for top Hamas officials they believe are hiding in Khan Younis, the Strip's second biggest city.

[3] Dozens reported killed as battle rages in Gaza's Khan Younis - BBC News
Ambulances were also trapped and unable to reach the wounded. Khan Younis has been a recent focus of Israeli forces, who are convinced top Hamas commanders are holed up there. On Sunday, the Israeli military said it had found an underground compound in the city where it believed about 20 Israeli hostages had been held. Meanwhile in Israel, a number of hostages' families on Monday interrupted a finance committee meeting at the Israeli parliament in Jerusalem, to call for the government to do more to secure their release.
A doctor at Nasser Hospital in Khan Younis said it was overwhelmed by casualties and ""on the brink of collapse"" Dozens of people are reported to have been killed in intense Israeli strikes on Khan Younis in the south Gaza Strip, as battles between soldiers and Hamas fighters rage on the ground. Residents said tanks had surrounded a hospital and university where thousands of displaced people were sheltering. Ambulances were also trapped and unable to reach the wounded.

[4] Intense Israeli strikes in south Gaza city as hostages sent medicine - BBC News
The UN says that the war has displaced around 85% of Gaza's 2.3 million people, many of whom have been forced to cram into shelters and are struggling to get basic supplies. In a joint statement, a number of UN special rapporteurs said: ""Currently every single person in Gaza is hungry, a quarter of the population are starving and struggling to find food and drinkable water, and famine is imminent."" Israel's Defence Minister, Yoav Gallant, has said that the intense stage of Israel's military operations against Hamas would ""soon"" wind down in the south of Gaza, including Khan Younis, where it is thought local leaders of the armed group may be hiding. He said that the military had already switched to more targeted action in the north, where it began its ground offensive.
We carried a few blankets and walked for 5km (3.1 miles) to reach the entrance to the city of Rafah, and now we are in the street, not knowing where to go."" On Wednesday the Jordanian army said its military field hospital in Khan Younis had been badly damaged as a result of Israeli shelling in the area. The Jordanian army said it held Israel responsible for a ""flagrant breach of international law"". The UN says that the war has displaced around 85% of Gaza's 2.3 million people, many of whom have been forced to cram into shelters and are struggling to get basic supplies.

[5] Khan Younis: UN says 12 killed at Gaza shelter as fighting rages - BBC News
A picture taken from Rafah shows smoke billowing over Khan Younis during Israeli bombardment on Thursday The IDF also said on Wednesday afternoon that its troops had ""launched a divisional manoeuvre on West Khan Younis"" that was targeting Hamas ""outposts, infrastructure, and command and control centres"". ""Dismantling Hamas' military framework in western Khan Yunis is the heart of the logic behind the operation."" The IDF added that Hamas ""exploits the civilian population, exploits shelters and hospitals"" - something the group has denied.
""The IDF is also examining the possibility that the strike was a result of Hamas fire."" Vedant Patel of the US state department repeated Washington's calls for the protection of civilians in Gaza. ""We deplore today's attack on the UN's Khan Younis training centre,"" she said, and called it ""incredibly concerning"". A picture taken from Rafah shows smoke billowing over Khan Younis during Israeli bombardment on Thursday","Israeli troops are pushing deep into Khan Younis, which is viewed as a stronghold of Hamas, in search of top Hamas officials believed to be hiding there. The Israeli Defense Forces (IDF) have engaged in close-quarters combat and conducted airstrikes, resulting in significant casualties among Hamas fighters. The military operation has faced fierce resistance, particularly from the Khan Younis Brigade, one of Hamas's strongest factions. Additionally, the IDF has targeted Hamas infrastructure, including tunnels used for holding hostages, while the humanitarian situation in the area remains dire, with many civilians trapped and in need of assistance.",False,f73c8547a6d573b4|8a2334ebc49c781c|ae1313fce399fba3|9df4118168d7d7c3|2b3782a177cc58d4,0.7465,0.2856,5,,visual_harm,5,7
020d3d213643f8ec,M,Why are Israeli troops pushing deep into Khan Younis?,"[1] Khan Younis: Israel says forces have encircled Gaza's second city - BBC News
The troops had ""engaged in close-quarters combat, directed [air] strikes, and used intelligence to co-ordinate fire, resulting in the elimination of dozens of terrorists"", it added. Israeli forces have pushed into the remaining parts of Khan Younis, seen as a stronghold of Hamas The IDF also ordered residents of western Khan Younis to move immediately to the al-Mawasi area, on the Mediterranean coast, for their own safety. However, some witnesses said tanks had blocked the road leading there, preventing them from joining the estimated million people currently sheltering to the south in Rafah, on the border with Egypt.
Israeli ground forces expanded their operation into southern Gaza in early December, after largely taking control of Hamas strongholds in the north. Within days they were said to have reached the ""heart"" of Khan Younis, where hundreds of thousands of people who had fled northern areas were sheltering. But the troops have since faced fierce resistance from Hamas's Khan Younis Brigade. It is considered to be one of the two strongest in the group, which is designated as a terrorist organisation by Israel, the UK and other countries.
[IMAGE 1: ""Fighting is reported around hospitals in the city, where Israel believes Hamas leaders are hiding.""]

[2] Israel-Gaza: Netanyahu defies Biden over Palestinian state - BBC News
Israeli forces have continued to push into southern Gaza, saying they are searching for top Hamas officials they believe are hiding in Khan Younis, the Strip's second biggest city. The Israel Defense Forces said they had raided a tunnel in Khan Younis that had been used to hold hostages, although they were not there when it was discovered. While the focus of the fighting is now in southern Gaza, there have been renewed clashes around the northern town of Jabalia, as Palestinian fighters reportedly advanced while Israel tried to move its soldiers and tanks south. Almost three months since Israel launched its ground invasion of Gaza, its army - vastly superior to Hamas in strength and equipment - is still facing significant resistance across the territory.
Just do it, Bibi. Just do it. Bring the hostages back home."" Israeli forces have continued to push into southern Gaza, saying they are searching for top Hamas officials they believe are hiding in Khan Younis, the Strip's second biggest city.
[IMAGE 2: ""The comments deepen a rift with the US which believes a two-state solution is vital for long-term stability.""]

[3] Dozens reported killed as battle rages in Gaza's Khan Younis - BBC News
Ambulances were also trapped and unable to reach the wounded. Khan Younis has been a recent focus of Israeli forces, who are convinced top Hamas commanders are holed up there. On Sunday, the Israeli military said it had found an underground compound in the city where it believed about 20 Israeli hostages had been held. Meanwhile in Israel, a number of hostages' families on Monday interrupted a finance committee meeting at the Israeli parliament in Jerusalem, to call for the government to do more to secure their release.
A doctor at Nasser Hospital in Khan Younis said it was overwhelmed by casualties and ""on the brink of collapse"" Dozens of people are reported to have been killed in intense Israeli strikes on Khan Younis in the south Gaza Strip, as battles between soldiers and Hamas fighters rage on the ground. Residents said tanks had surrounded a hospital and university where thousands of displaced people were sheltering. Ambulances were also trapped and unable to reach the wounded.
[IMAGE 3: ""Residents say Israeli forces have surrounded a hospital amid fierce fighting in the south Gaza city.""]

[4] Intense Israeli strikes in south Gaza city as hostages sent medicine - BBC News
The UN says that the war has displaced around 85% of Gaza's 2.3 million people, many of whom have been forced to cram into shelters and are struggling to get basic supplies. In a joint statement, a number of UN special rapporteurs said: ""Currently every single person in Gaza is hungry, a quarter of the population are starving and struggling to find food and drinkable water, and famine is imminent."" Israel's Defence Minister, Yoav Gallant, has said that the intense stage of Israel's military operations against Hamas would ""soon"" wind down in the south of Gaza, including Khan Younis, where it is thought local leaders of the armed group may be hiding. He said that the military had already switched to more targeted action in the north, where it began its ground offensive.
We carried a few blankets and walked for 5km (3.1 miles) to reach the entrance to the city of Rafah, and now we are in the street, not knowing where to go."" On Wednesday the Jordanian army said its military field hospital in Khan Younis had been badly damaged as a result of Israeli shelling in the area. The Jordanian army said it held Israel responsible for a ""flagrant breach of international law"". The UN says that the war has displaced around 85% of Gaza's 2.3 million people, many of whom have been forced to cram into shelters and are struggling to get basic supplies.
[IMAGE 4: ""Khan Younis residents report intense fighting, as Qatar says Hamas will give medicines to hostages.""]

[5] Khan Younis: UN says 12 killed at Gaza shelter as fighting rages - BBC News
A picture taken from Rafah shows smoke billowing over Khan Younis during Israeli bombardment on Thursday The IDF also said on Wednesday afternoon that its troops had ""launched a divisional manoeuvre on West Khan Younis"" that was targeting Hamas ""outposts, infrastructure, and command and control centres"". ""Dismantling Hamas' military framework in western Khan Yunis is the heart of the logic behind the operation."" The IDF added that Hamas ""exploits the civilian population, exploits shelters and hospitals"" - something the group has denied.
""The IDF is also examining the possibility that the strike was a result of Hamas fire."" Vedant Patel of the US state department repeated Washington's calls for the protection of civilians in Gaza. ""We deplore today's attack on the UN's Khan Younis training centre,"" she said, and called it ""incredibly concerning"". A picture taken from Rafah shows smoke billowing over Khan Younis during Israeli bombardment on Thursday
[IMAGE 5: ""A UN agency says shells hit a college in Khan Younis, but Israel rules out a strike by its forces.""]","Israeli troops are pushing deep into Khan Younis, which is viewed as a stronghold of Hamas, to search for top Hamas officials believed to be hiding there. The Israeli Defense Forces have engaged in close-quarters combat and conducted airstrikes, resulting in significant casualties among Hamas fighters. The military operation has faced fierce resistance, particularly from Hamas's Khan Younis Brigade, and has led to intense fighting around hospitals and shelters where many displaced civilians are located. The IDF aims to dismantle Hamas's military infrastructure in the area, which they claim exploits civilian populations and facilities.",False,f73c8547a6d573b4|8a2334ebc49c781c|ae1313fce399fba3|9df4118168d7d7c3|2b3782a177cc58d4,0.7465,0.2856,5,,visual_harm,5,7
020d3d213643f8ec,M_vision,Why are Israeli troops pushing deep into Khan Younis?,"[1] Khan Younis: Israel says forces have encircled Gaza's second city - BBC News
The troops had ""engaged in close-quarters combat, directed [air] strikes, and used intelligence to co-ordinate fire, resulting in the elimination of dozens of terrorists"", it added. Israeli forces have pushed into the remaining parts of Khan Younis, seen as a stronghold of Hamas The IDF also ordered residents of western Khan Younis to move immediately to the al-Mawasi area, on the Mediterranean coast, for their own safety. However, some witnesses said tanks had blocked the road leading there, preventing them from joining the estimated million people currently sheltering to the south in Rafah, on the border with Egypt.
Israeli ground forces expanded their operation into southern Gaza in early December, after largely taking control of Hamas strongholds in the north. Within days they were said to have reached the ""heart"" of Khan Younis, where hundreds of thousands of people who had fled northern areas were sheltering. But the troops have since faced fierce resistance from Hamas's Khan Younis Brigade. It is considered to be one of the two strongest in the group, which is designated as a terrorist organisation by Israel, the UK and other countries.
[IMAGE 1: ""Fighting is reported around hospitals in the city, where Israel believes Hamas leaders are hiding.""]

[2] Israel-Gaza: Netanyahu defies Biden over Palestinian state - BBC News
Israeli forces have continued to push into southern Gaza, saying they are searching for top Hamas officials they believe are hiding in Khan Younis, the Strip's second biggest city. The Israel Defense Forces said they had raided a tunnel in Khan Younis that had been used to hold hostages, although they were not there when it was discovered. While the focus of the fighting is now in southern Gaza, there have been renewed clashes around the northern town of Jabalia, as Palestinian fighters reportedly advanced while Israel tried to move its soldiers and tanks south. Almost three months since Israel launched its ground invasion of Gaza, its army - vastly superior to Hamas in strength and equipment - is still facing significant resistance across the territory.
Just do it, Bibi. Just do it. Bring the hostages back home."" Israeli forces have continued to push into southern Gaza, saying they are searching for top Hamas officials they believe are hiding in Khan Younis, the Strip's second biggest city.
[IMAGE 2: ""The comments deepen a rift with the US which believes a two-state solution is vital for long-term stability.""]

[3] Dozens reported killed as battle rages in Gaza's Khan Younis - BBC News
Ambulances were also trapped and unable to reach the wounded. Khan Younis has been a recent focus of Israeli forces, who are convinced top Hamas commanders are holed up there. On Sunday, the Israeli military said it had found an underground compound in the city where it believed about 20 Israeli hostages had been held. Meanwhile in Israel, a number of hostages' families on Monday interrupted a finance committee meeting at the Israeli parliament in Jerusalem, to call for the government to do more to secure their release.
A doctor at Nasser Hospital in Khan Younis said it was overwhelmed by casualties and ""on the brink of collapse"" Dozens of people are reported to have been killed in intense Israeli strikes on Khan Younis in the south Gaza Strip, as battles between soldiers and Hamas fighters rage on the ground. Residents said tanks had surrounded a hospital and university where thousands of displaced people were sheltering. Ambulances were also trapped and unable to reach the wounded.
[IMAGE 3: ""Residents say Israeli forces have surrounded a hospital amid fierce fighting in the south Gaza city.""]

[4] Intense Israeli strikes in south Gaza city as hostages sent medicine - BBC News
The UN says that the war has displaced around 85% of Gaza's 2.3 million people, many of whom have been forced to cram into shelters and are struggling to get basic supplies. In a joint statement, a number of UN special rapporteurs said: ""Currently every single person in Gaza is hungry, a quarter of the population are starving and struggling to find food and drinkable water, and famine is imminent."" Israel's Defence Minister, Yoav Gallant, has said that the intense stage of Israel's military operations against Hamas would ""soon"" wind down in the south of Gaza, including Khan Younis, where it is thought local leaders of the armed group may be hiding. He said that the military had already switched to more targeted action in the north, where it began its ground offensive.
We carried a few blankets and walked for 5km (3.1 miles) to reach the entrance to the city of Rafah, and now we are in the street, not knowing where to go."" On Wednesday the Jordanian army said its military field hospital in Khan Younis had been badly damaged as a result of Israeli shelling in the area. The Jordanian army said it held Israel responsible for a ""flagrant breach of international law"". The UN says that the war has displaced around 85% of Gaza's 2.3 million people, many of whom have been forced to cram into shelters and are struggling to get basic supplies.
[IMAGE 4: ""Khan Younis residents report intense fighting, as Qatar says Hamas will give medicines to hostages.""]

[5] Khan Younis: UN says 12 killed at Gaza shelter as fighting rages - BBC News
A picture taken from Rafah shows smoke billowing over Khan Younis during Israeli bombardment on Thursday The IDF also said on Wednesday afternoon that its troops had ""launched a divisional manoeuvre on West Khan Younis"" that was targeting Hamas ""outposts, infrastructure, and command and control centres"". ""Dismantling Hamas' military framework in western Khan Yunis is the heart of the logic behind the operation."" The IDF added that Hamas ""exploits the civilian population, exploits shelters and hospitals"" - something the group has denied.
""The IDF is also examining the possibility that the strike was a result of Hamas fire."" Vedant Patel of the US state department repeated Washington's calls for the protection of civilians in Gaza. ""We deplore today's attack on the UN's Khan Younis training centre,"" she said, and called it ""incredibly concerning"". A picture taken from Rafah shows smoke billowing over Khan Younis during Israeli bombardment on Thursday
[IMAGE 5: ""A UN agency says shells hit a college in Khan Younis, but Israel rules out a strike by its forces.""]","Israeli troops are pushing deep into Khan Younis, which is viewed as a stronghold of Hamas, to locate top Hamas officials believed to be hiding there. The Israeli Defense Forces have engaged in close-quarters combat and conducted airstrikes, resulting in significant casualties among both Hamas fighters and civilians. The military operation has faced fierce resistance from Hamas's Khan Younis Brigade, and the situation has led to severe humanitarian challenges, with hospitals overwhelmed and residents trapped amid ongoing fighting. The IDF aims to dismantle Hamas's military infrastructure in the area, which they claim exploits civilian populations.",False,f73c8547a6d573b4|8a2334ebc49c781c|ae1313fce399fba3|9df4118168d7d7c3|2b3782a177cc58d4,0.7465,0.2856,5,data/images/f73c8547a6d573b4.jpg|data/images/8a2334ebc49c781c.jpg|data/images/ae1313fce399fba3.jpg|data/images/9df4118168d7d7c3.jpg|data/images/2b3782a177cc58d4.jpg,visual_harm,5,7
744c413bc02c7dc7,B1,What military action are the US and UK considering after the Houthi attack in the Red Sea?,"[1] Iran seizes oil tanker St Nikolas near Oman - BBC News
""We believe this kind of action will simply add uncertainty for commercial shipping and for regional and global economies,"" said US State Department spokesman Vedant Patel. This latest act appears to be separate from attacks carried out by Houthi rebels from Yemen in the Red Sea on the opposite side of the Arabian peninsula. Thursday's incident was in a different ocean from the Houthis' usual area of operations - where they have been attacking any ships they suspect of being linked to Israel in retaliation for the country's actions in Gaza. The US and UK have hinted they could take military action against Yemen's Houthi rebels following the largest attack yet.
The US and UK have hinted they could take military action against Yemen's Houthi rebels following the largest attack yet. Carrier-based jets and warships shot down 21 drones and missiles launched by the Iran-backed group on Tuesday night. The UN Security Council passed a resolution on Wednesday demanding an immediate end to the Houthi attacks.

[2] Strikes on Houthi targets in Yemen show war in Gaza has already spread - BBC News
It is nothing like the naval capacity that they are facing from the US, UK and other members of the coalition the Americans have assembled in the Red Sea. But the threat the Houthis pose is less about the physical damage they might cause and more about the danger to international navigation. In December, they hijacked a ship and forced it into one of their ports. They have also fired directly at ships and caused some damage, although they have not sunk any vessels.
The US and British attacks on the Houthis in Yemen are not just, as ministers in London have suggested, about the freedom of navigation and world trade. They are directly linked to events in Gaza and represent an escalation of the crisis that is gripping the region. The Houthis immediately vowed to respond. It is also entirely possible that pro-Iranian militias in Iraq and Syria will increase the action they are taking against the American forces in the region.

[3] US launches fourth round of strikes on Houthi targets in Yemen - BBC News
""These missiles on launch rails presented an imminent threat to merchant vessels and US Navy ships in the region and could have been fired at any time, prompting US forces to exercise their inherent right and obligation to defend themselves,"" Centcom said in a statement. ""These strikes, along with other actions we have taken, will degrade the Houthi's capabilities to continue their reckless attacks on international and commercial shipping in the Red Sea, the Bab-el-Mandeb Strait, and the Gulf of Aden,"" the statement added. The UK's ministry of defence told the BBC that it was not involved in the latest wave of strikes. Centcom's commander, Gen Micheal Kurilla, said the US would continue to take action against the Houthis as long as its fighters ""continue to endanger international mariners and disrupt the commercial shipping lanes in the Southern Red Sea and adjacent waterways"".
The strikes come as the US designated the Houthis as ""global terrorists"". US National Security Advisor Jake Sullivan said the move, which reversed a decision to remove the designation in the early days of the Biden administration, was in response to the militants' ongoing attacks on commercial shipping in the region. The Houthis began attacking merchant vessels in November, saying they were responding to Israel's military operation in Gaza. Since then, the group has launched dozens of attacks on commercial tankers passing through the Red Sea, one of the world's busiest shipping lanes.

[4] Red Sea: UK defence secretary says British forces will repel Houthi attacks - BBC News
Defence Secretary Grant Shapps has said British forces are ready to act against Houthi rebels that target cargo ships in the Red Sea. In a newspaper article, he said the UK was ""willing to take direct action"" to protect the key shipping lane. Highlighting how a British warship shot down a suspected attack drone in the Red Sea in December, Mr Shapps said ""we won't hesitate to take further action"". The Houthis have targeted foreign ships since the Israel-Hamas war started.
The problem for the US, UK and their allies is that targeting the Houthis' missile launch sites would seriously escalate the current crisis in the Middle East, potentially pulling the West and Iran into direct confrontation. It would also portray the West - as viewed in the Arab world - as joining in the Gaza conflict on Israel's side. The Red Sea is one of the world's most important shipping lanes as it links markets in Europe with Asia. Around 12% of global trade passes through the Bab El Mandeb Strait, near to where the Houthis are targeting shipping.

[5] US and UK strikes target Houthi rebels in Yemen - BBC News
These are the first such actions by the US military in the Red Sea since the Houthi drone and missile attacks on shipping began in November. The Houthis, who control a large part of Yemen, have been targeting merchant vessels in the Red Sea and Gulf of Aden with missiles and drones - putting lives at risk, threatening the global economy and destabilising the region. Four RAF Typhoon jets flying from Akrotiri in Cyprus also conducted air strikes on two Houthi targets in Yemen using Paveway bombs, BBC defence correspondent Jonathan Beale reports. UK Prime Minister Rishi Sunak confirmed the strikes in a statement on Friday morning, calling them ""limited, necessary and proportionate action in self-defence"".
On 9 January, HMS Diamond, along with US warships, successfully repelled the largest attack from the Houthis in the Red Sea to date. On the same day, the Houthis said they targeted a US ship providing support to Israel - the 26th attack on commercial shipping in the Red Sea since 19 November. Houthi attacks in the Red Sea have increased 500% between November and December. The threat has become so great that major shipping companies have ceased sailing in the region and insurance costs have risen 10-fold since early December.","The US and UK are considering military action against Yemen's Houthi rebels following a significant increase in attacks on commercial shipping in the Red Sea. The Houthis have been targeting vessels in retaliation for events in Gaza, leading to a series of drone and missile strikes that have threatened international navigation and global trade. Both nations have already conducted airstrikes against Houthi targets, with the UK expressing readiness to take further direct action to protect shipping lanes. The situation poses a risk of escalating tensions in the region, potentially involving a broader conflict with Iran.",False,031b69eae70ef009|2f17351f4876572d|b8879e3288df0483|0aa5f688963e8af7|fb1433687b40cd58,0.7346,0.2853,5,,image_downrank,7,20
744c413bc02c7dc7,M_nocap,What military action are the US and UK considering after the Houthi attack in the Red Sea?,"[1] Strikes on Houthi targets in Yemen show war in Gaza has already spread - BBC News
It is nothing like the naval capacity that they are facing from the US, UK and other members of the coalition the Americans have assembled in the Red Sea. But the threat the Houthis pose is less about the physical damage they might cause and more about the danger to international navigation. In December, they hijacked a ship and forced it into one of their ports. They have also fired directly at ships and caused some damage, although they have not sunk any vessels.
The US and British attacks on the Houthis in Yemen are not just, as ministers in London have suggested, about the freedom of navigation and world trade. They are directly linked to events in Gaza and represent an escalation of the crisis that is gripping the region. The Houthis immediately vowed to respond. It is also entirely possible that pro-Iranian militias in Iraq and Syria will increase the action they are taking against the American forces in the region.

[2] Rishi Sunak: Strikes on Houthis intended as 'limited, single action' - BBC News
They can continue to harass military and commercial shipping off their coasts, which they appear to be now doing. Or - and this is the option the West should worry about - they could marshal their remaining missiles and drones and wait for the opportunity to launch a mass attack on a US or British warship, in the hopes of overwhelming its air defences. This is something the Houthi spokesman has already hinted at and it remains a real risk. US intelligence assesses that the recent airstrikes on the Houthis' military facilities have destroyed or degraded around a quarter of their arsenal.
He added that the strikes still carried risks and ""we must avoid escalation across the Middle East"". The Houthis - a military and political group who control the north of Yemen and its capital Sanaa - have been attacking cargo ships in the Red Sea since November. Last Thursday, the US and UK carried out air strikes on military Houthi targets in response. Giving a Commons statement, Mr Sunak told MPs the government's ""initial assessment"" was that all 13 planned targets were destroyed, while there was no evidence of civilian casualties so far.

[3] US launches fourth round of strikes on Houthi targets in Yemen - BBC News
""These missiles on launch rails presented an imminent threat to merchant vessels and US Navy ships in the region and could have been fired at any time, prompting US forces to exercise their inherent right and obligation to defend themselves,"" Centcom said in a statement. ""These strikes, along with other actions we have taken, will degrade the Houthi's capabilities to continue their reckless attacks on international and commercial shipping in the Red Sea, the Bab-el-Mandeb Strait, and the Gulf of Aden,"" the statement added. The UK's ministry of defence told the BBC that it was not involved in the latest wave of strikes. Centcom's commander, Gen Micheal Kurilla, said the US would continue to take action against the Houthis as long as its fighters ""continue to endanger international mariners and disrupt the commercial shipping lanes in the Southern Red Sea and adjacent waterways"".
The strikes come as the US designated the Houthis as ""global terrorists"". US National Security Advisor Jake Sullivan said the move, which reversed a decision to remove the designation in the early days of the Biden administration, was in response to the militants' ongoing attacks on commercial shipping in the region. The Houthis began attacking merchant vessels in November, saying they were responding to Israel's military operation in Gaza. Since then, the group has launched dozens of attacks on commercial tankers passing through the Red Sea, one of the world's busiest shipping lanes.

[4] Iran seizes oil tanker St Nikolas near Oman - BBC News
""We believe this kind of action will simply add uncertainty for commercial shipping and for regional and global economies,"" said US State Department spokesman Vedant Patel. This latest act appears to be separate from attacks carried out by Houthi rebels from Yemen in the Red Sea on the opposite side of the Arabian peninsula. Thursday's incident was in a different ocean from the Houthis' usual area of operations - where they have been attacking any ships they suspect of being linked to Israel in retaliation for the country's actions in Gaza. The US and UK have hinted they could take military action against Yemen's Houthi rebels following the largest attack yet.
The US and UK have hinted they could take military action against Yemen's Houthi rebels following the largest attack yet. Carrier-based jets and warships shot down 21 drones and missiles launched by the Iran-backed group on Tuesday night. The UN Security Council passed a resolution on Wednesday demanding an immediate end to the Houthi attacks.

[5] US and UK launch fresh strikes on Houthis in Yemen - BBC News
The Houthis began attacking merchant vessels in November, saying they were responding to Israel's military ground operation in Gaza. Since then, the group has launched dozens of attacks on commercial tankers passing through the Red Sea, one of the world's busiest shipping lanes. In response, the US and UK launched a wave of air strikes against dozens of Houthi targets on 11 January. Those strikes - also supported by Australia, Bahrain, the Netherlands and Canada - began after Houthi forces ignored an ultimatum to cease attacks in the region.
The US and UK said they were trying to protect the ""free flow of commerce"". A joint statement issued by the Pentagon confirmed ""an additional round of proportionate and necessary strikes"" against the Houthis. The statement added: ""Our aim remains to de-escalate tensions and restore stability in the Red Sea, but let us reiterate our warning to Houthi leadership: we will not hesitate to defend lives and the free flow of commerce in one of the world's most critical waterways in the face of continued threats."" On Tuesday the Pentagon said its assessment was that the strikes destroyed or degraded more than 25 missile launch and deployment facilities.","The US and UK are considering military action against the Houthi rebels in Yemen following a series of attacks on commercial shipping in the Red Sea. The Houthis have been targeting merchant vessels since November, claiming these actions are in response to Israel's military operations in Gaza. In response to the escalating threat, the US and UK have conducted airstrikes on Houthi military targets, aiming to protect international navigation and restore stability in the region. Both nations have indicated that they will continue to take necessary actions to defend against Houthi threats to maritime security.",False,2f17351f4876572d|903eeb5d7210ea7f|b8879e3288df0483|031b69eae70ef009|3144cf716198d4dd,0.7346,0.3091,5,,image_downrank,7,20
744c413bc02c7dc7,M,What military action are the US and UK considering after the Houthi attack in the Red Sea?,"[1] Strikes on Houthi targets in Yemen show war in Gaza has already spread - BBC News
It is nothing like the naval capacity that they are facing from the US, UK and other members of the coalition the Americans have assembled in the Red Sea. But the threat the Houthis pose is less about the physical damage they might cause and more about the danger to international navigation. In December, they hijacked a ship and forced it into one of their ports. They have also fired directly at ships and caused some damage, although they have not sunk any vessels.
The US and British attacks on the Houthis in Yemen are not just, as ministers in London have suggested, about the freedom of navigation and world trade. They are directly linked to events in Gaza and represent an escalation of the crisis that is gripping the region. The Houthis immediately vowed to respond. It is also entirely possible that pro-Iranian militias in Iraq and Syria will increase the action they are taking against the American forces in the region.
[IMAGE 1: ""War spreading in the Middle East is not just a risk - it has already happened, writes the BBC's international editor.""]

[2] Rishi Sunak: Strikes on Houthis intended as 'limited, single action' - BBC News
They can continue to harass military and commercial shipping off their coasts, which they appear to be now doing. Or - and this is the option the West should worry about - they could marshal their remaining missiles and drones and wait for the opportunity to launch a mass attack on a US or British warship, in the hopes of overwhelming its air defences. This is something the Houthi spokesman has already hinted at and it remains a real risk. US intelligence assesses that the recent airstrikes on the Houthis' military facilities have destroyed or degraded around a quarter of their arsenal.
He added that the strikes still carried risks and ""we must avoid escalation across the Middle East"". The Houthis - a military and political group who control the north of Yemen and its capital Sanaa - have been attacking cargo ships in the Red Sea since November. Last Thursday, the US and UK carried out air strikes on military Houthi targets in response. Giving a Commons statement, Mr Sunak told MPs the government's ""initial assessment"" was that all 13 planned targets were destroyed, while there was no evidence of civilian casualties so far.
[IMAGE 2: ""But the prime minister says the UK ""will not hesitate to protect our security"" following Houthi attacks on shipping.""]

[3] US launches fourth round of strikes on Houthi targets in Yemen - BBC News
""These missiles on launch rails presented an imminent threat to merchant vessels and US Navy ships in the region and could have been fired at any time, prompting US forces to exercise their inherent right and obligation to defend themselves,"" Centcom said in a statement. ""These strikes, along with other actions we have taken, will degrade the Houthi's capabilities to continue their reckless attacks on international and commercial shipping in the Red Sea, the Bab-el-Mandeb Strait, and the Gulf of Aden,"" the statement added. The UK's ministry of defence told the BBC that it was not involved in the latest wave of strikes. Centcom's commander, Gen Micheal Kurilla, said the US would continue to take action against the Houthis as long as its fighters ""continue to endanger international mariners and disrupt the commercial shipping lanes in the Southern Red Sea and adjacent waterways"".
The strikes come as the US designated the Houthis as ""global terrorists"". US National Security Advisor Jake Sullivan said the move, which reversed a decision to remove the designation in the early days of the Biden administration, was in response to the militants' ongoing attacks on commercial shipping in the region. The Houthis began attacking merchant vessels in November, saying they were responding to Israel's military operation in Gaza. Since then, the group has launched dozens of attacks on commercial tankers passing through the Red Sea, one of the world's busiest shipping lanes.
[IMAGE 3: ""Officials say 14 Houthi missile sites were targeted in the latest round of pre-emptive strikes.""]

[4] Iran seizes oil tanker St Nikolas near Oman - BBC News
""We believe this kind of action will simply add uncertainty for commercial shipping and for regional and global economies,"" said US State Department spokesman Vedant Patel. This latest act appears to be separate from attacks carried out by Houthi rebels from Yemen in the Red Sea on the opposite side of the Arabian peninsula. Thursday's incident was in a different ocean from the Houthis' usual area of operations - where they have been attacking any ships they suspect of being linked to Israel in retaliation for the country's actions in Gaza. The US and UK have hinted they could take military action against Yemen's Houthi rebels following the largest attack yet.
The US and UK have hinted they could take military action against Yemen's Houthi rebels following the largest attack yet. Carrier-based jets and warships shot down 21 drones and missiles launched by the Iran-backed group on Tuesday night. The UN Security Council passed a resolution on Wednesday demanding an immediate end to the Houthi attacks.
[IMAGE 4: ""State media said the St Nikolas was taken in retaliation for the seizure of the vessel by the US last year.""]

[5] US and UK launch fresh strikes on Houthis in Yemen - BBC News
The Houthis began attacking merchant vessels in November, saying they were responding to Israel's military ground operation in Gaza. Since then, the group has launched dozens of attacks on commercial tankers passing through the Red Sea, one of the world's busiest shipping lanes. In response, the US and UK launched a wave of air strikes against dozens of Houthi targets on 11 January. Those strikes - also supported by Australia, Bahrain, the Netherlands and Canada - began after Houthi forces ignored an ultimatum to cease attacks in the region.
The US and UK said they were trying to protect the ""free flow of commerce"". A joint statement issued by the Pentagon confirmed ""an additional round of proportionate and necessary strikes"" against the Houthis. The statement added: ""Our aim remains to de-escalate tensions and restore stability in the Red Sea, but let us reiterate our warning to Houthi leadership: we will not hesitate to defend lives and the free flow of commerce in one of the world's most critical waterways in the face of continued threats."" On Tuesday the Pentagon said its assessment was that the strikes destroyed or degraded more than 25 missile launch and deployment facilities.
[IMAGE 5: ""The second joint operation between the US and UK targets underground storage and missiles, they say.""]","The US and UK are considering military action against the Houthi rebels in Yemen following a series of attacks on commercial shipping in the Red Sea. The Houthis have been launching attacks since November, claiming they are retaliating against Israel's military actions in Gaza. In response, the US and UK have conducted airstrikes targeting Houthi military facilities, aiming to protect international navigation and restore stability in the region. Both nations have indicated that they will continue to take action as long as the Houthis pose a threat to maritime security.",False,2f17351f4876572d|903eeb5d7210ea7f|b8879e3288df0483|031b69eae70ef009|3144cf716198d4dd,0.7346,0.3091,5,,image_downrank,7,20
744c413bc02c7dc7,M_vision,What military action are the US and UK considering after the Houthi attack in the Red Sea?,"[1] Strikes on Houthi targets in Yemen show war in Gaza has already spread - BBC News
It is nothing like the naval capacity that they are facing from the US, UK and other members of the coalition the Americans have assembled in the Red Sea. But the threat the Houthis pose is less about the physical damage they might cause and more about the danger to international navigation. In December, they hijacked a ship and forced it into one of their ports. They have also fired directly at ships and caused some damage, although they have not sunk any vessels.
The US and British attacks on the Houthis in Yemen are not just, as ministers in London have suggested, about the freedom of navigation and world trade. They are directly linked to events in Gaza and represent an escalation of the crisis that is gripping the region. The Houthis immediately vowed to respond. It is also entirely possible that pro-Iranian militias in Iraq and Syria will increase the action they are taking against the American forces in the region.
[IMAGE 1: ""War spreading in the Middle East is not just a risk - it has already happened, writes the BBC's international editor.""]

[2] Rishi Sunak: Strikes on Houthis intended as 'limited, single action' - BBC News
They can continue to harass military and commercial shipping off their coasts, which they appear to be now doing. Or - and this is the option the West should worry about - they could marshal their remaining missiles and drones and wait for the opportunity to launch a mass attack on a US or British warship, in the hopes of overwhelming its air defences. This is something the Houthi spokesman has already hinted at and it remains a real risk. US intelligence assesses that the recent airstrikes on the Houthis' military facilities have destroyed or degraded around a quarter of their arsenal.
He added that the strikes still carried risks and ""we must avoid escalation across the Middle East"". The Houthis - a military and political group who control the north of Yemen and its capital Sanaa - have been attacking cargo ships in the Red Sea since November. Last Thursday, the US and UK carried out air strikes on military Houthi targets in response. Giving a Commons statement, Mr Sunak told MPs the government's ""initial assessment"" was that all 13 planned targets were destroyed, while there was no evidence of civilian casualties so far.
[IMAGE 2: ""But the prime minister says the UK ""will not hesitate to protect our security"" following Houthi attacks on shipping.""]

[3] US launches fourth round of strikes on Houthi targets in Yemen - BBC News
""These missiles on launch rails presented an imminent threat to merchant vessels and US Navy ships in the region and could have been fired at any time, prompting US forces to exercise their inherent right and obligation to defend themselves,"" Centcom said in a statement. ""These strikes, along with other actions we have taken, will degrade the Houthi's capabilities to continue their reckless attacks on international and commercial shipping in the Red Sea, the Bab-el-Mandeb Strait, and the Gulf of Aden,"" the statement added. The UK's ministry of defence told the BBC that it was not involved in the latest wave of strikes. Centcom's commander, Gen Micheal Kurilla, said the US would continue to take action against the Houthis as long as its fighters ""continue to endanger international mariners and disrupt the commercial shipping lanes in the Southern Red Sea and adjacent waterways"".
The strikes come as the US designated the Houthis as ""global terrorists"". US National Security Advisor Jake Sullivan said the move, which reversed a decision to remove the designation in the early days of the Biden administration, was in response to the militants' ongoing attacks on commercial shipping in the region. The Houthis began attacking merchant vessels in November, saying they were responding to Israel's military operation in Gaza. Since then, the group has launched dozens of attacks on commercial tankers passing through the Red Sea, one of the world's busiest shipping lanes.
[IMAGE 3: ""Officials say 14 Houthi missile sites were targeted in the latest round of pre-emptive strikes.""]

[4] Iran seizes oil tanker St Nikolas near Oman - BBC News
""We believe this kind of action will simply add uncertainty for commercial shipping and for regional and global economies,"" said US State Department spokesman Vedant Patel. This latest act appears to be separate from attacks carried out by Houthi rebels from Yemen in the Red Sea on the opposite side of the Arabian peninsula. Thursday's incident was in a different ocean from the Houthis' usual area of operations - where they have been attacking any ships they suspect of being linked to Israel in retaliation for the country's actions in Gaza. The US and UK have hinted they could take military action against Yemen's Houthi rebels following the largest attack yet.
The US and UK have hinted they could take military action against Yemen's Houthi rebels following the largest attack yet. Carrier-based jets and warships shot down 21 drones and missiles launched by the Iran-backed group on Tuesday night. The UN Security Council passed a resolution on Wednesday demanding an immediate end to the Houthi attacks.
[IMAGE 4: ""State media said the St Nikolas was taken in retaliation for the seizure of the vessel by the US last year.""]

[5] US and UK launch fresh strikes on Houthis in Yemen - BBC News
The Houthis began attacking merchant vessels in November, saying they were responding to Israel's military ground operation in Gaza. Since then, the group has launched dozens of attacks on commercial tankers passing through the Red Sea, one of the world's busiest shipping lanes. In response, the US and UK launched a wave of air strikes against dozens of Houthi targets on 11 January. Those strikes - also supported by Australia, Bahrain, the Netherlands and Canada - began after Houthi forces ignored an ultimatum to cease attacks in the region.
The US and UK said they were trying to protect the ""free flow of commerce"". A joint statement issued by the Pentagon confirmed ""an additional round of proportionate and necessary strikes"" against the Houthis. The statement added: ""Our aim remains to de-escalate tensions and restore stability in the Red Sea, but let us reiterate our warning to Houthi leadership: we will not hesitate to defend lives and the free flow of commerce in one of the world's most critical waterways in the face of continued threats."" On Tuesday the Pentagon said its assessment was that the strikes destroyed or degraded more than 25 missile launch and deployment facilities.
[IMAGE 5: ""The second joint operation between the US and UK targets underground storage and missiles, they say.""]","The US and UK are considering military action against the Houthi rebels in Yemen following their ongoing attacks on commercial shipping in the Red Sea, which have escalated since November. Recent airstrikes by the US aimed to degrade the Houthis' military capabilities, targeting missile sites that posed a threat to international navigation. The strikes are part of a broader response to the Houthis' actions, which they claim are retaliatory against Israel's military operations in Gaza. Both nations have emphasized their commitment to protecting maritime security and the free flow of commerce in this critical region.",False,2f17351f4876572d|903eeb5d7210ea7f|b8879e3288df0483|031b69eae70ef009|3144cf716198d4dd,0.7346,0.3091,5,data/images/2f17351f4876572d.jpg|data/images/903eeb5d7210ea7f.jpg|data/images/b8879e3288df0483.jpg|data/images/031b69eae70ef009.jpg|data/images/3144cf716198d4dd.jpg,image_downrank,7,20
0d4db02711e24409,B1,What questions remain after Chris Mason's justice?,"[1] Glynn Simmons: Freedom 'exhilarating' for man exonerated after 48 years - BBC News
""We've got to do something on criminal justice reform. We need to really rethink how we do this."" He plans to take time for himself too. Mr Simmons has already been to an Oklahoma City Thunder NBA game.
You couldn't see it,"" Mr Simmons told the BBC. ""It's exhilarating."" Mr Simmons was released from prison in July 2023. In December he was declared innocent in the 1974 murder of Carolyn Sue Rogers.

[2] E Jean Carroll trial: Judge threatens to remove Trump from court - BBC News
None."" Though the former president was deposed in the earlier trial, he did not attend in person or testify, both of which he is doing voluntarily in these proceedings. He is expected to take the stand on Monday. Speaking after court on Wednesday, he fumed at the refusal, calling Judge Kaplan ""a nasty man"" and a ""Trump hating guy"".
But much of Wednesday's proceedings were marked by angry exchanges between Mr Trump and the judge, who threatened to revoke the former president's right to attend trial after a lawyer for Ms Carroll heard him call the case a ""witch hunt"" and criticise his accuser's memory within earshot of the jury. ""Mr Trump has a right to be present here,"" Judge Kaplan said, frustration evident in his voice. ""That right can be forfeited and it can be forfeited if he is disruptive, which is what has been reported to me, and if he disregards court orders."" ""Mr Trump,"" he continued.

[3] Defiant Trump takes legal risk on stand in New York defamation trial - BBC News
Trump looks on as his lawyer Alina Habba questions former New York TV news anchor Carol Martin Testifying outside of the limitations outlined by the judge on Thursday could have theoretically caused Mr Trump to face hefty fines or even five years in prison for perjury. Ronnell Andersen Jones, a professor of law at the University of Utah, told BBC News the case showed the ""wide gap"" between Mr Trump's strategies in court and on the campaign trail. While the former president and his lawyers may want to convince the jury that his comments in the White House did not show ""ill will that warrants punitive damages"", that is easier said than done considering his actions.
He went on to say ""she said something that I considered a false accusation - totally false"". But Judge Kaplan quickly cut Mr Trump off and told the jury to ignore that last statement. Finally, Ms Habba asked if her client had ever instructed anyone to hurt Ms Carroll, to which Mr Trump said: ""No, I just wanted to defend myself, my family and frankly, the presidency. The judge again ordered the latter part stricken from the record.

[4] E Jean Carroll faces off with Trump as $10m defamation trial begins - BBC News
But the judge, Lewis Kaplan, has ruled Mr Trump will be allowed to testify next Monday. That comes after a bitter dispute between both legal teams over what the former president can say on the stand. In a stern warning issued last week, the judge wrote: ""Mr Trump is precluded from offering any testimony, evidence or argument suggesting or implying that he did not sexually assault Ms Carroll, that she fabricated her account of the assault or that she had any motive to do so."" Ms Carroll's lead attorney, Roberta Kaplan (who is not related to Judge Kaplan), has said that Mr Trump will attempt to ""sow chaos"" with his testimony.
Ms Carroll's lead attorney, Roberta Kaplan (who is not related to Judge Kaplan), has said that Mr Trump will attempt to ""sow chaos"" with his testimony. ""There are any number of reasons why Mr Trump might perceive a personal or political benefit from intentionally turning this trial into a circus,"" she wrote in a memo to Judge Kaplan. In response, Ms Habba said the former president is ""well aware"" of the court's ruling and ""the strict confines placed on his testimony"".

[5] Trump hearing: Judges sound sceptical of Trump's immunity defence - BBC News
The case could have a profound effect on the future of the American presidency and what is allowable by an individual who holds the office. It may also delay Mr Trump's criminal trial for weeks, if not months, during a 2024 political campaign in which the former real estate mogul is a leading contender. Mr Trump said after the hearing that his side was ""doing very well"" As soon as the case began, the three judges on the US Court of Appeals for the DC Circuit - Karen Henderson, J Michelle Childs and Florence Pan - asked probing questions about the implications of their decision.
The criminal trial in this election fraud case is scheduled for 4 March, but is on hold pending a ruling on the immunity claim. The trio of judges on the DC appeals court comprise two appointed by Democratic presidents and one by a Republican. Legal observers saw long odds for Mr Trump in this appeal. ""I think it's fairly certain that the three-judge panel is probably going to rule against him on this particular issue,"" said Hans von Spakovsky, legal analyst for the Heritage Foundation, a conservative think tank.","The evidence primarily discusses the exoneration of Glynn Simmons, who was released from prison after 48 years and declared innocent of a murder charge. Following his release, Simmons emphasized the need for criminal justice reform, indicating that there are broader questions about the justice system that remain unresolved. The evidence does not provide specific details about Chris Mason or any questions related to his justice, focusing instead on Simmons' experience and the implications for criminal justice reform.",False,3be9161f4a9b0dba|e60d9efc60b9ff98|03d0955df0b00561|1780de8803224084|241b8c47ae44844c,0.4889,0.2486,5,,image_downrank,13,24
0d4db02711e24409,M_nocap,What questions remain after Chris Mason's justice?,"[1] E Jean Carroll trial: Judge threatens to remove Trump from court - BBC News
None."" Though the former president was deposed in the earlier trial, he did not attend in person or testify, both of which he is doing voluntarily in these proceedings. He is expected to take the stand on Monday. Speaking after court on Wednesday, he fumed at the refusal, calling Judge Kaplan ""a nasty man"" and a ""Trump hating guy"".
But much of Wednesday's proceedings were marked by angry exchanges between Mr Trump and the judge, who threatened to revoke the former president's right to attend trial after a lawyer for Ms Carroll heard him call the case a ""witch hunt"" and criticise his accuser's memory within earshot of the jury. ""Mr Trump has a right to be present here,"" Judge Kaplan said, frustration evident in his voice. ""That right can be forfeited and it can be forfeited if he is disruptive, which is what has been reported to me, and if he disregards court orders."" ""Mr Trump,"" he continued.

[2] Glynn Simmons: Freedom 'exhilarating' for man exonerated after 48 years - BBC News
""We've got to do something on criminal justice reform. We need to really rethink how we do this."" He plans to take time for himself too. Mr Simmons has already been to an Oklahoma City Thunder NBA game.
You couldn't see it,"" Mr Simmons told the BBC. ""It's exhilarating."" Mr Simmons was released from prison in July 2023. In December he was declared innocent in the 1974 murder of Carolyn Sue Rogers.

[3] Andy Malkinson: DNA warnings made years before rape case overturned - BBC News
""The CCRC's report concluded with a 'high degree of confidence' that what happened to Victor Nealon could not happen again. Yet it did."" The CCRC's review of the decisions it took in Mr Malkinson's case could be published within weeks. A much wider judge-led inquiry, launched by the government, will take much longer.
A much wider judge-led inquiry, launched by the government, will take much longer. A CCRC official said: ""While the review and the inquiry are ongoing, it would not be appropriate for us to engage in a detailed discussion. ""We are committed to maintaining the integrity of the inquiry process and to preserving the impartiality of the conclusions. ""CCRC chairman Helen Pitcher OBE has previously acknowledged the profound impact that Mr Malkinson's wrongful conviction has had on his life and the unacceptable time he spent in prison for a crime he did not commit.

[4] E Jean Carroll faces off with Trump as $10m defamation trial begins - BBC News
But the judge, Lewis Kaplan, has ruled Mr Trump will be allowed to testify next Monday. That comes after a bitter dispute between both legal teams over what the former president can say on the stand. In a stern warning issued last week, the judge wrote: ""Mr Trump is precluded from offering any testimony, evidence or argument suggesting or implying that he did not sexually assault Ms Carroll, that she fabricated her account of the assault or that she had any motive to do so."" Ms Carroll's lead attorney, Roberta Kaplan (who is not related to Judge Kaplan), has said that Mr Trump will attempt to ""sow chaos"" with his testimony.
Ms Carroll's lead attorney, Roberta Kaplan (who is not related to Judge Kaplan), has said that Mr Trump will attempt to ""sow chaos"" with his testimony. ""There are any number of reasons why Mr Trump might perceive a personal or political benefit from intentionally turning this trial into a circus,"" she wrote in a memo to Judge Kaplan. In response, Ms Habba said the former president is ""well aware"" of the court's ruling and ""the strict confines placed on his testimony"".

[5] Nottingham attacks suspect Valdo Calocane back in court - BBC News
Addressing Mr Ratliff, the judge said: ""There are people in this court who are profoundly and devastatingly affected by this case. ""Can I say through you that they have shown the utmost restraint and dignity and I thank them for it."" Ms O'Malley-Kumar's father (right) and Mr Webber's parents embraced at a vigil held at the University of Nottingham The family of Mr Webber, a history student from Taunton in Somerset, previously described their ""complete devastation"" at the ""senseless murder of our son"", saying he was a ""beautiful, brilliant, bright young man, with everything in life to look forward to"".
The 31-year-old gave his name in court as Adam Mendes. Scheduling a trial date of 12 January, the judge said the victims' families had been ""profoundly and devastatingly affected by the case"". Wearing a grey prison jumper and tracksuit, Mr Calocane was remanded in custody after no application was made for bail at Nottingham Crown Court on Tuesday morning. University of Nottingham students Mr Webber and Ms O'Malley-Kumar were fatally stabbed on Ilkeston Road just after 04:00 BST on Tuesday, while Mr Coates was found dead with knife injuries on Magdala Road after his van was allegedly stolen.","The coverage does not provide specific information regarding questions that remain after Chris Mason's justice. It discusses various legal proceedings, including a trial involving E. Jean Carroll and Donald Trump, where the judge has set strict limitations on Trump's testimony. Additionally, it mentions the exoneration of Glynn Simmons after 48 years and the ongoing inquiries related to wrongful convictions, but does not connect these topics to Chris Mason or outline any remaining questions about his justice. Therefore, the evidence does not address the query directly.",False,e60d9efc60b9ff98|3be9161f4a9b0dba|a4bfefe88d695764|1780de8803224084|9b5415fef21db935,0.4889,0.2735,5,,image_downrank,13,24
0d4db02711e24409,M,What questions remain after Chris Mason's justice?,"[1] E Jean Carroll trial: Judge threatens to remove Trump from court - BBC News
None."" Though the former president was deposed in the earlier trial, he did not attend in person or testify, both of which he is doing voluntarily in these proceedings. He is expected to take the stand on Monday. Speaking after court on Wednesday, he fumed at the refusal, calling Judge Kaplan ""a nasty man"" and a ""Trump hating guy"".
But much of Wednesday's proceedings were marked by angry exchanges between Mr Trump and the judge, who threatened to revoke the former president's right to attend trial after a lawyer for Ms Carroll heard him call the case a ""witch hunt"" and criticise his accuser's memory within earshot of the jury. ""Mr Trump has a right to be present here,"" Judge Kaplan said, frustration evident in his voice. ""That right can be forfeited and it can be forfeited if he is disruptive, which is what has been reported to me, and if he disregards court orders."" ""Mr Trump,"" he continued.
[IMAGE 1: ""The threat came after the ex-president was overheard criticising his accuser's testimony in court.""]

[2] Glynn Simmons: Freedom 'exhilarating' for man exonerated after 48 years - BBC News
""We've got to do something on criminal justice reform. We need to really rethink how we do this."" He plans to take time for himself too. Mr Simmons has already been to an Oklahoma City Thunder NBA game.
You couldn't see it,"" Mr Simmons told the BBC. ""It's exhilarating."" Mr Simmons was released from prison in July 2023. In December he was declared innocent in the 1974 murder of Carolyn Sue Rogers.
[IMAGE 2: ""Glynn Simmons served the longest known wrongful sentence in the US for murder. Now he's tasting freedom.""]

[3] Andy Malkinson: DNA warnings made years before rape case overturned - BBC News
""The CCRC's report concluded with a 'high degree of confidence' that what happened to Victor Nealon could not happen again. Yet it did."" The CCRC's review of the decisions it took in Mr Malkinson's case could be published within weeks. A much wider judge-led inquiry, launched by the government, will take much longer.
A much wider judge-led inquiry, launched by the government, will take much longer. A CCRC official said: ""While the review and the inquiry are ongoing, it would not be appropriate for us to engage in a detailed discussion. ""We are committed to maintaining the integrity of the inquiry process and to preserving the impartiality of the conclusions. ""CCRC chairman Helen Pitcher OBE has previously acknowledged the profound impact that Mr Malkinson's wrongful conviction has had on his life and the unacceptable time he spent in prison for a crime he did not commit.
[IMAGE 3: ""The Criminal Cases Review Commission was warned it could have missed DNA evidence in rape cases.""]

[4] E Jean Carroll faces off with Trump as $10m defamation trial begins - BBC News
But the judge, Lewis Kaplan, has ruled Mr Trump will be allowed to testify next Monday. That comes after a bitter dispute between both legal teams over what the former president can say on the stand. In a stern warning issued last week, the judge wrote: ""Mr Trump is precluded from offering any testimony, evidence or argument suggesting or implying that he did not sexually assault Ms Carroll, that she fabricated her account of the assault or that she had any motive to do so."" Ms Carroll's lead attorney, Roberta Kaplan (who is not related to Judge Kaplan), has said that Mr Trump will attempt to ""sow chaos"" with his testimony.
Ms Carroll's lead attorney, Roberta Kaplan (who is not related to Judge Kaplan), has said that Mr Trump will attempt to ""sow chaos"" with his testimony. ""There are any number of reasons why Mr Trump might perceive a personal or political benefit from intentionally turning this trial into a circus,"" she wrote in a memo to Judge Kaplan. In response, Ms Habba said the former president is ""well aware"" of the court's ruling and ""the strict confines placed on his testimony"".
[IMAGE 4: ""Fresh off his victory in Iowa, the former president sits in a New York courtroom with his rape accuser.""]

[5] Nottingham attacks suspect Valdo Calocane back in court - BBC News
Addressing Mr Ratliff, the judge said: ""There are people in this court who are profoundly and devastatingly affected by this case. ""Can I say through you that they have shown the utmost restraint and dignity and I thank them for it."" Ms O'Malley-Kumar's father (right) and Mr Webber's parents embraced at a vigil held at the University of Nottingham The family of Mr Webber, a history student from Taunton in Somerset, previously described their ""complete devastation"" at the ""senseless murder of our son"", saying he was a ""beautiful, brilliant, bright young man, with everything in life to look forward to"".
The 31-year-old gave his name in court as Adam Mendes. Scheduling a trial date of 12 January, the judge said the victims' families had been ""profoundly and devastatingly affected by the case"". Wearing a grey prison jumper and tracksuit, Mr Calocane was remanded in custody after no application was made for bail at Nottingham Crown Court on Tuesday morning. University of Nottingham students Mr Webber and Ms O'Malley-Kumar were fatally stabbed on Ilkeston Road just after 04:00 BST on Tuesday, while Mr Coates was found dead with knife injuries on Magdala Road after his van was allegedly stolen.
[IMAGE 5: ""Valdo Calocane is accused of murdering Barnaby Webber, Grace O'Malley-Kumar and Ian Coates.""]","The coverage primarily discusses ongoing legal proceedings involving high-profile cases, particularly focusing on the trial of E. Jean Carroll against Donald Trump. The judge has warned Trump about his conduct in court, indicating that disruptive behavior could lead to his removal. Additionally, there are concerns about the potential chaos Trump might introduce during his testimony, as his legal team prepares for a contentious exchange. The evidence also touches on broader themes of justice and wrongful convictions, highlighting the need for reform in the criminal justice system, as seen in the cases of Glynn Simmons and Andy Malkinson, who were wrongfully imprisoned.",False,e60d9efc60b9ff98|3be9161f4a9b0dba|a4bfefe88d695764|1780de8803224084|9b5415fef21db935,0.4889,0.2735,5,,image_downrank,13,24
0d4db02711e24409,M_vision,What questions remain after Chris Mason's justice?,"[1] E Jean Carroll trial: Judge threatens to remove Trump from court - BBC News
None."" Though the former president was deposed in the earlier trial, he did not attend in person or testify, both of which he is doing voluntarily in these proceedings. He is expected to take the stand on Monday. Speaking after court on Wednesday, he fumed at the refusal, calling Judge Kaplan ""a nasty man"" and a ""Trump hating guy"".
But much of Wednesday's proceedings were marked by angry exchanges between Mr Trump and the judge, who threatened to revoke the former president's right to attend trial after a lawyer for Ms Carroll heard him call the case a ""witch hunt"" and criticise his accuser's memory within earshot of the jury. ""Mr Trump has a right to be present here,"" Judge Kaplan said, frustration evident in his voice. ""That right can be forfeited and it can be forfeited if he is disruptive, which is what has been reported to me, and if he disregards court orders."" ""Mr Trump,"" he continued.
[IMAGE 1: ""The threat came after the ex-president was overheard criticising his accuser's testimony in court.""]

[2] Glynn Simmons: Freedom 'exhilarating' for man exonerated after 48 years - BBC News
""We've got to do something on criminal justice reform. We need to really rethink how we do this."" He plans to take time for himself too. Mr Simmons has already been to an Oklahoma City Thunder NBA game.
You couldn't see it,"" Mr Simmons told the BBC. ""It's exhilarating."" Mr Simmons was released from prison in July 2023. In December he was declared innocent in the 1974 murder of Carolyn Sue Rogers.
[IMAGE 2: ""Glynn Simmons served the longest known wrongful sentence in the US for murder. Now he's tasting freedom.""]

[3] Andy Malkinson: DNA warnings made years before rape case overturned - BBC News
""The CCRC's report concluded with a 'high degree of confidence' that what happened to Victor Nealon could not happen again. Yet it did."" The CCRC's review of the decisions it took in Mr Malkinson's case could be published within weeks. A much wider judge-led inquiry, launched by the government, will take much longer.
A much wider judge-led inquiry, launched by the government, will take much longer. A CCRC official said: ""While the review and the inquiry are ongoing, it would not be appropriate for us to engage in a detailed discussion. ""We are committed to maintaining the integrity of the inquiry process and to preserving the impartiality of the conclusions. ""CCRC chairman Helen Pitcher OBE has previously acknowledged the profound impact that Mr Malkinson's wrongful conviction has had on his life and the unacceptable time he spent in prison for a crime he did not commit.
[IMAGE 3: ""The Criminal Cases Review Commission was warned it could have missed DNA evidence in rape cases.""]

[4] E Jean Carroll faces off with Trump as $10m defamation trial begins - BBC News
But the judge, Lewis Kaplan, has ruled Mr Trump will be allowed to testify next Monday. That comes after a bitter dispute between both legal teams over what the former president can say on the stand. In a stern warning issued last week, the judge wrote: ""Mr Trump is precluded from offering any testimony, evidence or argument suggesting or implying that he did not sexually assault Ms Carroll, that she fabricated her account of the assault or that she had any motive to do so."" Ms Carroll's lead attorney, Roberta Kaplan (who is not related to Judge Kaplan), has said that Mr Trump will attempt to ""sow chaos"" with his testimony.
Ms Carroll's lead attorney, Roberta Kaplan (who is not related to Judge Kaplan), has said that Mr Trump will attempt to ""sow chaos"" with his testimony. ""There are any number of reasons why Mr Trump might perceive a personal or political benefit from intentionally turning this trial into a circus,"" she wrote in a memo to Judge Kaplan. In response, Ms Habba said the former president is ""well aware"" of the court's ruling and ""the strict confines placed on his testimony"".
[IMAGE 4: ""Fresh off his victory in Iowa, the former president sits in a New York courtroom with his rape accuser.""]

[5] Nottingham attacks suspect Valdo Calocane back in court - BBC News
Addressing Mr Ratliff, the judge said: ""There are people in this court who are profoundly and devastatingly affected by this case. ""Can I say through you that they have shown the utmost restraint and dignity and I thank them for it."" Ms O'Malley-Kumar's father (right) and Mr Webber's parents embraced at a vigil held at the University of Nottingham The family of Mr Webber, a history student from Taunton in Somerset, previously described their ""complete devastation"" at the ""senseless murder of our son"", saying he was a ""beautiful, brilliant, bright young man, with everything in life to look forward to"".
The 31-year-old gave his name in court as Adam Mendes. Scheduling a trial date of 12 January, the judge said the victims' families had been ""profoundly and devastatingly affected by the case"". Wearing a grey prison jumper and tracksuit, Mr Calocane was remanded in custody after no application was made for bail at Nottingham Crown Court on Tuesday morning. University of Nottingham students Mr Webber and Ms O'Malley-Kumar were fatally stabbed on Ilkeston Road just after 04:00 BST on Tuesday, while Mr Coates was found dead with knife injuries on Magdala Road after his van was allegedly stolen.
[IMAGE 5: ""Valdo Calocane is accused of murdering Barnaby Webber, Grace O'Malley-Kumar and Ian Coates.""]","The coverage highlights ongoing legal proceedings involving E. Jean Carroll and Donald Trump, focusing on the tensions in the courtroom and the judge's warnings regarding Trump's behavior. The judge has emphasized that Trump must adhere to specific restrictions during his testimony, which has raised concerns about potential disruptions. Additionally, there are broader discussions about the implications of wrongful convictions, as seen in the cases of Glynn Simmons and Andy Malkinson, which underscore the need for criminal justice reform and the impact of such injustices on individuals' lives.",False,e60d9efc60b9ff98|3be9161f4a9b0dba|a4bfefe88d695764|1780de8803224084|9b5415fef21db935,0.4889,0.2735,5,data/images/e60d9efc60b9ff98.jpg|data/images/3be9161f4a9b0dba.jpg|data/images/a4bfefe88d695764.jpg|data/images/1780de8803224084.jpg|data/images/9b5415fef21db935.jpg,image_downrank,13,24
57f67219c9ab0596,B1,Why did a TV actor criticise the Post Office boss?,"[1] Post Office scandal: The ordinary lives devastated by a faulty IT system - BBC News
The judge agreed. The Horizon system was flawed and a group of 555 post office workers won a group action paving the way for the first round of sub-postmasters and sub-postmistresses to have their convictions overturned in 2021. Alan's story - and name - was the focus of the ITV drama, Mr Bates vs The Post Office, which has reignited the public consciousness around the Post Office scandal. ""It's been the best or the worst unpaid job I've ever had,"" he says.
Together with his partner, Suzanne, they poured their life savings into the business. But soon he was facing huge shortfalls - money that was seemingly lost - and there was no explanation. The Post Office blamed him, as it did hundreds of others. But unlike many other sub-postmasters and mistresses, who felt immense pressure over their own apparent losses, Alan did not admit liability.

[2] Post Office scandal: Rishi Sunak considers measures to clear all victims - BBC News
The ITV series focuses on the Post Office's former chief executive, Paula Vennells. But Lord Arbuthnot said: ""There are so many people who behaved so very badly that I think it is probably wrong to focus on one person. ""At the moment, scores of people have got away with things which they should not have got away with and I hope they will not as a result of the public inquiry run by Sir Wyn Williams."" Until 2012, the Post Office was part of Royal Mail before it was split off.
There has been widespread sympathy for the victims - and renewed anger - after the four-part mini-series Mr Bates vs the Post Office: The Real Story aired on ITV this week. It centres on the story of sub-postmaster Alan Bates, played by actor Toby Jones, who led and won a legal battle, paving the way for dozens of convictions to be overturned. Lord Arbuthnot, who was Jo Hamilton's MP when she was wrongly convicted of false accounting - a conviction that was quashed in 2021 - said that ""there needs to be retribution on those who are responsible"". The ITV series focuses on the Post Office's former chief executive, Paula Vennells.

[3] Post Office scandal: Former postmaster's joy after conviction quashed - BBC News
The case was thrust back into the public arena by an ITV drama which followed the scandal being uncovered. Mr Thomson said it should not have taken 20 years for those wrongly prosecuted to be cleared. He called on the current Post Office boss, Nick Read, and his predecessor Paula Vennells to formally apologise to those affected by the scandal. He said: ""If I met the head [of the Post Office] at the moment.
It's lie, after lie, after lie. ""I would like the current Post Office boss to come out and apologise. I would like Venells to apologise. Why has it taken an inquiry and a programme to come on the television for us to get answers?""

[4] Tory MP Nadhim Zahawi plays himself in Post Office scandal TV drama - BBC News
dreadful and it's been going on for so long. The Conservative government really needs to sort out the compensation. ""I regret not having asked the Post Office managers even tougher questions than I did."" Asked why he accepted the Post Office's assertions at face value, Sir Ed replied: ""I asked really tough questions of Post Office managers and indeed the officials.
Former chancellor Nadhim Zahawi has made a surprise appearance in an ITV drama about the Post Office IT scandal. He plays himself questioning then-Post Office chief executive Paula Vennells in a 2015 Commons committee inquiry into the Horizon computer system. The drama is being screened this week. Between 1999 and 2015, more than 700 sub-postmasters and sub-postmistresses were wrongly prosecuted for false accounting, theft and fraud, on the basis of faulty Horizon information.

[5] The power of Mr Bates vs The Post Office in bringing about justice - BBC News
It marks a long-awaited breakthrough for victims. But why now, and why in response to a TV show? Watch: I'm really, really angry - postmaster gets emotional For the show's executive producer Patrick Spence, it proves the unique power drama can hold in forging human connection.
For the show's executive producer Patrick Spence, it proves the unique power drama can hold in forging human connection. He told BBC Radio 4: ""Drama can go inside the homes of the sub-postmasters who so suffered and dramatise the pain that they went through. ""[It] can do something that a documentary and a newspaper article can't… they can bring to life the true emotional impact on the people who were victimised by the Post Office's abhorrent behaviour."" But these two mediums, rather than working in competition, often complement each other to forge a lasting impact, says arts writer Fiona Sturges.","The coverage discusses the Post Office scandal, particularly highlighting the impact of the ITV drama ""Mr Bates vs The Post Office,"" which has reignited public interest in the issue. The series focuses on the former chief executive of the Post Office, Paula Vennells, and the experiences of sub-postmaster Alan Bates, who led a legal battle that resulted in the overturning of wrongful convictions. There is a call for formal apologies from both the current Post Office boss, Nick Read, and Vennells, as victims express frustration over the lack of accountability and the prolonged suffering caused by the faulty IT system. The drama is noted for its ability to convey the emotional toll on those affected, emphasizing the need for justice and retribution against those responsible.",False,9e7bb9f5d26a3936|a759ba1ff1e97a8c|6c5d059b9888f132|4df2fabdda435df0|deddf51749a18dab,0.618,0.337,5,,image_downrank,11,17
57f67219c9ab0596,M_nocap,Why did a TV actor criticise the Post Office boss?,"[1] Post Office scandal: Rishi Sunak considers measures to clear all victims - BBC News
The ITV series focuses on the Post Office's former chief executive, Paula Vennells. But Lord Arbuthnot said: ""There are so many people who behaved so very badly that I think it is probably wrong to focus on one person. ""At the moment, scores of people have got away with things which they should not have got away with and I hope they will not as a result of the public inquiry run by Sir Wyn Williams."" Until 2012, the Post Office was part of Royal Mail before it was split off.
There has been widespread sympathy for the victims - and renewed anger - after the four-part mini-series Mr Bates vs the Post Office: The Real Story aired on ITV this week. It centres on the story of sub-postmaster Alan Bates, played by actor Toby Jones, who led and won a legal battle, paving the way for dozens of convictions to be overturned. Lord Arbuthnot, who was Jo Hamilton's MP when she was wrongly convicted of false accounting - a conviction that was quashed in 2021 - said that ""there needs to be retribution on those who are responsible"". The ITV series focuses on the Post Office's former chief executive, Paula Vennells.

[2] Post Office scandal: The ordinary lives devastated by a faulty IT system - BBC News
The judge agreed. The Horizon system was flawed and a group of 555 post office workers won a group action paving the way for the first round of sub-postmasters and sub-postmistresses to have their convictions overturned in 2021. Alan's story - and name - was the focus of the ITV drama, Mr Bates vs The Post Office, which has reignited the public consciousness around the Post Office scandal. ""It's been the best or the worst unpaid job I've ever had,"" he says.
Together with his partner, Suzanne, they poured their life savings into the business. But soon he was facing huge shortfalls - money that was seemingly lost - and there was no explanation. The Post Office blamed him, as it did hundreds of others. But unlike many other sub-postmasters and mistresses, who felt immense pressure over their own apparent losses, Alan did not admit liability.

[3] Post Office victims' compensation pot cut by half - BBC News
We have consistently tried to manage those fears and have successfully done so when people have come forward. However, it remains an ongoing battle."" Professor Chris Hodges, chair of Horizon Compensation Advisory Board, said in a letter to the government an unwillingness to appeal was due to a ""deep distrust of authority"", evidence being lost or destroyed and issues with compensation if a Post Office manager is not granted a retrial. Nick Wallis, journalist and author of The Great Post Office Scandal, told the BBC's Today programme courts were ""working on the basis on Horizon being essential to a prosecution"", and not seemingly taking account of the ""huge failures"" of Post Office management and prosecutors.
Nick Read, the Post Office's chief executive, said in its annual accounts that ""any suggestion that today's Post Office is deliberately placing obstacles in the way of that outcome is wholly misplaced"". He said: ""Set against the processes and procedures we have to follow to both secure the necessary funding from government for compensation payments and to make them, we have made good progress. ""We will not rest until justice is achieved, and full and fair compensation paid, for all those so badly affected by the events of the past."" A Post Office spokesperson added it encourages ""people who believe they were wrongly convicted, for any reason, to consider an appeal"".

[4] The power of Mr Bates vs The Post Office in bringing about justice - BBC News
It marks a long-awaited breakthrough for victims. But why now, and why in response to a TV show? Watch: I'm really, really angry - postmaster gets emotional For the show's executive producer Patrick Spence, it proves the unique power drama can hold in forging human connection.
For the show's executive producer Patrick Spence, it proves the unique power drama can hold in forging human connection. He told BBC Radio 4: ""Drama can go inside the homes of the sub-postmasters who so suffered and dramatise the pain that they went through. ""[It] can do something that a documentary and a newspaper article can't… they can bring to life the true emotional impact on the people who were victimised by the Post Office's abhorrent behaviour."" But these two mediums, rather than working in competition, often complement each other to forge a lasting impact, says arts writer Fiona Sturges.

[5] Tory MP Nadhim Zahawi plays himself in Post Office scandal TV drama - BBC News
dreadful and it's been going on for so long. The Conservative government really needs to sort out the compensation. ""I regret not having asked the Post Office managers even tougher questions than I did."" Asked why he accepted the Post Office's assertions at face value, Sir Ed replied: ""I asked really tough questions of Post Office managers and indeed the officials.
Former chancellor Nadhim Zahawi has made a surprise appearance in an ITV drama about the Post Office IT scandal. He plays himself questioning then-Post Office chief executive Paula Vennells in a 2015 Commons committee inquiry into the Horizon computer system. The drama is being screened this week. Between 1999 and 2015, more than 700 sub-postmasters and sub-postmistresses were wrongly prosecuted for false accounting, theft and fraud, on the basis of faulty Horizon information.","The coverage discusses the Post Office scandal, particularly focusing on the ITV series ""Mr Bates vs The Post Office,"" which highlights the experiences of sub-postmaster Alan Bates and the wrongful convictions stemming from a flawed IT system. The series has reignited public interest and anger regarding the scandal, with calls for accountability from various figures, including Lord Arbuthnot, who criticized the focus on a single individual, Paula Vennells, while many others have escaped scrutiny. The drama is noted for its emotional impact, illustrating the suffering of the victims, and it has prompted discussions about the need for justice and fair compensation for those affected.",False,a759ba1ff1e97a8c|9e7bb9f5d26a3936|e10abb8eb3809954|deddf51749a18dab|4df2fabdda435df0,0.618,0.337,5,,image_downrank,11,17
57f67219c9ab0596,M,Why did a TV actor criticise the Post Office boss?,"[1] Post Office scandal: Rishi Sunak considers measures to clear all victims - BBC News
The ITV series focuses on the Post Office's former chief executive, Paula Vennells. But Lord Arbuthnot said: ""There are so many people who behaved so very badly that I think it is probably wrong to focus on one person. ""At the moment, scores of people have got away with things which they should not have got away with and I hope they will not as a result of the public inquiry run by Sir Wyn Williams."" Until 2012, the Post Office was part of Royal Mail before it was split off.
There has been widespread sympathy for the victims - and renewed anger - after the four-part mini-series Mr Bates vs the Post Office: The Real Story aired on ITV this week. It centres on the story of sub-postmaster Alan Bates, played by actor Toby Jones, who led and won a legal battle, paving the way for dozens of convictions to be overturned. Lord Arbuthnot, who was Jo Hamilton's MP when she was wrongly convicted of false accounting - a conviction that was quashed in 2021 - said that ""there needs to be retribution on those who are responsible"". The ITV series focuses on the Post Office's former chief executive, Paula Vennells.
[IMAGE 1: ""The justice secretary is looking into steps to help hundreds of wrongly convicted sub-postmasters.""]

[2] Post Office scandal: The ordinary lives devastated by a faulty IT system - BBC News
The judge agreed. The Horizon system was flawed and a group of 555 post office workers won a group action paving the way for the first round of sub-postmasters and sub-postmistresses to have their convictions overturned in 2021. Alan's story - and name - was the focus of the ITV drama, Mr Bates vs The Post Office, which has reignited the public consciousness around the Post Office scandal. ""It's been the best or the worst unpaid job I've ever had,"" he says.
Together with his partner, Suzanne, they poured their life savings into the business. But soon he was facing huge shortfalls - money that was seemingly lost - and there was no explanation. The Post Office blamed him, as it did hundreds of others. But unlike many other sub-postmasters and mistresses, who felt immense pressure over their own apparent losses, Alan did not admit liability.
[IMAGE 2: ""Victims felt alone yet hundreds were enduring similar experiences. Here we look at some of their stories.""]

[3] Post Office victims' compensation pot cut by half - BBC News
We have consistently tried to manage those fears and have successfully done so when people have come forward. However, it remains an ongoing battle."" Professor Chris Hodges, chair of Horizon Compensation Advisory Board, said in a letter to the government an unwillingness to appeal was due to a ""deep distrust of authority"", evidence being lost or destroyed and issues with compensation if a Post Office manager is not granted a retrial. Nick Wallis, journalist and author of The Great Post Office Scandal, told the BBC's Today programme courts were ""working on the basis on Horizon being essential to a prosecution"", and not seemingly taking account of the ""huge failures"" of Post Office management and prosecutors.
Nick Read, the Post Office's chief executive, said in its annual accounts that ""any suggestion that today's Post Office is deliberately placing obstacles in the way of that outcome is wholly misplaced"". He said: ""Set against the processes and procedures we have to follow to both secure the necessary funding from government for compensation payments and to make them, we have made good progress. ""We will not rest until justice is achieved, and full and fair compensation paid, for all those so badly affected by the events of the past."" A Post Office spokesperson added it encourages ""people who believe they were wrongly convicted, for any reason, to consider an appeal"".
[IMAGE 3: ""The firms has now set aside £244m following over estimations on the number of people who might apply.""]

[4] The power of Mr Bates vs The Post Office in bringing about justice - BBC News
It marks a long-awaited breakthrough for victims. But why now, and why in response to a TV show? Watch: I'm really, really angry - postmaster gets emotional For the show's executive producer Patrick Spence, it proves the unique power drama can hold in forging human connection.
For the show's executive producer Patrick Spence, it proves the unique power drama can hold in forging human connection. He told BBC Radio 4: ""Drama can go inside the homes of the sub-postmasters who so suffered and dramatise the pain that they went through. ""[It] can do something that a documentary and a newspaper article can't… they can bring to life the true emotional impact on the people who were victimised by the Post Office's abhorrent behaviour."" But these two mediums, rather than working in competition, often complement each other to forge a lasting impact, says arts writer Fiona Sturges.
[IMAGE 4: ""Mr Bates vs The Post Office is not the only TV series to have helped renew public interest in an issue.""]

[5] Tory MP Nadhim Zahawi plays himself in Post Office scandal TV drama - BBC News
dreadful and it's been going on for so long. The Conservative government really needs to sort out the compensation. ""I regret not having asked the Post Office managers even tougher questions than I did."" Asked why he accepted the Post Office's assertions at face value, Sir Ed replied: ""I asked really tough questions of Post Office managers and indeed the officials.
Former chancellor Nadhim Zahawi has made a surprise appearance in an ITV drama about the Post Office IT scandal. He plays himself questioning then-Post Office chief executive Paula Vennells in a 2015 Commons committee inquiry into the Horizon computer system. The drama is being screened this week. Between 1999 and 2015, more than 700 sub-postmasters and sub-postmistresses were wrongly prosecuted for false accounting, theft and fraud, on the basis of faulty Horizon information.
[IMAGE 5: ""The former chancellor plays himself putting tough questions to then-chief executive Paula Vennells.""]","The coverage discusses the Post Office scandal, particularly focusing on the former chief executive, Paula Vennells, and the impact of the ITV series ""Mr Bates vs The Post Office."" The series has reignited public interest and sympathy for the victims, including sub-postmaster Alan Bates, who fought against wrongful convictions based on a flawed IT system. Critics, including Lord Arbuthnot, emphasize the need for accountability beyond just Vennells, highlighting that many individuals involved in the scandal have not faced repercussions. The series is noted for its emotional portrayal of the victims' experiences, suggesting that drama can effectively convey the human impact of such injustices.",False,a759ba1ff1e97a8c|9e7bb9f5d26a3936|e10abb8eb3809954|deddf51749a18dab|4df2fabdda435df0,0.618,0.337,5,,image_downrank,11,17
57f67219c9ab0596,M_vision,Why did a TV actor criticise the Post Office boss?,"[1] Post Office scandal: Rishi Sunak considers measures to clear all victims - BBC News
The ITV series focuses on the Post Office's former chief executive, Paula Vennells. But Lord Arbuthnot said: ""There are so many people who behaved so very badly that I think it is probably wrong to focus on one person. ""At the moment, scores of people have got away with things which they should not have got away with and I hope they will not as a result of the public inquiry run by Sir Wyn Williams."" Until 2012, the Post Office was part of Royal Mail before it was split off.
There has been widespread sympathy for the victims - and renewed anger - after the four-part mini-series Mr Bates vs the Post Office: The Real Story aired on ITV this week. It centres on the story of sub-postmaster Alan Bates, played by actor Toby Jones, who led and won a legal battle, paving the way for dozens of convictions to be overturned. Lord Arbuthnot, who was Jo Hamilton's MP when she was wrongly convicted of false accounting - a conviction that was quashed in 2021 - said that ""there needs to be retribution on those who are responsible"". The ITV series focuses on the Post Office's former chief executive, Paula Vennells.
[IMAGE 1: ""The justice secretary is looking into steps to help hundreds of wrongly convicted sub-postmasters.""]

[2] Post Office scandal: The ordinary lives devastated by a faulty IT system - BBC News
The judge agreed. The Horizon system was flawed and a group of 555 post office workers won a group action paving the way for the first round of sub-postmasters and sub-postmistresses to have their convictions overturned in 2021. Alan's story - and name - was the focus of the ITV drama, Mr Bates vs The Post Office, which has reignited the public consciousness around the Post Office scandal. ""It's been the best or the worst unpaid job I've ever had,"" he says.
Together with his partner, Suzanne, they poured their life savings into the business. But soon he was facing huge shortfalls - money that was seemingly lost - and there was no explanation. The Post Office blamed him, as it did hundreds of others. But unlike many other sub-postmasters and mistresses, who felt immense pressure over their own apparent losses, Alan did not admit liability.
[IMAGE 2: ""Victims felt alone yet hundreds were enduring similar experiences. Here we look at some of their stories.""]

[3] Post Office victims' compensation pot cut by half - BBC News
We have consistently tried to manage those fears and have successfully done so when people have come forward. However, it remains an ongoing battle."" Professor Chris Hodges, chair of Horizon Compensation Advisory Board, said in a letter to the government an unwillingness to appeal was due to a ""deep distrust of authority"", evidence being lost or destroyed and issues with compensation if a Post Office manager is not granted a retrial. Nick Wallis, journalist and author of The Great Post Office Scandal, told the BBC's Today programme courts were ""working on the basis on Horizon being essential to a prosecution"", and not seemingly taking account of the ""huge failures"" of Post Office management and prosecutors.
Nick Read, the Post Office's chief executive, said in its annual accounts that ""any suggestion that today's Post Office is deliberately placing obstacles in the way of that outcome is wholly misplaced"". He said: ""Set against the processes and procedures we have to follow to both secure the necessary funding from government for compensation payments and to make them, we have made good progress. ""We will not rest until justice is achieved, and full and fair compensation paid, for all those so badly affected by the events of the past."" A Post Office spokesperson added it encourages ""people who believe they were wrongly convicted, for any reason, to consider an appeal"".
[IMAGE 3: ""The firms has now set aside £244m following over estimations on the number of people who might apply.""]

[4] The power of Mr Bates vs The Post Office in bringing about justice - BBC News
It marks a long-awaited breakthrough for victims. But why now, and why in response to a TV show? Watch: I'm really, really angry - postmaster gets emotional For the show's executive producer Patrick Spence, it proves the unique power drama can hold in forging human connection.
For the show's executive producer Patrick Spence, it proves the unique power drama can hold in forging human connection. He told BBC Radio 4: ""Drama can go inside the homes of the sub-postmasters who so suffered and dramatise the pain that they went through. ""[It] can do something that a documentary and a newspaper article can't… they can bring to life the true emotional impact on the people who were victimised by the Post Office's abhorrent behaviour."" But these two mediums, rather than working in competition, often complement each other to forge a lasting impact, says arts writer Fiona Sturges.
[IMAGE 4: ""Mr Bates vs The Post Office is not the only TV series to have helped renew public interest in an issue.""]

[5] Tory MP Nadhim Zahawi plays himself in Post Office scandal TV drama - BBC News
dreadful and it's been going on for so long. The Conservative government really needs to sort out the compensation. ""I regret not having asked the Post Office managers even tougher questions than I did."" Asked why he accepted the Post Office's assertions at face value, Sir Ed replied: ""I asked really tough questions of Post Office managers and indeed the officials.
Former chancellor Nadhim Zahawi has made a surprise appearance in an ITV drama about the Post Office IT scandal. He plays himself questioning then-Post Office chief executive Paula Vennells in a 2015 Commons committee inquiry into the Horizon computer system. The drama is being screened this week. Between 1999 and 2015, more than 700 sub-postmasters and sub-postmistresses were wrongly prosecuted for false accounting, theft and fraud, on the basis of faulty Horizon information.
[IMAGE 5: ""The former chancellor plays himself putting tough questions to then-chief executive Paula Vennells.""]","The coverage discusses the Post Office scandal, particularly focusing on the former chief executive, Paula Vennells, and the impact of the ITV series ""Mr Bates vs the Post Office."" The series has reignited public interest and sympathy for the victims, including sub-postmaster Alan Bates, who fought against wrongful convictions based on a flawed IT system. There is a call for accountability from those responsible for the scandal, with emphasis on the need for justice and fair compensation for the victims. The drama is noted for its ability to convey the emotional toll on those affected, highlighting the importance of storytelling in raising awareness about such issues.",False,a759ba1ff1e97a8c|9e7bb9f5d26a3936|e10abb8eb3809954|deddf51749a18dab|4df2fabdda435df0,0.618,0.337,5,data/images/a759ba1ff1e97a8c.jpg|data/images/9e7bb9f5d26a3936.jpg|data/images/e10abb8eb3809954.jpg|data/images/deddf51749a18dab.jpg|data/images/4df2fabdda435df0.jpg,image_downrank,11,17
449086b68a9f66e1,B1,What is a father's pain at his daughter's captivity in Gaza?,"[1] Gaza destruction risks lost generation of children, says UN official - BBC News
He was studying in the UN school. Nothing is left of it."" Like any society, Gaza's future is its children. But here, they're disproportionately victims of war and, says the UN, may lose out completely on what should be rightfully theirs
The World Health Organization says that only 13 of Gaza's 36 hospitals are functional, many have been damaged in airstrikes. With shortages in basic medical equipment those who need treatment often go without. Cancer patients and those requiring specialist treatment like kidney dialysis, or neo-natal babies, are especially vulnerable, says the Ocha bulletin. Nisreen Abu Nimr is also from northern Gaza.

[2] Palestinians tell of fears for the future as war destroys Gaza - BBC News
Israel says its air and ground operation in Gaza is aimed at destroying Hamas. The majority of Gaza's 2.3 million people are displaced and fight daily to find food, drink and medicine. Mohammed al-Khaldi, a father of two children displaced from Gaza City, told the BBC: ""I lost my home, my shop and my source of income. I am no longer able to provide the simplest requirements of life for my children.
I am no longer able to provide the simplest requirements of life for my children. ""I hold the Israeli occupation responsible for the massive destruction, but I do not absolve Hamas of responsibility for everything that happened,"" he said. Hamas is the Palestinian group which has run Gaza since 2007. Its military wing, the Izzedine al-Qassam Brigades, was thought to have about 30,000 members before the 7 October attack.

[3] Intense Israeli strikes in south Gaza city as hostages sent medicine - BBC News
""People are running away from this area towards the West, but nobody knows where they're going and what his fate will be."" Israeli tanks were said to be just metres from the hospital. A woman in southern Gaza, who did not wish to be named, said children could not sleep ""because of the sounds of missiles"". ""We are living in fear and terror,"" she told the BBC, adding that many of the children had begun to wet themselves out of fear.
Displaced families have been fleeing a local hospital as fighting closes in. Meanwhile, medicines are being sent for Israeli hostages held by Hamas in exchange for more aid for Palestinian civilians under a Qatar-mediated deal. The White House says Qatar has also been overseeing ""very serious, extensive discussions"" about a possible new hostage release deal, which were joined by a US envoy. ""This is the loudest sound of armed clashes [between Israeli soldiers and Palestinian fighters] that I've ever heard,"" Yasser Zaqzouq, who has been sheltering at Nasser Hospital in Khan Younis with his family, told the BBC.

[4] Al Jazeera bureau chief's son Hamza al-Dahdouh among journalists killed in Gaza - BBC News
He was the soul of my soul. These are tears of sadness, of loss. These are tears of humanity,"" his father said at the funeral. ""I call on the world to look closely at what's happening in Gaza.""
His wife Amna, his grandchild Adam, his 15-year-old son Mahmoud and seven-year-old daughter Sham were killed in an Israeli strike in Nuseirat refugee camp in October. According to Al Jazeera correspondent Hisham Zaqout, Hamza al-Dahdouh and a group of journalists were en route to the Moraj area north-east of Rafah - which was designated a ""humanitarian zone"" by the Israeli army - but which had reportedly experienced recent bombings. Many displaced Gazans had fled to the area to escape the bombardment in other regions of the territory. Hamza had intended to report on the unfolding situation and the aftermath of the bombings in the area, according to Al Jazeera.

[5] Kerem Shalom crossing: Israeli protesters hold up aid trucks to Gaza - BBC News
The Israeli government is facing growing international pressure to allow more humanitarian relief into Gaza, combined with intense domestic pressure to secure the release of the hostages. The protesters say they view the delivery of aid to Gaza while their loved ones are still being held by Hamas as ""a moral failure"". They say they fear the aid could end up in the group's hands. Israeli media report that although some of the protesters are related to hostages, others are the parents of IDF soldiers currently deployed in Gaza, with another group representing right-wing activists who promote a return of Jewish settlements to Gaza.
Israeli media report that although some of the protesters are related to hostages, others are the parents of IDF soldiers currently deployed in Gaza, with another group representing right-wing activists who promote a return of Jewish settlements to Gaza. The demonstration took place amid unconfirmed reports that Israeli and American officials will hold ""critical"" hostage talks with Qatari and Egyptian mediators in Europe in the coming days. The reports suggest that the director of the US Central Intelligence Agency, William Burns, and the Mossad chief, David Barnea, will meet Qatar's Prime Minister and Foreign Minister, Sheikh Mohammed bin Abdulrahman al-Thani, to discuss the release of more than 100 Israeli hostages and a pause in fighting in Gaza. The White House has described the talks as ""sober"" and ""serious"" efforts, involving players who were key to sealing a previous agreement in November.","The coverage highlights the profound suffering of families in Gaza, particularly fathers like Mohammed al-Khaldi, who express despair over their inability to provide basic necessities for their children due to the ongoing conflict. The destruction in Gaza has led to widespread displacement, with many families struggling to find food, water, and medical care. Additionally, the emotional toll of the situation is evident, as families live in constant fear and trauma, with children exhibiting signs of distress. The plight of hostages and the ongoing negotiations for their release further complicate the humanitarian crisis, as families grapple with the dual challenges of captivity and survival amidst the violence.",False,e83342dba7264808|2f8b80d899b17246|9df4118168d7d7c3|b48ca6a5be136133|51a9aabdd6bf2096,0.603,0.2923,5,,image_uprank,14,10
449086b68a9f66e1,M_nocap,What is a father's pain at his daughter's captivity in Gaza?,"[1] Gaza destruction risks lost generation of children, says UN official - BBC News
He was studying in the UN school. Nothing is left of it."" Like any society, Gaza's future is its children. But here, they're disproportionately victims of war and, says the UN, may lose out completely on what should be rightfully theirs
The World Health Organization says that only 13 of Gaza's 36 hospitals are functional, many have been damaged in airstrikes. With shortages in basic medical equipment those who need treatment often go without. Cancer patients and those requiring specialist treatment like kidney dialysis, or neo-natal babies, are especially vulnerable, says the Ocha bulletin. Nisreen Abu Nimr is also from northern Gaza.

[2] Israel reined in by ICJ rulings on Gaza - but will it obey? - BBC News
Those who flee the fighting seeking refuge in squalid, overcrowded shelters, with dwindling healthcare and grossly inadequate humanitarian supplies. It was clear, soon after the court's American president Joan Donoghue began speaking, that the urgency of Gaza's plight was uppermost in the court's mind and that Israel had not succeeded in its bid to have the entire case thrown out. Judge Donoghue delivered a bleak summary of the suffering being experienced by Palestinians in the Gaza Strip. She said the plight of children was ""especially heartbreaking"".
She said the plight of children was ""especially heartbreaking"". This is not the court's final ruling on genocide - that's likely to take several years. But the measures called for today are designed to offer the Palestinians of Gaza some measure of protection, while the judges consider South Africa's fundamental charge against Israel. Israel must now decide how to respond.

[3] Palestinians tell of fears for the future as war destroys Gaza - BBC News
Israel says its air and ground operation in Gaza is aimed at destroying Hamas. The majority of Gaza's 2.3 million people are displaced and fight daily to find food, drink and medicine. Mohammed al-Khaldi, a father of two children displaced from Gaza City, told the BBC: ""I lost my home, my shop and my source of income. I am no longer able to provide the simplest requirements of life for my children.
I am no longer able to provide the simplest requirements of life for my children. ""I hold the Israeli occupation responsible for the massive destruction, but I do not absolve Hamas of responsibility for everything that happened,"" he said. Hamas is the Palestinian group which has run Gaza since 2007. Its military wing, the Izzedine al-Qassam Brigades, was thought to have about 30,000 members before the 7 October attack.

[4] Al Jazeera bureau chief's son Hamza al-Dahdouh among journalists killed in Gaza - BBC News
He was the soul of my soul. These are tears of sadness, of loss. These are tears of humanity,"" his father said at the funeral. ""I call on the world to look closely at what's happening in Gaza.""
His wife Amna, his grandchild Adam, his 15-year-old son Mahmoud and seven-year-old daughter Sham were killed in an Israeli strike in Nuseirat refugee camp in October. According to Al Jazeera correspondent Hisham Zaqout, Hamza al-Dahdouh and a group of journalists were en route to the Moraj area north-east of Rafah - which was designated a ""humanitarian zone"" by the Israeli army - but which had reportedly experienced recent bombings. Many displaced Gazans had fled to the area to escape the bombardment in other regions of the territory. Hamza had intended to report on the unfolding situation and the aftermath of the bombings in the area, according to Al Jazeera.

[5] Kerem Shalom crossing: Israeli protesters hold up aid trucks to Gaza - BBC News
The Israeli government is facing growing international pressure to allow more humanitarian relief into Gaza, combined with intense domestic pressure to secure the release of the hostages. The protesters say they view the delivery of aid to Gaza while their loved ones are still being held by Hamas as ""a moral failure"". They say they fear the aid could end up in the group's hands. Israeli media report that although some of the protesters are related to hostages, others are the parents of IDF soldiers currently deployed in Gaza, with another group representing right-wing activists who promote a return of Jewish settlements to Gaza.
Israeli media report that although some of the protesters are related to hostages, others are the parents of IDF soldiers currently deployed in Gaza, with another group representing right-wing activists who promote a return of Jewish settlements to Gaza. The demonstration took place amid unconfirmed reports that Israeli and American officials will hold ""critical"" hostage talks with Qatari and Egyptian mediators in Europe in the coming days. The reports suggest that the director of the US Central Intelligence Agency, William Burns, and the Mossad chief, David Barnea, will meet Qatar's Prime Minister and Foreign Minister, Sheikh Mohammed bin Abdulrahman al-Thani, to discuss the release of more than 100 Israeli hostages and a pause in fighting in Gaza. The White House has described the talks as ""sober"" and ""serious"" efforts, involving players who were key to sealing a previous agreement in November.","The coverage highlights the profound suffering and challenges faced by families in Gaza, particularly fathers like Mohammed al-Khaldi, who express their inability to provide basic necessities for their children due to the ongoing conflict. The situation is described as dire, with many families displaced and struggling to find food, water, and medical care. Additionally, the emotional toll of the conflict is underscored by the tragic loss experienced by individuals, such as a father mourning the deaths of his family members in an Israeli strike, illustrating the deep pain and despair felt by parents in the region. The plight of children in Gaza is emphasized as especially heartbreaking, reflecting the broader humanitarian crisis affecting families.",False,e83342dba7264808|d133f3fd427b14ac|2f8b80d899b17246|b48ca6a5be136133|51a9aabdd6bf2096,0.603,0.2923,5,,image_uprank,14,10
449086b68a9f66e1,M,What is a father's pain at his daughter's captivity in Gaza?,"[1] Gaza destruction risks lost generation of children, says UN official - BBC News
He was studying in the UN school. Nothing is left of it."" Like any society, Gaza's future is its children. But here, they're disproportionately victims of war and, says the UN, may lose out completely on what should be rightfully theirs
The World Health Organization says that only 13 of Gaza's 36 hospitals are functional, many have been damaged in airstrikes. With shortages in basic medical equipment those who need treatment often go without. Cancer patients and those requiring specialist treatment like kidney dialysis, or neo-natal babies, are especially vulnerable, says the Ocha bulletin. Nisreen Abu Nimr is also from northern Gaza.
[IMAGE 1: ""A senior United Nations official tells the BBC that civilians may have no choice but to leave entirely.""]

[2] Israel reined in by ICJ rulings on Gaza - but will it obey? - BBC News
Those who flee the fighting seeking refuge in squalid, overcrowded shelters, with dwindling healthcare and grossly inadequate humanitarian supplies. It was clear, soon after the court's American president Joan Donoghue began speaking, that the urgency of Gaza's plight was uppermost in the court's mind and that Israel had not succeeded in its bid to have the entire case thrown out. Judge Donoghue delivered a bleak summary of the suffering being experienced by Palestinians in the Gaza Strip. She said the plight of children was ""especially heartbreaking"".
She said the plight of children was ""especially heartbreaking"". This is not the court's final ruling on genocide - that's likely to take several years. But the measures called for today are designed to offer the Palestinians of Gaza some measure of protection, while the judges consider South Africa's fundamental charge against Israel. Israel must now decide how to respond.
[IMAGE 2: ""The demands, if implemented, would drastically change the nature of Israel's Gaza campaign.""]

[3] Palestinians tell of fears for the future as war destroys Gaza - BBC News
Israel says its air and ground operation in Gaza is aimed at destroying Hamas. The majority of Gaza's 2.3 million people are displaced and fight daily to find food, drink and medicine. Mohammed al-Khaldi, a father of two children displaced from Gaza City, told the BBC: ""I lost my home, my shop and my source of income. I am no longer able to provide the simplest requirements of life for my children.
I am no longer able to provide the simplest requirements of life for my children. ""I hold the Israeli occupation responsible for the massive destruction, but I do not absolve Hamas of responsibility for everything that happened,"" he said. Hamas is the Palestinian group which has run Gaza since 2007. Its military wing, the Izzedine al-Qassam Brigades, was thought to have about 30,000 members before the 7 October attack.
[IMAGE 3: ""Palestinians in Gaza scramble to survive Israeli attacks and secure basics as they fear a return to Hamas rule, too.""]

[4] Al Jazeera bureau chief's son Hamza al-Dahdouh among journalists killed in Gaza - BBC News
He was the soul of my soul. These are tears of sadness, of loss. These are tears of humanity,"" his father said at the funeral. ""I call on the world to look closely at what's happening in Gaza.""
His wife Amna, his grandchild Adam, his 15-year-old son Mahmoud and seven-year-old daughter Sham were killed in an Israeli strike in Nuseirat refugee camp in October. According to Al Jazeera correspondent Hisham Zaqout, Hamza al-Dahdouh and a group of journalists were en route to the Moraj area north-east of Rafah - which was designated a ""humanitarian zone"" by the Israeli army - but which had reportedly experienced recent bombings. Many displaced Gazans had fled to the area to escape the bombardment in other regions of the territory. Hamza had intended to report on the unfolding situation and the aftermath of the bombings in the area, according to Al Jazeera.
[IMAGE 4: ""Hamza al-Dahdouh was with colleagues when their car was reportedly hit in an Israeli air strike .""]

[5] Kerem Shalom crossing: Israeli protesters hold up aid trucks to Gaza - BBC News
The Israeli government is facing growing international pressure to allow more humanitarian relief into Gaza, combined with intense domestic pressure to secure the release of the hostages. The protesters say they view the delivery of aid to Gaza while their loved ones are still being held by Hamas as ""a moral failure"". They say they fear the aid could end up in the group's hands. Israeli media report that although some of the protesters are related to hostages, others are the parents of IDF soldiers currently deployed in Gaza, with another group representing right-wing activists who promote a return of Jewish settlements to Gaza.
Israeli media report that although some of the protesters are related to hostages, others are the parents of IDF soldiers currently deployed in Gaza, with another group representing right-wing activists who promote a return of Jewish settlements to Gaza. The demonstration took place amid unconfirmed reports that Israeli and American officials will hold ""critical"" hostage talks with Qatari and Egyptian mediators in Europe in the coming days. The reports suggest that the director of the US Central Intelligence Agency, William Burns, and the Mossad chief, David Barnea, will meet Qatar's Prime Minister and Foreign Minister, Sheikh Mohammed bin Abdulrahman al-Thani, to discuss the release of more than 100 Israeli hostages and a pause in fighting in Gaza. The White House has described the talks as ""sober"" and ""serious"" efforts, involving players who were key to sealing a previous agreement in November.
[IMAGE 5: ""Israeli protesters stop a convoy of humanitarian aid trucks entering Gaza for third consecutive day.""]","The coverage highlights the profound suffering experienced by families in Gaza, particularly focusing on the plight of children and the emotional toll on parents. A father expressed his despair over losing his home and ability to provide for his children amidst the destruction caused by the conflict. Additionally, the situation is exacerbated by the ongoing humanitarian crisis, with many families displaced and struggling to access basic necessities. The emotional anguish of parents is further underscored by protests in Israel, where families of hostages express their pain and moral dilemmas regarding aid to Gaza while their loved ones remain captive.",False,e83342dba7264808|d133f3fd427b14ac|2f8b80d899b17246|b48ca6a5be136133|51a9aabdd6bf2096,0.603,0.2923,5,,image_uprank,14,10
449086b68a9f66e1,M_vision,What is a father's pain at his daughter's captivity in Gaza?,"[1] Gaza destruction risks lost generation of children, says UN official - BBC News
He was studying in the UN school. Nothing is left of it."" Like any society, Gaza's future is its children. But here, they're disproportionately victims of war and, says the UN, may lose out completely on what should be rightfully theirs
The World Health Organization says that only 13 of Gaza's 36 hospitals are functional, many have been damaged in airstrikes. With shortages in basic medical equipment those who need treatment often go without. Cancer patients and those requiring specialist treatment like kidney dialysis, or neo-natal babies, are especially vulnerable, says the Ocha bulletin. Nisreen Abu Nimr is also from northern Gaza.
[IMAGE 1: ""A senior United Nations official tells the BBC that civilians may have no choice but to leave entirely.""]

[2] Israel reined in by ICJ rulings on Gaza - but will it obey? - BBC News
Those who flee the fighting seeking refuge in squalid, overcrowded shelters, with dwindling healthcare and grossly inadequate humanitarian supplies. It was clear, soon after the court's American president Joan Donoghue began speaking, that the urgency of Gaza's plight was uppermost in the court's mind and that Israel had not succeeded in its bid to have the entire case thrown out. Judge Donoghue delivered a bleak summary of the suffering being experienced by Palestinians in the Gaza Strip. She said the plight of children was ""especially heartbreaking"".
She said the plight of children was ""especially heartbreaking"". This is not the court's final ruling on genocide - that's likely to take several years. But the measures called for today are designed to offer the Palestinians of Gaza some measure of protection, while the judges consider South Africa's fundamental charge against Israel. Israel must now decide how to respond.
[IMAGE 2: ""The demands, if implemented, would drastically change the nature of Israel's Gaza campaign.""]

[3] Palestinians tell of fears for the future as war destroys Gaza - BBC News
Israel says its air and ground operation in Gaza is aimed at destroying Hamas. The majority of Gaza's 2.3 million people are displaced and fight daily to find food, drink and medicine. Mohammed al-Khaldi, a father of two children displaced from Gaza City, told the BBC: ""I lost my home, my shop and my source of income. I am no longer able to provide the simplest requirements of life for my children.
I am no longer able to provide the simplest requirements of life for my children. ""I hold the Israeli occupation responsible for the massive destruction, but I do not absolve Hamas of responsibility for everything that happened,"" he said. Hamas is the Palestinian group which has run Gaza since 2007. Its military wing, the Izzedine al-Qassam Brigades, was thought to have about 30,000 members before the 7 October attack.
[IMAGE 3: ""Palestinians in Gaza scramble to survive Israeli attacks and secure basics as they fear a return to Hamas rule, too.""]

[4] Al Jazeera bureau chief's son Hamza al-Dahdouh among journalists killed in Gaza - BBC News
He was the soul of my soul. These are tears of sadness, of loss. These are tears of humanity,"" his father said at the funeral. ""I call on the world to look closely at what's happening in Gaza.""
His wife Amna, his grandchild Adam, his 15-year-old son Mahmoud and seven-year-old daughter Sham were killed in an Israeli strike in Nuseirat refugee camp in October. According to Al Jazeera correspondent Hisham Zaqout, Hamza al-Dahdouh and a group of journalists were en route to the Moraj area north-east of Rafah - which was designated a ""humanitarian zone"" by the Israeli army - but which had reportedly experienced recent bombings. Many displaced Gazans had fled to the area to escape the bombardment in other regions of the territory. Hamza had intended to report on the unfolding situation and the aftermath of the bombings in the area, according to Al Jazeera.
[IMAGE 4: ""Hamza al-Dahdouh was with colleagues when their car was reportedly hit in an Israeli air strike .""]

[5] Kerem Shalom crossing: Israeli protesters hold up aid trucks to Gaza - BBC News
The Israeli government is facing growing international pressure to allow more humanitarian relief into Gaza, combined with intense domestic pressure to secure the release of the hostages. The protesters say they view the delivery of aid to Gaza while their loved ones are still being held by Hamas as ""a moral failure"". They say they fear the aid could end up in the group's hands. Israeli media report that although some of the protesters are related to hostages, others are the parents of IDF soldiers currently deployed in Gaza, with another group representing right-wing activists who promote a return of Jewish settlements to Gaza.
Israeli media report that although some of the protesters are related to hostages, others are the parents of IDF soldiers currently deployed in Gaza, with another group representing right-wing activists who promote a return of Jewish settlements to Gaza. The demonstration took place amid unconfirmed reports that Israeli and American officials will hold ""critical"" hostage talks with Qatari and Egyptian mediators in Europe in the coming days. The reports suggest that the director of the US Central Intelligence Agency, William Burns, and the Mossad chief, David Barnea, will meet Qatar's Prime Minister and Foreign Minister, Sheikh Mohammed bin Abdulrahman al-Thani, to discuss the release of more than 100 Israeli hostages and a pause in fighting in Gaza. The White House has described the talks as ""sober"" and ""serious"" efforts, involving players who were key to sealing a previous agreement in November.
[IMAGE 5: ""Israeli protesters stop a convoy of humanitarian aid trucks entering Gaza for third consecutive day.""]","The coverage highlights the profound suffering of families in Gaza, particularly focusing on the plight of children and parents. A father expressed his despair over losing his home and ability to provide for his children amidst the destruction caused by ongoing conflict. The situation is exacerbated by inadequate humanitarian supplies and healthcare, leaving many families in dire circumstances. Additionally, there are reports of protests in Israel where families of hostages express their anguish and moral dilemmas regarding aid to Gaza while their loved ones remain captive.",False,e83342dba7264808|d133f3fd427b14ac|2f8b80d899b17246|b48ca6a5be136133|51a9aabdd6bf2096,0.603,0.2923,5,data/images/e83342dba7264808.jpg|data/images/d133f3fd427b14ac.jpg|data/images/2f8b80d899b17246.jpg|data/images/b48ca6a5be136133.jpg|data/images/51a9aabdd6bf2096.jpg,image_uprank,14,10
3ee8ef988f72fa5d,B1,Why is a mother in UK court after her children's deaths in Colorado?,"[1] Almost half of family courts to allow reporting in England and Wales - BBC News
Family judges have the power to make some of the most drastic interventions in people's lives, as they can take children away from their parents and place them in care or up for adoption. Where parents are separating, these courts decide where children should live, and how much contact they should have with each parent. These cases often involve allegations of domestic abuse. The BBC will be continuing to cover family court stories in the new pilot centres.
The BBC will be continuing to cover family court stories in the new pilot centres. Please get in touch by emailing haveyoursay@bbc.co.uk. Please include a contact number if you are willing to speak to a BBC journalist. You can also get in touch in the following ways:

[2] Fujitsu admits it has a 'moral obligation' to compensate Post Office victims - BBC News
It has been described as the most widespread miscarriage of justice in British history, but to date only 93 convictions have been overturned and thousands of people are still waiting for compensation settlements more than 20 years on. On Tuesday, Scotland's top law official apologised to victims. Lord Advocate Dorothy Bain said the Crown Office and Procurator Fiscal Service (COPFS), which has sole responsibility for prosecuting cases in Scotland, had been misled by the Post Office. In England and Wales, the Post Office carried out most of the prosecutions itself.
Between 1999 and 2015, more than 900 sub-postmasters and postmistresses were prosecuted for theft and false accounting after money appeared to be missing from their branches, but the prosecutions were based on evidence from faulty Horizon software. Some sub-postmasters wrongfully went to prison, many were financially ruined. Some have since died. It has been described as the most widespread miscarriage of justice in British history, but to date only 93 convictions have been overturned and thousands of people are still waiting for compensation settlements more than 20 years on.

[3] Michigan school shooter's mum weeps as she goes on trial - BBC News
A mother who is the first US parent ever to go on trial for failing to stop her son from carrying out a deadly school shooting has sobbed in court as she saw CCTV of the attack. Jennifer Crumbley's lawyer said the prosecution was intended to ""send a message to gun owners"". Her son is serving life in prison for killing four classmates at Oxford High School in Michigan in 2021. Mrs Crumbley's husband, James, is facing a separate trial on the same charges, which are punishable by up to 15 years in prison.
Prosecutor Marc Keast told the jury: ""Jennifer Crumbley didn't pull the trigger that day, but she is responsible for those deaths."" ""We're not here to talk about good parenting or bad parenting,"" he added. ""It's not illegal to be a bad parent."" Prosecutors say that Mr and Mrs Crumbley gave their son the murder weapon as a Christmas gift, and did not help him get the mental health support he needed.

[4] Post Office scandal: Former postmaster's joy after conviction quashed - BBC News
""But the people who have stuck by me, my family, they all told me it would happen. I only wish my mum was here today to see what has happened. ""Hopefully she is looking down on me and smiling and we'll go and see her up at the graveyard and thank her for everything she has done for us."" Mr Thomson's case was one of six in Scotland that were referred to the High Court as a potential miscarriage of justice in November 2022.
Mr Thomson's case was one of six in Scotland that were referred to the High Court as a potential miscarriage of justice in November 2022. His appeal was due to be heard on 1 February but the Crown Office decided earlier this week it would not oppose it and he was formally cleared on Wednesday. A UK-wide inquiry into what happened during the Horizon scandal is under way. The case was thrust back into the public arena by an ITV drama which followed the scandal being uncovered.

[5] Constance Marten trial: Dead baby 'well cared for' by parents, court told - BBC News
She received a further £3,400 from the ""Sturt Trust"" on 3 January. As well as manslaughter, the couple are also accused of four other offences - cruelty to their baby; concealment of the baby's birth; causing or allowing her death; and perverting the course of justice by concealing the body.
Prosecutors allege the baby died as a result of living outdoors in wintry conditions, but in an opening address to the jury, John Femi-Ola KC, who is defending Mr Gordon, said: ""The baby was kept warm and dry, and was fed such as she was well-nourished. The baby did not require medical assistance."" He said there was no evidence of any sign of violence, and no sign of external or internal injuries. Mr Femi-Ola said there was no intention by the couple to pervert the course of justice by deliberately allowing Victoria's body to decompose, because Ms Marten wanted a post-mortem examination to know ""how her beloved baby died"".","The evidence does not provide information regarding a mother in UK court after her children's deaths in Colorado. It discusses various legal cases and issues, including family court reporting in England and Wales, a miscarriage of justice involving the Post Office, a trial of a mother in the US for her son's school shooting, and a trial concerning the care of a baby by parents. None of this directly relates to the query about the mother in UK court.",False,f2d6440eb64e49d0|68eb09023feea195|a0c85641a86ebc36|6c5d059b9888f132|a3a9f4a3158e31d6,0.5599,0.2678,5,,image_uprank,11,8
3ee8ef988f72fa5d,M_nocap,Why is a mother in UK court after her children's deaths in Colorado?,"[1] Almost half of family courts to allow reporting in England and Wales - BBC News
Family judges have the power to make some of the most drastic interventions in people's lives, as they can take children away from their parents and place them in care or up for adoption. Where parents are separating, these courts decide where children should live, and how much contact they should have with each parent. These cases often involve allegations of domestic abuse. The BBC will be continuing to cover family court stories in the new pilot centres.
The BBC will be continuing to cover family court stories in the new pilot centres. Please get in touch by emailing haveyoursay@bbc.co.uk. Please include a contact number if you are willing to speak to a BBC journalist. You can also get in touch in the following ways:

[2] Michigan school shooter's mum weeps as she goes on trial - BBC News
A mother who is the first US parent ever to go on trial for failing to stop her son from carrying out a deadly school shooting has sobbed in court as she saw CCTV of the attack. Jennifer Crumbley's lawyer said the prosecution was intended to ""send a message to gun owners"". Her son is serving life in prison for killing four classmates at Oxford High School in Michigan in 2021. Mrs Crumbley's husband, James, is facing a separate trial on the same charges, which are punishable by up to 15 years in prison.
Prosecutor Marc Keast told the jury: ""Jennifer Crumbley didn't pull the trigger that day, but she is responsible for those deaths."" ""We're not here to talk about good parenting or bad parenting,"" he added. ""It's not illegal to be a bad parent."" Prosecutors say that Mr and Mrs Crumbley gave their son the murder weapon as a Christmas gift, and did not help him get the mental health support he needed.

[3] Constance Marten trial: Dead baby 'well cared for' by parents, court told - BBC News
She received a further £3,400 from the ""Sturt Trust"" on 3 January. As well as manslaughter, the couple are also accused of four other offences - cruelty to their baby; concealment of the baby's birth; causing or allowing her death; and perverting the course of justice by concealing the body.
Prosecutors allege the baby died as a result of living outdoors in wintry conditions, but in an opening address to the jury, John Femi-Ola KC, who is defending Mr Gordon, said: ""The baby was kept warm and dry, and was fed such as she was well-nourished. The baby did not require medical assistance."" He said there was no evidence of any sign of violence, and no sign of external or internal injuries. Mr Femi-Ola said there was no intention by the couple to pervert the course of justice by deliberately allowing Victoria's body to decompose, because Ms Marten wanted a post-mortem examination to know ""how her beloved baby died"".

[4] Constance Marten trial: Baby kept in Lidl bag before being dumped, court told - BBC News
Outlining the case against the defendants, prosecutor Tom Little KC told jurors the couple previously had four other children, all of whom had been taken into care after extensive involvement from social services. He said the couple ""essentially went off-grid"" and lived outside to avoid social services removing their new baby, concealing the pregnancy from family and the health service. The Old Bailey heard that only the defendants knew the precise date the baby was born, but the prosecution said she appeared to have been born after 28 December 2022. On 5 January, a car the family had allegedly been travelling in was discovered on fire on a road in Greater Manchester.
A baby whose body was found in a shed spent much of her life being carried in a Lidl ""bag for life"" while her parents lived ""off-grid"", a court has heard. Constance Marten, 36, and Mark Gordon, 49, are on trial for the manslaughter of newborn Victoria, whose body was discovered in March 2023 after a weeks-long search for the family. Prosecutors said the baby would still be alive if it were not for the ""reckless"" behaviour of the defendants. Outlining the case against the defendants, prosecutor Tom Little KC told jurors the couple previously had four other children, all of whom had been taken into care after extensive involvement from social services.

[5] Post Office scandal: Former postmaster's joy after conviction quashed - BBC News
""But the people who have stuck by me, my family, they all told me it would happen. I only wish my mum was here today to see what has happened. ""Hopefully she is looking down on me and smiling and we'll go and see her up at the graveyard and thank her for everything she has done for us."" Mr Thomson's case was one of six in Scotland that were referred to the High Court as a potential miscarriage of justice in November 2022.
Mr Thomson's case was one of six in Scotland that were referred to the High Court as a potential miscarriage of justice in November 2022. His appeal was due to be heard on 1 February but the Crown Office decided earlier this week it would not oppose it and he was formally cleared on Wednesday. A UK-wide inquiry into what happened during the Horizon scandal is under way. The case was thrust back into the public arena by an ITV drama which followed the scandal being uncovered.","The evidence does not provide information directly related to a mother in UK court after her children's deaths in Colorado. It discusses various court cases, including family courts in England and Wales, a trial involving a mother in Michigan, and a trial concerning a couple accused of manslaughter in the UK. However, none of the evidence addresses the specific query about the mother in question or her circumstances.",False,f2d6440eb64e49d0|a0c85641a86ebc36|a3a9f4a3158e31d6|737f482209fa8859|6c5d059b9888f132,0.5599,0.2681,5,,image_uprank,11,8
3ee8ef988f72fa5d,M,Why is a mother in UK court after her children's deaths in Colorado?,"[1] Almost half of family courts to allow reporting in England and Wales - BBC News
Family judges have the power to make some of the most drastic interventions in people's lives, as they can take children away from their parents and place them in care or up for adoption. Where parents are separating, these courts decide where children should live, and how much contact they should have with each parent. These cases often involve allegations of domestic abuse. The BBC will be continuing to cover family court stories in the new pilot centres.
The BBC will be continuing to cover family court stories in the new pilot centres. Please get in touch by emailing haveyoursay@bbc.co.uk. Please include a contact number if you are willing to speak to a BBC journalist. You can also get in touch in the following ways:
[IMAGE 1: ""A pilot scheme allowing journalists and bloggers into the courts in England and Wales is being extended.""]

[2] Michigan school shooter's mum weeps as she goes on trial - BBC News
A mother who is the first US parent ever to go on trial for failing to stop her son from carrying out a deadly school shooting has sobbed in court as she saw CCTV of the attack. Jennifer Crumbley's lawyer said the prosecution was intended to ""send a message to gun owners"". Her son is serving life in prison for killing four classmates at Oxford High School in Michigan in 2021. Mrs Crumbley's husband, James, is facing a separate trial on the same charges, which are punishable by up to 15 years in prison.
Prosecutor Marc Keast told the jury: ""Jennifer Crumbley didn't pull the trigger that day, but she is responsible for those deaths."" ""We're not here to talk about good parenting or bad parenting,"" he added. ""It's not illegal to be a bad parent."" Prosecutors say that Mr and Mrs Crumbley gave their son the murder weapon as a Christmas gift, and did not help him get the mental health support he needed.
[IMAGE 2: ""Jennifer Crumbley is the first US parent to face a manslaughter trial for such an attack by their child.""]

[3] Constance Marten trial: Dead baby 'well cared for' by parents, court told - BBC News
She received a further £3,400 from the ""Sturt Trust"" on 3 January. As well as manslaughter, the couple are also accused of four other offences - cruelty to their baby; concealment of the baby's birth; causing or allowing her death; and perverting the course of justice by concealing the body.
Prosecutors allege the baby died as a result of living outdoors in wintry conditions, but in an opening address to the jury, John Femi-Ola KC, who is defending Mr Gordon, said: ""The baby was kept warm and dry, and was fed such as she was well-nourished. The baby did not require medical assistance."" He said there was no evidence of any sign of violence, and no sign of external or internal injuries. Mr Femi-Ola said there was no intention by the couple to pervert the course of justice by deliberately allowing Victoria's body to decompose, because Ms Marten wanted a post-mortem examination to know ""how her beloved baby died"".
[IMAGE 3: ""Constance Marten and Mark Gordon are accused of the manslaughter of their baby daughter Victoria.""]

[4] Constance Marten trial: Baby kept in Lidl bag before being dumped, court told - BBC News
Outlining the case against the defendants, prosecutor Tom Little KC told jurors the couple previously had four other children, all of whom had been taken into care after extensive involvement from social services. He said the couple ""essentially went off-grid"" and lived outside to avoid social services removing their new baby, concealing the pregnancy from family and the health service. The Old Bailey heard that only the defendants knew the precise date the baby was born, but the prosecution said she appeared to have been born after 28 December 2022. On 5 January, a car the family had allegedly been travelling in was discovered on fire on a road in Greater Manchester.
A baby whose body was found in a shed spent much of her life being carried in a Lidl ""bag for life"" while her parents lived ""off-grid"", a court has heard. Constance Marten, 36, and Mark Gordon, 49, are on trial for the manslaughter of newborn Victoria, whose body was discovered in March 2023 after a weeks-long search for the family. Prosecutors said the baby would still be alive if it were not for the ""reckless"" behaviour of the defendants. Outlining the case against the defendants, prosecutor Tom Little KC told jurors the couple previously had four other children, all of whom had been taken into care after extensive involvement from social services.
[IMAGE 4: ""Constance Marten and her partner Mark Gordon are on trial for the manslaughter of their newborn baby.""]

[5] Post Office scandal: Former postmaster's joy after conviction quashed - BBC News
""But the people who have stuck by me, my family, they all told me it would happen. I only wish my mum was here today to see what has happened. ""Hopefully she is looking down on me and smiling and we'll go and see her up at the graveyard and thank her for everything she has done for us."" Mr Thomson's case was one of six in Scotland that were referred to the High Court as a potential miscarriage of justice in November 2022.
Mr Thomson's case was one of six in Scotland that were referred to the High Court as a potential miscarriage of justice in November 2022. His appeal was due to be heard on 1 February but the Crown Office decided earlier this week it would not oppose it and he was formally cleared on Wednesday. A UK-wide inquiry into what happened during the Horizon scandal is under way. The case was thrust back into the public arena by an ITV drama which followed the scandal being uncovered.
[IMAGE 5: ""Rab Thomson, from Clackmannanshire, is the fifth person in Scotland to have their conviction overturned.""]","The evidence does not provide any information regarding a mother in UK court after her children's deaths in Colorado. It discusses various court cases, including family courts in England and Wales, a trial involving a mother in Michigan related to a school shooting, and a trial concerning the manslaughter of a newborn baby in the UK. However, none of this relates to the specific query about the mother in UK court after her children's deaths in Colorado.",False,f2d6440eb64e49d0|a0c85641a86ebc36|a3a9f4a3158e31d6|737f482209fa8859|6c5d059b9888f132,0.5599,0.2681,5,,image_uprank,11,8
3ee8ef988f72fa5d,M_vision,Why is a mother in UK court after her children's deaths in Colorado?,"[1] Almost half of family courts to allow reporting in England and Wales - BBC News
Family judges have the power to make some of the most drastic interventions in people's lives, as they can take children away from their parents and place them in care or up for adoption. Where parents are separating, these courts decide where children should live, and how much contact they should have with each parent. These cases often involve allegations of domestic abuse. The BBC will be continuing to cover family court stories in the new pilot centres.
The BBC will be continuing to cover family court stories in the new pilot centres. Please get in touch by emailing haveyoursay@bbc.co.uk. Please include a contact number if you are willing to speak to a BBC journalist. You can also get in touch in the following ways:
[IMAGE 1: ""A pilot scheme allowing journalists and bloggers into the courts in England and Wales is being extended.""]

[2] Michigan school shooter's mum weeps as she goes on trial - BBC News
A mother who is the first US parent ever to go on trial for failing to stop her son from carrying out a deadly school shooting has sobbed in court as she saw CCTV of the attack. Jennifer Crumbley's lawyer said the prosecution was intended to ""send a message to gun owners"". Her son is serving life in prison for killing four classmates at Oxford High School in Michigan in 2021. Mrs Crumbley's husband, James, is facing a separate trial on the same charges, which are punishable by up to 15 years in prison.
Prosecutor Marc Keast told the jury: ""Jennifer Crumbley didn't pull the trigger that day, but she is responsible for those deaths."" ""We're not here to talk about good parenting or bad parenting,"" he added. ""It's not illegal to be a bad parent."" Prosecutors say that Mr and Mrs Crumbley gave their son the murder weapon as a Christmas gift, and did not help him get the mental health support he needed.
[IMAGE 2: ""Jennifer Crumbley is the first US parent to face a manslaughter trial for such an attack by their child.""]

[3] Constance Marten trial: Dead baby 'well cared for' by parents, court told - BBC News
She received a further £3,400 from the ""Sturt Trust"" on 3 January. As well as manslaughter, the couple are also accused of four other offences - cruelty to their baby; concealment of the baby's birth; causing or allowing her death; and perverting the course of justice by concealing the body.
Prosecutors allege the baby died as a result of living outdoors in wintry conditions, but in an opening address to the jury, John Femi-Ola KC, who is defending Mr Gordon, said: ""The baby was kept warm and dry, and was fed such as she was well-nourished. The baby did not require medical assistance."" He said there was no evidence of any sign of violence, and no sign of external or internal injuries. Mr Femi-Ola said there was no intention by the couple to pervert the course of justice by deliberately allowing Victoria's body to decompose, because Ms Marten wanted a post-mortem examination to know ""how her beloved baby died"".
[IMAGE 3: ""Constance Marten and Mark Gordon are accused of the manslaughter of their baby daughter Victoria.""]

[4] Constance Marten trial: Baby kept in Lidl bag before being dumped, court told - BBC News
Outlining the case against the defendants, prosecutor Tom Little KC told jurors the couple previously had four other children, all of whom had been taken into care after extensive involvement from social services. He said the couple ""essentially went off-grid"" and lived outside to avoid social services removing their new baby, concealing the pregnancy from family and the health service. The Old Bailey heard that only the defendants knew the precise date the baby was born, but the prosecution said she appeared to have been born after 28 December 2022. On 5 January, a car the family had allegedly been travelling in was discovered on fire on a road in Greater Manchester.
A baby whose body was found in a shed spent much of her life being carried in a Lidl ""bag for life"" while her parents lived ""off-grid"", a court has heard. Constance Marten, 36, and Mark Gordon, 49, are on trial for the manslaughter of newborn Victoria, whose body was discovered in March 2023 after a weeks-long search for the family. Prosecutors said the baby would still be alive if it were not for the ""reckless"" behaviour of the defendants. Outlining the case against the defendants, prosecutor Tom Little KC told jurors the couple previously had four other children, all of whom had been taken into care after extensive involvement from social services.
[IMAGE 4: ""Constance Marten and her partner Mark Gordon are on trial for the manslaughter of their newborn baby.""]

[5] Post Office scandal: Former postmaster's joy after conviction quashed - BBC News
""But the people who have stuck by me, my family, they all told me it would happen. I only wish my mum was here today to see what has happened. ""Hopefully she is looking down on me and smiling and we'll go and see her up at the graveyard and thank her for everything she has done for us."" Mr Thomson's case was one of six in Scotland that were referred to the High Court as a potential miscarriage of justice in November 2022.
Mr Thomson's case was one of six in Scotland that were referred to the High Court as a potential miscarriage of justice in November 2022. His appeal was due to be heard on 1 February but the Crown Office decided earlier this week it would not oppose it and he was formally cleared on Wednesday. A UK-wide inquiry into what happened during the Horizon scandal is under way. The case was thrust back into the public arena by an ITV drama which followed the scandal being uncovered.
[IMAGE 5: ""Rab Thomson, from Clackmannanshire, is the fifth person in Scotland to have their conviction overturned.""]","The evidence does not provide information directly related to a mother in a UK court after her children's deaths in Colorado. It discusses various court cases, including family courts in England and Wales, a trial involving a mother in Michigan for her son's school shooting, and a trial concerning the manslaughter of a newborn in the UK. However, none of these cases specifically address the query about the mother in question.",False,f2d6440eb64e49d0|a0c85641a86ebc36|a3a9f4a3158e31d6|737f482209fa8859|6c5d059b9888f132,0.5599,0.2681,5,data/images/f2d6440eb64e49d0.jpg|data/images/a0c85641a86ebc36.jpg|data/images/a3a9f4a3158e31d6.jpg|data/images/737f482209fa8859.jpg|data/images/6c5d059b9888f132.jpg,image_uprank,11,8
f924c3bb5f74d6ee,B1,What new footage shows inspection after a dramatic mid-air blowout on a Boeing plane?,"[1] US launches Boeing investigation after blowout - BBC News
Boeing said it would ""cooperate full and transparently"" with the investigation. Company boss, Dave Calhoun, had previously described the problem as a ""quality escape"". It means the incident was caused by some failure in quality control in the plane, which had been in service for just eight weeks before the blowout. Watch: 'Trip from hell': On board flight during mid-air blowout
Watch: 'Trip from hell': On board flight during mid-air blowout He told CNBC there were still questions that needed to be answered about how the incident was allowed to happen. ""What broke down in our gauntlet of inspections? What broke down in the original work that allowed for that escape to happen,"" he said.

[2] Boeing to increase quality inspections of 737 Max production - BBC News
The blowout forced an emergency landing but resulted in no serious injuries Boeing says there will be more quality inspections for its 737 Max aircraft after an unused door blew off an Alaska Airlines plane mid-flight. The US plane maker said that an outside party would be brought in to assess its production practices. It will also check the work of the firm that supplies and installs the parts involved in the accident.
""We are planning additional inspections throughout the build process at Boeing and at Spirit,"" Mr Deal said. ""These checks will provide one more layer of scrutiny on top of the thousands of inspections performed today across each 737 airplane."" Scrutiny of Boeing has been renewed after the blowout on the Alaska Airlines flight from Portland, Oregon to California, which forced an emergency landing but resulted in no serious injuries. The US aerospace giant has been struggling to restore confidence after crashes in 2018 and 2019 involving a different plane in the 737 Max group killed 346 people.

[3] Japan jet crash: Passengers describe chaos inside flight 516 - BBC News
A third reported to Kyodo News he felt ""a boom like we had hit something and jerked upward the moment we landed"". Snippets of those moments were caught on phones. Some passengers filmed the red glow from a still sparking engine as the plane came to a halt. Another took footage inside, a miasma of smoke quickly obscuring the camera lens as passengers shouted and cabin crew tried to direct their next moves.
Images and video show the moment people began to jump down the airliner's inflatable slides - some tumbling in their effort to get away from a now burning cabin, and running to greater safety. No one appears to be holding their bulky carry-on luggage - a major factor in how quickly a cabin can be cleared. Alex Macheras, an aviation analyst, told the BBC that the crew ""were able to initiate a textbook evacuation"" in the crucial first few minutes after impact. The fire was ""isolated to one area"" of the Airbus A350 for the initial 90 seconds, allowing them a brief window to get everyone out.

[4] Alaska Airlines plane had warnings days before mid-air blowout - BBC News
""An additional maintenance look"" was requested but ""not completed"" before the incident, Ms Homendy said. The plane was brand new having been delivered to Alaska Airlines in October - at which time it was judged by the FAA to be airworthy. Ms Homendy also used the conference to set out new details of the ""very chaotic"" and ""terrifying"" situation on board Alaska Airlines flight 1282. The force of the blowout caused the door of the cockpit to open and a laminated checklist and the first officer's headset both flew out into the cabin, she said.
The force of the blowout caused the door of the cockpit to open and a laminated checklist and the first officer's headset both flew out into the cabin, she said. She added that no information from the cockpit voice recorder was available, as the recording had been automatically wiped after a two-hour cut-off was reached. The NTSB wanted this window to be increased to 25 hours, she added. Ms Homendy later announced that the part of the fuselage that detached had been found, after a teacher named Bob located the missing section in his backyard.

[5] FAA grounds 171 Boeing planes after mid-air blowout on Alaska Airlines jet - BBC News
Watch: 'Trip from hell': On board flight during mid-air blowout The US airline regulator has ordered the grounding of some Boeing 737 Max 9 jets after part of one plane fell off during an Alaska Airlines flight. The Federal Aviation Administration (FAA) said the inspections would affect 171 planes. On Friday the Alaska Airlines flight had to make an emergency landing after take-off from the US state of Oregon.
""We have written to non-UK and foreign permit carriers to ask inspections have been undertaken prior to operation in UK airspace,"" it wrote on X, formerly Twitter. Images sent to news outlets of the affected area showed the night sky visible through the gap in the fuselage, with insulation material and other debris also seen. There were no immediate indications of the cause of the apparent structural failure, nor any reports of injuries. Passenger Evan Smith said: ""There was a really loud bang towards the left rear of the plane and a woosh noise - and all the air masks dropped.","The coverage reports on a mid-air blowout incident involving a Boeing aircraft, specifically an Alaska Airlines flight that required an emergency landing. The blowout, which resulted from a failure in quality control, led to the detachment of a door and caused chaos on board, with items flying into the cabin. In response, Boeing announced plans to increase quality inspections for its 737 Max production and will involve an outside party to assess its practices. The FAA has grounded 171 Boeing planes for inspections following the incident, highlighting ongoing scrutiny of Boeing's safety measures.",False,da207d9d47fcfca5|936e5fc1857e4aad|3e9eef4f369e3b71|f5c65230b25ce55a|9d3ac8d1c83ebb33,0.638,0.3228,5,,image_uprank,10,8
f924c3bb5f74d6ee,M_nocap,What new footage shows inspection after a dramatic mid-air blowout on a Boeing plane?,"[1] US launches Boeing investigation after blowout - BBC News
Boeing said it would ""cooperate full and transparently"" with the investigation. Company boss, Dave Calhoun, had previously described the problem as a ""quality escape"". It means the incident was caused by some failure in quality control in the plane, which had been in service for just eight weeks before the blowout. Watch: 'Trip from hell': On board flight during mid-air blowout
Watch: 'Trip from hell': On board flight during mid-air blowout He told CNBC there were still questions that needed to be answered about how the incident was allowed to happen. ""What broke down in our gauntlet of inspections? What broke down in the original work that allowed for that escape to happen,"" he said.

[2] Japan jet crash: Passengers describe chaos inside flight 516 - BBC News
A third reported to Kyodo News he felt ""a boom like we had hit something and jerked upward the moment we landed"". Snippets of those moments were caught on phones. Some passengers filmed the red glow from a still sparking engine as the plane came to a halt. Another took footage inside, a miasma of smoke quickly obscuring the camera lens as passengers shouted and cabin crew tried to direct their next moves.
Images and video show the moment people began to jump down the airliner's inflatable slides - some tumbling in their effort to get away from a now burning cabin, and running to greater safety. No one appears to be holding their bulky carry-on luggage - a major factor in how quickly a cabin can be cleared. Alex Macheras, an aviation analyst, told the BBC that the crew ""were able to initiate a textbook evacuation"" in the crucial first few minutes after impact. The fire was ""isolated to one area"" of the Airbus A350 for the initial 90 seconds, allowing them a brief window to get everyone out.

[3] Boeing to increase quality inspections of 737 Max production - BBC News
The blowout forced an emergency landing but resulted in no serious injuries Boeing says there will be more quality inspections for its 737 Max aircraft after an unused door blew off an Alaska Airlines plane mid-flight. The US plane maker said that an outside party would be brought in to assess its production practices. It will also check the work of the firm that supplies and installs the parts involved in the accident.
""We are planning additional inspections throughout the build process at Boeing and at Spirit,"" Mr Deal said. ""These checks will provide one more layer of scrutiny on top of the thousands of inspections performed today across each 737 airplane."" Scrutiny of Boeing has been renewed after the blowout on the Alaska Airlines flight from Portland, Oregon to California, which forced an emergency landing but resulted in no serious injuries. The US aerospace giant has been struggling to restore confidence after crashes in 2018 and 2019 involving a different plane in the 737 Max group killed 346 people.

[4] Alaska Airlines plane had warnings days before mid-air blowout - BBC News
""An additional maintenance look"" was requested but ""not completed"" before the incident, Ms Homendy said. The plane was brand new having been delivered to Alaska Airlines in October - at which time it was judged by the FAA to be airworthy. Ms Homendy also used the conference to set out new details of the ""very chaotic"" and ""terrifying"" situation on board Alaska Airlines flight 1282. The force of the blowout caused the door of the cockpit to open and a laminated checklist and the first officer's headset both flew out into the cabin, she said.
The force of the blowout caused the door of the cockpit to open and a laminated checklist and the first officer's headset both flew out into the cabin, she said. She added that no information from the cockpit voice recorder was available, as the recording had been automatically wiped after a two-hour cut-off was reached. The NTSB wanted this window to be increased to 25 hours, she added. Ms Homendy later announced that the part of the fuselage that detached had been found, after a teacher named Bob located the missing section in his backyard.

[5] Boeing 737 Max 9: Jets to stay grounded as inspections continue - BBC News
Watch: 'Trip from hell': On board flight during mid-air blowout The US aviation regulator has said 171 Boeing 737 Max 9 planes will remain grounded until it is satisfied the planes are safe. The Federal Aviation Administration (FAA) has been inspecting the jets after part of an Alaska Airlines plane's fuselage fell off on Friday. The FAA said its first priority was ""keeping the flying public safe"".
During Friday's incident, Alaska Airlines flight 1282 from Portland, Oregon, to Ontario, California, reached 16,000ft (4,876m) when it began an emergency descent, according to flight tracking data. Passengers on board said a large section of the plane's outer shell fell to the ground shortly after take-off. Images sent to news outlets show the night sky and lights of Portland visible through the gap in the fuselage, with insulation material and other debris also seen. One passenger said the gap was ""as wide as a refrigerator"" while another said a child's shirt was ripped off in the wind as the plane made its emergency landing.","The coverage reports on a mid-air blowout incident involving a Boeing aircraft, specifically an Alaska Airlines flight, which forced an emergency landing but resulted in no serious injuries. Boeing is cooperating with an investigation and has acknowledged a ""quality escape"" related to the incident, prompting the company to increase quality inspections for its 737 Max production. The National Transportation Safety Board (NTSB) revealed that the aircraft had received warnings prior to the blowout, and an additional maintenance check was requested but not completed. The incident caused significant chaos on board, with parts of the cockpit flying into the cabin and a section of the fuselage detaching during flight.",False,da207d9d47fcfca5|3e9eef4f369e3b71|936e5fc1857e4aad|f5c65230b25ce55a|115a1018793f38c3,0.638,0.3228,5,,image_uprank,10,8
f924c3bb5f74d6ee,M,What new footage shows inspection after a dramatic mid-air blowout on a Boeing plane?,"[1] US launches Boeing investigation after blowout - BBC News
Boeing said it would ""cooperate full and transparently"" with the investigation. Company boss, Dave Calhoun, had previously described the problem as a ""quality escape"". It means the incident was caused by some failure in quality control in the plane, which had been in service for just eight weeks before the blowout. Watch: 'Trip from hell': On board flight during mid-air blowout
Watch: 'Trip from hell': On board flight during mid-air blowout He told CNBC there were still questions that needed to be answered about how the incident was allowed to happen. ""What broke down in our gauntlet of inspections? What broke down in the original work that allowed for that escape to happen,"" he said.
[IMAGE 1: ""The Federal Aviation Administration will examine the jet-maker's processes after last Friday's emergency.""]

[2] Japan jet crash: Passengers describe chaos inside flight 516 - BBC News
A third reported to Kyodo News he felt ""a boom like we had hit something and jerked upward the moment we landed"". Snippets of those moments were caught on phones. Some passengers filmed the red glow from a still sparking engine as the plane came to a halt. Another took footage inside, a miasma of smoke quickly obscuring the camera lens as passengers shouted and cabin crew tried to direct their next moves.
Images and video show the moment people began to jump down the airliner's inflatable slides - some tumbling in their effort to get away from a now burning cabin, and running to greater safety. No one appears to be holding their bulky carry-on luggage - a major factor in how quickly a cabin can be cleared. Alex Macheras, an aviation analyst, told the BBC that the crew ""were able to initiate a textbook evacuation"" in the crucial first few minutes after impact. The fire was ""isolated to one area"" of the Airbus A350 for the initial 90 seconds, allowing them a brief window to get everyone out.
[IMAGE 2: ""Nearly 400 people were trapped inside a burning JAL 516. What happened next has been described as a miracle.""]

[3] Boeing to increase quality inspections of 737 Max production - BBC News
The blowout forced an emergency landing but resulted in no serious injuries Boeing says there will be more quality inspections for its 737 Max aircraft after an unused door blew off an Alaska Airlines plane mid-flight. The US plane maker said that an outside party would be brought in to assess its production practices. It will also check the work of the firm that supplies and installs the parts involved in the accident.
""We are planning additional inspections throughout the build process at Boeing and at Spirit,"" Mr Deal said. ""These checks will provide one more layer of scrutiny on top of the thousands of inspections performed today across each 737 airplane."" Scrutiny of Boeing has been renewed after the blowout on the Alaska Airlines flight from Portland, Oregon to California, which forced an emergency landing but resulted in no serious injuries. The US aerospace giant has been struggling to restore confidence after crashes in 2018 and 2019 involving a different plane in the 737 Max group killed 346 people.
[IMAGE 3: ""The plane maker will allow independent assessments after a door plug fell from one of its aircraft.""]

[4] Alaska Airlines plane had warnings days before mid-air blowout - BBC News
""An additional maintenance look"" was requested but ""not completed"" before the incident, Ms Homendy said. The plane was brand new having been delivered to Alaska Airlines in October - at which time it was judged by the FAA to be airworthy. Ms Homendy also used the conference to set out new details of the ""very chaotic"" and ""terrifying"" situation on board Alaska Airlines flight 1282. The force of the blowout caused the door of the cockpit to open and a laminated checklist and the first officer's headset both flew out into the cabin, she said.
The force of the blowout caused the door of the cockpit to open and a laminated checklist and the first officer's headset both flew out into the cabin, she said. She added that no information from the cockpit voice recorder was available, as the recording had been automatically wiped after a two-hour cut-off was reached. The NTSB wanted this window to be increased to 25 hours, she added. Ms Homendy later announced that the part of the fuselage that detached had been found, after a teacher named Bob located the missing section in his backyard.
[IMAGE 4: ""The jet involved in Friday's incident had been prevented from long trips over water, US investigators say.""]

[5] Boeing 737 Max 9: Jets to stay grounded as inspections continue - BBC News
Watch: 'Trip from hell': On board flight during mid-air blowout The US aviation regulator has said 171 Boeing 737 Max 9 planes will remain grounded until it is satisfied the planes are safe. The Federal Aviation Administration (FAA) has been inspecting the jets after part of an Alaska Airlines plane's fuselage fell off on Friday. The FAA said its first priority was ""keeping the flying public safe"".
During Friday's incident, Alaska Airlines flight 1282 from Portland, Oregon, to Ontario, California, reached 16,000ft (4,876m) when it began an emergency descent, according to flight tracking data. Passengers on board said a large section of the plane's outer shell fell to the ground shortly after take-off. Images sent to news outlets show the night sky and lights of Portland visible through the gap in the fuselage, with insulation material and other debris also seen. One passenger said the gap was ""as wide as a refrigerator"" while another said a child's shirt was ripped off in the wind as the plane made its emergency landing.
[IMAGE 5: ""The US aviation regulator says 171 Boeing planes will remain grounded until it is satisfied they are safe.""]","The coverage reports on a mid-air blowout incident involving a Boeing aircraft, specifically an Alaska Airlines flight, which forced an emergency landing but resulted in no serious injuries. Boeing is cooperating with an investigation into the incident, which has been attributed to a failure in quality control, and the company plans to increase quality inspections for its 737 Max production. The Federal Aviation Administration is also involved, inspecting the aircraft and grounding 171 Boeing 737 Max 9 planes until safety is assured. Additionally, there were warnings about maintenance that were not completed prior to the incident, and a part of the fuselage that detached has been located.",False,da207d9d47fcfca5|3e9eef4f369e3b71|936e5fc1857e4aad|f5c65230b25ce55a|115a1018793f38c3,0.638,0.3228,5,,image_uprank,10,8
f924c3bb5f74d6ee,M_vision,What new footage shows inspection after a dramatic mid-air blowout on a Boeing plane?,"[1] US launches Boeing investigation after blowout - BBC News
Boeing said it would ""cooperate full and transparently"" with the investigation. Company boss, Dave Calhoun, had previously described the problem as a ""quality escape"". It means the incident was caused by some failure in quality control in the plane, which had been in service for just eight weeks before the blowout. Watch: 'Trip from hell': On board flight during mid-air blowout
Watch: 'Trip from hell': On board flight during mid-air blowout He told CNBC there were still questions that needed to be answered about how the incident was allowed to happen. ""What broke down in our gauntlet of inspections? What broke down in the original work that allowed for that escape to happen,"" he said.
[IMAGE 1: ""The Federal Aviation Administration will examine the jet-maker's processes after last Friday's emergency.""]

[2] Japan jet crash: Passengers describe chaos inside flight 516 - BBC News
A third reported to Kyodo News he felt ""a boom like we had hit something and jerked upward the moment we landed"". Snippets of those moments were caught on phones. Some passengers filmed the red glow from a still sparking engine as the plane came to a halt. Another took footage inside, a miasma of smoke quickly obscuring the camera lens as passengers shouted and cabin crew tried to direct their next moves.
Images and video show the moment people began to jump down the airliner's inflatable slides - some tumbling in their effort to get away from a now burning cabin, and running to greater safety. No one appears to be holding their bulky carry-on luggage - a major factor in how quickly a cabin can be cleared. Alex Macheras, an aviation analyst, told the BBC that the crew ""were able to initiate a textbook evacuation"" in the crucial first few minutes after impact. The fire was ""isolated to one area"" of the Airbus A350 for the initial 90 seconds, allowing them a brief window to get everyone out.
[IMAGE 2: ""Nearly 400 people were trapped inside a burning JAL 516. What happened next has been described as a miracle.""]

[3] Boeing to increase quality inspections of 737 Max production - BBC News
The blowout forced an emergency landing but resulted in no serious injuries Boeing says there will be more quality inspections for its 737 Max aircraft after an unused door blew off an Alaska Airlines plane mid-flight. The US plane maker said that an outside party would be brought in to assess its production practices. It will also check the work of the firm that supplies and installs the parts involved in the accident.
""We are planning additional inspections throughout the build process at Boeing and at Spirit,"" Mr Deal said. ""These checks will provide one more layer of scrutiny on top of the thousands of inspections performed today across each 737 airplane."" Scrutiny of Boeing has been renewed after the blowout on the Alaska Airlines flight from Portland, Oregon to California, which forced an emergency landing but resulted in no serious injuries. The US aerospace giant has been struggling to restore confidence after crashes in 2018 and 2019 involving a different plane in the 737 Max group killed 346 people.
[IMAGE 3: ""The plane maker will allow independent assessments after a door plug fell from one of its aircraft.""]

[4] Alaska Airlines plane had warnings days before mid-air blowout - BBC News
""An additional maintenance look"" was requested but ""not completed"" before the incident, Ms Homendy said. The plane was brand new having been delivered to Alaska Airlines in October - at which time it was judged by the FAA to be airworthy. Ms Homendy also used the conference to set out new details of the ""very chaotic"" and ""terrifying"" situation on board Alaska Airlines flight 1282. The force of the blowout caused the door of the cockpit to open and a laminated checklist and the first officer's headset both flew out into the cabin, she said.
The force of the blowout caused the door of the cockpit to open and a laminated checklist and the first officer's headset both flew out into the cabin, she said. She added that no information from the cockpit voice recorder was available, as the recording had been automatically wiped after a two-hour cut-off was reached. The NTSB wanted this window to be increased to 25 hours, she added. Ms Homendy later announced that the part of the fuselage that detached had been found, after a teacher named Bob located the missing section in his backyard.
[IMAGE 4: ""The jet involved in Friday's incident had been prevented from long trips over water, US investigators say.""]

[5] Boeing 737 Max 9: Jets to stay grounded as inspections continue - BBC News
Watch: 'Trip from hell': On board flight during mid-air blowout The US aviation regulator has said 171 Boeing 737 Max 9 planes will remain grounded until it is satisfied the planes are safe. The Federal Aviation Administration (FAA) has been inspecting the jets after part of an Alaska Airlines plane's fuselage fell off on Friday. The FAA said its first priority was ""keeping the flying public safe"".
During Friday's incident, Alaska Airlines flight 1282 from Portland, Oregon, to Ontario, California, reached 16,000ft (4,876m) when it began an emergency descent, according to flight tracking data. Passengers on board said a large section of the plane's outer shell fell to the ground shortly after take-off. Images sent to news outlets show the night sky and lights of Portland visible through the gap in the fuselage, with insulation material and other debris also seen. One passenger said the gap was ""as wide as a refrigerator"" while another said a child's shirt was ripped off in the wind as the plane made its emergency landing.
[IMAGE 5: ""The US aviation regulator says 171 Boeing planes will remain grounded until it is satisfied they are safe.""]","The coverage reports on a mid-air blowout involving a Boeing aircraft, specifically an Alaska Airlines flight that experienced a significant incident shortly after takeoff. The blowout led to an emergency landing, with no serious injuries reported. Boeing is facing scrutiny over its quality control processes, as the incident was attributed to a failure in these procedures. The Federal Aviation Administration is conducting inspections and has grounded several Boeing 737 Max 9 planes until safety is assured. Additionally, there were warnings about maintenance that were not addressed prior to the incident.",False,da207d9d47fcfca5|3e9eef4f369e3b71|936e5fc1857e4aad|f5c65230b25ce55a|115a1018793f38c3,0.638,0.3228,5,data/images/da207d9d47fcfca5.jpg|data/images/3e9eef4f369e3b71.jpg|data/images/936e5fc1857e4aad.jpg|data/images/f5c65230b25ce55a.jpg|data/images/115a1018793f38c3.jpg,image_uprank,10,8
33feedbb07048c53,B1,Why are scammers targeting desperate pet owners?,"[1] XL bully dogs: Ban decision 'needed shortly' in Northern Ireland - BBC News
BBC News NI has also heard from animal shelters in Northern Ireland which say dozens of XL bully dog owners in England and Wales have been contacting them looking to rehome their pets here. Karen Matthews, from Almost Home Animal Rescue in Moira, County Down, said she has had at least 20 calls from Great Britain. ""We've had quite a few calls asking for help, and really distressing calls for us as well that we are having to say no and turn people away that are desperate for our help,"" she said. ""It's such a tough one, it's so emotive.
The Department of Agriculture, Environment and Rural Affairs (DAERA) told BBC News NI that if ministers are not in post, senior officials will consider what steps can be taken under the provision of the Northern Ireland Executive Formation Act 2022. Nora Smith, from the USPCA, said its plea to DAERA would be to take an evidence-based approach on the issue. ""Ultimately what we need to be dealing with is the unscrupulous breeders and those who are irresponsible when it comes to dog ownership."" BBC News NI has also heard from animal shelters in Northern Ireland which say dozens of XL bully dog owners in England and Wales have been contacting them looking to rehome their pets here.

[2] Dog enjoys priciest meal of his life - $4,000 cash - BBC News
A video of the incident, which made the dog a momentary internet star, showed the pet owner in tears. The Laws, meanwhile, said they are trying to see the levity of the situation, writing on their viral video that ""the remaining scraps will be our most expensive piece of art"".
A money-hungry pooch was in the dog house for chewing up $4,000 (£3,153) cash that his owners had left out. Cecil, a goldendoodle from Pennsylvania, has gone viral for snacking on the envelope of money his owners had set aside for a contractor. Clayton and Carrie Law pieced together most of the shredded bills after a smelly search of Cecil's droppings and vomit - only $450 is still missing. Cecil's veterinarian told the couple their greedy pet would be OK.

[3] Airbnb cottage near Inverness trashed by puppy seller - BBC News
""A number of puppies were being kept in the property, along with their mum, and we had these animals checked over by a vet. ""The vet had no concerns over their health. We are continuing to work with the owner of these animals to ensure they are being appropriately cared for."" A Police Scotland spokesperson said: ""Officers attended along with a partner agency and carried out inquiries.
""You just have to get on with it."" Some of the puppies were found inside a car The couple called in the police and Scottish SPCA. The puppies were originally seized by the charity but were returned to the owner.

[4] South Korea passes law banning dog meat trade - BBC News
One dog meat restaurant owner in her 60s, Mrs Kim, told the BBC she was frustrated by the ban, and blamed it on the rise in the number of people in South Korea having pets. ""Young people these days don't get married, so they think of pets as family, but food is food. We should accept dog meat but raise and slaughter them in a hygienic environment,"" she said. ""Other countries like China and Vietnam eat dogs, so why are we banning it?""
One dog farmer, Joo Yeong-bong, told the BBC the industry was in despair. ""In 10 years, the industry would have disappeared. We're in our 60s and 70s and now we have no choice but to lose our livelihoods,"" he said, adding that this was ""an infringement of people's freedom to eat what they like"". One dog meat restaurant owner in her 60s, Mrs Kim, told the BBC she was frustrated by the ban, and blamed it on the rise in the number of people in South Korea having pets.

[5] Port Talbot cat rescuers in court over filthy animal sanctuary - BBC News
In the house there were bags of rubbish filled with cat litter Two men have been banned from keeping animals for 10 years after 24 cats at their animal sanctuary were kept in filthy conditions. Martin Clowes, 55, and Gavin Cromwell, 42, who ran Jemima's Place, pleaded guilty to failing to meet the needs of the animals. The RSPCA was called to the property in Port Talbot after it caught fire.
A total of 11 cats were found dead in the property. The 13 cats that were found alive were taken into RSPCA care. The RSPCA was called to the property by firefighters who had put out a blaze at the house in Pyle Road, Margam. RSPCA animal rescue officer Paula Milton was told by a neighbour that the owner had opened a rescue called Jemima's Place.","The evidence does not directly address why scammers are targeting desperate pet owners. However, it highlights the emotional distress and challenges faced by pet owners, particularly those looking to rehome pets due to changing regulations or personal circumstances. For instance, animal shelters in Northern Ireland report receiving numerous distressing calls from XL bully dog owners seeking help, indicating a vulnerable situation for these pet owners. Additionally, there are mentions of irresponsible breeding and poor animal care, which could create opportunities for exploitation by scammers.",False,4b4659927c9efb54|1ce4ed351d4c88b0|1110eb085b703b5d|351bc1b24475c572|49f704b906f9f54e,0.5138,0.2661,5,,neutral,1,1
33feedbb07048c53,M_nocap,Why are scammers targeting desperate pet owners?,"[1] XL bully dogs: Ban decision 'needed shortly' in Northern Ireland - BBC News
BBC News NI has also heard from animal shelters in Northern Ireland which say dozens of XL bully dog owners in England and Wales have been contacting them looking to rehome their pets here. Karen Matthews, from Almost Home Animal Rescue in Moira, County Down, said she has had at least 20 calls from Great Britain. ""We've had quite a few calls asking for help, and really distressing calls for us as well that we are having to say no and turn people away that are desperate for our help,"" she said. ""It's such a tough one, it's so emotive.
The Department of Agriculture, Environment and Rural Affairs (DAERA) told BBC News NI that if ministers are not in post, senior officials will consider what steps can be taken under the provision of the Northern Ireland Executive Formation Act 2022. Nora Smith, from the USPCA, said its plea to DAERA would be to take an evidence-based approach on the issue. ""Ultimately what we need to be dealing with is the unscrupulous breeders and those who are irresponsible when it comes to dog ownership."" BBC News NI has also heard from animal shelters in Northern Ireland which say dozens of XL bully dog owners in England and Wales have been contacting them looking to rehome their pets here.

[2] Dog enjoys priciest meal of his life - $4,000 cash - BBC News
A video of the incident, which made the dog a momentary internet star, showed the pet owner in tears. The Laws, meanwhile, said they are trying to see the levity of the situation, writing on their viral video that ""the remaining scraps will be our most expensive piece of art"".
A money-hungry pooch was in the dog house for chewing up $4,000 (£3,153) cash that his owners had left out. Cecil, a goldendoodle from Pennsylvania, has gone viral for snacking on the envelope of money his owners had set aside for a contractor. Clayton and Carrie Law pieced together most of the shredded bills after a smelly search of Cecil's droppings and vomit - only $450 is still missing. Cecil's veterinarian told the couple their greedy pet would be OK.

[3] Scotland to replicate ban on XL bully dogs - Yousaf - BBC News
Amid rising concerns over attacks, the UK government banned the breed in England and Wales. The Scottish government has accepted there has been an influx of XL bullies to Scotland since the UK's new law. Mr Yousaf said the UK government's measures were ""not a ban"" and were announced without consultation with the Scottish government. As of 31 December, the UK government has banned the breeding, selling or abandonment of the dogs in England.
When the issue was raised at First Minister's Questions on Thursday, Mr Yousaf said the measures in England were not an outright ban on XL bullies as owners could still keep them under certain criteria. He said: ""What has become clear, I'm afraid in the last few weeks, is we have seen a flow of XL bully dogs coming to Scotland. ""As such, we will give further details to members of the Scottish Parliament through a parliamentary statement if the parliamentary bureau agrees next week. ""We will, in essence, replicate the legislation that is in England and Wales here in Scotland because ultimately, although we do have a very good system of dog control notice schemes, and we do take the approach indeed not to breed, we have to respond to the situation as it currently stands and therefore we will do what we need to do to ensure public safety.""

[4] Airbnb cottage near Inverness trashed by puppy seller - BBC News
""A number of puppies were being kept in the property, along with their mum, and we had these animals checked over by a vet. ""The vet had no concerns over their health. We are continuing to work with the owner of these animals to ensure they are being appropriately cared for."" A Police Scotland spokesperson said: ""Officers attended along with a partner agency and carried out inquiries.
""You just have to get on with it."" Some of the puppies were found inside a car The couple called in the police and Scottish SPCA. The puppies were originally seized by the charity but were returned to the owner.

[5] South Korea passes law banning dog meat trade - BBC News
One dog meat restaurant owner in her 60s, Mrs Kim, told the BBC she was frustrated by the ban, and blamed it on the rise in the number of people in South Korea having pets. ""Young people these days don't get married, so they think of pets as family, but food is food. We should accept dog meat but raise and slaughter them in a hygienic environment,"" she said. ""Other countries like China and Vietnam eat dogs, so why are we banning it?""
One dog farmer, Joo Yeong-bong, told the BBC the industry was in despair. ""In 10 years, the industry would have disappeared. We're in our 60s and 70s and now we have no choice but to lose our livelihoods,"" he said, adding that this was ""an infringement of people's freedom to eat what they like"". One dog meat restaurant owner in her 60s, Mrs Kim, told the BBC she was frustrated by the ban, and blamed it on the rise in the number of people in South Korea having pets.","The evidence indicates that there is a growing concern among pet owners, particularly those with XL bully dogs, who are seeking to rehome their pets due to new regulations and bans in England and Wales. Animal shelters in Northern Ireland have reported receiving distressing calls from these owners, highlighting their desperation for assistance. Additionally, there are mentions of irresponsible breeding practices and the need for better regulation of dog ownership, which may contribute to the challenges faced by pet owners. Overall, the situation reflects a broader issue of pet ownership and the emotional turmoil that can arise from changing laws and societal attitudes towards certain breeds.",False,4b4659927c9efb54|1ce4ed351d4c88b0|1583380c825fbba4|1110eb085b703b5d|351bc1b24475c572,0.5138,0.2661,5,,neutral,1,1
33feedbb07048c53,M,Why are scammers targeting desperate pet owners?,"[1] XL bully dogs: Ban decision 'needed shortly' in Northern Ireland - BBC News
BBC News NI has also heard from animal shelters in Northern Ireland which say dozens of XL bully dog owners in England and Wales have been contacting them looking to rehome their pets here. Karen Matthews, from Almost Home Animal Rescue in Moira, County Down, said she has had at least 20 calls from Great Britain. ""We've had quite a few calls asking for help, and really distressing calls for us as well that we are having to say no and turn people away that are desperate for our help,"" she said. ""It's such a tough one, it's so emotive.
The Department of Agriculture, Environment and Rural Affairs (DAERA) told BBC News NI that if ministers are not in post, senior officials will consider what steps can be taken under the provision of the Northern Ireland Executive Formation Act 2022. Nora Smith, from the USPCA, said its plea to DAERA would be to take an evidence-based approach on the issue. ""Ultimately what we need to be dealing with is the unscrupulous breeders and those who are irresponsible when it comes to dog ownership."" BBC News NI has also heard from animal shelters in Northern Ireland which say dozens of XL bully dog owners in England and Wales have been contacting them looking to rehome their pets here.
[IMAGE 1: ""Northern Ireland is now the only UK jurisdiction with no active plans to ban the dog breed.""]

[2] Dog enjoys priciest meal of his life - $4,000 cash - BBC News
A video of the incident, which made the dog a momentary internet star, showed the pet owner in tears. The Laws, meanwhile, said they are trying to see the levity of the situation, writing on their viral video that ""the remaining scraps will be our most expensive piece of art"".
A money-hungry pooch was in the dog house for chewing up $4,000 (£3,153) cash that his owners had left out. Cecil, a goldendoodle from Pennsylvania, has gone viral for snacking on the envelope of money his owners had set aside for a contractor. Clayton and Carrie Law pieced together most of the shredded bills after a smelly search of Cecil's droppings and vomit - only $450 is still missing. Cecil's veterinarian told the couple their greedy pet would be OK.
[IMAGE 2: ""Typically a well behaved dog, this seven-year-old chowed down on an envelope of his owners' money.""]

[3] Scotland to replicate ban on XL bully dogs - Yousaf - BBC News
Amid rising concerns over attacks, the UK government banned the breed in England and Wales. The Scottish government has accepted there has been an influx of XL bullies to Scotland since the UK's new law. Mr Yousaf said the UK government's measures were ""not a ban"" and were announced without consultation with the Scottish government. As of 31 December, the UK government has banned the breeding, selling or abandonment of the dogs in England.
When the issue was raised at First Minister's Questions on Thursday, Mr Yousaf said the measures in England were not an outright ban on XL bullies as owners could still keep them under certain criteria. He said: ""What has become clear, I'm afraid in the last few weeks, is we have seen a flow of XL bully dogs coming to Scotland. ""As such, we will give further details to members of the Scottish Parliament through a parliamentary statement if the parliamentary bureau agrees next week. ""We will, in essence, replicate the legislation that is in England and Wales here in Scotland because ultimately, although we do have a very good system of dog control notice schemes, and we do take the approach indeed not to breed, we have to respond to the situation as it currently stands and therefore we will do what we need to do to ensure public safety.""
[IMAGE 3: ""The first minister said the UK government's ban was announced without consulting the Scottish government.""]

[4] Airbnb cottage near Inverness trashed by puppy seller - BBC News
""A number of puppies were being kept in the property, along with their mum, and we had these animals checked over by a vet. ""The vet had no concerns over their health. We are continuing to work with the owner of these animals to ensure they are being appropriately cared for."" A Police Scotland spokesperson said: ""Officers attended along with a partner agency and carried out inquiries.
""You just have to get on with it."" Some of the puppies were found inside a car The couple called in the police and Scottish SPCA. The puppies were originally seized by the charity but were returned to the owner.
[IMAGE 4: ""The cottage near Inverness was housing a total of 15 dogs and was covered in faeces and rubbish.""]

[5] South Korea passes law banning dog meat trade - BBC News
One dog meat restaurant owner in her 60s, Mrs Kim, told the BBC she was frustrated by the ban, and blamed it on the rise in the number of people in South Korea having pets. ""Young people these days don't get married, so they think of pets as family, but food is food. We should accept dog meat but raise and slaughter them in a hygienic environment,"" she said. ""Other countries like China and Vietnam eat dogs, so why are we banning it?""
One dog farmer, Joo Yeong-bong, told the BBC the industry was in despair. ""In 10 years, the industry would have disappeared. We're in our 60s and 70s and now we have no choice but to lose our livelihoods,"" he said, adding that this was ""an infringement of people's freedom to eat what they like"". One dog meat restaurant owner in her 60s, Mrs Kim, told the BBC she was frustrated by the ban, and blamed it on the rise in the number of people in South Korea having pets.
[IMAGE 5: ""Dog meat has fallen out of favour, particularly with young diners, in recent decades.""]","The evidence indicates that there is a growing concern regarding the welfare of dogs, particularly XL bully breeds, as many owners are seeking to rehome their pets due to new bans in England and Wales. Animal shelters in Northern Ireland report receiving distressing calls from these owners, highlighting their desperation for assistance. Additionally, there are mentions of irresponsible breeding practices and the need for better regulation in dog ownership, suggesting that some pet owners may be vulnerable to scams or exploitation during this tumultuous time. The situation reflects broader issues in pet ownership and the responsibilities that come with it.",False,4b4659927c9efb54|1ce4ed351d4c88b0|1583380c825fbba4|1110eb085b703b5d|351bc1b24475c572,0.5138,0.2661,5,,neutral,1,1
33feedbb07048c53,M_vision,Why are scammers targeting desperate pet owners?,"[1] XL bully dogs: Ban decision 'needed shortly' in Northern Ireland - BBC News
BBC News NI has also heard from animal shelters in Northern Ireland which say dozens of XL bully dog owners in England and Wales have been contacting them looking to rehome their pets here. Karen Matthews, from Almost Home Animal Rescue in Moira, County Down, said she has had at least 20 calls from Great Britain. ""We've had quite a few calls asking for help, and really distressing calls for us as well that we are having to say no and turn people away that are desperate for our help,"" she said. ""It's such a tough one, it's so emotive.
The Department of Agriculture, Environment and Rural Affairs (DAERA) told BBC News NI that if ministers are not in post, senior officials will consider what steps can be taken under the provision of the Northern Ireland Executive Formation Act 2022. Nora Smith, from the USPCA, said its plea to DAERA would be to take an evidence-based approach on the issue. ""Ultimately what we need to be dealing with is the unscrupulous breeders and those who are irresponsible when it comes to dog ownership."" BBC News NI has also heard from animal shelters in Northern Ireland which say dozens of XL bully dog owners in England and Wales have been contacting them looking to rehome their pets here.
[IMAGE 1: ""Northern Ireland is now the only UK jurisdiction with no active plans to ban the dog breed.""]

[2] Dog enjoys priciest meal of his life - $4,000 cash - BBC News
A video of the incident, which made the dog a momentary internet star, showed the pet owner in tears. The Laws, meanwhile, said they are trying to see the levity of the situation, writing on their viral video that ""the remaining scraps will be our most expensive piece of art"".
A money-hungry pooch was in the dog house for chewing up $4,000 (£3,153) cash that his owners had left out. Cecil, a goldendoodle from Pennsylvania, has gone viral for snacking on the envelope of money his owners had set aside for a contractor. Clayton and Carrie Law pieced together most of the shredded bills after a smelly search of Cecil's droppings and vomit - only $450 is still missing. Cecil's veterinarian told the couple their greedy pet would be OK.
[IMAGE 2: ""Typically a well behaved dog, this seven-year-old chowed down on an envelope of his owners' money.""]

[3] Scotland to replicate ban on XL bully dogs - Yousaf - BBC News
Amid rising concerns over attacks, the UK government banned the breed in England and Wales. The Scottish government has accepted there has been an influx of XL bullies to Scotland since the UK's new law. Mr Yousaf said the UK government's measures were ""not a ban"" and were announced without consultation with the Scottish government. As of 31 December, the UK government has banned the breeding, selling or abandonment of the dogs in England.
When the issue was raised at First Minister's Questions on Thursday, Mr Yousaf said the measures in England were not an outright ban on XL bullies as owners could still keep them under certain criteria. He said: ""What has become clear, I'm afraid in the last few weeks, is we have seen a flow of XL bully dogs coming to Scotland. ""As such, we will give further details to members of the Scottish Parliament through a parliamentary statement if the parliamentary bureau agrees next week. ""We will, in essence, replicate the legislation that is in England and Wales here in Scotland because ultimately, although we do have a very good system of dog control notice schemes, and we do take the approach indeed not to breed, we have to respond to the situation as it currently stands and therefore we will do what we need to do to ensure public safety.""
[IMAGE 3: ""The first minister said the UK government's ban was announced without consulting the Scottish government.""]

[4] Airbnb cottage near Inverness trashed by puppy seller - BBC News
""A number of puppies were being kept in the property, along with their mum, and we had these animals checked over by a vet. ""The vet had no concerns over their health. We are continuing to work with the owner of these animals to ensure they are being appropriately cared for."" A Police Scotland spokesperson said: ""Officers attended along with a partner agency and carried out inquiries.
""You just have to get on with it."" Some of the puppies were found inside a car The couple called in the police and Scottish SPCA. The puppies were originally seized by the charity but were returned to the owner.
[IMAGE 4: ""The cottage near Inverness was housing a total of 15 dogs and was covered in faeces and rubbish.""]

[5] South Korea passes law banning dog meat trade - BBC News
One dog meat restaurant owner in her 60s, Mrs Kim, told the BBC she was frustrated by the ban, and blamed it on the rise in the number of people in South Korea having pets. ""Young people these days don't get married, so they think of pets as family, but food is food. We should accept dog meat but raise and slaughter them in a hygienic environment,"" she said. ""Other countries like China and Vietnam eat dogs, so why are we banning it?""
One dog farmer, Joo Yeong-bong, told the BBC the industry was in despair. ""In 10 years, the industry would have disappeared. We're in our 60s and 70s and now we have no choice but to lose our livelihoods,"" he said, adding that this was ""an infringement of people's freedom to eat what they like"". One dog meat restaurant owner in her 60s, Mrs Kim, told the BBC she was frustrated by the ban, and blamed it on the rise in the number of people in South Korea having pets.
[IMAGE 5: ""Dog meat has fallen out of favour, particularly with young diners, in recent decades.""]","The evidence does not directly address why scammers are targeting desperate pet owners. However, it highlights the emotional distress of pet owners, particularly those looking to rehome their dogs due to new regulations, which may create a vulnerable situation for them. Additionally, there are mentions of irresponsible breeding and the challenges faced by animal shelters, indicating a broader context of concern for pet welfare that could be exploited by scammers. Overall, the coverage reflects the emotional and practical challenges faced by pet owners, which could make them susceptible to scams.",False,4b4659927c9efb54|1ce4ed351d4c88b0|1583380c825fbba4|1110eb085b703b5d|351bc1b24475c572,0.5138,0.2661,5,data/images/4b4659927c9efb54.jpg|data/images/1ce4ed351d4c88b0.jpg|data/images/1583380c825fbba4.jpg|data/images/1110eb085b703b5d.jpg|data/images/351bc1b24475c572.jpg,neutral,1,1
1a4e315aeda0cfa6,B1,How many times has Rory McIlroy won the Dubai Desert Classic?,"[1] Masters 2024: Ronnie O'Sullivan beats Shaun Murphy and Ali Carter defeats Mark Allen in semis - BBC Sport
Ronnie O'Sullivan won his first Masters title in 1995 at the age of 19 and remains the youngest ever winner Coverage: Watch live on BBC TV, BBC iPlayer, BBC Red Button and online; live text coverage of the final on Sunday, 14 January. Ronnie O'Sullivan will face Ali Carter when he attempts to claim a record-extending eighth Masters title on Sunday at Alexandra Palace. O'Sullivan beat 2015 champion Shaun Murphy 6-2 to reach the final of the prestigious tournament for a 14th time.
O'Sullivan beat 2015 champion Shaun Murphy 6-2 to reach the final of the prestigious tournament for a 14th time. In Saturday's other semi-final, Carter compiled three successive century breaks as he defeated Mark Allen 6-3. Carter also advanced to the showpiece match on his last appearance at the invitational event in 2020. His meeting with 40-time ranking event winner O'Sullivan will be a repeat of their 2008 and 2012 world finals, which were both won by 'The Rocket'.

[2] Australian Open 2024 results: Andy Murray loses to Tomas Martin Etcheverry - BBC Sport
The 36-year-old Briton showed little emotion as he lost 6-4 6-2 6-2 on the second day of the Melbourne tournament. Murray, a five-time finalist, failed to reach the second round for only the second time in his past 13 appearances. ""I won't win many matches playing that way,"" Murray said. ""It's a definite possibility that will be the last time I play here.
Known for his long and gruelling encounters last season, Murray said he wanted to avoid another marathon match against Argentine 30th seed Etcheverry. Unfortunately for the British number four, it was a quick match for the wrong reasons. Both of the two previous meetings between the pair - three-set matches which they split on the ATP Tour last season - lasted more than three hours. This five-set match finished much quicker as the Scot toiled in a worryingly below-par performance.

[3] Bahrain Masters: Teenage sensation Luke Littler claims 6-3 win on World Series of Darts debut - BBC Sport
Meanwhile, new world champion Luke Humphries extended his 19-match winning run with a resounding 6-0 victory over the host nation's Abdulla Saeed. The world number one has also won the World Grand Prix, Grand Slam of Darts and Players Championship Finals in recent months and is bidding to lift his fifth televised title in the space of six events. Three-time world champion Michael van Gerwen won by the same 6-0 scoreline against Bahrain's Hasan Haji. Scotland's two-time world champion Peter Wright was pushed close in a 6-5 win over Japan's PDC Asian Championship winner Haruki Muramatsu, as was England's Michael Smith, who came out the right side of a 6-5 score against Paolo Nebrida.
He faces fellow Englishman Nathan Aspinall in the last eight, after the World Matchplay champion edged past the Philippines' Lourence Ilagan 6-5. The winner of the tournament will collect a top prize of £20,000. Thursday's first round pits eight players from the PDC circuit against eight players from Asia in best-of-11 leg matches. The quarter-finals, semi-finals, and final are all scheduled to take place on Friday.

[4] Travel Photographer of the Year: Lyrical landscapes win awards - BBC News
MPB One Shot Winner: Above, Eye Level, Below - Josien van Geffen, Netherlands An unusual perspective of the Highline 179 suspension bridge in Reutte, Austria. Andrea Peruzzi's mage capturing the moment when a Bedouin jumps over a small gorge between rocks in ancient Petra, Jordan. The winner in one category was not chosen by the judges.
The winner in one category was not chosen by the judges. Decided by a public vote on the TPOTY website, this year's award went to 15-year-old Rohan Neel Shah, and shows a lone wildebeest in the middle of the Great Migration in the Maasai Mara, Kenya. Amateur and professional photographers from more than 150 countries submitted more than 20,000 images in TPOTY 2023. The winning images go on display at The Photography & Video Show at the NEC, Birmingham, UK, from 16-19 March and will also be showcased at Xposure in the UAE.

[5] Ronnie O'Sullivan calls Masters venue Alexandra Palace 'disgusting' and makes him 'feel ill' - BBC Sport
O'Sullivan, 48, added that the iconic north London venue is ""dirty"" and that he ""can't wait to get out of here"". The world number one made the comments after beating Barry Hawkins 6-3 on Thursday to reach the semi-finals. The World Snooker Tour (WST) said ""other players have spoken with unanimous positivity"" about the venue. O'Sullivan, who has also finished Masters runner-up six times, said: ""I just don't like this place.
Ronnie O'Sullivan won the last of his seven Masters titles in 2017 Coverage: Watch live on BBC TV, BBC iPlayer, BBC Red Button and online; live text coverage of the final on Sunday 14 January. Seven-time Masters champion Ronnie O'Sullivan has criticised tournament venue Alexandra Palace, saying it is ""disgusting"" and makes him ""feel ill"". O'Sullivan, 48, added that the iconic north London venue is ""dirty"" and that he ""can't wait to get out of here"".",INSUFFICIENT_EVIDENCE,False,150c5579094aeaa7|5b373355ab53cacf|c36d08f0bb55abce|6f20ef6706723206|2efba86e1e02e97b,0.4225,0.2105,5,,neutral,1,1
1a4e315aeda0cfa6,M_nocap,How many times has Rory McIlroy won the Dubai Desert Classic?,"[1] Masters 2024: Ronnie O'Sullivan beats Shaun Murphy and Ali Carter defeats Mark Allen in semis - BBC Sport
Ronnie O'Sullivan won his first Masters title in 1995 at the age of 19 and remains the youngest ever winner Coverage: Watch live on BBC TV, BBC iPlayer, BBC Red Button and online; live text coverage of the final on Sunday, 14 January. Ronnie O'Sullivan will face Ali Carter when he attempts to claim a record-extending eighth Masters title on Sunday at Alexandra Palace. O'Sullivan beat 2015 champion Shaun Murphy 6-2 to reach the final of the prestigious tournament for a 14th time.
O'Sullivan beat 2015 champion Shaun Murphy 6-2 to reach the final of the prestigious tournament for a 14th time. In Saturday's other semi-final, Carter compiled three successive century breaks as he defeated Mark Allen 6-3. Carter also advanced to the showpiece match on his last appearance at the invitational event in 2020. His meeting with 40-time ranking event winner O'Sullivan will be a repeat of their 2008 and 2012 world finals, which were both won by 'The Rocket'.

[2] Australian Open 2024 results: Andy Murray loses to Tomas Martin Etcheverry - BBC Sport
The 36-year-old Briton showed little emotion as he lost 6-4 6-2 6-2 on the second day of the Melbourne tournament. Murray, a five-time finalist, failed to reach the second round for only the second time in his past 13 appearances. ""I won't win many matches playing that way,"" Murray said. ""It's a definite possibility that will be the last time I play here.
Known for his long and gruelling encounters last season, Murray said he wanted to avoid another marathon match against Argentine 30th seed Etcheverry. Unfortunately for the British number four, it was a quick match for the wrong reasons. Both of the two previous meetings between the pair - three-set matches which they split on the ATP Tour last season - lasted more than three hours. This five-set match finished much quicker as the Scot toiled in a worryingly below-par performance.

[3] Ronnie O'Sullivan calls Masters venue Alexandra Palace 'disgusting' and makes him 'feel ill' - BBC Sport
O'Sullivan, 48, added that the iconic north London venue is ""dirty"" and that he ""can't wait to get out of here"". The world number one made the comments after beating Barry Hawkins 6-3 on Thursday to reach the semi-finals. The World Snooker Tour (WST) said ""other players have spoken with unanimous positivity"" about the venue. O'Sullivan, who has also finished Masters runner-up six times, said: ""I just don't like this place.
Ronnie O'Sullivan won the last of his seven Masters titles in 2017 Coverage: Watch live on BBC TV, BBC iPlayer, BBC Red Button and online; live text coverage of the final on Sunday 14 January. Seven-time Masters champion Ronnie O'Sullivan has criticised tournament venue Alexandra Palace, saying it is ""disgusting"" and makes him ""feel ill"". O'Sullivan, 48, added that the iconic north London venue is ""dirty"" and that he ""can't wait to get out of here"".

[4] Bahrain Masters: Teenage sensation Luke Littler claims 6-3 win on World Series of Darts debut - BBC Sport
Meanwhile, new world champion Luke Humphries extended his 19-match winning run with a resounding 6-0 victory over the host nation's Abdulla Saeed. The world number one has also won the World Grand Prix, Grand Slam of Darts and Players Championship Finals in recent months and is bidding to lift his fifth televised title in the space of six events. Three-time world champion Michael van Gerwen won by the same 6-0 scoreline against Bahrain's Hasan Haji. Scotland's two-time world champion Peter Wright was pushed close in a 6-5 win over Japan's PDC Asian Championship winner Haruki Muramatsu, as was England's Michael Smith, who came out the right side of a 6-5 score against Paolo Nebrida.
He faces fellow Englishman Nathan Aspinall in the last eight, after the World Matchplay champion edged past the Philippines' Lourence Ilagan 6-5. The winner of the tournament will collect a top prize of £20,000. Thursday's first round pits eight players from the PDC circuit against eight players from Asia in best-of-11 leg matches. The quarter-finals, semi-finals, and final are all scheduled to take place on Friday.

[5] Travel Photographer of the Year: Lyrical landscapes win awards - BBC News
MPB One Shot Winner: Above, Eye Level, Below - Josien van Geffen, Netherlands An unusual perspective of the Highline 179 suspension bridge in Reutte, Austria. Andrea Peruzzi's mage capturing the moment when a Bedouin jumps over a small gorge between rocks in ancient Petra, Jordan. The winner in one category was not chosen by the judges.
The winner in one category was not chosen by the judges. Decided by a public vote on the TPOTY website, this year's award went to 15-year-old Rohan Neel Shah, and shows a lone wildebeest in the middle of the Great Migration in the Maasai Mara, Kenya. Amateur and professional photographers from more than 150 countries submitted more than 20,000 images in TPOTY 2023. The winning images go on display at The Photography & Video Show at the NEC, Birmingham, UK, from 16-19 March and will also be showcased at Xposure in the UAE.",INSUFFICIENT_EVIDENCE,False,150c5579094aeaa7|5b373355ab53cacf|2efba86e1e02e97b|c36d08f0bb55abce|6f20ef6706723206,0.4225,0.2105,5,,neutral,1,1
1a4e315aeda0cfa6,M,How many times has Rory McIlroy won the Dubai Desert Classic?,"[1] Masters 2024: Ronnie O'Sullivan beats Shaun Murphy and Ali Carter defeats Mark Allen in semis - BBC Sport
Ronnie O'Sullivan won his first Masters title in 1995 at the age of 19 and remains the youngest ever winner Coverage: Watch live on BBC TV, BBC iPlayer, BBC Red Button and online; live text coverage of the final on Sunday, 14 January. Ronnie O'Sullivan will face Ali Carter when he attempts to claim a record-extending eighth Masters title on Sunday at Alexandra Palace. O'Sullivan beat 2015 champion Shaun Murphy 6-2 to reach the final of the prestigious tournament for a 14th time.
O'Sullivan beat 2015 champion Shaun Murphy 6-2 to reach the final of the prestigious tournament for a 14th time. In Saturday's other semi-final, Carter compiled three successive century breaks as he defeated Mark Allen 6-3. Carter also advanced to the showpiece match on his last appearance at the invitational event in 2020. His meeting with 40-time ranking event winner O'Sullivan will be a repeat of their 2008 and 2012 world finals, which were both won by 'The Rocket'.
[IMAGE 1: ""Ronnie O'Sullivan will face Ali Carter when he attempts to claim a record-extending eighth Masters title on Sunday at Alexandra Palace.""]

[2] Australian Open 2024 results: Andy Murray loses to Tomas Martin Etcheverry - BBC Sport
The 36-year-old Briton showed little emotion as he lost 6-4 6-2 6-2 on the second day of the Melbourne tournament. Murray, a five-time finalist, failed to reach the second round for only the second time in his past 13 appearances. ""I won't win many matches playing that way,"" Murray said. ""It's a definite possibility that will be the last time I play here.
Known for his long and gruelling encounters last season, Murray said he wanted to avoid another marathon match against Argentine 30th seed Etcheverry. Unfortunately for the British number four, it was a quick match for the wrong reasons. Both of the two previous meetings between the pair - three-set matches which they split on the ATP Tour last season - lasted more than three hours. This five-set match finished much quicker as the Scot toiled in a worryingly below-par performance.
[IMAGE 2: ""Andy Murray looks emotional as he waves goodbye to the Australian Open crowd after a subdued defeat against Tomas Martin Etcheverry.""]

[3] Ronnie O'Sullivan calls Masters venue Alexandra Palace 'disgusting' and makes him 'feel ill' - BBC Sport
O'Sullivan, 48, added that the iconic north London venue is ""dirty"" and that he ""can't wait to get out of here"". The world number one made the comments after beating Barry Hawkins 6-3 on Thursday to reach the semi-finals. The World Snooker Tour (WST) said ""other players have spoken with unanimous positivity"" about the venue. O'Sullivan, who has also finished Masters runner-up six times, said: ""I just don't like this place.
Ronnie O'Sullivan won the last of his seven Masters titles in 2017 Coverage: Watch live on BBC TV, BBC iPlayer, BBC Red Button and online; live text coverage of the final on Sunday 14 January. Seven-time Masters champion Ronnie O'Sullivan has criticised tournament venue Alexandra Palace, saying it is ""disgusting"" and makes him ""feel ill"". O'Sullivan, 48, added that the iconic north London venue is ""dirty"" and that he ""can't wait to get out of here"".
[IMAGE 3: ""Seven-time Masters champion Ronnie O'Sullivan criticises tournament venue Alexandra Palace, saying it is ""disgusting"" and makes him ""feel ill"".""]

[4] Bahrain Masters: Teenage sensation Luke Littler claims 6-3 win on World Series of Darts debut - BBC Sport
Meanwhile, new world champion Luke Humphries extended his 19-match winning run with a resounding 6-0 victory over the host nation's Abdulla Saeed. The world number one has also won the World Grand Prix, Grand Slam of Darts and Players Championship Finals in recent months and is bidding to lift his fifth televised title in the space of six events. Three-time world champion Michael van Gerwen won by the same 6-0 scoreline against Bahrain's Hasan Haji. Scotland's two-time world champion Peter Wright was pushed close in a 6-5 win over Japan's PDC Asian Championship winner Haruki Muramatsu, as was England's Michael Smith, who came out the right side of a 6-5 score against Paolo Nebrida.
He faces fellow Englishman Nathan Aspinall in the last eight, after the World Matchplay champion edged past the Philippines' Lourence Ilagan 6-5. The winner of the tournament will collect a top prize of £20,000. Thursday's first round pits eight players from the PDC circuit against eight players from Asia in best-of-11 leg matches. The quarter-finals, semi-finals, and final are all scheduled to take place on Friday.
[IMAGE 4: ""Teenage sensation Luke Littler beat Hong Kong's Man Lok Leung 6-3 on his highly anticipated World Series of Darts debut at the Bahrain Masters.""]

[5] Travel Photographer of the Year: Lyrical landscapes win awards - BBC News
MPB One Shot Winner: Above, Eye Level, Below - Josien van Geffen, Netherlands An unusual perspective of the Highline 179 suspension bridge in Reutte, Austria. Andrea Peruzzi's mage capturing the moment when a Bedouin jumps over a small gorge between rocks in ancient Petra, Jordan. The winner in one category was not chosen by the judges.
The winner in one category was not chosen by the judges. Decided by a public vote on the TPOTY website, this year's award went to 15-year-old Rohan Neel Shah, and shows a lone wildebeest in the middle of the Great Migration in the Maasai Mara, Kenya. Amateur and professional photographers from more than 150 countries submitted more than 20,000 images in TPOTY 2023. The winning images go on display at The Photography & Video Show at the NEC, Birmingham, UK, from 16-19 March and will also be showcased at Xposure in the UAE.
[IMAGE 5: ""Travel Photographer of the Year awards recognise incredible pictures from around the planet.""]",INSUFFICIENT_EVIDENCE,False,150c5579094aeaa7|5b373355ab53cacf|2efba86e1e02e97b|c36d08f0bb55abce|6f20ef6706723206,0.4225,0.2105,5,,neutral,1,1
1a4e315aeda0cfa6,M_vision,How many times has Rory McIlroy won the Dubai Desert Classic?,"[1] Masters 2024: Ronnie O'Sullivan beats Shaun Murphy and Ali Carter defeats Mark Allen in semis - BBC Sport
Ronnie O'Sullivan won his first Masters title in 1995 at the age of 19 and remains the youngest ever winner Coverage: Watch live on BBC TV, BBC iPlayer, BBC Red Button and online; live text coverage of the final on Sunday, 14 January. Ronnie O'Sullivan will face Ali Carter when he attempts to claim a record-extending eighth Masters title on Sunday at Alexandra Palace. O'Sullivan beat 2015 champion Shaun Murphy 6-2 to reach the final of the prestigious tournament for a 14th time.
O'Sullivan beat 2015 champion Shaun Murphy 6-2 to reach the final of the prestigious tournament for a 14th time. In Saturday's other semi-final, Carter compiled three successive century breaks as he defeated Mark Allen 6-3. Carter also advanced to the showpiece match on his last appearance at the invitational event in 2020. His meeting with 40-time ranking event winner O'Sullivan will be a repeat of their 2008 and 2012 world finals, which were both won by 'The Rocket'.
[IMAGE 1: ""Ronnie O'Sullivan will face Ali Carter when he attempts to claim a record-extending eighth Masters title on Sunday at Alexandra Palace.""]

[2] Australian Open 2024 results: Andy Murray loses to Tomas Martin Etcheverry - BBC Sport
The 36-year-old Briton showed little emotion as he lost 6-4 6-2 6-2 on the second day of the Melbourne tournament. Murray, a five-time finalist, failed to reach the second round for only the second time in his past 13 appearances. ""I won't win many matches playing that way,"" Murray said. ""It's a definite possibility that will be the last time I play here.
Known for his long and gruelling encounters last season, Murray said he wanted to avoid another marathon match against Argentine 30th seed Etcheverry. Unfortunately for the British number four, it was a quick match for the wrong reasons. Both of the two previous meetings between the pair - three-set matches which they split on the ATP Tour last season - lasted more than three hours. This five-set match finished much quicker as the Scot toiled in a worryingly below-par performance.
[IMAGE 2: ""Andy Murray looks emotional as he waves goodbye to the Australian Open crowd after a subdued defeat against Tomas Martin Etcheverry.""]

[3] Ronnie O'Sullivan calls Masters venue Alexandra Palace 'disgusting' and makes him 'feel ill' - BBC Sport
O'Sullivan, 48, added that the iconic north London venue is ""dirty"" and that he ""can't wait to get out of here"". The world number one made the comments after beating Barry Hawkins 6-3 on Thursday to reach the semi-finals. The World Snooker Tour (WST) said ""other players have spoken with unanimous positivity"" about the venue. O'Sullivan, who has also finished Masters runner-up six times, said: ""I just don't like this place.
Ronnie O'Sullivan won the last of his seven Masters titles in 2017 Coverage: Watch live on BBC TV, BBC iPlayer, BBC Red Button and online; live text coverage of the final on Sunday 14 January. Seven-time Masters champion Ronnie O'Sullivan has criticised tournament venue Alexandra Palace, saying it is ""disgusting"" and makes him ""feel ill"". O'Sullivan, 48, added that the iconic north London venue is ""dirty"" and that he ""can't wait to get out of here"".
[IMAGE 3: ""Seven-time Masters champion Ronnie O'Sullivan criticises tournament venue Alexandra Palace, saying it is ""disgusting"" and makes him ""feel ill"".""]

[4] Bahrain Masters: Teenage sensation Luke Littler claims 6-3 win on World Series of Darts debut - BBC Sport
Meanwhile, new world champion Luke Humphries extended his 19-match winning run with a resounding 6-0 victory over the host nation's Abdulla Saeed. The world number one has also won the World Grand Prix, Grand Slam of Darts and Players Championship Finals in recent months and is bidding to lift his fifth televised title in the space of six events. Three-time world champion Michael van Gerwen won by the same 6-0 scoreline against Bahrain's Hasan Haji. Scotland's two-time world champion Peter Wright was pushed close in a 6-5 win over Japan's PDC Asian Championship winner Haruki Muramatsu, as was England's Michael Smith, who came out the right side of a 6-5 score against Paolo Nebrida.
He faces fellow Englishman Nathan Aspinall in the last eight, after the World Matchplay champion edged past the Philippines' Lourence Ilagan 6-5. The winner of the tournament will collect a top prize of £20,000. Thursday's first round pits eight players from the PDC circuit against eight players from Asia in best-of-11 leg matches. The quarter-finals, semi-finals, and final are all scheduled to take place on Friday.
[IMAGE 4: ""Teenage sensation Luke Littler beat Hong Kong's Man Lok Leung 6-3 on his highly anticipated World Series of Darts debut at the Bahrain Masters.""]

[5] Travel Photographer of the Year: Lyrical landscapes win awards - BBC News
MPB One Shot Winner: Above, Eye Level, Below - Josien van Geffen, Netherlands An unusual perspective of the Highline 179 suspension bridge in Reutte, Austria. Andrea Peruzzi's mage capturing the moment when a Bedouin jumps over a small gorge between rocks in ancient Petra, Jordan. The winner in one category was not chosen by the judges.
The winner in one category was not chosen by the judges. Decided by a public vote on the TPOTY website, this year's award went to 15-year-old Rohan Neel Shah, and shows a lone wildebeest in the middle of the Great Migration in the Maasai Mara, Kenya. Amateur and professional photographers from more than 150 countries submitted more than 20,000 images in TPOTY 2023. The winning images go on display at The Photography & Video Show at the NEC, Birmingham, UK, from 16-19 March and will also be showcased at Xposure in the UAE.
[IMAGE 5: ""Travel Photographer of the Year awards recognise incredible pictures from around the planet.""]",INSUFFICIENT_EVIDENCE,False,150c5579094aeaa7|5b373355ab53cacf|2efba86e1e02e97b|c36d08f0bb55abce|6f20ef6706723206,0.4225,0.2105,5,data/images/150c5579094aeaa7.jpg|data/images/5b373355ab53cacf.jpg|data/images/2efba86e1e02e97b.jpg|data/images/c36d08f0bb55abce.jpg|data/images/6f20ef6706723206.jpg,neutral,1,1
