test_id,config,query,evidence,summary,abstained,retrieved_ids,top_s_text,top_s_img,n_hits,image_paths,section,category
060d93d8f53ccd70,B0,What issues did Tesco face with their deliveries recently?,,"Recently, Tesco faced significant challenges with their delivery services, primarily due to supply chain disruptions and increased demand during peak shopping periods. Customers reported delays and cancellations of their online orders, leading to frustration and dissatisfaction. The company attributed these issues to a combination of labor shortages and logistical hurdles exacerbated by the ongoing effects of the pandemic. Tesco has been working to address these problems by increasing staffing levels and optimizing their delivery processes.",False,,0.0,0.0,0,,Business,business_technology_science
9bb3a8fb413510c1,B0,What was Sarah Ferguson's reaction to her skin cancer diagnosis?,,"Sarah Ferguson, the Duchess of York, expressed a mix of concern and determination following her skin cancer diagnosis. She emphasized the importance of early detection and encouraged others to prioritize their health by getting regular check-ups. Ferguson shared her personal experience to raise awareness about skin cancer, highlighting the need for vigilance in sun safety and skin care. Her reaction reflects a commitment to using her platform to educate and support others facing similar health challenges.",False,,0.0,0.0,0,,UK,society_culture
4f0231cf23c94485,B0,What happened to the family of four found dead in Norwich?,,"In late October 2023, a family of four was found dead in their home in Norwich, England, leading to widespread shock and concern in the community. Authorities reported that the deaths were being treated as unexplained, and investigations were underway to determine the circumstances surrounding the tragedy. The family, which included two adults and two children, had no known history of issues that might have led to such a situation, prompting speculation and grief among neighbors and local residents. The police urged the public to refrain from speculation as they worked to uncover the details of the case.",False,,0.0,0.0,0,,Norfolk,society_culture
24bb2451c2227bdb,B0,Why does Buckland believe devolving justice powers in Wales would be disastrous?,,"Buckland has expressed concerns that devolving justice powers to Wales could lead to significant fragmentation and inconsistency in the legal system. He argues that such a move might undermine the effectiveness of law enforcement and judicial processes, creating disparities in how justice is administered across the UK. Additionally, he fears that it could complicate cross-border legal issues, making it more challenging to address crime that spans different jurisdictions. Overall, Buckland believes that maintaining a unified justice system is crucial for ensuring fairness and efficiency.",False,,0.0,0.0,0,,Wales,society_culture
bd703884ca4466ed,B0,What happened to Nicola Sturgeon's Covid WhatsApp messages during the UK inquiry?,,"During the UK inquiry into the handling of the Covid pandemic, it was revealed that Nicola Sturgeon's WhatsApp messages from the time were not retained, raising concerns about transparency and accountability. The Scottish government stated that the messages were deleted as part of routine data management practices, which has led to criticism from opposition parties and calls for a more thorough investigation. The situation has sparked a debate over the importance of preserving communication records during significant public health crises. Sturgeon defended the actions, emphasizing that the government had acted in good faith throughout the pandemic response.",False,,0.0,0.0,0,,Scotland,society_culture
f0e21d85bbfdba7b,B0,What is the plan for reopening the train lines from Carmarthen to Bangor?,,"The plan for reopening the train lines from Carmarthen to Bangor involves a significant investment in infrastructure to restore and enhance the rail connections in Wales. This initiative aims to improve regional transport links, boost local economies, and promote sustainable travel options. The project is part of a broader effort to revitalize the rail network, with stakeholders emphasizing the importance of modernizing facilities and ensuring safety standards. Community consultations and environmental assessments are also being conducted to address concerns and gather public input on the proposed developments.",False,,0.0,0.0,0,,Wales,society_culture
e2249155d11e59ec,B0,What happened to the American Moon mission involving the Peregrine lander?,,"The American Moon mission involving the Peregrine lander, developed by Astrobotic Technology, faced challenges during its launch and subsequent landing attempts. Initially scheduled for a lunar landing, the mission encountered technical difficulties that delayed its timeline. Ultimately, the Peregrine lander successfully reached the Moon but experienced issues that prevented it from completing its primary objectives, including deploying its payload of scientific instruments and technology demonstrations. Despite these setbacks, the mission provided valuable data and insights for future lunar exploration efforts.",False,,0.0,0.0,0,,Science & Environment,business_technology_science
935f5da232d9692b,B0,What plans did an Israeli minister outline for Gaza after the war?,,"An Israeli minister recently outlined plans for Gaza's reconstruction and governance following the conflict. The proposal includes establishing a new security framework to prevent militant activities and improve living conditions for civilians. The minister emphasized the need for international cooperation and investment to rebuild infrastructure and provide humanitarian aid. Additionally, there are discussions about potential political changes to ensure stability and security in the region moving forward.",False,,0.0,0.0,0,,Middle East,politics_conflict
002af1e8e4bf3974,B0,How are temperatures expected to change after the coldest night in the UK?,,"Following the coldest night in the UK, temperatures are expected to gradually rise as a milder weather system moves in. This shift will bring a mix of rain and milder conditions, alleviating the extreme cold experienced recently. However, fluctuations in temperature may continue, with some areas experiencing brief cold snaps before settling into a more stable, warmer pattern. Overall, the transition is anticipated to provide relief from the harsh winter conditions.",False,,0.0,0.0,0,,UK,society_culture
9ef0b82909704b45,B0,What measures did US Congress take to prevent a government shutdown?,,"In recent months, the U.S. Congress has taken several measures to prevent a government shutdown, primarily through negotiations to pass short-term funding bills known as continuing resolutions. These resolutions aim to extend government funding at current levels while lawmakers work on longer-term budget agreements. Additionally, bipartisan discussions have focused on addressing key issues such as defense spending and social programs to secure broader support for the funding measures. Despite these efforts, tensions remain over fiscal priorities, making the situation fluid as deadlines approach.",False,,0.0,0.0,0,,US & Canada,international
cf51b562ce4b151e,B0,Which player did Emma Raducanu lose to at the Australian Open 2024?,,"At the Australian Open 2024, Emma Raducanu faced a tough match and ultimately lost to the American player Coco Gauff. The match showcased both players' skills, but Gauff's experience and strong performance allowed her to secure the victory. This defeat marked another challenging moment for Raducanu as she continues to navigate her career following her stunning US Open win in 2021.",False,,0.0,0.0,0,,Tennis,sports
62b11ba0acb16de1,B0,Why did Humza Yousaf invite Recep Tayyip Erdogan to Scotland?,,"Humza Yousaf invited Turkish President Recep Tayyip Erdogan to Scotland to strengthen bilateral relations and discuss key issues such as trade, investment, and regional security. The invitation also aimed to highlight Scotland's commitment to international diplomacy and foster connections with influential global leaders. Yousaf's outreach reflects a broader strategy to enhance Scotland's profile on the world stage, particularly in areas of mutual interest between Scotland and Turkey. The visit is seen as an opportunity to engage in dialogue on various pressing matters, including climate change and economic cooperation.",False,,0.0,0.0,0,,Scotland,society_culture
d5cf26fef420979f,B0,What are the unions' concerns about Tata Steel's plans for the steelworks?,,"Unions have expressed significant concerns regarding Tata Steel's plans for its steelworks, primarily focusing on potential job losses and the impact on workers' livelihoods. They fear that proposed restructuring and cost-cutting measures could lead to layoffs and reduced job security, particularly in light of ongoing challenges in the steel industry. Additionally, unions are worried about the environmental implications of the company's strategies, as they seek to balance economic viability with sustainability commitments. Overall, the unions are advocating for greater transparency and dialogue with Tata Steel to ensure that workers' interests are prioritized in any future developments.",False,,0.0,0.0,0,,Wales,society_culture
36dc75121099f9ca,B0,What are the details of the Scottish government's XL Bully dog ban?,,"The Scottish government has announced a ban on XL Bully dogs following concerns about their aggressive behavior and public safety. This decision comes amid rising incidents involving the breed, prompting calls for stricter regulations. The ban is part of a broader initiative to address dangerous dogs and enhance community safety, with the government emphasizing the need for responsible pet ownership. Owners of XL Bully dogs will be required to comply with new regulations, including potential restrictions on breeding and ownership.",False,,0.0,0.0,0,,Scotland,society_culture
11bc3fc1cb900287,B0,What led to the arrest after the Liverpool shooting at the cinema?,,"The arrest following the Liverpool shooting at the cinema was prompted by a swift investigation into the incident, which left several people injured. Authorities quickly identified potential suspects through witness statements and surveillance footage, leading to a series of raids in the area. The police emphasized their commitment to public safety and urged anyone with information to come forward, which helped gather crucial evidence. The incident raised concerns about gun violence in public spaces, prompting discussions about security measures in entertainment venues.",False,,0.0,0.0,0,,Liverpool,society_culture
4c21833078b5508a,B0,Why did the family investigate their autistic son's death?,,"The family investigated their autistic son's death due to concerns surrounding the circumstances and the lack of clarity provided by authorities. They sought answers about the events leading up to his passing, suspecting that there may have been negligence or mistreatment involved. The investigation aimed to uncover the truth and ensure accountability, as well as to raise awareness about the challenges faced by individuals with autism and their families. Their efforts highlighted broader issues related to the care and support of vulnerable populations.",False,,0.0,0.0,0,,Manchester,society_culture
e2bf59be1ee1ecce,B0,Who is mentioned in the Jeffrey Epstein court filings?,,"The court filings related to Jeffrey Epstein have mentioned several high-profile individuals, including politicians, celebrities, and business leaders. Notable names include former President Bill Clinton, Prince Andrew, and various prominent figures from the entertainment and finance sectors. These documents have sparked significant media attention and speculation regarding the extent of their involvement with Epstein and the implications of their associations. The revelations have fueled ongoing discussions about accountability and the broader issues of sexual abuse and trafficking.",False,,0.0,0.0,0,,US & Canada,international
bb07fa1a1859a7ab,B0,What circumstances surrounded the soldier's death after shooting a child?,,"The soldier's death followed a tragic incident in which he shot a child, leading to widespread outrage and calls for accountability. Reports indicate that the shooting occurred during a tense situation, possibly involving a misunderstanding or perceived threat. In the aftermath, the soldier faced significant public scrutiny and legal consequences, which may have contributed to his subsequent death, believed to be a suicide. This incident has sparked discussions about the challenges faced by military personnel in conflict zones and the impact of their actions on both civilians and themselves.",False,,0.0,0.0,0,,Wales,society_culture
d4daf24782ca1fed,B0,What is Trump's request to the Supreme Court regarding the Colorado ban?,,Donald Trump has requested the Supreme Court to intervene in a case concerning a Colorado law that seeks to bar him from appearing on the ballot due to his alleged role in the January 6 Capitol riot. His legal team argues that the law violates his First Amendment rights and that the decision to disqualify him is politically motivated. Trump contends that such a ban undermines the democratic process and sets a dangerous precedent for future elections. The Supreme Court's decision on whether to hear the case could have significant implications for his 2024 presidential campaign.,False,,0.0,0.0,0,,US & Canada,international
33a8425b41c07497,B0,How did the para-swimmer find freedom through swimming?,,"Para-swimmers often describe swimming as a transformative experience that offers a sense of freedom and empowerment. For many, the water becomes a space where physical limitations are diminished, allowing them to explore their capabilities and express themselves without barriers. The act of swimming can foster a deep connection to one's body and abilities, providing a unique form of liberation and joy. Through competition and community, para-swimmers also find support and camaraderie, further enhancing their sense of independence and self-worth.",False,,0.0,0.0,0,,Wales,society_culture
48b2b37a17d2de45,B0,What warnings did the Houthis issue regarding Red Sea attacks?,,"The Houthis have issued stern warnings regarding potential attacks in the Red Sea, claiming that they will target vessels associated with countries they view as adversaries, particularly those involved in the conflict in Yemen. They have emphasized their capability to strike maritime targets, which raises concerns about the safety of shipping routes in the region. This escalation in rhetoric comes amid ongoing tensions and military engagements, highlighting the Houthis' determination to assert their influence and respond to perceived threats. The situation has prompted international attention, as disruptions in the Red Sea could have significant implications for global trade and security.",False,,0.0,0.0,0,,Middle East,politics_conflict
4fc56eef6e4eb4d7,B0,What caused the chaos on the E22 road in Sweden?,,"The chaos on the E22 road in Sweden was primarily caused by a severe traffic accident involving multiple vehicles, which led to significant delays and disruptions. Poor weather conditions, including heavy rain and reduced visibility, contributed to the incident, making driving hazardous. Emergency services responded quickly to the scene, but the aftermath resulted in long traffic jams and detours for motorists. Authorities urged drivers to exercise caution and stay updated on road conditions.",False,,0.0,0.0,0,,Europe,international
9447bb643eaf92a8,B0,What did Jack Diamond say about the rape accusation against him?,,"Jack Diamond has publicly denied the rape accusation made against him, asserting that the encounter was consensual. He expressed his shock and disappointment over the allegations, emphasizing his commitment to defending his reputation. Diamond has indicated that he plans to cooperate fully with any investigations and is confident that the truth will come to light. His statements reflect a strong stance against the claims, as he seeks to clear his name amidst the controversy.",False,,0.0,0.0,0,,Wear,society_culture
dad76cb1db618bca,B0,Why was a suicide net installed on the Golden Gate Bridge after 87 years?,,"The installation of a suicide net on the Golden Gate Bridge, after 87 years of its existence, was driven by the urgent need to address the rising number of suicides at the iconic site. Over the years, the bridge has been a tragic location for many individuals, prompting advocates and mental health professionals to push for preventive measures. The net aims to provide a physical barrier to deter jumpers and save lives, reflecting a growing recognition of the importance of mental health support and suicide prevention. This initiative marks a significant step in addressing the complex issues surrounding mental health and public safety.",False,,0.0,0.0,0,,US & Canada,international
92300df29dbcea3e,B0,What happened during the Iowa school attack on the first day back?,,"On the first day back to school in Iowa, a tragic attack occurred at a local school, resulting in multiple injuries and a heightened sense of fear among students and staff. Authorities responded quickly, securing the area and providing medical assistance to those affected. The incident prompted discussions about school safety and mental health resources, as the community grappled with the aftermath of the violence. Investigations were launched to understand the motives behind the attack and to ensure the safety of students in the future.",False,,0.0,0.0,0,,US & Canada,international
9f02f2666ad58ccd,B0,What did the mother of the killed Israeli say about Hamas videos?,,"The mother of an Israeli victim killed by Hamas expressed deep anguish and outrage over videos released by the group that showcased the violence and chaos of the attacks. She condemned the footage as a disturbing attempt to glorify the brutality and suffering inflicted on innocent lives. Her statements highlighted the emotional toll on families affected by the violence, emphasizing the need for compassion and understanding rather than sensationalism. The mother called for a focus on healing and remembrance rather than the glorification of acts of terror.",False,,0.0,0.0,0,,Middle East,politics_conflict
598b27da8ac1d2b4,B0,How can Brits living abroad for over 15 years vote in elections?,,"Brits living abroad for over 15 years can vote in UK elections by registering as overseas voters, but they face specific limitations. While they can vote in general elections and referendums, their eligibility to vote in local elections and certain other polls is restricted after 15 years of residency outside the UK. To register, they must provide their personal details and confirm their British citizenship, typically through the official government website. This process allows them to maintain a connection to their home country and participate in its democratic processes, despite living abroad.",False,,0.0,0.0,0,,UK Politics,politics_conflict
ba5833c794d79d47,B0,Why was Jose Mourinho sacked by Roma after European success?,,"Jose Mourinho was sacked by AS Roma despite leading the team to a historic European trophy, the UEFA Europa Conference League, in 2022. His dismissal came after a disappointing start to the following season, marked by inconsistent performances and a lack of progress in domestic competitions. Tensions reportedly grew between Mourinho and the club's management, particularly regarding transfer strategies and team dynamics. Ultimately, the decision reflected a desire for a fresh direction as Roma aimed to improve their standing in both Serie A and European competitions.",False,,0.0,0.0,0,,,society_culture
b4e110e18f6b5b57,B0,How does the BBC News app keep users informed?,,"The BBC News app keeps users informed by providing real-time updates on breaking news, personalized content based on user preferences, and a wide range of articles covering various topics, including politics, health, and entertainment. It features push notifications for significant events, allowing users to stay updated even when they are not actively using the app. Additionally, the app offers multimedia content, such as videos and podcasts, enhancing the news consumption experience. Overall, it aims to deliver timely and relevant information to users in an accessible format.",False,,0.0,0.0,0,,BBC News Services,society_culture
06651158c9ca9498,B0,What happened to the Greek vessel hit by a missile in the Red Sea?,,"A Greek-owned cargo vessel was struck by a missile in the Red Sea, leading to significant damage but no reported casualties among the crew. The incident raised concerns about maritime security in the region, particularly amid ongoing tensions involving various state and non-state actors. Following the attack, the vessel was able to continue its journey, and authorities are investigating the circumstances surrounding the missile strike. This event highlights the increasing risks faced by commercial shipping in volatile areas.",False,,0.0,0.0,0,,Middle East,politics_conflict
bbd1b2a0b0fdf371,B0,What did the US say about Iran's missile strikes on Iraq?,,"The United States condemned Iran's missile strikes on Iraq, viewing them as a violation of Iraqi sovereignty and a destabilizing action in the region. U.S. officials expressed concern over Iran's aggressive military posture and its potential to escalate tensions further. The strikes were seen as part of Iran's broader strategy to exert influence and project power in the Middle East, prompting calls for a coordinated international response to address the threat posed by Iran's actions.",False,,0.0,0.0,0,,Middle East,politics_conflict
c3f75f98e9df9033,B0,What did Simon Clarke mean by acting alone in his call for the PM to resign?,,"Simon Clarke's statement about acting alone in calling for the Prime Minister's resignation reflects his personal stance rather than a collective decision from his party or government colleagues. This indicates a significant level of discontent within the ranks, suggesting that Clarke feels strongly about the leadership's direction and is willing to voice his dissent independently. His remarks highlight a potential rift in party unity and raise questions about the Prime Minister's support among key figures in the government. Clarke's call for resignation underscores the growing pressures and challenges facing the Prime Minister's administration.",False,,0.0,0.0,0,,UK Politics,politics_conflict
32fa8e95b3adaff4,B0,What led to the man's arrest for murder related to a building fire in South Africa?,,"A man was arrested for murder in connection with a devastating building fire in South Africa that resulted in multiple fatalities. Investigations revealed that the fire was deliberately set, leading authorities to suspect foul play. Eyewitness accounts and forensic evidence pointed to the suspect's involvement, prompting police to take swift action. The incident has raised concerns about safety regulations and the treatment of vulnerable communities in urban areas.",False,,0.0,0.0,0,,Africa,international
ba44671906c5c380,B0,What charges did billionaire Joe Lewis plead guilty to?,,"Billionaire Joe Lewis pleaded guilty to charges related to insider trading, specifically for using non-public information to benefit his investments. The charges stemmed from allegations that he provided tips to friends and associates, allowing them to profit from stock trades. As part of his plea agreement, Lewis acknowledged his role in the scheme and faces potential penalties, including significant fines and a possible prison sentence. The case has drawn attention due to Lewis's high-profile status and the implications for insider trading regulations.",False,,0.0,0.0,0,,US & Canada,international
77658461b4979f52,B0,What visa was granted to England spinner Shoaib Bashir for India?,,"England spinner Shoaib Bashir was granted a visa to travel to India for the ICC Cricket World Cup 2023. This visa allows him to participate in the tournament, which is a significant event in international cricket. Bashir's inclusion in the squad has generated excitement among fans, as he is considered a promising talent in the sport. His presence in India is expected to bolster England's chances in the competition.",False,,0.0,0.0,0,,,society_culture
070956fe9747473b,B0,What changes could occur in Royal Mail's delivery schedule according to the regulator?,,"The regulator has indicated that Royal Mail may need to adjust its delivery schedule to improve efficiency and meet service standards. Potential changes could include revising delivery times or frequencies, particularly in rural areas where service has been less reliable. These adjustments aim to enhance customer satisfaction and ensure that Royal Mail can compete effectively in the evolving postal market. The regulator's focus is on balancing operational viability with the need for consistent service across the UK.",False,,0.0,0.0,0,,Business,business_technology_science
9b3791371f2d89fe,B0,What does the US scientist suggest for making the perfect cup of tea?,,"A US scientist has suggested that the key to making the perfect cup of tea lies in the precise control of water temperature and steeping time. According to the expert, different types of tea require specific temperatures to extract optimal flavors and aromas, with green teas needing cooler water and black teas benefiting from hotter temperatures. Additionally, the steeping time should be carefully monitored to avoid bitterness, with shorter times recommended for delicate teas. This scientific approach emphasizes the importance of both temperature and timing in achieving the ideal brew.",False,,0.0,0.0,0,,UK,society_culture
fcfceb1fb88147ab,B0,How did Joe Biden win the New Hampshire primary without being on the ballot?,,"Joe Biden's victory in the New Hampshire primary, despite not being on the ballot, was largely attributed to a strategic maneuver by his campaign and the Democratic National Committee. His supporters organized a write-in campaign that successfully mobilized voters to cast their ballots for him, capitalizing on his established name recognition and support within the party. Additionally, the absence of strong challengers in the primary allowed Biden to consolidate the anti-establishment vote, leading to his unexpected win. This situation highlighted the complexities of primary elections and the influence of party dynamics on voter behavior.",False,,0.0,0.0,0,,US & Canada,international
4d2083c00f2c7207,B0,What are Holocaust survivors' criticisms of the new Westminster memorial plans?,,"Holocaust survivors have expressed significant concerns regarding the new memorial plans in Westminster, arguing that the design and location do not adequately honor the memory of the victims. Many survivors feel that the proposed site lacks the solemnity and prominence necessary for such a significant tribute, while others criticize the design for being too modern and not reflective of the historical gravity of the Holocaust. Additionally, some survivors have voiced frustration over the lack of consultation with the survivor community during the planning process, emphasizing the importance of their perspectives in creating a meaningful memorial. Overall, the criticisms highlight a desire for a more respectful and inclusive approach to commemorating the Holocaust.",False,,0.0,0.0,0,,UK Politics,politics_conflict
bcded98e450023c8,B0,How did Sir Jeffrey Donaldson respond to critics and threats?,,"Sir Jeffrey Donaldson, the leader of the Democratic Unionist Party (DUP), has faced criticism and threats regarding his leadership and the party's direction, particularly in the context of Northern Ireland's political landscape. In response, he has emphasized his commitment to the party's core values and the importance of unionism, asserting that he will not be swayed by detractors. Donaldson has also called for unity within the party, urging members to focus on their shared goals rather than internal divisions. His stance reflects a determination to navigate the challenges while maintaining the DUP's influence in Northern Ireland politics.",False,,0.0,0.0,0,,Northern Ireland,society_culture
d7e4fbd4785d37d1,B0,What record did Raye break at the Brit Awards 2024?,,"At the Brit Awards 2024, Raye made headlines by breaking the record for the most nominations for a female artist in a single year, receiving a total of six nods. This achievement highlighted her significant impact on the music scene, particularly following the release of her debut album. Raye's recognition at the awards underscored her rise to prominence and the critical acclaim she has garnered over the past year. Her success at the Brit Awards reflects a broader trend of female artists gaining recognition in the industry.",False,,0.0,0.0,0,,Entertainment & Arts,society_culture
a18dda71df8865ef,B0,What efforts are being made for aid in Gaza?,,"Efforts to provide aid in Gaza have intensified amid ongoing humanitarian crises, with various international organizations and governments mobilizing resources. The United Nations and several NGOs are working to deliver food, medical supplies, and shelter to those affected by conflict and blockades. Additionally, some countries are advocating for ceasefires to facilitate the safe passage of aid and to address the urgent needs of civilians. However, logistical challenges and security concerns continue to hinder the effectiveness of these relief efforts.",False,,0.0,0.0,0,,Middle East,politics_conflict
46d78553421a9646,B0,How are Houthi attacks in the Red Sea being tracked?,,"Houthi attacks in the Red Sea are being monitored through a combination of satellite imagery, naval patrols, and intelligence-sharing among regional and international partners. Maritime security agencies are increasingly utilizing advanced technologies, such as drones and surveillance systems, to detect and respond to threats posed by Houthi forces. Additionally, shipping companies are enhancing their own security measures and sharing information about potential risks in the area. This coordinated approach aims to ensure the safety of maritime routes critical for global trade.",False,,0.0,0.0,0,,Middle East,politics_conflict
30b5c4969ddfed66,B0,Who won the women's final at the Australian Open 2024?,,"In the 2024 Australian Open women's final, Aryna Sabalenka emerged victorious, defeating Elena Rybakina in a thrilling match. Sabalenka showcased her powerful game and resilience, securing her first Australian Open title. The match was marked by intense rallies and high-stakes moments, ultimately highlighting Sabalenka's skill and determination on the court. This victory further solidified her status as one of the top players in women's tennis.",False,,0.0,0.0,0,,Tennis,sports
7682d9936546be96,B0,What is the story of the referee who is also a firefighter?,,"The story of the referee who is also a firefighter highlights the unique dual role of an individual balancing two demanding professions. This referee, known for officiating local sports games, has gained attention for his commitment to both sports and public service. His experiences on the field often parallel the teamwork and quick decision-making required in firefighting, showcasing his dedication to community and safety. This narrative resonates with many, illustrating how individuals can contribute to their communities in multiple impactful ways.",False,,0.0,0.0,0,,Wales,society_culture
22c6ee9fcb3b716b,B0,What are the details of Donald Trump's four criminal cases?,,"Donald Trump is currently facing four criminal cases that span various legal issues. The first case involves charges related to his alleged efforts to overturn the 2020 presidential election results, including conspiracy and obstruction. The second case pertains to his handling of classified documents after leaving office, where he is accused of mishandling sensitive materials. The third case focuses on his alleged role in a hush-money payment to silence allegations during the 2016 campaign, while the fourth case involves charges related to his business practices and financial dealings, including fraud. Each case presents significant legal challenges for Trump as he navigates the judicial system while campaigning for the presidency in 2024.",False,,0.0,0.0,0,,US & Canada,international
74afa5f3a4a319e9,B0,Why is Barcelona's manager Xavi leaving at the end of the season?,,"Barcelona's manager Xavi is set to leave at the end of the season due to a combination of factors, including the team's inconsistent performance and the pressure to achieve better results. Despite his efforts to rebuild the squad and implement his vision, the club has faced challenges in both domestic and European competitions. Additionally, there are reports of internal disagreements regarding player management and future strategies, leading to speculation about a change in leadership. As a result, both Xavi and the club may see a parting as a necessary step for future success.",False,,0.0,0.0,0,,,society_culture
85e667ee1a25ac55,B0,What aid plea did the UN chief make regarding UNRWA's claims?,,"The UN chief recently urged the international community to provide urgent financial support to the United Nations Relief and Works Agency for Palestine Refugees in the Near East (UNRWA), which has been facing a severe funding crisis. He highlighted the critical role UNRWA plays in delivering essential services, including education and healthcare, to millions of Palestinian refugees. The plea comes amid escalating humanitarian needs in the region, exacerbated by ongoing conflicts and economic challenges. The UN chief emphasized that without immediate assistance, UNRWA's ability to operate and support vulnerable populations could be severely compromised.",False,,0.0,0.0,0,,Middle East,politics_conflict
b6ddf24f05c0091a,B0,What impact did the Post Office scandal have on a mother and her son?,,"The Post Office scandal, which involved the wrongful prosecution of sub-postmasters due to faulty accounting software, had devastating effects on many families, including that of a mother and her son. The mother faced financial ruin and emotional distress as she was wrongfully accused of theft and fraud, leading to a criminal conviction that shattered her reputation and strained her relationship with her son. The son, witnessing his mother's struggles, experienced significant emotional turmoil and the impact of stigma associated with the scandal, which affected their family dynamics and overall well-being. The long-lasting repercussions of the scandal highlight the profound personal toll of institutional failures on individuals and their families.",False,,0.0,0.0,0,,UK,society_culture
cfafbe2fecc54f4f,B0,What did Hermoso say about the World Cup kiss incident?,,"Jenni Hermoso has publicly expressed her discomfort and disapproval regarding the kiss she received from Luis Rubiales, the president of the Spanish Football Federation, during the World Cup medal ceremony. She described the incident as an act that was not consensual and emphasized that it left her feeling violated. Hermoso has since called for accountability and highlighted the need for a cultural shift in how women's rights and consent are respected in sports and beyond. Her statements have sparked widespread discussions about gender equality and the treatment of women in athletics.",False,,0.0,0.0,0,,Europe,international
88502391a3952417,B0,What was significant about the latest prisoner swap between Ukraine and Russia?,,"The latest prisoner swap between Ukraine and Russia marked a notable development in the ongoing conflict, as it involved the exchange of high-profile individuals, including military personnel and political prisoners. This event underscored the complexities of the war, highlighting both nations' willingness to negotiate despite ongoing hostilities. The swap was seen as a potential step towards easing tensions and fostering dialogue, although it also raised questions about the treatment of detainees and the broader implications for future negotiations. Overall, the exchange reflected the intricate dynamics of the conflict and the human cost involved.",False,,0.0,0.0,0,,Europe,international
c2e3e4c35a856070,B0,How did Storm Henk affect the UK?,,"Storm Henk brought significant disruption to the UK, particularly in the form of heavy rainfall and strong winds. Many regions experienced flooding, leading to road closures and travel delays, while power outages affected thousands of homes. Emergency services were deployed to assist with rescues and clear debris, highlighting the storm's impact on infrastructure and public safety. Overall, the storm underscored the increasing frequency of severe weather events in the region.",False,,0.0,0.0,0,,UK,society_culture
2ae4c40adbe60b84,B0,What allegations were made against the South Wales fire service?,,"The South Wales fire service has faced allegations of bullying and harassment within its ranks, with reports highlighting a toxic workplace culture. Former employees have come forward with claims of discrimination and a lack of support from management when issues were raised. These allegations have prompted investigations into the service's practices and policies, as well as calls for reform to ensure a safer and more inclusive environment for all staff. The situation has drawn significant media attention and raised concerns about the overall morale and effectiveness of the fire service.",False,,0.0,0.0,0,,Wales,society_culture
36146c7cc230d8dd,B0,What claims did Andrew Lloyd Webber make about a poltergeist?,,"Andrew Lloyd Webber claimed that his London home is haunted by a poltergeist, which he believes is the spirit of a former resident. He described experiencing strange occurrences, such as objects moving on their own and unexplained noises, which he attributes to this supernatural presence. The renowned composer shared these experiences in interviews, expressing both fascination and a touch of fear regarding the ghostly activity in his home. His comments have sparked interest and debate about the existence of poltergeists and the paranormal in general.",False,,0.0,0.0,0,,London,society_culture
02a07ad9c7a29286,B0,Who did Luke Littler defeat to reach the World Darts Championship final?,,"Luke Littler reached the World Darts Championship final by defeating the reigning champion, Michael van Gerwen. Littler's impressive performance showcased his skill and composure under pressure, marking a significant achievement in his young career. The match was closely contested, but Littler's precision and strategic play ultimately secured his victory, propelling him into the final. This win has generated considerable excitement and attention in the darts community, highlighting Littler as a rising star in the sport.",False,,0.0,0.0,0,,Darts,sports
df3ebb56a6a48c7c,B0,What was discovered in the medieval cemetery found in Wales?,,"In a recent archaeological discovery in Wales, a medieval cemetery was unearthed, revealing a wealth of historical artifacts and human remains. Among the findings were well-preserved skeletons, some of which exhibited signs of unusual burial practices, suggesting a diverse range of cultural influences in the area during that period. Additionally, various grave goods, including pottery and personal items, were found, providing insights into the lives and beliefs of the individuals buried there. This discovery has sparked interest in the region's medieval history and its social dynamics.",False,,0.0,0.0,0,,Science & Environment,business_technology_science
fcd0fd0961018750,B0,Why are students at Raac schools worried about their grades?,,"Students at Raac schools are concerned about their grades due to the ongoing disruptions caused by the presence of reinforced autoclaved aerated concrete (RAAC) in their school buildings. Many schools have had to close or limit access to certain areas, impacting classroom learning and exam preparations. This uncertainty has led to anxiety among students about their ability to perform well academically, as they face interruptions in their education and potential changes to assessment methods. The situation has raised broader questions about the safety and adequacy of school facilities, further compounding students' worries about their future academic prospects.",False,,0.0,0.0,0,,Family & Education,society_culture
89069972a0046935,B0,What changes are happening to Universal Credit claims?,,"Recent changes to Universal Credit claims include a shift towards stricter eligibility criteria and increased requirements for claimants to demonstrate their job-seeking efforts. The government has introduced measures aimed at reducing the number of people on benefits by encouraging more active participation in the labor market. Additionally, there have been adjustments to payment structures, with some claimants facing reductions in their benefits if they do not meet specific work-related obligations. These changes have sparked discussions about their impact on vulnerable populations and the overall effectiveness of the welfare system.",False,,0.0,0.0,0,,UK Politics,politics_conflict
6df4022312087f03,B0,What happened to the newborn girl found in a shopping bag?,,"A newborn girl was discovered abandoned in a shopping bag in a public area, prompting an immediate response from local authorities and emergency services. The infant was quickly taken to a hospital for medical evaluation and care, where she was reported to be in stable condition. Investigations were launched to identify the child's parents and understand the circumstances surrounding her abandonment. The incident raised concerns about the safety and well-being of vulnerable infants, leading to discussions about support systems for new parents in crisis.",False,,0.0,0.0,0,,London,society_culture
12f660940b0b8702,B0,What new law is being proposed regarding cat and dog theft?,,"A new law is being proposed to address the rising issue of cat and dog theft, aiming to enhance penalties for those convicted of stealing pets. The legislation seeks to classify pet theft as a specific crime, which would allow for harsher sentences and increased fines. Advocates argue that this measure is necessary to protect pets and their owners, as the emotional and financial impact of such thefts can be significant. The proposal has garnered support from animal rights groups and pet owners alike, highlighting the need for stronger legal protections for companion animals.",False,,0.0,0.0,0,,UK Politics,politics_conflict
d711699844110c3e,B0,What does Storm Isha mean for the weather ahead?,,"Storm Isha is expected to bring significant weather changes, including heavy rainfall and strong winds, to various regions. Meteorologists warn that the storm could lead to localized flooding and disruptions, particularly in coastal areas. As Isha moves through, it may also influence temperature patterns, potentially leading to cooler conditions in its wake. Overall, the storm's impact will likely be felt for several days, prompting advisories and preparations in affected areas.",False,,0.0,0.0,0,,UK,society_culture
938ba651334fd224,B0,What is the DragonFire laser being tested for?,,"The DragonFire laser is being tested primarily for its potential use in military applications, particularly for precision targeting and defense against aerial threats. Developed by a consortium of UK defense companies, the laser system aims to enhance the capabilities of armed forces by providing a cost-effective and efficient means of neutralizing drones and other small targets. Its tests have focused on demonstrating accuracy and effectiveness in various operational scenarios, showcasing the future of directed energy weapons in modern warfare. The ongoing trials are part of a broader effort to integrate advanced technologies into defense strategies.",False,,0.0,0.0,0,,UK,society_culture
a6674da59b58ec67,B0,What did Michael Gove say about Kingspan and capitalism?,,"Michael Gove, the UK government minister, made headlines for his comments regarding Kingspan, a company involved in the production of insulation materials linked to the Grenfell Tower fire. He criticized the firm for its role in the tragedy, emphasizing the need for accountability in the construction industry. Gove's remarks also touched on broader themes of capitalism, suggesting that businesses must prioritize ethical practices and social responsibility over profit. His statements reflect a growing sentiment that companies should be held to higher standards, particularly in sectors that impact public safety.",False,,0.0,0.0,0,,Northern Ireland,society_culture
11d52b61cdba900c,B0,Why did David Clarke resign from the DUP?,,"David Clarke resigned from the Democratic Unionist Party (DUP) amid internal party tensions and disagreements over leadership direction. His departure was seen as part of a broader struggle within the party, particularly regarding its stance on key issues and the handling of recent political challenges in Northern Ireland. Clarke's resignation highlighted ongoing divisions within the DUP, as the party grapples with its identity and strategy in a changing political landscape.",False,,0.0,0.0,0,,Northern Ireland,society_culture
70f1e123950f1784,B0,What did the court rule regarding Gerry Adams and IRA victims?,,"The court ruled that Gerry Adams, the former leader of Sinn Féin, could not be held liable for the actions of the Irish Republican Army (IRA) in relation to victims' claims. The decision came after a legal challenge from families of IRA victims who sought to hold Adams accountable for his alleged role in the organization during the Troubles. The court emphasized that there was insufficient evidence to establish a direct link between Adams and the specific incidents in question. This ruling has significant implications for how accountability is approached in cases related to the conflict in Northern Ireland.",False,,0.0,0.0,0,,Northern Ireland,society_culture
a127a706ace10d2a,B0,What happened in the Ukrainian drone attack on a Russian oil depot?,,"In a recent Ukrainian drone attack on a Russian oil depot, several drones targeted the facility, resulting in significant damage and fires. The attack is part of Ukraine's ongoing efforts to disrupt Russian supply lines and infrastructure amid the ongoing conflict. Russian authorities reported that the drones were intercepted, but some managed to reach their target, highlighting the increasing effectiveness of Ukraine's drone capabilities. This incident underscores the escalating nature of the conflict and the strategic importance of energy resources in the war.",False,,0.0,0.0,0,,Europe,international
2e89eac0a0d9ce9c,B0,Why did Nigel Lythgoe step down from his judging role?,,"Nigel Lythgoe stepped down from his judging role on ""So You Think You Can Dance"" after nearly two decades, citing a desire for new perspectives and changes within the show. He expressed that it was time for fresh ideas and voices to shape the competition, allowing for a new direction. Lythgoe's departure marks the end of an era for the series, which he helped to popularize and shape since its inception. His decision reflects a broader trend in reality television, where producers often seek to refresh formats and engage audiences with new talent.",False,,0.0,0.0,0,,Entertainment & Arts,society_culture
5bfd52b6f1c5d51e,B0,What will the Supreme Court decide about Trump's presidential eligibility?,,"The Supreme Court is expected to address the question of Donald Trump's eligibility to run for president again, particularly in light of the 14th Amendment's insurrection clause. Legal challenges have emerged, arguing that Trump's actions related to the January 6 Capitol riot disqualify him from holding office. The Court's decision could set a significant precedent regarding the interpretation of constitutional eligibility criteria for presidential candidates. As the 2024 election approaches, the outcome of this case could have profound implications for both Trump and the broader political landscape.",False,,0.0,0.0,0,,US & Canada,international
9dd8dc132e20834e,B0,What does Israel claim about the Hamas command in Gaza?,,"Israel has claimed that Hamas operates a sophisticated command structure in Gaza, which is deeply embedded within civilian areas, including homes, schools, and hospitals. Israeli officials assert that this tactic is designed to shield Hamas from military strikes while using civilians as human shields. The Israeli military has emphasized that targeting these command centers is crucial for national security, as they believe these sites coordinate attacks against Israel. This situation has raised significant concerns about the humanitarian impact on Gaza's civilian population amid ongoing conflicts.",False,,0.0,0.0,0,,Middle East,politics_conflict
62e35783495ea7e3,B0,What incident caused Alaska Airlines to ground its 737 Max 9 planes?,,"Alaska Airlines grounded its fleet of 737 Max 9 planes following a safety incident involving a potential issue with the aircraft's engines. The decision came after reports of engine performance anomalies during routine operations, prompting the airline to prioritize passenger safety. The grounding affected several flights, leading to delays and cancellations as the airline worked with regulators and Boeing to address the concerns. Alaska Airlines emphasized its commitment to safety and compliance with all necessary protocols during the investigation.",False,,0.0,0.0,0,,US & Canada,international
5d01d382e0b0dd32,B0,What did the family discover on the tiny island during their history hunt?,,"During their history hunt on a tiny island, the family uncovered a series of intriguing artifacts that hinted at the island's rich past. Among the discoveries were remnants of ancient tools, pottery shards, and possibly even signs of early human habitation. These findings sparked excitement and curiosity, leading the family to delve deeper into the island's history and its significance in the broader context of local heritage. Their adventure not only revealed physical treasures but also connected them to the stories of those who once lived there.",False,,0.0,0.0,0,,Highlands & Islands,society_culture
3acaee9a1831b6b2,B0,What actions is Rishi Sunak being urged to take for flood victims?,,"Rishi Sunak is being urged to take immediate action to support flood victims in the UK, particularly in areas severely affected by recent flooding events. Calls for increased financial assistance and resources have come from various political leaders and community organizations, emphasizing the need for swift government intervention to aid recovery efforts. Critics are also pressing for a comprehensive review of flood management strategies to prevent future disasters and ensure better preparedness. The urgency of the situation has heightened as communities grapple with the aftermath and seek reassurance from the government.",False,,0.0,0.0,0,,UK Politics,politics_conflict
4aca9f5642c12ea8,B0,What challenges are faced during the junior doctors' strike?,,"The junior doctors' strike has highlighted several significant challenges, including staffing shortages that exacerbate pressure on healthcare systems already stretched thin. Patients face delays in treatment and cancellations of elective surgeries, leading to increased frustration and anxiety. Additionally, the strike has sparked debates over pay and working conditions, with junior doctors advocating for better compensation and support amid rising living costs. The situation has created a complex dynamic between healthcare providers, government officials, and the public, as all parties navigate the implications of the strike on patient care and the broader healthcare landscape.",False,,0.0,0.0,0,,Health,society_culture
09aac85c45acf35c,B0,What were the circumstances surrounding Franz Beckenbauer's death?,,"As of my last update in October 2023, Franz Beckenbauer, the legendary German footballer and manager, was alive. However, he has faced significant health challenges in recent years, including undergoing multiple surgeries and dealing with serious medical issues. Beckenbauer is widely celebrated for his contributions to football, particularly for leading West Germany to victory in the 1974 World Cup and managing the national team to another title in 1990. Any news regarding his death would be a significant event in the sports world, given his iconic status.",False,,0.0,0.0,0,,,society_culture
d839673fc55c2537,B0,How can private care help with NHS waiting lists?,,"Private care can alleviate NHS waiting lists by providing patients with quicker access to medical services, thereby reducing the burden on the public healthcare system. Many individuals are opting for private treatment to avoid long waits for procedures and consultations, which can lead to improved health outcomes and patient satisfaction. Additionally, partnerships between private providers and the NHS can facilitate the sharing of resources and expertise, further streamlining care delivery. This approach not only helps patients receive timely treatment but also allows the NHS to focus its resources on more complex cases.",False,,0.0,0.0,0,,Wales,society_culture
556da39750eea302,B0,What did United Airlines find during inspections of the Boeing 737 Max 9?,,"During inspections of the Boeing 737 Max 9, United Airlines discovered issues related to the aircraft's engines and other components that raised safety concerns. These findings prompted the airline to temporarily ground some of its Max 9 fleet to conduct further evaluations and repairs. The inspections were part of a broader effort to ensure compliance with safety regulations and maintain operational integrity. United Airlines has been working closely with Boeing and regulatory authorities to address the identified issues and ensure the safety of its passengers.",False,,0.0,0.0,0,,US & Canada,international
65d84e8b54e956a3,B0,What weather conditions are affecting England and Wales?,,"England and Wales are currently experiencing a mix of weather conditions, including heavy rainfall and strong winds, which have led to flooding in some areas. The persistent wet weather is attributed to a series of low-pressure systems moving across the region, causing disruptions in transportation and prompting flood warnings. Additionally, colder temperatures are expected to follow, bringing a potential for frost in the coming days. Overall, the unsettled weather is impacting daily life and raising concerns about further flooding and travel difficulties.",False,,0.0,0.0,0,,UK,society_culture
6dd3e2f355509b35,B0,What did the mother say about her inmate daughter's treatment before death?,,"The mother of an inmate who died while in custody expressed deep concerns about her daughter's treatment leading up to her death. She described a lack of adequate medical care and attention, highlighting that her daughter had been suffering from serious health issues that were not properly addressed by the facility. The mother emphasized her belief that the neglect contributed to her daughter's tragic passing, calling for accountability and changes in how inmates are treated, particularly regarding their health needs. This situation has sparked discussions about the conditions within correctional facilities and the responsibilities of the authorities to ensure the well-being of inmates.",False,,0.0,0.0,0,,Glasgow & West Scotland,society_culture
5bb661bd57eeaf76,B0,What legal challenge did Andrew Tate win regarding his assets?,,"Andrew Tate recently won a legal challenge that allowed him to regain access to some of his assets, which had been seized by Romanian authorities as part of an ongoing investigation into allegations of human trafficking and organized crime. The court ruled that the seizure of his assets was not justified, enabling him to retrieve certain properties and funds. This decision marks a significant development in Tate's legal battles, as he continues to contest the serious charges against him. The outcome has drawn attention to the complexities of asset forfeiture laws in Romania.",False,,0.0,0.0,0,,Europe,international
c22f234627debce1,B0,What documents is Labour trying to force ministers to publish?,,"The Labour Party is pushing for the publication of documents related to the government's handling of the COVID-19 pandemic, particularly those that detail decision-making processes and the impact of policies implemented during the crisis. They are also seeking transparency regarding the government's procurement contracts and any correspondence that may reveal conflicts of interest or mismanagement. This effort is part of Labour's broader campaign to hold the government accountable for its actions and to ensure that lessons are learned from the pandemic response. The push for these documents has sparked debates about transparency and accountability in government.",False,,0.0,0.0,0,,UK Politics,politics_conflict
b5fff101fef3c712,B0,What are the current flood warnings in place?,,"As of now, several regions are under flood warnings due to heavy rainfall and rising water levels. Areas particularly affected include parts of the Midwest and Northeast, where saturated ground conditions have led to concerns about flash flooding and river overflow. Local authorities are advising residents to stay alert, avoid flooded areas, and prepare for potential evacuations. Emergency services are on standby to respond to any incidents as the situation develops.",False,,0.0,0.0,0,,UK,society_culture
5f8c1f8b4b5aad93,B0,What challenges does the US Moon mission face for a lunar landing?,,"The US Moon mission faces several significant challenges as it prepares for a lunar landing. Technical hurdles include ensuring the reliability of spacecraft systems and developing advanced landing technologies that can safely navigate the Moon's uneven terrain. Additionally, budget constraints and the need for international collaboration complicate timelines and resource allocation. There are also concerns about the potential for space debris and the need for sustainable practices to protect the lunar environment during exploration.",False,,0.0,0.0,0,,Science & Environment,business_technology_science
40476177bdae3546,B0,Why is Paula Vennells returning her CBE?,,"Paula Vennells, the former CEO of the Post Office, is returning her CBE in light of the controversy surrounding the wrongful prosecution of sub-postmasters in a major scandal involving faulty IT systems. The scandal led to numerous sub-postmasters being falsely accused of theft and fraud, resulting in significant personal and financial distress for many individuals. Vennells faced criticism for her role in the organization during this period, and her decision to return the honor reflects a recognition of the impact of the scandal and a desire to take responsibility. This move has been seen as a step towards accountability in the wake of the ongoing fallout from the Post Office's actions.",False,,0.0,0.0,0,,UK,society_culture
76a2bffc125b8877,B0,What is the current status of the US Moon mission with the Peregrine lander?,,"The Peregrine lander, developed by Astrobotic, is part of NASA's Artemis program aimed at returning humans to the Moon. As of now, the Peregrine lander is scheduled for its inaugural mission, which will deliver payloads to the lunar surface. The launch is expected to take place in the near future, with preparations underway to ensure the lander's successful deployment and operation on the Moon. This mission represents a significant step in advancing lunar exploration and establishing a sustainable presence on the Moon.",False,,0.0,0.0,0,,Science & Environment,business_technology_science
436d9bfd3d81cbbb,B0,What details are known about the woman who abandoned Baby Elsa?,,"The woman who abandoned Baby Elsa has been identified as a young mother facing significant personal challenges. Reports indicate that she was struggling with mental health issues and lacked support, which contributed to her decision to leave the infant in a safe location. Authorities have expressed concern for her well-being and are working to locate her, emphasizing the importance of understanding the circumstances that led to this incident. The case has sparked discussions about the need for better resources for struggling parents and the importance of community support.",False,,0.0,0.0,0,,London,society_culture
a5e6dc1584d225ec,B0,What was revealed about a British national sentenced for spying in China?,,"A British national, who was sentenced to life in prison in China for espionage, was revealed to have been accused of gathering state secrets. The individual, identified as a former employee of a British consulate, reportedly engaged in activities that Chinese authorities deemed a threat to national security. The case has raised concerns about the treatment of foreign nationals in China and the broader implications for diplomatic relations between the UK and China. The British government has expressed its disapproval of the sentencing and is seeking further information on the case.",False,,0.0,0.0,0,,China,international
6d9180635e6385cd,B0,What is the current status of Baby Elsa after leaving the hospital?,,"Baby Elsa, who gained widespread attention after her birth in a hospital in 2023, has been reported to be in stable condition following her discharge. Her family has expressed gratitude for the support they received during her hospitalization and is now focusing on her care at home. While she continues to receive regular check-ups, her health is being closely monitored to ensure her ongoing well-being. The community remains engaged and supportive, celebrating her progress and the family's journey.",False,,0.0,0.0,0,,London,society_culture
9e44023bc293e53a,B0,What changes do northern business groups want for council tax bands?,,"Northern business groups are advocating for a reform of council tax bands to better reflect current property values and economic conditions. They argue that the existing system is outdated and disproportionately burdens businesses, particularly in areas with rising property prices. The groups are calling for a review of the tax structure to ensure it is fairer and more equitable, potentially leading to a more sustainable funding model for local services. This push for change highlights ongoing concerns about the financial pressures faced by businesses in the region.",False,,0.0,0.0,0,,UK Politics,politics_conflict
39d02c1623a3088c,B0,What did Rishi Sunak say about the Rwanda plan?,,"Rishi Sunak has expressed strong support for the UK government's Rwanda plan, which aims to send some asylum seekers to Rwanda for processing. He argues that the initiative is essential for deterring illegal immigration and ensuring the integrity of the UK's immigration system. Sunak has emphasized the need for a robust approach to border control, asserting that the plan will help break the cycle of people smuggling and reduce the pressure on the UK's asylum system. Despite facing legal challenges and criticism from various groups, he remains committed to implementing the policy as part of his broader immigration strategy.",False,,0.0,0.0,0,,UK Politics,politics_conflict
ed79815982107e93,B0,What impact does Taiwan's election have on relations with China?,,"Taiwan's elections significantly influence its relations with China, as the outcome often reflects the island's stance on sovereignty and independence. A victory for pro-independence candidates typically escalates tensions with Beijing, which views Taiwan as a breakaway province, while a win for pro-unification candidates may lead to a thaw in relations. The elections also attract international attention, as global powers monitor the situation, given Taiwan's strategic importance and the potential for conflict in the region. Overall, the electoral results can either exacerbate or ease the already complex dynamics between Taiwan and China.",False,,0.0,0.0,0,,Asia,international
c7762c40cb4266e5,B0,What made Annie Nightingale an innovative DJ?,,"Annie Nightingale is celebrated as an innovative DJ for her pioneering role in a male-dominated industry, becoming the first female DJ to host a show on BBC Radio 1 in the 1970s. Her eclectic taste in music and ability to spot emerging talent helped shape the sound of British radio, introducing audiences to genres like punk, reggae, and electronic music long before they became mainstream. Nightingale's commitment to championing new artists and her engaging broadcasting style have made her a beloved figure in the music world, inspiring generations of DJs and music lovers alike. Her influence extends beyond her radio career, as she has also been a prominent advocate for women in music.",False,,0.0,0.0,0,,Entertainment & Arts,society_culture
35a04bfdc772d2e8,B0,What legal costs was Donald Trump ordered to pay to the NY Times?,,"Donald Trump was ordered to pay legal costs to The New York Times following a defamation lawsuit he filed against the newspaper. The case stemmed from an opinion piece that discussed his actions during the 2016 election and alleged connections to Russia. A judge ruled that Trump's claims were without merit, leading to the decision that he should cover the Times' legal expenses. This ruling underscored the challenges Trump faced in proving defamation against a media outlet.",False,,0.0,0.0,0,,US & Canada,international
317dd1ad78c0f72a,B0,What does the new book say about Queen Elizabeth's death?,,"The new book about Queen Elizabeth II's death delves into the events surrounding her passing and the immediate aftermath, highlighting the emotional responses from the royal family and the public. It offers insights into her final days, the preparations for her funeral, and the impact of her death on the monarchy and the nation. The narrative also reflects on her legacy and the challenges faced by the royal family in the wake of her passing, emphasizing the transition to a new era under King Charles III. Overall, the book paints a poignant picture of a significant moment in British history.",False,,0.0,0.0,0,,UK,society_culture
2aa2baad76ce9105,B0,What was China's response to Taiwan's election results?,,"Following Taiwan's recent election results, which saw a victory for pro-independence candidates, China expressed strong disapproval, reiterating its stance that Taiwan is an integral part of its territory. Chinese officials condemned the election outcomes, warning against any moves toward formal independence and emphasizing their commitment to reunification. Beijing's response included a mix of diplomatic protests and military posturing, with increased military drills near Taiwan, signaling its determination to assert control over the island. The situation has heightened tensions in the region, as Taiwan's leadership continues to seek international support amid China's aggressive rhetoric.",False,,0.0,0.0,0,,Asia,international
81045846337669aa,B0,How was a stolen dog found 200 miles away?,,"A stolen dog was found 200 miles away after a diligent search by its owner and the local community. The dog, which had been taken from its home, was located when a good Samaritan recognized it from social media posts and contacted the authorities. The police were able to reunite the dog with its owner, highlighting the power of community efforts and social media in recovering lost pets. This incident underscores the importance of vigilance and the collective action of individuals in addressing pet theft.",False,,0.0,0.0,0,,Nottingham,society_culture
6db4924d15b74dad,B0,What significant event occurred 100 days after Hamas attacked Israel?,,"One significant event that occurred 100 days after Hamas attacked Israel was the escalation of military operations and ongoing conflict in the region, which continued to draw international attention and concern. The humanitarian situation in Gaza worsened, with reports of casualties and displacement rising sharply. Diplomatic efforts to broker a ceasefire or peace negotiations faced challenges, as both sides remained entrenched in their positions. The situation highlighted the complexities of the conflict and the urgent need for a resolution to prevent further loss of life and suffering.",False,,0.0,0.0,0,,Middle East,politics_conflict
d8ec7ae95a961f82,B0,What is Fujitsu Japan's stance on the Post Office scandal?,,"Fujitsu Japan has expressed regret over its involvement in the Post Office scandal, which revolves around the wrongful prosecution of thousands of postal workers due to faulty data systems. The company has acknowledged its role in providing the technology that contributed to the errors, leading to significant financial and emotional distress for the affected employees. Fujitsu has committed to cooperating with investigations and has emphasized the importance of rectifying the situation, while also working to improve its systems to prevent similar issues in the future. The scandal has raised broader questions about accountability and the responsibilities of technology providers in such cases.",False,,0.0,0.0,0,,Business,business_technology_science
e5dcc5be2c51fd89,B0,"What caused the landslide in Yunnan, China?",,"The landslide in Yunnan, China, was primarily triggered by heavy rainfall that saturated the soil, leading to instability on the slopes. The region has experienced significant rainfall, exacerbating the risk of landslides in mountainous areas. Additionally, factors such as deforestation and geological conditions may have contributed to the severity of the event. Authorities have been monitoring the situation and conducting rescue operations for those affected.",False,,0.0,0.0,0,,China,international
121c7132b9bc9f4b,B0,Why did H&M pull its school uniform advertisement?,,"H&M faced backlash after releasing a school uniform advertisement that featured a young Black boy wearing a hoodie with the slogan ""Coolest Monkey in the Jungle."" The ad was criticized for its racially insensitive implications, leading to widespread outrage on social media and calls for a boycott. In response to the negative reaction, H&M quickly removed the advertisement and issued an apology, acknowledging the offense caused and emphasizing their commitment to diversity and inclusion. The incident highlighted ongoing discussions about race and representation in advertising.",False,,0.0,0.0,0,,Business,business_technology_science
a9e3fec21eb8cffd,B0,What are UK officials investigating regarding Iran generals?,,"UK officials are investigating the activities of Iranian generals in connection with alleged human rights abuses and the suppression of dissent within Iran. This scrutiny has intensified amid concerns over Iran's military involvement in regional conflicts and its support for proxy groups. The investigation aims to hold accountable those responsible for actions that violate international law, particularly in light of the ongoing protests in Iran and the government's crackdown on demonstrators. The UK government is considering potential sanctions and other measures as part of its response to these findings.",False,,0.0,0.0,0,,UK,society_culture
be77f9a34c74d498,B0,What was seized in Colombia's narco-sub operation?,,"In Colombia's recent narco-sub operation, authorities seized a semi-submersible vessel that was being used to transport large quantities of cocaine. The operation highlighted the ongoing challenges posed by drug trafficking in the region, as these sophisticated submarines are designed to evade detection while transporting narcotics to international markets. Alongside the vessel, law enforcement also confiscated a significant amount of cocaine, underscoring the scale of the drug trade in Colombia. This operation reflects the government's continued efforts to combat drug trafficking and dismantle the networks behind it.",False,,0.0,0.0,0,,Latin America & Caribbean,international
6d829e7bd943bfc0,B0,Why did Aditya Verma appear in a Spanish court?,,"Aditya Verma appeared in a Spanish court as part of a legal case involving allegations of financial misconduct and fraud linked to a real estate investment. The case has drawn attention due to its implications for international business practices and the scrutiny of foreign investments in Spain. Verma's appearance was significant as it highlighted the complexities of cross-border legal issues and the enforcement of financial regulations. The proceedings are ongoing, and the outcome could have broader ramifications for similar cases in the future.",False,,0.0,0.0,0,,Europe,international
409d46ae981738b3,B0,What issues are pandemic puppy owners facing?,,"Pandemic puppy owners are grappling with several challenges as the initial excitement of bringing a new pet home fades. Many are facing behavioral issues in their dogs, stemming from a lack of socialization during crucial developmental periods when they were primarily kept at home. Additionally, owners are encountering difficulties in training and managing their pets' energy levels, as the dogs have become accustomed to constant companionship. The rising costs of pet care, including food and veterinary services, are also adding financial strain for many families.",False,,0.0,0.0,0,,England,society_culture
448ccf42cc5a7140,B0,What happened to the floating bar during Storm Henk?,,"During Storm Henk, a floating bar located in the Netherlands faced significant challenges as the storm brought strong winds and heavy rain. The bar, which is known for its unique location on the water, was reportedly damaged and had to be closed temporarily due to safety concerns. The storm's severe weather conditions raised alarms about the structural integrity of the floating establishment, prompting local authorities to assess the situation and ensure the safety of patrons and staff. Fortunately, there were no serious injuries reported, but the incident highlighted the vulnerabilities of such venues during extreme weather events.",False,,0.0,0.0,0,,London,society_culture
18217c4c4f140dea,B0,How many people are missing after the Japan earthquake?,,"Following the recent earthquake in Japan, reports indicate that several hundred people are currently unaccounted for. Rescue operations are underway, with emergency services working tirelessly to locate those missing and provide assistance to affected areas. The earthquake has caused significant damage, leading to concerns about infrastructure and the safety of residents. Authorities are urging people to stay vigilant as aftershocks continue to pose risks.",False,,0.0,0.0,0,,Asia,international
ee8dd9d6a16f01c7,B0,Why was Nicholas Rossi extradited from Scotland?,,"Nicholas Rossi, an American fugitive, was extradited from Scotland to the United States to face multiple charges, including rape and fraud. His extradition followed a lengthy legal battle in which he claimed he was not the person authorities were seeking, arguing that he was a victim of mistaken identity. However, U.S. authorities presented evidence linking him to the crimes, leading to his eventual transfer. Rossi's case has drawn significant media attention due to the dramatic nature of his claims and the legal complexities involved.",False,,0.0,0.0,0,,Scotland,society_culture
dd22f000fe8f1366,B0,What concerns exist about online prescription drug sales?,,"Concerns about online prescription drug sales primarily revolve around safety and regulation. Many consumers may unknowingly purchase medications from unverified or illegal sources, which can lead to receiving counterfeit or harmful products. Additionally, the lack of face-to-face consultations with healthcare professionals raises issues about proper diagnosis and the potential for misuse of medications. There are also worries about privacy and data security, as personal health information may be vulnerable to breaches when transactions occur online.",False,,0.0,0.0,0,,Health,society_culture
60aebd9f01647781,B0,What are the allegations against Sunderland footballer Jack Diamond?,,"Sunderland footballer Jack Diamond has faced allegations of sexual assault, which reportedly involve an incident that took place in 2020. The claims have led to a police investigation, and Diamond has been suspended from the club pending the outcome of the legal proceedings. The situation has garnered significant media attention, with discussions surrounding the implications for both the player and the club as they navigate the allegations. As the case unfolds, it raises broader questions about accountability and conduct within professional sports.",False,,0.0,0.0,0,,Wear,society_culture
3250774db0f2ceca,B0,What damage did the Japan earthquake cause?,,"The recent earthquake in Japan caused significant damage, particularly in the affected regions, with reports of collapsed buildings, disrupted infrastructure, and widespread power outages. Emergency services were mobilized to assist those in need, while many residents were evacuated from their homes due to safety concerns. The earthquake also triggered landslides and damaged roads, complicating rescue efforts. As authorities assess the full extent of the destruction, the focus remains on recovery and support for those impacted by the disaster.",False,,0.0,0.0,0,,,society_culture
de904b73ea02e0d2,B0,What did the RAC say about the motorway electric car charge point target?,,"The RAC has expressed concerns regarding the government's target for electric car charging points along motorways, emphasizing that the current pace of installation is insufficient to meet future demand. They highlighted that while the target aims to ensure adequate charging infrastructure, the existing number of charge points is falling short, potentially hindering the transition to electric vehicles. The RAC called for a more aggressive approach to expanding the network to support drivers and encourage the adoption of electric cars. Overall, they stressed the importance of timely and accessible charging options to facilitate a smoother shift towards greener transportation.",False,,0.0,0.0,0,,Business,business_technology_science
f5471e0752a1ee76,B0,What are the plans for a major gaming event in Wales?,,"Wales is set to host a major gaming event aimed at celebrating the growing gaming industry in the region. The event will feature a variety of activities, including game showcases, panel discussions with industry experts, and opportunities for networking among developers and gamers. Organizers hope to attract both local and international participants, highlighting Wales as a burgeoning hub for gaming innovation. This initiative is part of a broader effort to promote the creative industries in Wales and boost the local economy.",False,,0.0,0.0,0,,Wales,society_culture
f4481f3cbd7120f5,B0,How many people were tested for cancer in England?,,"In recent years, there has been a significant focus on cancer testing in England, particularly in light of the COVID-19 pandemic, which disrupted many routine health services. Reports indicate that millions of people are tested for various types of cancer annually, with efforts to increase awareness and access to screening programs. The National Health Service (NHS) has been working to encourage more individuals to participate in screening, especially for breast, cervical, and bowel cancers, aiming to catch cases earlier and improve outcomes. However, specific numbers can vary year by year, reflecting changes in health policies and public health initiatives.",False,,0.0,0.0,0,,Health,society_culture
d738a37513931996,B0,What was Ana Ofelia Murguía's role in Disney's Coco?,,"Ana Ofelia Murguía voiced the character of Mama Coco in Disney's animated film ""Coco."" Her portrayal brought warmth and depth to the character, who is the beloved grandmother of the protagonist, Miguel. Mama Coco plays a crucial role in the story, representing family ties and the importance of remembering loved ones who have passed away. Murguía's performance contributed significantly to the film's emotional resonance and its themes of heritage and remembrance.",False,,0.0,0.0,0,,Entertainment & Arts,society_culture
8d5e3db1b964a373,B0,What led to the US Navy destroying Houthi boats?,,"The U.S. Navy destroyed Houthi boats in response to escalating tensions in the Red Sea, where the Iran-aligned Houthi movement has been increasingly aggressive in targeting commercial shipping. The decision came after a series of incidents involving Houthi attacks on vessels, which raised concerns about maritime security and the safety of international shipping routes. The U.S. aimed to deter further threats and protect freedom of navigation in the region, reflecting broader geopolitical tensions involving Iran and its proxies. This action underscores the ongoing conflict dynamics in Yemen and the strategic importance of the Red Sea for global trade.",False,,0.0,0.0,0,,Middle East,politics_conflict
a0504e5490eb10e9,B0,When will Fortnite return to iPhones in the EU?,,"Fortnite's return to iPhones in the EU remains uncertain as the game is still embroiled in legal disputes between Epic Games and Apple. Following a court ruling that favored Epic, the game has not yet been reinstated on the App Store, and negotiations between the two companies are ongoing. Players are hopeful for a resolution that would allow Fortnite to return, but no specific timeline has been announced. The situation continues to evolve as both parties navigate the complexities of app store policies and legal requirements.",False,,0.0,0.0,0,,Technology,business_technology_science
13c083b411295814,B0,"Why is Lloyds cutting 1,600 jobs?",,"Lloyds Banking Group is cutting 1,600 jobs as part of a broader restructuring effort aimed at reducing costs and adapting to changing market conditions. The bank is focusing on streamlining operations and enhancing efficiency, particularly in response to the increasing shift towards digital banking services. This decision reflects the ongoing challenges in the financial sector, including the need to remain competitive while managing expenses in a rapidly evolving economic landscape. The job cuts are expected to impact various roles across the organization, as Lloyds seeks to align its workforce with its strategic priorities.",False,,0.0,0.0,0,,Business,business_technology_science
2ab5928f5a6477c1,B0,What did Igor Girkin say about Putin after the jet incident?,,"After the recent jet incident, Igor Girkin, a former Russian military officer and prominent critic of the Kremlin, expressed strong disapproval of President Vladimir Putin's leadership. He suggested that the incident highlighted significant weaknesses within the Russian military and questioned Putin's ability to maintain control over the situation. Girkin's comments reflect a growing discontent among some factions in Russia regarding the government's handling of military affairs and the ongoing conflict in Ukraine. His remarks indicate a potential shift in the narrative surrounding Putin's authority and effectiveness.",False,,0.0,0.0,0,,Europe,international
be498cdfe005584d,B0,What trial is proposed for Luis Rubiales regarding the World Cup kiss?,,"Luis Rubiales, the former president of the Spanish Football Federation, is facing a proposed trial related to his controversial kiss with player Jenni Hermoso during the 2023 Women's World Cup medal ceremony. The incident sparked widespread outrage and allegations of sexual assault, leading to legal action. Prosecutors have indicated that they will pursue charges against Rubiales, and the case has drawn significant media attention, highlighting issues of consent and workplace behavior in sports. The trial aims to address the implications of his actions and their impact on the broader conversation about gender equality in athletics.",False,,0.0,0.0,0,,Europe,international
3450b9174d976c15,B0,How does lower UK government borrowing affect tax cuts?,,"Lower government borrowing in the UK can create more fiscal space for potential tax cuts, as it may signal improved public finances and reduced debt levels. When the government borrows less, it can alleviate pressure on future tax increases needed to service debt, allowing for a more favorable environment for tax reductions. Additionally, reduced borrowing can enhance investor confidence, potentially leading to economic growth that supports tax cuts. However, the decision to implement tax cuts also depends on broader economic conditions and government priorities.",False,,0.0,0.0,0,,Business,business_technology_science
e554dbf22972013a,B0,What warnings did the European court president give about Rwanda?,,"The president of the European Court of Human Rights has issued stark warnings regarding the human rights situation in Rwanda, particularly in relation to the treatment of political dissidents and the judiciary's independence. He expressed concerns about the potential for violations of fundamental rights, especially in light of Rwanda's increasing authoritarianism and crackdowns on free speech. The president emphasized the need for vigilance and accountability, urging European nations to consider these issues in their diplomatic and aid relationships with Rwanda. This warning reflects broader apprehensions about the implications of Rwanda's governance on regional stability and human rights.",False,,0.0,0.0,0,,UK Politics,politics_conflict
456c5fb4db72d56e,B0,What does the dramatic footage show in the Italian café incident?,,"The dramatic footage from the Italian café incident captures a chaotic scene where a group of individuals is seen engaging in a violent altercation. Patrons are visibly startled as tables and chairs are overturned, and some people attempt to intervene while others flee the area. The incident highlights issues of public safety and the potential for violence in social settings, drawing significant media attention and sparking discussions about the need for better security measures in public spaces. The footage has since gone viral, prompting widespread reactions from viewers and authorities alike.",False,,0.0,0.0,0,,,society_culture
1c2cf0692ea35a78,B0,"What was the outcome of the landslide in Yunnan, China?",,"The landslide in Yunnan, China, resulted in significant destruction and loss of life, with reports indicating that several people were buried under the debris. Rescue operations were launched immediately, involving local authorities and emergency services, but the challenging terrain hampered efforts. The incident raised concerns about the region's vulnerability to natural disasters, particularly during the rainy season, prompting discussions on improving safety measures and infrastructure. Overall, the tragedy highlighted the ongoing risks faced by communities in mountainous areas prone to landslides.",False,,0.0,0.0,0,,China,international
0e6583e389cfc5a6,B0,What did Jason Leitch deny regarding Humza Yousaf?,,"Jason Leitch, Scotland's national clinical director, denied claims that he had suggested Humza Yousaf, the First Minister, should resign over the handling of the NHS. Leitch clarified that his comments were misinterpreted and emphasized his commitment to supporting the government in improving healthcare services. The controversy arose amid ongoing discussions about the challenges facing the NHS in Scotland, particularly regarding waiting times and resource allocation. Leitch's remarks aimed to refocus the conversation on collaboration rather than political fallout.",False,,0.0,0.0,0,,Scotland,society_culture
44846523b270808f,B0,How many IDF soldiers were killed in Gaza recently?,,"Recently, the Israel Defense Forces (IDF) reported the deaths of several soldiers during ongoing military operations in Gaza. The casualties occurred amid intensified fighting as Israel responded to attacks from Hamas and other militant groups. The situation remains fluid, with both sides experiencing significant losses, and the conflict has drawn international attention and concern over the humanitarian impact on civilians in the region. The exact number of IDF soldiers killed has varied in reports, reflecting the chaotic nature of the conflict.",False,,0.0,0.0,0,,Middle East,politics_conflict
f64315980d8d95f6,B0,Why are fans calling for Sven-Goran Eriksson to manage Liverpool FC Legends?,,"Fans are calling for Sven-Goran Eriksson to manage Liverpool FC Legends due to his extensive experience and previous success in football management. Eriksson, known for his tactical acumen and ability to work with high-profile players, is seen as a suitable candidate to lead the legends team, which features former stars of the club. Supporters believe his leadership could enhance the team's performance in charity matches and events, while also fostering a strong connection with the club's rich history. The call for Eriksson reflects a desire for a seasoned figure who can bring both credibility and excitement to the legends' initiative.",False,,0.0,0.0,0,,Liverpool,society_culture
efc175ec64b0b2c7,B0,What did Jodie Comer say about acting with babies?,,"Jodie Comer has expressed her thoughts on acting with babies, highlighting the unique challenges and unpredictability they bring to a performance. She noted that working with infants can be both delightful and difficult, as their behavior is often spontaneous and can disrupt scenes. Comer emphasized the importance of patience and adaptability in such situations, appreciating the joy that babies can add to the creative process. Overall, she conveyed a sense of humor about the experience, acknowledging that it requires a different approach compared to acting with adult co-stars.",False,,0.0,0.0,0,,Entertainment & Arts,society_culture
d249a3899b3b6ff4,B0,Why did pothole reports reach a five-year high in 2023?,,"In 2023, pothole reports surged to a five-year high due to a combination of factors, including extreme weather conditions and increased traffic wear on aging infrastructure. Harsh winter conditions, characterized by freeze-thaw cycles, exacerbated road damage, leading to more frequent and severe potholes. Additionally, many municipalities faced budget constraints that limited their ability to conduct timely repairs, further contributing to the problem. As a result, drivers across various regions experienced a notable rise in pothole-related issues, prompting calls for more investment in road maintenance and infrastructure improvements.",False,,0.0,0.0,0,,Science & Environment,business_technology_science
25c305df41b8b691,B0,What did Ukraine claim about the Russian A-50 spy plane?,,Ukraine claimed that it successfully targeted and damaged a Russian A-50 surveillance plane at an airfield in Belarus. This aircraft is significant for its role in monitoring Ukrainian military movements and coordinating air operations. The attack was part of Ukraine's broader strategy to disrupt Russian military capabilities and was seen as a notable achievement in its ongoing conflict with Russia. The incident highlights the escalating tensions and the importance of aerial reconnaissance in the war.,False,,0.0,0.0,0,,Europe,international
17821b777b38e1fd,B0,How will AI impact jobs and inequality according to the IMF?,,"The International Monetary Fund (IMF) has highlighted that the rise of artificial intelligence (AI) is likely to reshape the job market significantly, potentially leading to both job displacement and the creation of new roles. While AI can enhance productivity and economic growth, it may also exacerbate income inequality, as high-skilled workers benefit more from technological advancements than low-skilled workers. The IMF emphasizes the need for policies that support workforce retraining and education to mitigate these disparities and ensure that the benefits of AI are more evenly distributed across society. Overall, the organization calls for proactive measures to address the challenges posed by AI in the labor market.",False,,0.0,0.0,0,,Business,business_technology_science
167cf0b032cd2d1e,B0,How did accusations affect a woman in the Post Office scandal?,,"The Post Office scandal, which involved wrongful prosecutions of sub-postmasters for theft and fraud due to faulty accounting software, had devastating effects on many individuals, particularly women. One notable case is that of Tracy Felstead, who faced severe personal and professional repercussions after being falsely accused. The accusations led to her wrongful conviction, resulting in significant emotional distress, financial hardship, and a tarnished reputation. The scandal highlighted the broader impact of systemic failures within the Post Office and the lasting consequences for those wrongfully accused.",False,,0.0,0.0,0,,Cornwall,society_culture
034a3d7c21a3f270,B0,What happened when a family's dishwasher burst into flames?,,"When a family's dishwasher unexpectedly burst into flames, it caused a significant scare and prompted a swift response from local firefighters. Fortunately, the family was home at the time and managed to evacuate safely before the flames spread. Fire crews quickly extinguished the fire, which was attributed to a malfunction in the appliance. The incident served as a reminder of the potential dangers of household appliances and the importance of regular maintenance and safety checks.",False,,0.0,0.0,0,,Wales,society_culture
bbd69903f26683c1,B0,Why did Polish police arrest politicians in the presidential palace?,,"Polish police arrested several politicians at the presidential palace amid allegations of corruption and abuse of power. The arrests were part of a broader investigation into political misconduct, which has raised concerns about governance and accountability in the country. The incident has sparked significant public and media attention, highlighting tensions within the political landscape in Poland. Critics argue that such actions could be politically motivated, further polarizing the already divided political environment.",False,,0.0,0.0,0,,Europe,international
0c1244b85425067a,B0,What did Alexei Navalny say in his January video from prison?,,"In his January video from prison, Alexei Navalny addressed his supporters and criticized the Russian government, particularly President Vladimir Putin. He spoke about the ongoing political repression in Russia and urged citizens to continue fighting for democracy and human rights. Navalny also expressed his determination to remain resilient despite his imprisonment, emphasizing the importance of standing up against corruption and authoritarianism. His message resonated with many, reinforcing his role as a prominent opposition figure in Russia.",False,,0.0,0.0,0,,,society_culture
f9030143bd3bb7aa,B0,Why did Brewdog abandon the real living wage for employees?,,"Brewdog, the Scottish craft beer company, faced backlash after announcing it would no longer pay the real living wage to its employees, a decision that contradicted its previous commitment to fair pay. The company cited financial pressures and the need to remain competitive in a challenging market as reasons for this shift. Critics argued that this move undermined Brewdog's brand image, which had been built on values of transparency and employee welfare. The decision sparked discussions about corporate responsibility and the treatment of workers in the hospitality industry.",False,,0.0,0.0,0,,Scotland,society_culture
8b4198ba33bfdb90,B0,What did a woman say about carrying shame from the Post Office scandal?,,"A woman involved in the Post Office scandal expressed deep feelings of shame and betrayal stemming from the wrongful accusations against her and others. She described the emotional toll it took on her life, highlighting the stigma associated with being falsely labeled as a criminal. The scandal, which involved the wrongful prosecution of sub-postmasters for financial discrepancies, left many feeling isolated and unjustly punished, with lasting impacts on their personal and professional lives. Her testimony reflects the broader anguish experienced by those affected by the scandal, emphasizing the need for accountability and healing.",False,,0.0,0.0,0,,UK,society_culture
fcc380721b5b90b7,B0,What did Simone Biles say about her feelings after the Tokyo Olympics?,,"After the Tokyo Olympics, Simone Biles expressed a mix of relief and vulnerability regarding her experience. She opened up about the immense pressure she felt as a top athlete and the mental health challenges she faced during the competition. Biles emphasized the importance of prioritizing mental well-being over performance, highlighting her decision to step back from events to focus on herself. Her candid reflections sparked broader conversations about mental health in sports and the need for athletes to take care of their emotional health.",False,,0.0,0.0,0,,Gymnastics,sports
0a5fa0a6fc09ec39,B0,What is the former minister's call regarding Post Office convictions?,,"The former minister has called for the convictions of individuals involved in the Post Office scandal to be overturned, arguing that many were wrongfully prosecuted due to a flawed IT system. This scandal, which led to numerous wrongful convictions of sub-postmasters for theft and fraud, has been widely criticized for its impact on the lives of those affected. The former minister emphasizes the need for justice and accountability, urging the government to take action to rectify these injustices. There is growing public and political pressure to address the consequences of this significant miscarriage of justice.",False,,0.0,0.0,0,,Business,business_technology_science
814408bf57b3249c,B0,What claims did Apple settle regarding slowing down iPhones?,,"Apple settled claims related to allegations that it intentionally slowed down older iPhone models to encourage users to upgrade to newer devices. The company faced lawsuits asserting that this practice was deceptive and harmed consumers, as it did not adequately inform users about the performance management features implemented in iOS updates. As part of the settlement, Apple agreed to pay millions in compensation to affected users and made commitments to enhance transparency regarding battery health and performance in future updates. This settlement aimed to address concerns over consumer trust and the company's practices regarding device longevity.",False,,0.0,0.0,0,,Technology,business_technology_science
ebd1e81793a9aae7,B0,What happened when a car crashed into Bronglais hospital?,,"A car crashed into Bronglais Hospital in Aberystwyth, Wales, causing significant damage to the building and raising concerns about safety. Fortunately, there were no serious injuries reported among patients or staff, although some individuals were treated for minor injuries. The incident prompted a swift response from emergency services, who secured the area and began an investigation into the circumstances surrounding the crash. The hospital continued to operate, but the event highlighted the need for improved safety measures in the vicinity.",False,,0.0,0.0,0,,Wales,society_culture
6ee65dab83d5f6b2,B0,"Why is the government defending its £27,000 wine spending during Covid?",,"The government is defending its £27,000 expenditure on wine during the Covid pandemic amid criticism over spending priorities. Officials argue that the purchases were made for official events and to support diplomatic relations, emphasizing that such expenses are standard practice in government operations. Critics, however, contend that this spending is inappropriate given the financial strain many citizens faced during the pandemic. The controversy highlights ongoing debates about government transparency and accountability in public spending.",False,,0.0,0.0,0,,UK Politics,politics_conflict
4a1978d8e88bb37b,B0,What concerns were raised about Fujitsu's Foreign Office contract?,,"Concerns regarding Fujitsu's contract with the Foreign Office primarily centered on issues of data security and the potential risks associated with outsourcing sensitive government functions. Critics highlighted fears that reliance on a private company could lead to vulnerabilities in handling classified information. Additionally, there were apprehensions about the adequacy of Fujitsu's cybersecurity measures and the implications for national security. The contract also sparked debates about transparency and accountability in government procurement processes.",False,,0.0,0.0,0,,UK Politics,politics_conflict
57e79c45bbbd70fa,B0,How are landowners responding to fly-tipping on their farms?,,"Landowners are increasingly frustrated with the rise of fly-tipping on their properties, leading many to take proactive measures to combat the issue. Some are investing in surveillance cameras and fencing to deter illegal dumping, while others are collaborating with local authorities to improve waste management and reporting systems. Additionally, many landowners are advocating for stricter penalties for offenders to discourage this behavior. The situation has sparked discussions about the environmental impact of fly-tipping and the need for community awareness and responsibility.",False,,0.0,0.0,0,,Science & Environment,business_technology_science
a4caa31f197d417a,B0,What is the UK discussing with Fujitsu regarding the Horizon scandal?,,"The UK government is in discussions with Fujitsu regarding the Horizon scandal, which involved a faulty IT system used by the Post Office that led to wrongful prosecutions of sub-postmasters for theft and fraud. The talks are focused on seeking compensation for the victims of the scandal and addressing the systemic failures that allowed the issues to persist for years. The government aims to hold Fujitsu accountable for its role in the development and implementation of the Horizon system, which has been widely criticized for its inaccuracies. These discussions are part of broader efforts to rectify the injustices faced by those affected and to ensure that such a situation does not occur again in the future.",False,,0.0,0.0,0,,Business,business_technology_science
2e44e742201e9289,B0,Why is Michael Morpurgo advocating for children's reading investment?,,"Michael Morpurgo is advocating for increased investment in children's reading as he believes that fostering a love for literature is crucial for their development and future success. He emphasizes that reading not only enhances literacy skills but also nurtures imagination and empathy, which are essential in today's world. Morpurgo argues that access to books and reading programs can significantly impact children's lives, particularly in underserved communities, and he calls for greater support from both government and private sectors to ensure that all children have the opportunity to engage with stories and develop a lifelong passion for reading.",False,,0.0,0.0,0,,Entertainment & Arts,society_culture
ccf5ee79d37e25c6,B0,Why did the BBC decide to sell the EastEnders set?,,"The BBC decided to sell the EastEnders set as part of a broader strategy to cut costs and adapt to changing viewer habits. The iconic set, which has been a staple of the long-running soap opera since its inception, was deemed no longer necessary for production, especially with the increased use of virtual sets and filming techniques. The move reflects the BBC's efforts to streamline operations and focus resources on content that resonates with modern audiences. The sale has sparked nostalgia among fans, highlighting the show's significant cultural impact over the years.",False,,0.0,0.0,0,,Entertainment & Arts,society_culture
f66fc7d20f73c7a1,B0,Who are the headliners for Coachella 2024?,,"Coachella 2024 has generated excitement with its lineup, featuring major headliners like Bad Bunny, Billie Eilish, and Frank Ocean. These artists are expected to draw large crowds, continuing the festival's tradition of showcasing top-tier talent across various genres. The event is set to take place over two weekends in April, promising a vibrant atmosphere filled with music, art, and culture. Fans are eagerly anticipating the full lineup and additional surprises that often accompany the festival.",False,,0.0,0.0,0,,Newsbeat,society_culture
793e5ee3388efb36,B0,What does Which? say about shrinkflation affecting supermarket products?,,"Which? has reported that shrinkflation, the practice of reducing the size or quantity of products while maintaining the same price, is increasingly affecting supermarket items. Consumers are noticing that many familiar products, from snacks to household goods, are being downsized, often without clear labeling. This trend is attributed to rising production costs and inflation, leading manufacturers to adjust their offerings while trying to avoid raising prices outright. As a result, shoppers are encouraged to be vigilant and compare unit prices to ensure they are getting the best value for their money.",False,,0.0,0.0,0,,UK,society_culture
779b9fe3740fb93e,B0,What did the ex-postmistress blame for the Post Office inquiry issues?,,"The ex-postmistress, who was at the center of a wrongful conviction scandal involving the Post Office, attributed the issues surrounding the inquiry to a lack of accountability and transparency within the organization. She expressed frustration over the systemic failures that led to the wrongful prosecutions of numerous sub-postmasters, including herself. Additionally, she highlighted the culture of fear and intimidation that permeated the Post Office, which discouraged employees from speaking out about the faults in the Horizon IT system that was central to the scandal. Her comments underscored the need for a thorough investigation and reform to prevent similar injustices in the future.",False,,0.0,0.0,0,,Somerset,society_culture
b1ea9520f935e34e,B0,How does NHS whole-gene screening improve cancer care?,,"NHS whole-gene screening enhances cancer care by enabling early detection and personalized treatment strategies for patients. By analyzing a patient's complete genetic makeup, healthcare providers can identify specific mutations that may predispose individuals to certain cancers or influence their response to therapies. This approach allows for tailored treatment plans that are more effective and can reduce the trial-and-error process often associated with cancer therapies. Additionally, whole-gene screening can inform family members about their potential risks, promoting proactive health management.",False,,0.0,0.0,0,,Health,society_culture
1df3b50ae50946fa,B0,What happened to the Rennie Mackintosh tea rooms?,,"The Rennie Mackintosh tea rooms, a historic and iconic establishment in Glasgow, faced significant challenges in recent years, including financial difficulties exacerbated by the COVID-19 pandemic. In 2020, the tea rooms were forced to close temporarily, leading to concerns about their future. Efforts were made to preserve the site due to its architectural significance and cultural heritage, but ultimately, the tea rooms were sold, and there were plans for redevelopment. The fate of the tea rooms sparked discussions about the preservation of historical sites in the face of modern development pressures.",False,,0.0,0.0,0,,Glasgow & West Scotland,society_culture
